payment_reference,payout_date,type,detailed_type,capture_date,sale_date,order_id,short_order_id,capture_id,merchant_reference1,merchant_reference2,amount,posting_currency
KL202603026706,2026-03-02T07:45:00Z,SALE,,2026-03-01T00:49:30Z,2026-03-01T00:49:30Z,3d3c7607-8530-4ba6-790a-053ce6462b19,3D3C760,197b47f4-d5bd-ba9e-8b5e-8bb2f75d4c02,#7367,,280.00,EUR
KL202603026706,2026-03-02T07:45:00Z,FEE,PURCHASE_FEE_PERCENTAGE,2026-03-01T00:49:30Z,2026-03-01T00:49:30Z,3d3c7607-8530-4ba6-790a-053ce6462b19,3D3C760,197b47f4-d5bd-ba9e-8b5e-8bb2f75d4c02,#7367,,8.37,EUR
KL202603026706,2026-03-02T07:45:00Z,FEE,PURCHASE_FEE_FIXED,2026-03-01T00:49:30Z,2026-03-01T00:49:30Z,3d3c7607-8530-4ba6-790a-053ce6462b19,3D3C760,197b47f4-d5bd-ba9e-8b5e-8bb2f75d4c02,#7367,,0.35,EUR
KL202603026706,2026-03-02T07:45:00Z,SALE,,2026-03-01T00:53:16Z,2026-03-01T00:53:16Z,57b02308-ee05-5ff3-c9d0-249157295179,57B0230,825efbdd-0761-d048-faf3-f8df42df7bd0,#7368,,151.00,EUR
KL202603026706,2026-03-02T07:45:00Z,FEE,PURCHASE_FEE_PERCENTAGE,2026-03-01T00:53:16Z,2026-03-01T00:53:16Z,57b02308-ee05-5ff3-c9d0-249157295179,57B0230,825efbdd-0761-d048-faf3-f8df42df7bd0,#7368,,4.51,EUR
KL202603026706,2026-03-02T07:45:00Z,FEE,PURCHASE_FEE_FIXED,2026-03-01T00:53:16Z,2026-03-01T00:53:16Z,57b02308-ee05-5ff3-c9d0-249157295179,57B0230,825efbdd-0761-d048-faf3-f8df42df7bd0,#7368,,0.35,EUR
KL202603026706,2026-03-02T07:45:00Z,SALE,,2026-03-01T01:46:05Z,2026-03-01T01:46:05Z,39913d3a-b0e8-34c4-0cd2-be8a54855d28,39913D3,2a69ef89-ef1d-dfc9-97ad-3c2387cf2cf1,#7369,,65.95,EUR
KL202603026706,2026-03-02T07:45:00Z,FEE,PURCHASE_FEE_PERCENTAGE,2026-03-01T01:46:05Z,2026-03-01T01:46:05Z,39913d3a-b0e8-34c4-0cd2-be8a54855d28,39913D3,2a69ef89-ef1d-dfc9-97ad-3c2387cf2cf1,#7369,,1.97,EUR
KL202603026706,2026-03-02T07:45:00Z,FEE,PURCHASE_FEE_FIXED,2026-03-01T01:46:05Z,2026-03-01T01:46:05Z,39913d3a-b0e8-34c4-0cd2-be8a54855d28,39913D3,2a69ef89-ef1d-dfc9-97ad-3c2387cf2cf1,#7369,,0.35,EUR
KL202603026706,2026-03-02T07:45:00Z,SALE,,2026-03-01T05:07:59Z,2026-03-01T05:07:59Z,f4e41c6c-19df-9205-74b3-411c3d3f51ec,F4E41C6,080ff7dd-ebcc-bb26-450e-a6a58b558cd6,#7372,,354.00,EUR
KL202603026706,2026-03-02T07:45:00Z,FEE,PURCHASE_FEE_PERCENTAGE,2026-03-01T05:07:59Z,2026-03-01T05:07:59Z,f4e41c6c-19df-9205-74b3-411c3d3f51ec,F4E41C6,080ff7dd-ebcc-bb26-450e-a6a58b558cd6,#7372,,10.58,EUR
KL202603026706,2026-03-02T07:45:00Z,FEE,PURCHASE_FEE_FIXED,2026-03-01T05:07:59Z,2026-03-01T05:07:59Z,f4e41c6c-19df-9205-74b3-411c3d3f51ec,F4E41C6,080ff7dd-ebcc-bb26-450e-a6a58b558cd6,#7372,,0.35,EUR
KL202603026706,2026-03-02T07:45:00Z,SALE,,2026-03-01T07:03:03Z,2026-03-01T07:03:03Z,23b83d03-83a3-ca3b-18e1-1567fdbc98ff,23B83D0,bd413739-1c88-5ab6-c090-3bb59ac70280,#7373,,249.00,EUR
KL202603026706,2026-03-02T07:45:00Z,FEE,PURCHASE_FEE_PERCENTAGE,2026-03-01T07:03:03Z,2026-03-01T07:03:03Z,23b83d03-83a3-ca3b-18e1-1567fdbc98ff,23B83D0,bd413739-1c88-5ab6-c090-3bb59ac70280,#7373,,7.45,EUR
KL202603026706,2026-03-02T07:45:00Z,FEE,PURCHASE_FEE_FIXED,2026-03-01T07:03:03Z,2026-03-01T07:03:03Z,23b83d03-83a3-ca3b-18e1-1567fdbc98ff,23B83D0,bd413739-1c88-5ab6-c090-3bb59ac70280,#7373,,0.35,EUR
KL202603026706,2026-03-02T07:45:00Z,SALE,,2026-03-01T09:19:17Z,2026-03-01T09:19:17Z,33a0ff49-54ad-b292-2318-87d756d2f988,33A0FF4,6bc52e16-2a4e-ca5b-f958-021e4a02bf6f,#7380,,561.00,EUR
KL202603026706,2026-03-02T07:45:00Z,FEE,PURCHASE_FEE_PERCENTAGE,2026-03-01T09:19:17Z,2026-03-01T09:19:17Z,33a0ff49-54ad-b292-2318-87d756d2f988,33A0FF4,6bc52e16-2a4e-ca5b-f958-021e4a02bf6f,#7380,,16.77,EUR
KL202603026706,2026-03-02T07:45:00Z,FEE,PURCHASE_FEE_FIXED,2026-03-01T09:19:17Z,2026-03-01T09:19:17Z,33a0ff49-54ad-b292-2318-87d756d2f988,33A0FF4,6bc52e16-2a4e-ca5b-f958-021e4a02bf6f,#7380,,0.35,EUR
KL202603026706,2026-03-02T07:45:00Z,RETURN,,2026-03-01T09:19:17Z,2026-03-01T09:19:17Z,33a0ff49-54ad-b292-2318-87d756d2f988,33A0FF4,,#7380,,34.00,EUR
KL202603026706,2026-03-02T07:45:00Z,SALE,,2026-03-01T10:05:10Z,2026-03-01T10:05:10Z,a9450d28-8336-3413-0167-eff3dd4fdcd7,A9450D2,126b06ce-8708-529e-42d9-8fd249516967,#7385,,68.95,EUR
KL202603026706,2026-03-02T07:45:00Z,FEE,PURCHASE_FEE_PERCENTAGE,2026-03-01T10:05:10Z,2026-03-01T10:05:10Z,a9450d28-8336-3413-0167-eff3dd4fdcd7,A9450D2,126b06ce-8708-529e-42d9-8fd249516967,#7385,,2.06,EUR
KL202603026706,2026-03-02T07:45:00Z,FEE,PURCHASE_FEE_FIXED,2026-03-01T10:05:10Z,2026-03-01T10:05:10Z,a9450d28-8336-3413-0167-eff3dd4fdcd7,A9450D2,126b06ce-8708-529e-42d9-8fd249516967,#7385,,0.35,EUR
KL202603026706,2026-03-02T07:45:00Z,SALE,,2026-03-01T10:43:17Z,2026-03-01T10:43:17Z,88f590af-c18c-45b9-44ff-9eaca5153815,88F590A,e80ddaea-7f46-2c15-1636-4484c0b9a634,#7389,,33.95,EUR
KL202603026706,2026-03-02T07:45:00Z,FEE,PURCHASE_FEE_PERCENTAGE,2026-03-01T10:43:17Z,2026-03-01T10:43:17Z,88f590af-c18c-45b9-44ff-9eaca5153815,88F590A,e80ddaea-7f46-2c15-1636-4484c0b9a634,#7389,,1.02,EUR
KL202603026706,2026-03-02T07:45:00Z,FEE,PURCHASE_FEE_FIXED,2026-03-01T10:43:17Z,2026-03-01T10:43:17Z,88f590af-c18c-45b9-44ff-9eaca5153815,88F590A,e80ddaea-7f46-2c15-1636-4484c0b9a634,#7389,,0.35,EUR
KL202603026706,2026-03-02T07:45:00Z,SALE,,2026-03-01T11:53:40Z,2026-03-01T11:53:40Z,84de14cd-d621-4e09-e5d4-4e78200b286c,84DE14C,67033833-a77a-3c9b-0647-5dbdc38eff03,#7396,,225.95,EUR
KL202603026706,2026-03-02T07:45:00Z,FEE,PURCHASE_FEE_PERCENTAGE,2026-03-01T11:53:40Z,2026-03-01T11:53:40Z,84de14cd-d621-4e09-e5d4-4e78200b286c,84DE14C,67033833-a77a-3c9b-0647-5dbdc38eff03,#7396,,6.76,EUR
KL202603026706,2026-03-02T07:45:00Z,FEE,PURCHASE_FEE_FIXED,2026-03-01T11:53:40Z,2026-03-01T11:53:40Z,84de14cd-d621-4e09-e5d4-4e78200b286c,84DE14C,67033833-a77a-3c9b-0647-5dbdc38eff03,#7396,,0.35,EUR
KL202603026706,2026-03-02T07:45:00Z,SALE,,2026-03-01T13:07:41Z,2026-03-01T13:07:41Z,6a291098-69ef-5455-56a9-0773c2fe9689,6A29109,aabdeb3a-10c0-0f32-6f4a-6060e2dcced8,#7402,,83.00,EUR
KL202603026706,2026-03-02T07:45:00Z,FEE,PURCHASE_FEE_PERCENTAGE,2026-03-01T13:07:41Z,2026-03-01T13:07:41Z,6a291098-69ef-5455-56a9-0773c2fe9689,6A29109,aabdeb3a-10c0-0f32-6f4a-6060e2dcced8,#7402,,2.48,EUR
KL202603026706,2026-03-02T07:45:00Z,FEE,PURCHASE_FEE_FIXED,2026-03-01T13:07:41Z,2026-03-01T13:07:41Z,6a291098-69ef-5455-56a9-0773c2fe9689,6A29109,aabdeb3a-10c0-0f32-6f4a-6060e2dcced8,#7402,,0.35,EUR
KL202603026706,2026-03-02T07:45:00Z,SALE,,2026-03-01T15:29:44Z,2026-03-01T15:29:44Z,78a50ed3-3bd4-763f-56c3-45157942d645,78A50ED,e3406596-1778-b72c-ac27-fd073c4247da,#7415,,175.95,EUR
KL202603026706,2026-03-02T07:45:00Z,FEE,PURCHASE_FEE_PERCENTAGE,2026-03-01T15:29:44Z,2026-03-01T15:29:44Z,78a50ed3-3bd4-763f-56c3-45157942d645,78A50ED,e3406596-1778-b72c-ac27-fd073c4247da,#7415,,5.26,EUR
KL202603026706,2026-03-02T07:45:00Z,FEE,PURCHASE_FEE_FIXED,2026-03-01T15:29:44Z,2026-03-01T15:29:44Z,78a50ed3-3bd4-763f-56c3-45157942d645,78A50ED,e3406596-1778-b72c-ac27-fd073c4247da,#7415,,0.35,EUR
KL202603026706,2026-03-02T07:45:00Z,SALE,,2026-03-01T15:37:40Z,2026-03-01T15:37:40Z,83abd6d3-306a-6f88-487b-828e39b79a12,83ABD6D,6c1b0ece-4dd9-9bad-2895-f3756058419e,#7416,,116.80,EUR
KL202603026706,2026-03-02T07:45:00Z,FEE,PURCHASE_FEE_PERCENTAGE,2026-03-01T15:37:40Z,2026-03-01T15:37:40Z,83abd6d3-306a-6f88-487b-828e39b79a12,83ABD6D,6c1b0ece-4dd9-9bad-2895-f3756058419e,#7416,,3.49,EUR
KL202603026706,2026-03-02T07:45:00Z,FEE,PURCHASE_FEE_FIXED,2026-03-01T15:37:40Z,2026-03-01T15:37:40Z,83abd6d3-306a-6f88-487b-828e39b79a12,83ABD6D,6c1b0ece-4dd9-9bad-2895-f3756058419e,#7416,,0.35,EUR
KL202603026706,2026-03-02T07:45:00Z,SALE,,2026-03-01T15:58:27Z,2026-03-01T15:58:27Z,b2744f91-d574-deed-4659-b0f9ff968290,B2744F9,6b44de1b-378e-0855-c445-90def96af019,#7424,,189.00,EUR
KL202603026706,2026-03-02T07:45:00Z,FEE,PURCHASE_FEE_PERCENTAGE,2026-03-01T15:58:27Z,2026-03-01T15:58:27Z,b2744f91-d574-deed-4659-b0f9ff968290,B2744F9,6b44de1b-378e-0855-c445-90def96af019,#7424,,5.65,EUR
KL202603026706,2026-03-02T07:45:00Z,FEE,PURCHASE_FEE_FIXED,2026-03-01T15:58:27Z,2026-03-01T15:58:27Z,b2744f91-d574-deed-4659-b0f9ff968290,B2744F9,6b44de1b-378e-0855-c445-90def96af019,#7424,,0.35,EUR
KL202603026706,2026-03-02T07:45:00Z,SALE,,2026-03-01T16:18:14Z,2026-03-01T16:18:14Z,6954a723-656e-9ec3-e8cd-2bf6bd1757d2,6954A72,28d6fd0c-c5ce-7e2a-b125-7e6351b2fd39,#7425,,283.00,EUR
KL202603026706,2026-03-02T07:45:00Z,FEE,PURCHASE_FEE_PERCENTAGE,2026-03-01T16:18:14Z,2026-03-01T16:18:14Z,6954a723-656e-9ec3-e8cd-2bf6bd1757d2,6954A72,28d6fd0c-c5ce-7e2a-b125-7e6351b2fd39,#7425,,8.46,EUR
KL202603026706,2026-03-02T07:45:00Z,FEE,PURCHASE_FEE_FIXED,2026-03-01T16:18:14Z,2026-03-01T16:18:14Z,6954a723-656e-9ec3-e8cd-2bf6bd1757d2,6954A72,28d6fd0c-c5ce-7e2a-b125-7e6351b2fd39,#7425,,0.35,EUR
KL202603026706,2026-03-02T07:45:00Z,SALE,,2026-03-01T17:24:23Z,2026-03-01T17:24:23Z,66a2ffa2-0092-d76b-7d7b-5fd0a10173b0,66A2FFA,6ee1cdb2-92af-2108-bc8b-d4125da35a1b,#7428,,362.95,EUR
KL202603026706,2026-03-02T07:45:00Z,FEE,PURCHASE_FEE_PERCENTAGE,2026-03-01T17:24:23Z,2026-03-01T17:24:23Z,66a2ffa2-0092-d76b-7d7b-5fd0a10173b0,66A2FFA,6ee1cdb2-92af-2108-bc8b-d4125da35a1b,#7428,,10.85,EUR
KL202603026706,2026-03-02T07:45:00Z,FEE,PURCHASE_FEE_FIXED,2026-03-01T17:24:23Z,2026-03-01T17:24:23Z,66a2ffa2-0092-d76b-7d7b-5fd0a10173b0,66A2FFA,6ee1cdb2-92af-2108-bc8b-d4125da35a1b,#7428,,0.35,EUR
KL202603026706,2026-03-02T07:45:00Z,SALE,,2026-03-01T17:37:52Z,2026-03-01T17:37:52Z,69022c09-8407-2631-a83a-a86390bce0e7,69022C0,ad18b6d4-0f79-6078-e58d-e12dbc4f8891,#7429,,41.95,EUR
KL202603026706,2026-03-02T07:45:00Z,FEE,PURCHASE_FEE_PERCENTAGE,2026-03-01T17:37:52Z,2026-03-01T17:37:52Z,69022c09-8407-2631-a83a-a86390bce0e7,69022C0,ad18b6d4-0f79-6078-e58d-e12dbc4f8891,#7429,,1.25,EUR
KL202603026706,2026-03-02T07:45:00Z,FEE,PURCHASE_FEE_FIXED,2026-03-01T17:37:52Z,2026-03-01T17:37:52Z,69022c09-8407-2631-a83a-a86390bce0e7,69022C0,ad18b6d4-0f79-6078-e58d-e12dbc4f8891,#7429,,0.35,EUR
KL202603026706,2026-03-02T07:45:00Z,SALE,,2026-03-01T18:26:31Z,2026-03-01T18:26:31Z,d4e33dee-e8f8-deae-b416-1117e79e356e,D4E33DE,2011969d-08e2-ddf7-5fdf-b131d84cefa5,#7437,,368.95,EUR
KL202603026706,2026-03-02T07:45:00Z,FEE,PURCHASE_FEE_PERCENTAGE,2026-03-01T18:26:31Z,2026-03-01T18:26:31Z,d4e33dee-e8f8-deae-b416-1117e79e356e,D4E33DE,2011969d-08e2-ddf7-5fdf-b131d84cefa5,#7437,,11.03,EUR
KL202603026706,2026-03-02T07:45:00Z,FEE,PURCHASE_FEE_FIXED,2026-03-01T18:26:31Z,2026-03-01T18:26:31Z,d4e33dee-e8f8-deae-b416-1117e79e356e,D4E33DE,2011969d-08e2-ddf7-5fdf-b131d84cefa5,#7437,,0.35,EUR
KL202603026706,2026-03-02T07:45:00Z,SALE,,2026-03-01T19:09:15Z,2026-03-01T19:09:15Z,7d20df41-9db5-6e43-842b-c05a3df46226,7D20DF4,cb28f475-0e39-dc06-4ec5-79c01bfd1e85,#7443,,600.00,EUR
KL202603026706,2026-03-02T07:45:00Z,FEE,PURCHASE_FEE_PERCENTAGE,2026-03-01T19:09:15Z,2026-03-01T19:09:15Z,7d20df41-9db5-6e43-842b-c05a3df46226,7D20DF4,cb28f475-0e39-dc06-4ec5-79c01bfd1e85,#7443,,17.94,EUR
KL202603026706,2026-03-02T07:45:00Z,FEE,PURCHASE_FEE_FIXED,2026-03-01T19:09:15Z,2026-03-01T19:09:15Z,7d20df41-9db5-6e43-842b-c05a3df46226,7D20DF4,cb28f475-0e39-dc06-4ec5-79c01bfd1e85,#7443,,0.35,EUR
KL202603026706,2026-03-02T07:45:00Z,SALE,,2026-03-01T19:12:34Z,2026-03-01T19:12:34Z,ea835deb-c46e-588a-7b4a-eecfd60bef9f,EA835DE,3bbb5595-aea9-59fd-f643-12a6830f8c3b,#7444,,154.00,EUR
KL202603026706,2026-03-02T07:45:00Z,FEE,PURCHASE_FEE_PERCENTAGE,2026-03-01T19:12:34Z,2026-03-01T19:12:34Z,ea835deb-c46e-588a-7b4a-eecfd60bef9f,EA835DE,3bbb5595-aea9-59fd-f643-12a6830f8c3b,#7444,,4.60,EUR
KL202603026706,2026-03-02T07:45:00Z,FEE,PURCHASE_FEE_FIXED,2026-03-01T19:12:34Z,2026-03-01T19:12:34Z,ea835deb-c46e-588a-7b4a-eecfd60bef9f,EA835DE,3bbb5595-aea9-59fd-f643-12a6830f8c3b,#7444,,0.35,EUR
KL202603026706,2026-03-02T07:45:00Z,SALE,,2026-03-01T19:22:42Z,2026-03-01T19:22:42Z,e18ceb31-b1e1-d24f-fd0f-facccfcfde4b,E18CEB3,e8003afd-9f24-70ce-8e99-8fc58984aa70,#7447,,38.95,EUR
KL202603026706,2026-03-02T07:45:00Z,FEE,PURCHASE_FEE_PERCENTAGE,2026-03-01T19:22:42Z,2026-03-01T19:22:42Z,e18ceb31-b1e1-d24f-fd0f-facccfcfde4b,E18CEB3,e8003afd-9f24-70ce-8e99-8fc58984aa70,#7447,,1.16,EUR
KL202603026706,2026-03-02T07:45:00Z,FEE,PURCHASE_FEE_FIXED,2026-03-01T19:22:42Z,2026-03-01T19:22:42Z,e18ceb31-b1e1-d24f-fd0f-facccfcfde4b,E18CEB3,e8003afd-9f24-70ce-8e99-8fc58984aa70,#7447,,0.35,EUR
KL202603026706,2026-03-02T07:45:00Z,SALE,,2026-03-01T19:29:13Z,2026-03-01T19:29:13Z,39763f36-2223-6378-38a6-ebf1d2ef673b,39763F3,e07d5472-4f02-6f3f-c948-78dcb79e9b27,#7448,,308.00,EUR
KL202603026706,2026-03-02T07:45:00Z,FEE,PURCHASE_FEE_PERCENTAGE,2026-03-01T19:29:13Z,2026-03-01T19:29:13Z,39763f36-2223-6378-38a6-ebf1d2ef673b,39763F3,e07d5472-4f02-6f3f-c948-78dcb79e9b27,#7448,,9.21,EUR
KL202603026706,2026-03-02T07:45:00Z,FEE,PURCHASE_FEE_FIXED,2026-03-01T19:29:13Z,2026-03-01T19:29:13Z,39763f36-2223-6378-38a6-ebf1d2ef673b,39763F3,e07d5472-4f02-6f3f-c948-78dcb79e9b27,#7448,,0.35,EUR
KL202603026706,2026-03-02T07:45:00Z,SALE,,2026-03-01T19:45:02Z,2026-03-01T19:45:02Z,bb13ab7a-e3ed-f674-46e7-bc813661abd4,BB13AB7,b82ba535-f3fa-e937-dca1-018340f692bf,#7451,,31.95,EUR
KL202603026706,2026-03-02T07:45:00Z,FEE,PURCHASE_FEE_PERCENTAGE,2026-03-01T19:45:02Z,2026-03-01T19:45:02Z,bb13ab7a-e3ed-f674-46e7-bc813661abd4,BB13AB7,b82ba535-f3fa-e937-dca1-018340f692bf,#7451,,0.96,EUR
KL202603026706,2026-03-02T07:45:00Z,FEE,PURCHASE_FEE_FIXED,2026-03-01T19:45:02Z,2026-03-01T19:45:02Z,bb13ab7a-e3ed-f674-46e7-bc813661abd4,BB13AB7,b82ba535-f3fa-e937-dca1-018340f692bf,#7451,,0.35,EUR
KL202603026706,2026-03-02T07:45:00Z,SALE,,2026-03-01T21:15:47Z,2026-03-01T21:15:47Z,2e6109b7-a15c-1d64-64e1-dd4fefa02f57,2E6109B,4a408dc1-7f2f-74e1-6bd3-37fcc7459cd9,#7472,,218.00,EUR
KL202603026706,2026-03-02T07:45:00Z,FEE,PURCHASE_FEE_PERCENTAGE,2026-03-01T21:15:47Z,2026-03-01T21:15:47Z,2e6109b7-a15c-1d64-64e1-dd4fefa02f57,2E6109B,4a408dc1-7f2f-74e1-6bd3-37fcc7459cd9,#7472,,6.52,EUR
KL202603026706,2026-03-02T07:45:00Z,FEE,PURCHASE_FEE_FIXED,2026-03-01T21:15:47Z,2026-03-01T21:15:47Z,2e6109b7-a15c-1d64-64e1-dd4fefa02f57,2E6109B,4a408dc1-7f2f-74e1-6bd3-37fcc7459cd9,#7472,,0.35,EUR
KL202603026706,2026-03-02T07:45:00Z,SALE,,2026-03-01T21:25:14Z,2026-03-01T21:25:14Z,43d8769f-8980-fcf1-e2d5-d3b45e5ccf4f,43D8769,ee599869-c93b-7521-759e-957b21f564ac,#7473,,73.95,EUR
KL202603026706,2026-03-02T07:45:00Z,FEE,PURCHASE_FEE_PERCENTAGE,2026-03-01T21:25:14Z,2026-03-01T21:25:14Z,43d8769f-8980-fcf1-e2d5-d3b45e5ccf4f,43D8769,ee599869-c93b-7521-759e-957b21f564ac,#7473,,2.21,EUR
KL202603026706,2026-03-02T07:45:00Z,FEE,PURCHASE_FEE_FIXED,2026-03-01T21:25:14Z,2026-03-01T21:25:14Z,43d8769f-8980-fcf1-e2d5-d3b45e5ccf4f,43D8769,ee599869-c93b-7521-759e-957b21f564ac,#7473,,0.35,EUR
KL202603026706,2026-03-02T07:45:00Z,SALE,,2026-03-01T21:38:56Z,2026-03-01T21:38:56Z,80c07461-701a-6e99-dee8-2e8fce4e69db,80C0746,d9723254-d267-7634-040a-6d1a1f5288ec,#7477,,179.00,EUR
KL202603026706,2026-03-02T07:45:00Z,FEE,PURCHASE_FEE_PERCENTAGE,2026-03-01T21:38:56Z,2026-03-01T21:38:56Z,80c07461-701a-6e99-dee8-2e8fce4e69db,80C0746,d9723254-d267-7634-040a-6d1a1f5288ec,#7477,,5.35,EUR
KL202603026706,2026-03-02T07:45:00Z,FEE,PURCHASE_FEE_FIXED,2026-03-01T21:38:56Z,2026-03-01T21:38:56Z,80c07461-701a-6e99-dee8-2e8fce4e69db,80C0746,d9723254-d267-7634-040a-6d1a1f5288ec,#7477,,0.35,EUR
KL202603026706,2026-03-02T07:45:00Z,SALE,,2026-03-01T22:07:38Z,2026-03-01T22:07:38Z,185b6072-b0a9-5e9e-e0e2-6701ed9459c9,185B607,6132fcad-aeb7-5d3a-83f2-0c3604998194,#7480,,357.00,EUR
KL202603026706,2026-03-02T07:45:00Z,FEE,PURCHASE_FEE_PERCENTAGE,2026-03-01T22:07:38Z,2026-03-01T22:07:38Z,185b6072-b0a9-5e9e-e0e2-6701ed9459c9,185B607,6132fcad-aeb7-5d3a-83f2-0c3604998194,#7480,,10.67,EUR
KL202603026706,2026-03-02T07:45:00Z,FEE,PURCHASE_FEE_FIXED,2026-03-01T22:07:38Z,2026-03-01T22:07:38Z,185b6072-b0a9-5e9e-e0e2-6701ed9459c9,185B607,6132fcad-aeb7-5d3a-83f2-0c3604998194,#7480,,0.35,EUR
KL202603026706,2026-03-02T07:45:00Z,SALE,,2026-03-01T22:10:37Z,2026-03-01T22:10:37Z,19a32567-5f74-8df6-abcb-4ebffb05ee72,19A3256,0fcf9448-7d66-f9f3-069c-2e96265dc4f5,#7481,,99.00,EUR
KL202603026706,2026-03-02T07:45:00Z,FEE,PURCHASE_FEE_PERCENTAGE,2026-03-01T22:10:37Z,2026-03-01T22:10:37Z,19a32567-5f74-8df6-abcb-4ebffb05ee72,19A3256,0fcf9448-7d66-f9f3-069c-2e96265dc4f5,#7481,,2.96,EUR
KL202603026706,2026-03-02T07:45:00Z,FEE,PURCHASE_FEE_FIXED,2026-03-01T22:10:37Z,2026-03-01T22:10:37Z,19a32567-5f74-8df6-abcb-4ebffb05ee72,19A3256,0fcf9448-7d66-f9f3-069c-2e96265dc4f5,#7481,,0.35,EUR
KL202603026706,2026-03-02T07:45:00Z,SALE,,2026-03-01T23:03:57Z,2026-03-01T23:03:57Z,14cf02e0-eebd-4a21-5248-2867b662038d,14CF02E,5f34951c-22c7-6b6b-d7fb-0ee585b654c3,#7485,,31.95,EUR
KL202603026706,2026-03-02T07:45:00Z,FEE,PURCHASE_FEE_PERCENTAGE,2026-03-01T23:03:57Z,2026-03-01T23:03:57Z,14cf02e0-eebd-4a21-5248-2867b662038d,14CF02E,5f34951c-22c7-6b6b-d7fb-0ee585b654c3,#7485,,0.96,EUR
KL202603026706,2026-03-02T07:45:00Z,FEE,PURCHASE_FEE_FIXED,2026-03-01T23:03:57Z,2026-03-01T23:03:57Z,14cf02e0-eebd-4a21-5248-2867b662038d,14CF02E,5f34951c-22c7-6b6b-d7fb-0ee585b654c3,#7485,,0.35,EUR
KL202603096057,2026-03-09T07:45:00Z,SALE,,2026-03-02T00:59:05Z,2026-03-02T00:59:05Z,5ccf8997-0324-005c-1873-5b9d0a52a19a,5CCF899,f7744238-2a0a-e14f-2f73-6496e8bfc485,#7490,,195.30,EUR
KL202603096057,2026-03-09T07:45:00Z,FEE,PURCHASE_FEE_PERCENTAGE,2026-03-02T00:59:05Z,2026-03-02T00:59:05Z,5ccf8997-0324-005c-1873-5b9d0a52a19a,5CCF899,f7744238-2a0a-e14f-2f73-6496e8bfc485,#7490,,5.84,EUR
KL202603096057,2026-03-09T07:45:00Z,FEE,PURCHASE_FEE_FIXED,2026-03-02T00:59:05Z,2026-03-02T00:59:05Z,5ccf8997-0324-005c-1873-5b9d0a52a19a,5CCF899,f7744238-2a0a-e14f-2f73-6496e8bfc485,#7490,,0.35,EUR
KL202603096057,2026-03-09T07:45:00Z,SALE,,2026-03-02T06:59:28Z,2026-03-02T06:59:28Z,a39c3a67-ede7-002c-9798-dc41ed9919e9,A39C3A6,829decef-139c-3cb8-e1f5-69bc77c6a488,#7495,,179.95,EUR
KL202603096057,2026-03-09T07:45:00Z,FEE,PURCHASE_FEE_PERCENTAGE,2026-03-02T06:59:28Z,2026-03-02T06:59:28Z,a39c3a67-ede7-002c-9798-dc41ed9919e9,A39C3A6,829decef-139c-3cb8-e1f5-69bc77c6a488,#7495,,5.38,EUR
KL202603096057,2026-03-09T07:45:00Z,FEE,PURCHASE_FEE_FIXED,2026-03-02T06:59:28Z,2026-03-02T06:59:28Z,a39c3a67-ede7-002c-9798-dc41ed9919e9,A39C3A6,829decef-139c-3cb8-e1f5-69bc77c6a488,#7495,,0.35,EUR
KL202603096057,2026-03-09T07:45:00Z,SALE,,2026-03-02T09:49:45Z,2026-03-02T09:49:45Z,87b0ce5f-2a09-56b5-617b-be18bf1663bd,87B0CE5,4975f5b2-9260-f715-4860-d3895dd856e1,#7500,,60.95,EUR
KL202603096057,2026-03-09T07:45:00Z,FEE,PURCHASE_FEE_PERCENTAGE,2026-03-02T09:49:45Z,2026-03-02T09:49:45Z,87b0ce5f-2a09-56b5-617b-be18bf1663bd,87B0CE5,4975f5b2-9260-f715-4860-d3895dd856e1,#7500,,1.82,EUR
KL202603096057,2026-03-09T07:45:00Z,FEE,PURCHASE_FEE_FIXED,2026-03-02T09:49:45Z,2026-03-02T09:49:45Z,87b0ce5f-2a09-56b5-617b-be18bf1663bd,87B0CE5,4975f5b2-9260-f715-4860-d3895dd856e1,#7500,,0.35,EUR
KL202603096057,2026-03-09T07:45:00Z,SALE,,2026-03-02T10:02:03Z,2026-03-02T10:02:03Z,179d2f80-f9ee-3c6a-c52f-21ea11689775,179D2F8,d3f1cfe2-97d5-3935-becf-5214e41ce936,#7501,,123.00,EUR
KL202603096057,2026-03-09T07:45:00Z,FEE,PURCHASE_FEE_PERCENTAGE,2026-03-02T10:02:03Z,2026-03-02T10:02:03Z,179d2f80-f9ee-3c6a-c52f-21ea11689775,179D2F8,d3f1cfe2-97d5-3935-becf-5214e41ce936,#7501,,3.68,EUR
KL202603096057,2026-03-09T07:45:00Z,FEE,PURCHASE_FEE_FIXED,2026-03-02T10:02:03Z,2026-03-02T10:02:03Z,179d2f80-f9ee-3c6a-c52f-21ea11689775,179D2F8,d3f1cfe2-97d5-3935-becf-5214e41ce936,#7501,,0.35,EUR
KL202603096057,2026-03-09T07:45:00Z,SALE,,2026-03-02T11:16:25Z,2026-03-02T11:16:25Z,a8aab6d7-bf2f-4cef-a456-fb40b02b7568,A8AAB6D,7704b4ad-390c-31ab-e54f-84153eb01ee0,#7503,,438.00,EUR
KL202603096057,2026-03-09T07:45:00Z,FEE,PURCHASE_FEE_PERCENTAGE,2026-03-02T11:16:25Z,2026-03-02T11:16:25Z,a8aab6d7-bf2f-4cef-a456-fb40b02b7568,A8AAB6D,7704b4ad-390c-31ab-e54f-84153eb01ee0,#7503,,13.10,EUR
KL202603096057,2026-03-09T07:45:00Z,FEE,PURCHASE_FEE_FIXED,2026-03-02T11:16:25Z,2026-03-02T11:16:25Z,a8aab6d7-bf2f-4cef-a456-fb40b02b7568,A8AAB6D,7704b4ad-390c-31ab-e54f-84153eb01ee0,#7503,,0.35,EUR
KL202603096057,2026-03-09T07:45:00Z,SALE,,2026-03-02T14:11:33Z,2026-03-02T14:11:33Z,34611c52-4036-ddb1-2016-b0f18ef1af27,34611C5,d98045dd-7d95-f83b-22a0-06662bc78a7f,#7508,,141.00,EUR
KL202603096057,2026-03-09T07:45:00Z,FEE,PURCHASE_FEE_PERCENTAGE,2026-03-02T14:11:33Z,2026-03-02T14:11:33Z,34611c52-4036-ddb1-2016-b0f18ef1af27,34611C5,d98045dd-7d95-f83b-22a0-06662bc78a7f,#7508,,4.22,EUR
KL202603096057,2026-03-09T07:45:00Z,FEE,PURCHASE_FEE_FIXED,2026-03-02T14:11:33Z,2026-03-02T14:11:33Z,34611c52-4036-ddb1-2016-b0f18ef1af27,34611C5,d98045dd-7d95-f83b-22a0-06662bc78a7f,#7508,,0.35,EUR
KL202603096057,2026-03-09T07:45:00Z,SALE,,2026-03-02T15:10:19Z,2026-03-02T15:10:19Z,d120f98d-c5b4-fdd1-c685-fdd55f250bd2,D120F98,30c545c2-2e17-f8b6-2a48-3122f2b9307a,#7511,,38.95,EUR
KL202603096057,2026-03-09T07:45:00Z,FEE,PURCHASE_FEE_PERCENTAGE,2026-03-02T15:10:19Z,2026-03-02T15:10:19Z,d120f98d-c5b4-fdd1-c685-fdd55f250bd2,D120F98,30c545c2-2e17-f8b6-2a48-3122f2b9307a,#7511,,1.16,EUR
KL202603096057,2026-03-09T07:45:00Z,FEE,PURCHASE_FEE_FIXED,2026-03-02T15:10:19Z,2026-03-02T15:10:19Z,d120f98d-c5b4-fdd1-c685-fdd55f250bd2,D120F98,30c545c2-2e17-f8b6-2a48-3122f2b9307a,#7511,,0.35,EUR
KL202603096057,2026-03-09T07:45:00Z,SALE,,2026-03-02T15:14:03Z,2026-03-02T15:14:03Z,53150ba2-a6be-9738-e129-214dbfa0a598,53150BA,d99612b5-ed63-6098-ed72-d485e0848028,#7512,,263.00,EUR
KL202603096057,2026-03-09T07:45:00Z,FEE,PURCHASE_FEE_PERCENTAGE,2026-03-02T15:14:03Z,2026-03-02T15:14:03Z,53150ba2-a6be-9738-e129-214dbfa0a598,53150BA,d99612b5-ed63-6098-ed72-d485e0848028,#7512,,7.86,EUR
KL202603096057,2026-03-09T07:45:00Z,FEE,PURCHASE_FEE_FIXED,2026-03-02T15:14:03Z,2026-03-02T15:14:03Z,53150ba2-a6be-9738-e129-214dbfa0a598,53150BA,d99612b5-ed63-6098-ed72-d485e0848028,#7512,,0.35,EUR
KL202603096057,2026-03-09T07:45:00Z,SALE,,2026-03-02T15:22:47Z,2026-03-02T15:22:47Z,d219e44c-7bf8-53fe-5ba3-4212276e936e,D219E44,17c7060f-e628-fa53-dc3e-3a1a7a8e5e71,#7513,,125.00,EUR
KL202603096057,2026-03-09T07:45:00Z,FEE,PURCHASE_FEE_PERCENTAGE,2026-03-02T15:22:47Z,2026-03-02T15:22:47Z,d219e44c-7bf8-53fe-5ba3-4212276e936e,D219E44,17c7060f-e628-fa53-dc3e-3a1a7a8e5e71,#7513,,3.74,EUR
KL202603096057,2026-03-09T07:45:00Z,FEE,PURCHASE_FEE_FIXED,2026-03-02T15:22:47Z,2026-03-02T15:22:47Z,d219e44c-7bf8-53fe-5ba3-4212276e936e,D219E44,17c7060f-e628-fa53-dc3e-3a1a7a8e5e71,#7513,,0.35,EUR
KL202603096057,2026-03-09T07:45:00Z,SALE,,2026-03-02T17:27:19Z,2026-03-02T17:27:19Z,6fa16fb7-932f-38ce-49fb-de152b08464f,6FA16FB,cf2cd650-41d1-e9fa-bdaf-bb9129985210,#7523,,810.00,EUR
KL202603096057,2026-03-09T07:45:00Z,FEE,PURCHASE_FEE_PERCENTAGE,2026-03-02T17:27:19Z,2026-03-02T17:27:19Z,6fa16fb7-932f-38ce-49fb-de152b08464f,6FA16FB,cf2cd650-41d1-e9fa-bdaf-bb9129985210,#7523,,24.22,EUR
KL202603096057,2026-03-09T07:45:00Z,FEE,PURCHASE_FEE_FIXED,2026-03-02T17:27:19Z,2026-03-02T17:27:19Z,6fa16fb7-932f-38ce-49fb-de152b08464f,6FA16FB,cf2cd650-41d1-e9fa-bdaf-bb9129985210,#7523,,0.35,EUR
KL202603096057,2026-03-09T07:45:00Z,SALE,,2026-03-02T17:32:48Z,2026-03-02T17:32:48Z,15e53d3e-1ebb-aa76-0eaa-ed0df8d9ac0a,15E53D3,6cba14a9-81e6-6b65-fcf8-15ad7444686b,#7524,,42.95,EUR
KL202603096057,2026-03-09T07:45:00Z,FEE,PURCHASE_FEE_PERCENTAGE,2026-03-02T17:32:48Z,2026-03-02T17:32:48Z,15e53d3e-1ebb-aa76-0eaa-ed0df8d9ac0a,15E53D3,6cba14a9-81e6-6b65-fcf8-15ad7444686b,#7524,,1.28,EUR
KL202603096057,2026-03-09T07:45:00Z,FEE,PURCHASE_FEE_FIXED,2026-03-02T17:32:48Z,2026-03-02T17:32:48Z,15e53d3e-1ebb-aa76-0eaa-ed0df8d9ac0a,15E53D3,6cba14a9-81e6-6b65-fcf8-15ad7444686b,#7524,,0.35,EUR
KL202603096057,2026-03-09T07:45:00Z,RETURN,,2026-03-02T17:32:48Z,2026-03-02T17:32:48Z,15e53d3e-1ebb-aa76-0eaa-ed0df8d9ac0a,15E53D3,,#7524,,42.95,EUR
KL202603096057,2026-03-09T07:45:00Z,SALE,,2026-03-02T19:38:46Z,2026-03-02T19:38:46Z,1deed2e1-0429-8237-2d90-f93ed45a0271,1DEED2E,b84c90a4-027b-6f25-6d75-1c659d6c6454,#7531,,216.00,EUR
KL202603096057,2026-03-09T07:45:00Z,FEE,PURCHASE_FEE_PERCENTAGE,2026-03-02T19:38:46Z,2026-03-02T19:38:46Z,1deed2e1-0429-8237-2d90-f93ed45a0271,1DEED2E,b84c90a4-027b-6f25-6d75-1c659d6c6454,#7531,,6.46,EUR
KL202603096057,2026-03-09T07:45:00Z,FEE,PURCHASE_FEE_FIXED,2026-03-02T19:38:46Z,2026-03-02T19:38:46Z,1deed2e1-0429-8237-2d90-f93ed45a0271,1DEED2E,b84c90a4-027b-6f25-6d75-1c659d6c6454,#7531,,0.35,EUR
KL202603096057,2026-03-09T07:45:00Z,SALE,,2026-03-02T19:54:38Z,2026-03-02T19:54:38Z,62be6225-40c0-66c0-0c7e-f1874a5ad5fc,62BE622,6dfb8680-9a9d-8a52-d32e-89fa4760dd0b,#7535,,238.00,EUR
KL202603096057,2026-03-09T07:45:00Z,FEE,PURCHASE_FEE_PERCENTAGE,2026-03-02T19:54:38Z,2026-03-02T19:54:38Z,62be6225-40c0-66c0-0c7e-f1874a5ad5fc,62BE622,6dfb8680-9a9d-8a52-d32e-89fa4760dd0b,#7535,,7.12,EUR
KL202603096057,2026-03-09T07:45:00Z,FEE,PURCHASE_FEE_FIXED,2026-03-02T19:54:38Z,2026-03-02T19:54:38Z,62be6225-40c0-66c0-0c7e-f1874a5ad5fc,62BE622,6dfb8680-9a9d-8a52-d32e-89fa4760dd0b,#7535,,0.35,EUR
KL202603096057,2026-03-09T07:45:00Z,SALE,,2026-03-02T20:15:23Z,2026-03-02T20:15:23Z,0639a8d2-e6f0-efd6-d496-0a7895acf627,0639A8D,0e4ba6db-78c4-bdc3-0d7f-f72361b4670a,#7537,,150.00,EUR
KL202603096057,2026-03-09T07:45:00Z,FEE,PURCHASE_FEE_PERCENTAGE,2026-03-02T20:15:23Z,2026-03-02T20:15:23Z,0639a8d2-e6f0-efd6-d496-0a7895acf627,0639A8D,0e4ba6db-78c4-bdc3-0d7f-f72361b4670a,#7537,,4.49,EUR
KL202603096057,2026-03-09T07:45:00Z,FEE,PURCHASE_FEE_FIXED,2026-03-02T20:15:23Z,2026-03-02T20:15:23Z,0639a8d2-e6f0-efd6-d496-0a7895acf627,0639A8D,0e4ba6db-78c4-bdc3-0d7f-f72361b4670a,#7537,,0.35,EUR
KL202603096057,2026-03-09T07:45:00Z,SALE,,2026-03-02T20:48:30Z,2026-03-02T20:48:30Z,8af9dd7b-411e-2380-7cdd-956bf661e583,8AF9DD7,7801bfcb-7dcb-d9c3-8192-228896b9c27e,#7542,,297.00,EUR
KL202603096057,2026-03-09T07:45:00Z,FEE,PURCHASE_FEE_PERCENTAGE,2026-03-02T20:48:30Z,2026-03-02T20:48:30Z,8af9dd7b-411e-2380-7cdd-956bf661e583,8AF9DD7,7801bfcb-7dcb-d9c3-8192-228896b9c27e,#7542,,8.88,EUR
KL202603096057,2026-03-09T07:45:00Z,FEE,PURCHASE_FEE_FIXED,2026-03-02T20:48:30Z,2026-03-02T20:48:30Z,8af9dd7b-411e-2380-7cdd-956bf661e583,8AF9DD7,7801bfcb-7dcb-d9c3-8192-228896b9c27e,#7542,,0.35,EUR
KL202603096057,2026-03-09T07:45:00Z,SALE,,2026-03-02T22:12:27Z,2026-03-02T22:12:27Z,7fe9ecbd-bd1e-16ac-12fd-69cbb26da64e,7FE9ECB,2a598dd3-048c-ccd9-88f5-d2dcbca279c6,#7544,,42.95,EUR
KL202603096057,2026-03-09T07:45:00Z,FEE,PURCHASE_FEE_PERCENTAGE,2026-03-02T22:12:27Z,2026-03-02T22:12:27Z,7fe9ecbd-bd1e-16ac-12fd-69cbb26da64e,7FE9ECB,2a598dd3-048c-ccd9-88f5-d2dcbca279c6,#7544,,1.28,EUR
KL202603096057,2026-03-09T07:45:00Z,FEE,PURCHASE_FEE_FIXED,2026-03-02T22:12:27Z,2026-03-02T22:12:27Z,7fe9ecbd-bd1e-16ac-12fd-69cbb26da64e,7FE9ECB,2a598dd3-048c-ccd9-88f5-d2dcbca279c6,#7544,,0.35,EUR
KL202603096057,2026-03-09T07:45:00Z,SALE,,2026-03-02T22:25:58Z,2026-03-02T22:25:58Z,fb7c32c3-2bbd-0f67-1ca4-f322aaded7f0,FB7C32C,614148f4-2adb-e0b2-893f-3ab8759b32c4,#7545,,328.00,EUR
KL202603096057,2026-03-09T07:45:00Z,FEE,PURCHASE_FEE_PERCENTAGE,2026-03-02T22:25:58Z,2026-03-02T22:25:58Z,fb7c32c3-2bbd-0f67-1ca4-f322aaded7f0,FB7C32C,614148f4-2adb-e0b2-893f-3ab8759b32c4,#7545,,9.81,EUR
KL202603096057,2026-03-09T07:45:00Z,FEE,PURCHASE_FEE_FIXED,2026-03-02T22:25:58Z,2026-03-02T22:25:58Z,fb7c32c3-2bbd-0f67-1ca4-f322aaded7f0,FB7C32C,614148f4-2adb-e0b2-893f-3ab8759b32c4,#7545,,0.35,EUR
KL202603096057,2026-03-09T07:45:00Z,SALE,,2026-03-03T00:54:12Z,2026-03-03T00:54:12Z,ccf259ee-5bf6-443d-62c4-c205331e659d,CCF259E,d8bff6d6-2fc0-496d-e866-9d141bd9d8f7,#7550,,368.00,EUR
KL202603096057,2026-03-09T07:45:00Z,FEE,PURCHASE_FEE_PERCENTAGE,2026-03-03T00:54:12Z,2026-03-03T00:54:12Z,ccf259ee-5bf6-443d-62c4-c205331e659d,CCF259E,d8bff6d6-2fc0-496d-e866-9d141bd9d8f7,#7550,,11.00,EUR
KL202603096057,2026-03-09T07:45:00Z,FEE,PURCHASE_FEE_FIXED,2026-03-03T00:54:12Z,2026-03-03T00:54:12Z,ccf259ee-5bf6-443d-62c4-c205331e659d,CCF259E,d8bff6d6-2fc0-496d-e866-9d141bd9d8f7,#7550,,0.35,EUR
KL202603096057,2026-03-09T07:45:00Z,SALE,,2026-03-03T09:33:12Z,2026-03-03T09:33:12Z,83a22f9a-ce50-0e40-b4c9-c2dde3d52e95,83A22F9,1754d987-d280-9625-90d1-97cdb283903c,#7559,,81.95,EUR
KL202603096057,2026-03-09T07:45:00Z,FEE,PURCHASE_FEE_PERCENTAGE,2026-03-03T09:33:12Z,2026-03-03T09:33:12Z,83a22f9a-ce50-0e40-b4c9-c2dde3d52e95,83A22F9,1754d987-d280-9625-90d1-97cdb283903c,#7559,,2.45,EUR
KL202603096057,2026-03-09T07:45:00Z,FEE,PURCHASE_FEE_FIXED,2026-03-03T09:33:12Z,2026-03-03T09:33:12Z,83a22f9a-ce50-0e40-b4c9-c2dde3d52e95,83A22F9,1754d987-d280-9625-90d1-97cdb283903c,#7559,,0.35,EUR
KL202603096057,2026-03-09T07:45:00Z,RETURN,,2026-03-03T09:33:12Z,2026-03-03T09:33:12Z,83a22f9a-ce50-0e40-b4c9-c2dde3d52e95,83A22F9,,#7559,,81.95,EUR
KL202603096057,2026-03-09T07:45:00Z,SALE,,2026-03-03T11:40:10Z,2026-03-03T11:40:10Z,1d49bc7e-af8b-1688-bbd0-aa3298e8b0f7,1D49BC7,e85d6d24-358c-6555-0c16-ee5948b1e366,#7566,,148.00,EUR
KL202603096057,2026-03-09T07:45:00Z,FEE,PURCHASE_FEE_PERCENTAGE,2026-03-03T11:40:10Z,2026-03-03T11:40:10Z,1d49bc7e-af8b-1688-bbd0-aa3298e8b0f7,1D49BC7,e85d6d24-358c-6555-0c16-ee5948b1e366,#7566,,4.43,EUR
KL202603096057,2026-03-09T07:45:00Z,FEE,PURCHASE_FEE_FIXED,2026-03-03T11:40:10Z,2026-03-03T11:40:10Z,1d49bc7e-af8b-1688-bbd0-aa3298e8b0f7,1D49BC7,e85d6d24-358c-6555-0c16-ee5948b1e366,#7566,,0.35,EUR
KL202603096057,2026-03-09T07:45:00Z,SALE,,2026-03-03T11:57:27Z,2026-03-03T11:57:27Z,34243158-d16b-2e1e-cdf3-c5e84bcc8e1f,3424315,00f992ee-1c5b-dccf-9258-ec74692c381b,#7570,,99.00,EUR
KL202603096057,2026-03-09T07:45:00Z,FEE,PURCHASE_FEE_PERCENTAGE,2026-03-03T11:57:27Z,2026-03-03T11:57:27Z,34243158-d16b-2e1e-cdf3-c5e84bcc8e1f,3424315,00f992ee-1c5b-dccf-9258-ec74692c381b,#7570,,2.96,EUR
KL202603096057,2026-03-09T07:45:00Z,FEE,PURCHASE_FEE_FIXED,2026-03-03T11:57:27Z,2026-03-03T11:57:27Z,34243158-d16b-2e1e-cdf3-c5e84bcc8e1f,3424315,00f992ee-1c5b-dccf-9258-ec74692c381b,#7570,,0.35,EUR
KL202603096057,2026-03-09T07:45:00Z,SALE,,2026-03-03T11:59:47Z,2026-03-03T11:59:47Z,a041fd2d-dc75-56e8-1880-396f85557b6d,A041FD2,8c99024a-a0f8-61e5-cc01-ecd141bf6f8a,#7571,,174.95,EUR
KL202603096057,2026-03-09T07:45:00Z,FEE,PURCHASE_FEE_PERCENTAGE,2026-03-03T11:59:47Z,2026-03-03T11:59:47Z,a041fd2d-dc75-56e8-1880-396f85557b6d,A041FD2,8c99024a-a0f8-61e5-cc01-ecd141bf6f8a,#7571,,5.23,EUR
KL202603096057,2026-03-09T07:45:00Z,FEE,PURCHASE_FEE_FIXED,2026-03-03T11:59:47Z,2026-03-03T11:59:47Z,a041fd2d-dc75-56e8-1880-396f85557b6d,A041FD2,8c99024a-a0f8-61e5-cc01-ecd141bf6f8a,#7571,,0.35,EUR
KL202603096057,2026-03-09T07:45:00Z,SALE,,2026-03-03T14:06:59Z,2026-03-03T14:06:59Z,870bbb60-1993-f3ee-f36a-354424ba3ec8,870BBB6,cf9e2f16-45b4-90b9-c599-253ff5d4604d,#7581,,249.00,EUR
KL202603096057,2026-03-09T07:45:00Z,FEE,PURCHASE_FEE_PERCENTAGE,2026-03-03T14:06:59Z,2026-03-03T14:06:59Z,870bbb60-1993-f3ee-f36a-354424ba3ec8,870BBB6,cf9e2f16-45b4-90b9-c599-253ff5d4604d,#7581,,7.45,EUR
KL202603096057,2026-03-09T07:45:00Z,FEE,PURCHASE_FEE_FIXED,2026-03-03T14:06:59Z,2026-03-03T14:06:59Z,870bbb60-1993-f3ee-f36a-354424ba3ec8,870BBB6,cf9e2f16-45b4-90b9-c599-253ff5d4604d,#7581,,0.35,EUR
KL202603096057,2026-03-09T07:45:00Z,SALE,,2026-03-03T14:37:12Z,2026-03-03T14:37:12Z,aad6fa8b-c3b6-08ad-ce8a-e44bd356a193,AAD6FA8,4df90ff1-7fba-f635-604b-38c9a6d2be4a,#7582,,37.95,EUR
KL202603096057,2026-03-09T07:45:00Z,FEE,PURCHASE_FEE_PERCENTAGE,2026-03-03T14:37:12Z,2026-03-03T14:37:12Z,aad6fa8b-c3b6-08ad-ce8a-e44bd356a193,AAD6FA8,4df90ff1-7fba-f635-604b-38c9a6d2be4a,#7582,,1.13,EUR
KL202603096057,2026-03-09T07:45:00Z,FEE,PURCHASE_FEE_FIXED,2026-03-03T14:37:12Z,2026-03-03T14:37:12Z,aad6fa8b-c3b6-08ad-ce8a-e44bd356a193,AAD6FA8,4df90ff1-7fba-f635-604b-38c9a6d2be4a,#7582,,0.35,EUR
KL202603096057,2026-03-09T07:45:00Z,SALE,,2026-03-03T15:09:47Z,2026-03-03T15:09:47Z,3eab6934-10cc-f4bb-0209-8674313de79d,3EAB693,c5712956-7982-b8c4-0315-7d1d2c2d3fe7,#7584,,89.00,EUR
KL202603096057,2026-03-09T07:45:00Z,FEE,PURCHASE_FEE_PERCENTAGE,2026-03-03T15:09:47Z,2026-03-03T15:09:47Z,3eab6934-10cc-f4bb-0209-8674313de79d,3EAB693,c5712956-7982-b8c4-0315-7d1d2c2d3fe7,#7584,,2.66,EUR
KL202603096057,2026-03-09T07:45:00Z,FEE,PURCHASE_FEE_FIXED,2026-03-03T15:09:47Z,2026-03-03T15:09:47Z,3eab6934-10cc-f4bb-0209-8674313de79d,3EAB693,c5712956-7982-b8c4-0315-7d1d2c2d3fe7,#7584,,0.35,EUR
KL202603096057,2026-03-09T07:45:00Z,SALE,,2026-03-03T15:15:26Z,2026-03-03T15:15:26Z,b272482b-1145-972a-1998-7d0645708482,B272482,9bdd0500-8a3c-38e0-7ef2-66025b2906f1,#7585,,168.00,EUR
KL202603096057,2026-03-09T07:45:00Z,FEE,PURCHASE_FEE_PERCENTAGE,2026-03-03T15:15:26Z,2026-03-03T15:15:26Z,b272482b-1145-972a-1998-7d0645708482,B272482,9bdd0500-8a3c-38e0-7ef2-66025b2906f1,#7585,,5.02,EUR
KL202603096057,2026-03-09T07:45:00Z,FEE,PURCHASE_FEE_FIXED,2026-03-03T15:15:26Z,2026-03-03T15:15:26Z,b272482b-1145-972a-1998-7d0645708482,B272482,9bdd0500-8a3c-38e0-7ef2-66025b2906f1,#7585,,0.35,EUR
KL202603096057,2026-03-09T07:45:00Z,SALE,,2026-03-03T16:15:40Z,2026-03-03T16:15:40Z,8a0c00cc-3bbd-4045-9126-c926e6467bba,8A0C00C,1da4be03-8387-6aba-9151-5a9ac2c26dda,#7592,,58.95,EUR
KL202603096057,2026-03-09T07:45:00Z,FEE,PURCHASE_FEE_PERCENTAGE,2026-03-03T16:15:40Z,2026-03-03T16:15:40Z,8a0c00cc-3bbd-4045-9126-c926e6467bba,8A0C00C,1da4be03-8387-6aba-9151-5a9ac2c26dda,#7592,,1.76,EUR
KL202603096057,2026-03-09T07:45:00Z,FEE,PURCHASE_FEE_FIXED,2026-03-03T16:15:40Z,2026-03-03T16:15:40Z,8a0c00cc-3bbd-4045-9126-c926e6467bba,8A0C00C,1da4be03-8387-6aba-9151-5a9ac2c26dda,#7592,,0.35,EUR
KL202603096057,2026-03-09T07:45:00Z,SALE,,2026-03-03T16:18:37Z,2026-03-03T16:18:37Z,d385305e-3632-591a-3d4f-ccc8f9f30258,D385305,e9be4364-7387-956c-94e0-500e7f34c692,#7593,,234.00,EUR
KL202603096057,2026-03-09T07:45:00Z,FEE,PURCHASE_FEE_PERCENTAGE,2026-03-03T16:18:37Z,2026-03-03T16:18:37Z,d385305e-3632-591a-3d4f-ccc8f9f30258,D385305,e9be4364-7387-956c-94e0-500e7f34c692,#7593,,7.00,EUR
KL202603096057,2026-03-09T07:45:00Z,FEE,PURCHASE_FEE_FIXED,2026-03-03T16:18:37Z,2026-03-03T16:18:37Z,d385305e-3632-591a-3d4f-ccc8f9f30258,D385305,e9be4364-7387-956c-94e0-500e7f34c692,#7593,,0.35,EUR
KL202603096057,2026-03-09T07:45:00Z,SALE,,2026-03-03T16:26:04Z,2026-03-03T16:26:04Z,b7134ad6-f455-926d-7930-7eae452d9c2d,B7134AD,fcdd9192-0486-235d-da55-e8ecc68553c5,#7594,,50.95,EUR
KL202603096057,2026-03-09T07:45:00Z,FEE,PURCHASE_FEE_PERCENTAGE,2026-03-03T16:26:04Z,2026-03-03T16:26:04Z,b7134ad6-f455-926d-7930-7eae452d9c2d,B7134AD,fcdd9192-0486-235d-da55-e8ecc68553c5,#7594,,1.52,EUR
KL202603096057,2026-03-09T07:45:00Z,FEE,PURCHASE_FEE_FIXED,2026-03-03T16:26:04Z,2026-03-03T16:26:04Z,b7134ad6-f455-926d-7930-7eae452d9c2d,B7134AD,fcdd9192-0486-235d-da55-e8ecc68553c5,#7594,,0.35,EUR
KL202603096057,2026-03-09T07:45:00Z,SALE,,2026-03-03T18:54:26Z,2026-03-03T18:54:26Z,8e29f94a-7237-3432-636f-4e827e7663d3,8E29F94,adc9db60-5cce-b73b-fafa-2555d92718b6,#7606,,80.00,EUR
KL202603096057,2026-03-09T07:45:00Z,FEE,PURCHASE_FEE_PERCENTAGE,2026-03-03T18:54:26Z,2026-03-03T18:54:26Z,8e29f94a-7237-3432-636f-4e827e7663d3,8E29F94,adc9db60-5cce-b73b-fafa-2555d92718b6,#7606,,2.39,EUR
KL202603096057,2026-03-09T07:45:00Z,FEE,PURCHASE_FEE_FIXED,2026-03-03T18:54:26Z,2026-03-03T18:54:26Z,8e29f94a-7237-3432-636f-4e827e7663d3,8E29F94,adc9db60-5cce-b73b-fafa-2555d92718b6,#7606,,0.35,EUR
KL202603096057,2026-03-09T07:45:00Z,SALE,,2026-03-03T19:36:27Z,2026-03-03T19:36:27Z,f10ec65e-d9f4-716b-12fb-e6980aba0efc,F10EC65,31bde214-9c4a-5cf5-a080-fa76af73cc21,#7611,,143.00,EUR
KL202603096057,2026-03-09T07:45:00Z,FEE,PURCHASE_FEE_PERCENTAGE,2026-03-03T19:36:27Z,2026-03-03T19:36:27Z,f10ec65e-d9f4-716b-12fb-e6980aba0efc,F10EC65,31bde214-9c4a-5cf5-a080-fa76af73cc21,#7611,,4.28,EUR
KL202603096057,2026-03-09T07:45:00Z,FEE,PURCHASE_FEE_FIXED,2026-03-03T19:36:27Z,2026-03-03T19:36:27Z,f10ec65e-d9f4-716b-12fb-e6980aba0efc,F10EC65,31bde214-9c4a-5cf5-a080-fa76af73cc21,#7611,,0.35,EUR
KL202603096057,2026-03-09T07:45:00Z,SALE,,2026-03-03T20:11:24Z,2026-03-03T20:11:24Z,7ab45aa0-a787-369b-d655-f0b64a51a0a7,7AB45AA,e1f051ec-43cd-c1d8-d32b-e28ffde52082,#7614,,222.00,EUR
KL202603096057,2026-03-09T07:45:00Z,FEE,PURCHASE_FEE_PERCENTAGE,2026-03-03T20:11:24Z,2026-03-03T20:11:24Z,7ab45aa0-a787-369b-d655-f0b64a51a0a7,7AB45AA,e1f051ec-43cd-c1d8-d32b-e28ffde52082,#7614,,6.64,EUR
KL202603096057,2026-03-09T07:45:00Z,FEE,PURCHASE_FEE_FIXED,2026-03-03T20:11:24Z,2026-03-03T20:11:24Z,7ab45aa0-a787-369b-d655-f0b64a51a0a7,7AB45AA,e1f051ec-43cd-c1d8-d32b-e28ffde52082,#7614,,0.35,EUR
KL202603096057,2026-03-09T07:45:00Z,SALE,,2026-03-03T20:31:12Z,2026-03-03T20:31:12Z,1c19333d-f912-b871-ac2c-8136fab16e86,1C19333,9055eab1-1860-9477-29ee-3463b6d00229,#7618,,79.00,EUR
KL202603096057,2026-03-09T07:45:00Z,FEE,PURCHASE_FEE_PERCENTAGE,2026-03-03T20:31:12Z,2026-03-03T20:31:12Z,1c19333d-f912-b871-ac2c-8136fab16e86,1C19333,9055eab1-1860-9477-29ee-3463b6d00229,#7618,,2.36,EUR
KL202603096057,2026-03-09T07:45:00Z,FEE,PURCHASE_FEE_FIXED,2026-03-03T20:31:12Z,2026-03-03T20:31:12Z,1c19333d-f912-b871-ac2c-8136fab16e86,1C19333,9055eab1-1860-9477-29ee-3463b6d00229,#7618,,0.35,EUR
KL202603096057,2026-03-09T07:45:00Z,SALE,,2026-03-03T21:01:25Z,2026-03-03T21:01:25Z,3f5d1078-72a4-4fa9-2c33-052407ad4175,3F5D107,1a9fae68-2dd8-f3ed-f5e5-4b395d502118,#7621,,76.95,EUR
KL202603096057,2026-03-09T07:45:00Z,FEE,PURCHASE_FEE_PERCENTAGE,2026-03-03T21:01:25Z,2026-03-03T21:01:25Z,3f5d1078-72a4-4fa9-2c33-052407ad4175,3F5D107,1a9fae68-2dd8-f3ed-f5e5-4b395d502118,#7621,,2.30,EUR
KL202603096057,2026-03-09T07:45:00Z,FEE,PURCHASE_FEE_FIXED,2026-03-03T21:01:25Z,2026-03-03T21:01:25Z,3f5d1078-72a4-4fa9-2c33-052407ad4175,3F5D107,1a9fae68-2dd8-f3ed-f5e5-4b395d502118,#7621,,0.35,EUR
KL202603096057,2026-03-09T07:45:00Z,SALE,,2026-03-04T07:50:54Z,2026-03-04T07:50:54Z,176aa396-4b3f-2e8e-a488-0cd09665255f,176AA39,6be2b8fd-44c5-bf58-cbeb-a739cc9ddd0e,#7638,,163.00,EUR
KL202603096057,2026-03-09T07:45:00Z,FEE,PURCHASE_FEE_PERCENTAGE,2026-03-04T07:50:54Z,2026-03-04T07:50:54Z,176aa396-4b3f-2e8e-a488-0cd09665255f,176AA39,6be2b8fd-44c5-bf58-cbeb-a739cc9ddd0e,#7638,,4.87,EUR
KL202603096057,2026-03-09T07:45:00Z,FEE,PURCHASE_FEE_FIXED,2026-03-04T07:50:54Z,2026-03-04T07:50:54Z,176aa396-4b3f-2e8e-a488-0cd09665255f,176AA39,6be2b8fd-44c5-bf58-cbeb-a739cc9ddd0e,#7638,,0.35,EUR
KL202603096057,2026-03-09T07:45:00Z,SALE,,2026-03-04T07:52:43Z,2026-03-04T07:52:43Z,bb902b32-6fe4-2f76-e52b-a9abdd3c3ed1,BB902B3,0a41ae34-02c7-0a2c-f55d-c4bd55e41c44,#7639,,238.50,EUR
KL202603096057,2026-03-09T07:45:00Z,FEE,PURCHASE_FEE_PERCENTAGE,2026-03-04T07:52:43Z,2026-03-04T07:52:43Z,bb902b32-6fe4-2f76-e52b-a9abdd3c3ed1,BB902B3,0a41ae34-02c7-0a2c-f55d-c4bd55e41c44,#7639,,7.13,EUR
KL202603096057,2026-03-09T07:45:00Z,FEE,PURCHASE_FEE_FIXED,2026-03-04T07:52:43Z,2026-03-04T07:52:43Z,bb902b32-6fe4-2f76-e52b-a9abdd3c3ed1,BB902B3,0a41ae34-02c7-0a2c-f55d-c4bd55e41c44,#7639,,0.35,EUR
KL202603096057,2026-03-09T07:45:00Z,SALE,,2026-03-04T12:06:12Z,2026-03-04T12:06:12Z,2b3b1682-53bc-dd96-f1a0-ad1728458696,2B3B168,5f8989dc-16f6-294a-b21b-f0a5505c9ad4,#7648,,99.00,EUR
KL202603096057,2026-03-09T07:45:00Z,FEE,PURCHASE_FEE_PERCENTAGE,2026-03-04T12:06:12Z,2026-03-04T12:06:12Z,2b3b1682-53bc-dd96-f1a0-ad1728458696,2B3B168,5f8989dc-16f6-294a-b21b-f0a5505c9ad4,#7648,,2.96,EUR
KL202603096057,2026-03-09T07:45:00Z,FEE,PURCHASE_FEE_FIXED,2026-03-04T12:06:12Z,2026-03-04T12:06:12Z,2b3b1682-53bc-dd96-f1a0-ad1728458696,2B3B168,5f8989dc-16f6-294a-b21b-f0a5505c9ad4,#7648,,0.35,EUR
KL202603096057,2026-03-09T07:45:00Z,SALE,,2026-03-04T12:22:28Z,2026-03-04T12:22:28Z,f4bcd3cb-d6ed-e992-1104-09ea2fb3c17c,F4BCD3C,9a1fa903-f7eb-7ae1-c544-7ef9dd896ec9,#7653,,42.95,EUR
KL202603096057,2026-03-09T07:45:00Z,FEE,PURCHASE_FEE_PERCENTAGE,2026-03-04T12:22:28Z,2026-03-04T12:22:28Z,f4bcd3cb-d6ed-e992-1104-09ea2fb3c17c,F4BCD3C,9a1fa903-f7eb-7ae1-c544-7ef9dd896ec9,#7653,,1.28,EUR
KL202603096057,2026-03-09T07:45:00Z,FEE,PURCHASE_FEE_FIXED,2026-03-04T12:22:28Z,2026-03-04T12:22:28Z,f4bcd3cb-d6ed-e992-1104-09ea2fb3c17c,F4BCD3C,9a1fa903-f7eb-7ae1-c544-7ef9dd896ec9,#7653,,0.35,EUR
KL202603096057,2026-03-09T07:45:00Z,RETURN,,2026-03-04T12:22:28Z,2026-03-04T12:22:28Z,f4bcd3cb-d6ed-e992-1104-09ea2fb3c17c,F4BCD3C,,#7653,,12.92,EUR
KL202603096057,2026-03-09T07:45:00Z,SALE,,2026-03-04T12:35:28Z,2026-03-04T12:35:28Z,b70e1696-2928-2d36-4e44-bc0f3de6f0de,B70E169,c1e33c85-9e78-a93c-0f64-9c3b357d84f7,#7654,,103.95,EUR
KL202603096057,2026-03-09T07:45:00Z,FEE,PURCHASE_FEE_PERCENTAGE,2026-03-04T12:35:28Z,2026-03-04T12:35:28Z,b70e1696-2928-2d36-4e44-bc0f3de6f0de,B70E169,c1e33c85-9e78-a93c-0f64-9c3b357d84f7,#7654,,3.11,EUR
KL202603096057,2026-03-09T07:45:00Z,FEE,PURCHASE_FEE_FIXED,2026-03-04T12:35:28Z,2026-03-04T12:35:28Z,b70e1696-2928-2d36-4e44-bc0f3de6f0de,B70E169,c1e33c85-9e78-a93c-0f64-9c3b357d84f7,#7654,,0.35,EUR
KL202603096057,2026-03-09T07:45:00Z,SALE,,2026-03-04T12:42:53Z,2026-03-04T12:42:53Z,559d5b07-ef10-cc94-f55d-e0d3d8fb59bb,559D5B0,5ad7cea9-673d-5e36-7b02-31592718cc4a,#7657,,944.00,EUR
KL202603096057,2026-03-09T07:45:00Z,FEE,PURCHASE_FEE_PERCENTAGE,2026-03-04T12:42:53Z,2026-03-04T12:42:53Z,559d5b07-ef10-cc94-f55d-e0d3d8fb59bb,559D5B0,5ad7cea9-673d-5e36-7b02-31592718cc4a,#7657,,28.23,EUR
KL202603096057,2026-03-09T07:45:00Z,FEE,PURCHASE_FEE_FIXED,2026-03-04T12:42:53Z,2026-03-04T12:42:53Z,559d5b07-ef10-cc94-f55d-e0d3d8fb59bb,559D5B0,5ad7cea9-673d-5e36-7b02-31592718cc4a,#7657,,0.35,EUR
KL202603096057,2026-03-09T07:45:00Z,SALE,,2026-03-04T15:01:23Z,2026-03-04T15:01:23Z,495b6ec1-183f-b4af-0996-71100dbdb584,495B6EC,2d035cb4-af2e-1de0-0bac-e72627e34356,#7671,,169.95,EUR
KL202603096057,2026-03-09T07:45:00Z,FEE,PURCHASE_FEE_PERCENTAGE,2026-03-04T15:01:23Z,2026-03-04T15:01:23Z,495b6ec1-183f-b4af-0996-71100dbdb584,495B6EC,2d035cb4-af2e-1de0-0bac-e72627e34356,#7671,,5.08,EUR
KL202603096057,2026-03-09T07:45:00Z,FEE,PURCHASE_FEE_FIXED,2026-03-04T15:01:23Z,2026-03-04T15:01:23Z,495b6ec1-183f-b4af-0996-71100dbdb584,495B6EC,2d035cb4-af2e-1de0-0bac-e72627e34356,#7671,,0.35,EUR
KL202603096057,2026-03-09T07:45:00Z,SALE,,2026-03-04T21:05:39Z,2026-03-04T21:05:39Z,0c542d63-92ea-891b-6991-c34fc0db8d85,0C542D6,5551856a-ad94-a914-1c40-855e9f70fe45,#7700,,73.95,EUR
KL202603096057,2026-03-09T07:45:00Z,FEE,PURCHASE_FEE_PERCENTAGE,2026-03-04T21:05:39Z,2026-03-04T21:05:39Z,0c542d63-92ea-891b-6991-c34fc0db8d85,0C542D6,5551856a-ad94-a914-1c40-855e9f70fe45,#7700,,2.21,EUR
KL202603096057,2026-03-09T07:45:00Z,FEE,PURCHASE_FEE_FIXED,2026-03-04T21:05:39Z,2026-03-04T21:05:39Z,0c542d63-92ea-891b-6991-c34fc0db8d85,0C542D6,5551856a-ad94-a914-1c40-855e9f70fe45,#7700,,0.35,EUR
KL202603096057,2026-03-09T07:45:00Z,SALE,,2026-03-04T21:08:44Z,2026-03-04T21:08:44Z,8dd17fe5-beb2-6b35-820d-f58a2c0aca00,8DD17FE,64f4ac56-5950-56c4-1e32-ae885a4e0b72,#7701,,79.00,EUR
KL202603096057,2026-03-09T07:45:00Z,FEE,PURCHASE_FEE_PERCENTAGE,2026-03-04T21:08:44Z,2026-03-04T21:08:44Z,8dd17fe5-beb2-6b35-820d-f58a2c0aca00,8DD17FE,64f4ac56-5950-56c4-1e32-ae885a4e0b72,#7701,,2.36,EUR
KL202603096057,2026-03-09T07:45:00Z,FEE,PURCHASE_FEE_FIXED,2026-03-04T21:08:44Z,2026-03-04T21:08:44Z,8dd17fe5-beb2-6b35-820d-f58a2c0aca00,8DD17FE,64f4ac56-5950-56c4-1e32-ae885a4e0b72,#7701,,0.35,EUR
KL202603096057,2026-03-09T07:45:00Z,SALE,,2026-03-04T21:34:09Z,2026-03-04T21:34:09Z,87ba5d4e-003e-61a8-5392-da6c24c7b7e6,87BA5D4,8f306d5e-70cc-8f95-1b9d-a0ebfccb34b4,#7703,,272.70,EUR
KL202603096057,2026-03-09T07:45:00Z,FEE,PURCHASE_FEE_PERCENTAGE,2026-03-04T21:34:09Z,2026-03-04T21:34:09Z,87ba5d4e-003e-61a8-5392-da6c24c7b7e6,87BA5D4,8f306d5e-70cc-8f95-1b9d-a0ebfccb34b4,#7703,,8.15,EUR
KL202603096057,2026-03-09T07:45:00Z,FEE,PURCHASE_FEE_FIXED,2026-03-04T21:34:09Z,2026-03-04T21:34:09Z,87ba5d4e-003e-61a8-5392-da6c24c7b7e6,87BA5D4,8f306d5e-70cc-8f95-1b9d-a0ebfccb34b4,#7703,,0.35,EUR
KL202603096057,2026-03-09T07:45:00Z,SALE,,2026-03-04T21:49:59Z,2026-03-04T21:49:59Z,3d142c8d-8b71-78d0-0b60-a56e8c67ad3b,3D142C8,e02f6f1e-9050-340b-1855-8b399a2270b0,#7705,,109.00,EUR
KL202603096057,2026-03-09T07:45:00Z,FEE,PURCHASE_FEE_PERCENTAGE,2026-03-04T21:49:59Z,2026-03-04T21:49:59Z,3d142c8d-8b71-78d0-0b60-a56e8c67ad3b,3D142C8,e02f6f1e-9050-340b-1855-8b399a2270b0,#7705,,3.26,EUR
KL202603096057,2026-03-09T07:45:00Z,FEE,PURCHASE_FEE_FIXED,2026-03-04T21:49:59Z,2026-03-04T21:49:59Z,3d142c8d-8b71-78d0-0b60-a56e8c67ad3b,3D142C8,e02f6f1e-9050-340b-1855-8b399a2270b0,#7705,,0.35,EUR
KL202603096057,2026-03-09T07:45:00Z,SALE,,2026-03-04T22:49:29Z,2026-03-04T22:49:29Z,6a227929-9287-f6c4-2a21-490b9b3a7e13,6A22792,d05c6250-dc7a-f7bf-7456-f452e156af81,#7707,,227.00,EUR
KL202603096057,2026-03-09T07:45:00Z,FEE,PURCHASE_FEE_PERCENTAGE,2026-03-04T22:49:29Z,2026-03-04T22:49:29Z,6a227929-9287-f6c4-2a21-490b9b3a7e13,6A22792,d05c6250-dc7a-f7bf-7456-f452e156af81,#7707,,6.79,EUR
KL202603096057,2026-03-09T07:45:00Z,FEE,PURCHASE_FEE_FIXED,2026-03-04T22:49:29Z,2026-03-04T22:49:29Z,6a227929-9287-f6c4-2a21-490b9b3a7e13,6A22792,d05c6250-dc7a-f7bf-7456-f452e156af81,#7707,,0.35,EUR
KL202603096057,2026-03-09T07:45:00Z,SALE,,2026-03-05T01:17:06Z,2026-03-05T01:17:06Z,25d20edb-3ce8-3fde-1d0d-ddee165c2644,25D20ED,85ffbbc6-369e-b1bb-22e3-da0698bd859d,#7713,,98.40,EUR
KL202603096057,2026-03-09T07:45:00Z,FEE,PURCHASE_FEE_PERCENTAGE,2026-03-05T01:17:06Z,2026-03-05T01:17:06Z,25d20edb-3ce8-3fde-1d0d-ddee165c2644,25D20ED,85ffbbc6-369e-b1bb-22e3-da0698bd859d,#7713,,2.94,EUR
KL202603096057,2026-03-09T07:45:00Z,FEE,PURCHASE_FEE_FIXED,2026-03-05T01:17:06Z,2026-03-05T01:17:06Z,25d20edb-3ce8-3fde-1d0d-ddee165c2644,25D20ED,85ffbbc6-369e-b1bb-22e3-da0698bd859d,#7713,,0.35,EUR
KL202603096057,2026-03-09T07:45:00Z,SALE,,2026-03-05T03:27:36Z,2026-03-05T03:27:36Z,2334d80a-e976-a09f-5f02-78f198e74c3c,2334D80,b8f4461c-5308-e188-09db-c7c0ec3b56ba,#7714,,201.95,EUR
KL202603096057,2026-03-09T07:45:00Z,FEE,PURCHASE_FEE_PERCENTAGE,2026-03-05T03:27:36Z,2026-03-05T03:27:36Z,2334d80a-e976-a09f-5f02-78f198e74c3c,2334D80,b8f4461c-5308-e188-09db-c7c0ec3b56ba,#7714,,6.04,EUR
KL202603096057,2026-03-09T07:45:00Z,FEE,PURCHASE_FEE_FIXED,2026-03-05T03:27:36Z,2026-03-05T03:27:36Z,2334d80a-e976-a09f-5f02-78f198e74c3c,2334D80,b8f4461c-5308-e188-09db-c7c0ec3b56ba,#7714,,0.35,EUR
KL202603096057,2026-03-09T07:45:00Z,SALE,,2026-03-05T07:19:55Z,2026-03-05T07:19:55Z,2bf6cfe8-4c12-0ec6-75a6-575a6508be59,2BF6CFE,68cb66bb-de6a-6eee-5466-939ae0f18eba,#7719,,377.00,EUR
KL202603096057,2026-03-09T07:45:00Z,FEE,PURCHASE_FEE_PERCENTAGE,2026-03-05T07:19:55Z,2026-03-05T07:19:55Z,2bf6cfe8-4c12-0ec6-75a6-575a6508be59,2BF6CFE,68cb66bb-de6a-6eee-5466-939ae0f18eba,#7719,,11.27,EUR
KL202603096057,2026-03-09T07:45:00Z,FEE,PURCHASE_FEE_FIXED,2026-03-05T07:19:55Z,2026-03-05T07:19:55Z,2bf6cfe8-4c12-0ec6-75a6-575a6508be59,2BF6CFE,68cb66bb-de6a-6eee-5466-939ae0f18eba,#7719,,0.35,EUR
KL202603096057,2026-03-09T07:45:00Z,SALE,,2026-03-05T09:20:45Z,2026-03-05T09:20:45Z,3da02385-40ae-4d99-1a4e-02c6c1d5660d,3DA0238,d51d37d2-ae90-bf9b-8c8c-c4c318e28e4a,#7728,,63.95,EUR
KL202603096057,2026-03-09T07:45:00Z,FEE,PURCHASE_FEE_PERCENTAGE,2026-03-05T09:20:45Z,2026-03-05T09:20:45Z,3da02385-40ae-4d99-1a4e-02c6c1d5660d,3DA0238,d51d37d2-ae90-bf9b-8c8c-c4c318e28e4a,#7728,,1.91,EUR
KL202603096057,2026-03-09T07:45:00Z,FEE,PURCHASE_FEE_FIXED,2026-03-05T09:20:45Z,2026-03-05T09:20:45Z,3da02385-40ae-4d99-1a4e-02c6c1d5660d,3DA0238,d51d37d2-ae90-bf9b-8c8c-c4c318e28e4a,#7728,,0.35,EUR
KL202603096057,2026-03-09T07:45:00Z,SALE,,2026-03-05T12:02:56Z,2026-03-05T12:02:56Z,17aa39c1-1fe9-5db1-729f-597985205c2d,17AA39C,f4165e71-66b4-9c25-8452-48266ee77f3e,#7737,,405.00,EUR
KL202603096057,2026-03-09T07:45:00Z,FEE,PURCHASE_FEE_PERCENTAGE,2026-03-05T12:02:56Z,2026-03-05T12:02:56Z,17aa39c1-1fe9-5db1-729f-597985205c2d,17AA39C,f4165e71-66b4-9c25-8452-48266ee77f3e,#7737,,12.11,EUR
KL202603096057,2026-03-09T07:45:00Z,FEE,PURCHASE_FEE_FIXED,2026-03-05T12:02:56Z,2026-03-05T12:02:56Z,17aa39c1-1fe9-5db1-729f-597985205c2d,17AA39C,f4165e71-66b4-9c25-8452-48266ee77f3e,#7737,,0.35,EUR
KL202603096057,2026-03-09T07:45:00Z,SALE,,2026-03-05T12:26:30Z,2026-03-05T12:26:30Z,7f7e8f71-d629-3eba-6510-a3f70943f177,7F7E8F7,88be09b7-d8c4-e2e8-473d-daffac2afbd3,#7741,,123.00,EUR
KL202603096057,2026-03-09T07:45:00Z,FEE,PURCHASE_FEE_PERCENTAGE,2026-03-05T12:26:30Z,2026-03-05T12:26:30Z,7f7e8f71-d629-3eba-6510-a3f70943f177,7F7E8F7,88be09b7-d8c4-e2e8-473d-daffac2afbd3,#7741,,3.68,EUR
KL202603096057,2026-03-09T07:45:00Z,FEE,PURCHASE_FEE_FIXED,2026-03-05T12:26:30Z,2026-03-05T12:26:30Z,7f7e8f71-d629-3eba-6510-a3f70943f177,7F7E8F7,88be09b7-d8c4-e2e8-473d-daffac2afbd3,#7741,,0.35,EUR
KL202603096057,2026-03-09T07:45:00Z,SALE,,2026-03-05T15:32:37Z,2026-03-05T15:32:37Z,dde495ce-0f28-74c6-f7b1-4e6ab7b64e9b,DDE495C,29844b8e-553b-5ef0-ddb2-07441eb33bdf,#7754,,41.95,EUR
KL202603096057,2026-03-09T07:45:00Z,FEE,PURCHASE_FEE_PERCENTAGE,2026-03-05T15:32:37Z,2026-03-05T15:32:37Z,dde495ce-0f28-74c6-f7b1-4e6ab7b64e9b,DDE495C,29844b8e-553b-5ef0-ddb2-07441eb33bdf,#7754,,1.25,EUR
KL202603096057,2026-03-09T07:45:00Z,FEE,PURCHASE_FEE_FIXED,2026-03-05T15:32:37Z,2026-03-05T15:32:37Z,dde495ce-0f28-74c6-f7b1-4e6ab7b64e9b,DDE495C,29844b8e-553b-5ef0-ddb2-07441eb33bdf,#7754,,0.35,EUR
KL202603096057,2026-03-09T07:45:00Z,SALE,,2026-03-05T15:39:40Z,2026-03-05T15:39:40Z,0a4e32de-09f0-430d-5dc1-c451ddcbe249,0A4E32D,92211470-169e-f211-8607-5acfaad85cc5,#7755,,39.95,EUR
KL202603096057,2026-03-09T07:45:00Z,FEE,PURCHASE_FEE_PERCENTAGE,2026-03-05T15:39:40Z,2026-03-05T15:39:40Z,0a4e32de-09f0-430d-5dc1-c451ddcbe249,0A4E32D,92211470-169e-f211-8607-5acfaad85cc5,#7755,,1.19,EUR
KL202603096057,2026-03-09T07:45:00Z,FEE,PURCHASE_FEE_FIXED,2026-03-05T15:39:40Z,2026-03-05T15:39:40Z,0a4e32de-09f0-430d-5dc1-c451ddcbe249,0A4E32D,92211470-169e-f211-8607-5acfaad85cc5,#7755,,0.35,EUR
KL202603096057,2026-03-09T07:45:00Z,SALE,,2026-03-05T15:53:42Z,2026-03-05T15:53:42Z,78c6a1d7-63b0-23ef-a4eb-ea68f7022ff4,78C6A1D,a423b599-87e6-1a20-664a-305a6192c405,#7757,,301.00,EUR
KL202603096057,2026-03-09T07:45:00Z,FEE,PURCHASE_FEE_PERCENTAGE,2026-03-05T15:53:42Z,2026-03-05T15:53:42Z,78c6a1d7-63b0-23ef-a4eb-ea68f7022ff4,78C6A1D,a423b599-87e6-1a20-664a-305a6192c405,#7757,,9.00,EUR
KL202603096057,2026-03-09T07:45:00Z,FEE,PURCHASE_FEE_FIXED,2026-03-05T15:53:42Z,2026-03-05T15:53:42Z,78c6a1d7-63b0-23ef-a4eb-ea68f7022ff4,78C6A1D,a423b599-87e6-1a20-664a-305a6192c405,#7757,,0.35,EUR
KL202603096057,2026-03-09T07:45:00Z,SALE,,2026-03-05T16:07:02Z,2026-03-05T16:07:02Z,e40aa785-7b94-d61c-1870-9e05c3cc7da2,E40AA78,876f3e78-9b68-eb28-dba1-39d1761e4fe0,#7758,,119.00,EUR
KL202603096057,2026-03-09T07:45:00Z,FEE,PURCHASE_FEE_PERCENTAGE,2026-03-05T16:07:02Z,2026-03-05T16:07:02Z,e40aa785-7b94-d61c-1870-9e05c3cc7da2,E40AA78,876f3e78-9b68-eb28-dba1-39d1761e4fe0,#7758,,3.56,EUR
KL202603096057,2026-03-09T07:45:00Z,FEE,PURCHASE_FEE_FIXED,2026-03-05T16:07:02Z,2026-03-05T16:07:02Z,e40aa785-7b94-d61c-1870-9e05c3cc7da2,E40AA78,876f3e78-9b68-eb28-dba1-39d1761e4fe0,#7758,,0.35,EUR
KL202603096057,2026-03-09T07:45:00Z,SALE,,2026-03-05T16:13:44Z,2026-03-05T16:13:44Z,adbb075e-fcf5-9ee8-1505-f2e2b3e31c17,ADBB075,71b8bc24-6ed3-4f83-db1c-252b4afcda6f,#7759,,253.00,EUR
KL202603096057,2026-03-09T07:45:00Z,FEE,PURCHASE_FEE_PERCENTAGE,2026-03-05T16:13:44Z,2026-03-05T16:13:44Z,adbb075e-fcf5-9ee8-1505-f2e2b3e31c17,ADBB075,71b8bc24-6ed3-4f83-db1c-252b4afcda6f,#7759,,7.56,EUR
KL202603096057,2026-03-09T07:45:00Z,FEE,PURCHASE_FEE_FIXED,2026-03-05T16:13:44Z,2026-03-05T16:13:44Z,adbb075e-fcf5-9ee8-1505-f2e2b3e31c17,ADBB075,71b8bc24-6ed3-4f83-db1c-252b4afcda6f,#7759,,0.35,EUR
KL202603096057,2026-03-09T07:45:00Z,SALE,,2026-03-05T16:17:20Z,2026-03-05T16:17:20Z,a4a89427-3c89-b7b8-300d-287b3d222ded,A4A8942,8559b543-67da-26ab-7ff3-f812240ac9e5,#7760,,223.00,EUR
KL202603096057,2026-03-09T07:45:00Z,FEE,PURCHASE_FEE_PERCENTAGE,2026-03-05T16:17:20Z,2026-03-05T16:17:20Z,a4a89427-3c89-b7b8-300d-287b3d222ded,A4A8942,8559b543-67da-26ab-7ff3-f812240ac9e5,#7760,,6.67,EUR
KL202603096057,2026-03-09T07:45:00Z,FEE,PURCHASE_FEE_FIXED,2026-03-05T16:17:20Z,2026-03-05T16:17:20Z,a4a89427-3c89-b7b8-300d-287b3d222ded,A4A8942,8559b543-67da-26ab-7ff3-f812240ac9e5,#7760,,0.35,EUR
KL202603096057,2026-03-09T07:45:00Z,SALE,,2026-03-05T17:14:31Z,2026-03-05T17:14:31Z,c1d855a5-d79e-88e1-fd46-f19f4dde7fb4,C1D855A,62bc8033-4ad7-2695-578a-b3795c8a9bf2,#7764,,23.95,EUR
KL202603096057,2026-03-09T07:45:00Z,FEE,PURCHASE_FEE_PERCENTAGE,2026-03-05T17:14:31Z,2026-03-05T17:14:31Z,c1d855a5-d79e-88e1-fd46-f19f4dde7fb4,C1D855A,62bc8033-4ad7-2695-578a-b3795c8a9bf2,#7764,,0.72,EUR
KL202603096057,2026-03-09T07:45:00Z,FEE,PURCHASE_FEE_FIXED,2026-03-05T17:14:31Z,2026-03-05T17:14:31Z,c1d855a5-d79e-88e1-fd46-f19f4dde7fb4,C1D855A,62bc8033-4ad7-2695-578a-b3795c8a9bf2,#7764,,0.35,EUR
KL202603096057,2026-03-09T07:45:00Z,SALE,,2026-03-05T18:33:21Z,2026-03-05T18:33:21Z,9c3ef39a-08df-287c-0a92-133c2c6fc79c,9C3EF39,dd85e050-da6f-d8c9-b74f-f6004162fbe9,#7770,,232.00,EUR
KL202603096057,2026-03-09T07:45:00Z,FEE,PURCHASE_FEE_PERCENTAGE,2026-03-05T18:33:21Z,2026-03-05T18:33:21Z,9c3ef39a-08df-287c-0a92-133c2c6fc79c,9C3EF39,dd85e050-da6f-d8c9-b74f-f6004162fbe9,#7770,,6.94,EUR
KL202603096057,2026-03-09T07:45:00Z,FEE,PURCHASE_FEE_FIXED,2026-03-05T18:33:21Z,2026-03-05T18:33:21Z,9c3ef39a-08df-287c-0a92-133c2c6fc79c,9C3EF39,dd85e050-da6f-d8c9-b74f-f6004162fbe9,#7770,,0.35,EUR
KL202603096057,2026-03-09T07:45:00Z,SALE,,2026-03-05T18:57:30Z,2026-03-05T18:57:30Z,ca9c42f7-2057-4a32-2310-98c4fffc347e,CA9C42F,ded5aa4c-935f-1d7c-535b-836046dd9d3d,#7772,,348.00,EUR
KL202603096057,2026-03-09T07:45:00Z,FEE,PURCHASE_FEE_PERCENTAGE,2026-03-05T18:57:30Z,2026-03-05T18:57:30Z,ca9c42f7-2057-4a32-2310-98c4fffc347e,CA9C42F,ded5aa4c-935f-1d7c-535b-836046dd9d3d,#7772,,10.41,EUR
KL202603096057,2026-03-09T07:45:00Z,FEE,PURCHASE_FEE_FIXED,2026-03-05T18:57:30Z,2026-03-05T18:57:30Z,ca9c42f7-2057-4a32-2310-98c4fffc347e,CA9C42F,ded5aa4c-935f-1d7c-535b-836046dd9d3d,#7772,,0.35,EUR
KL202603096057,2026-03-09T07:45:00Z,SALE,,2026-03-05T20:33:57Z,2026-03-05T20:33:57Z,da274465-6c56-4f78-0214-c95abdb4fe9d,DA27446,2cf2bee1-eeb4-7303-2416-f30b6deb5443,#7780,,63.95,EUR
KL202603096057,2026-03-09T07:45:00Z,FEE,PURCHASE_FEE_PERCENTAGE,2026-03-05T20:33:57Z,2026-03-05T20:33:57Z,da274465-6c56-4f78-0214-c95abdb4fe9d,DA27446,2cf2bee1-eeb4-7303-2416-f30b6deb5443,#7780,,1.91,EUR
KL202603096057,2026-03-09T07:45:00Z,FEE,PURCHASE_FEE_FIXED,2026-03-05T20:33:57Z,2026-03-05T20:33:57Z,da274465-6c56-4f78-0214-c95abdb4fe9d,DA27446,2cf2bee1-eeb4-7303-2416-f30b6deb5443,#7780,,0.35,EUR
KL202603096057,2026-03-09T07:45:00Z,RETURN,,2026-03-05T20:33:57Z,2026-03-05T20:33:57Z,da274465-6c56-4f78-0214-c95abdb4fe9d,DA27446,,#7780,,63.95,EUR
KL202603096057,2026-03-09T07:45:00Z,SALE,,2026-03-05T21:00:42Z,2026-03-05T21:00:42Z,094cab0b-165d-0066-6e36-ab931fc47bc4,094CAB0,31cbfc17-2bbd-6f5e-64c8-1ae25140e47a,#7782,,325.00,EUR
KL202603096057,2026-03-09T07:45:00Z,FEE,PURCHASE_FEE_PERCENTAGE,2026-03-05T21:00:42Z,2026-03-05T21:00:42Z,094cab0b-165d-0066-6e36-ab931fc47bc4,094CAB0,31cbfc17-2bbd-6f5e-64c8-1ae25140e47a,#7782,,9.72,EUR
KL202603096057,2026-03-09T07:45:00Z,FEE,PURCHASE_FEE_FIXED,2026-03-05T21:00:42Z,2026-03-05T21:00:42Z,094cab0b-165d-0066-6e36-ab931fc47bc4,094CAB0,31cbfc17-2bbd-6f5e-64c8-1ae25140e47a,#7782,,0.35,EUR
KL202603096057,2026-03-09T07:45:00Z,SALE,,2026-03-05T21:38:48Z,2026-03-05T21:38:48Z,909fff25-5aba-1830-0378-5ce082490027,909FFF2,f94e2adf-d15b-1380-57bd-f68a6b747b52,#7784,,73.95,EUR
KL202603096057,2026-03-09T07:45:00Z,FEE,PURCHASE_FEE_PERCENTAGE,2026-03-05T21:38:48Z,2026-03-05T21:38:48Z,909fff25-5aba-1830-0378-5ce082490027,909FFF2,f94e2adf-d15b-1380-57bd-f68a6b747b52,#7784,,2.21,EUR
KL202603096057,2026-03-09T07:45:00Z,FEE,PURCHASE_FEE_FIXED,2026-03-05T21:38:48Z,2026-03-05T21:38:48Z,909fff25-5aba-1830-0378-5ce082490027,909FFF2,f94e2adf-d15b-1380-57bd-f68a6b747b52,#7784,,0.35,EUR
KL202603096057,2026-03-09T07:45:00Z,SALE,,2026-03-05T22:27:14Z,2026-03-05T22:27:14Z,c9742db7-0fd1-c69c-75d1-e3326a235476,C9742DB,2ade144d-e346-adfa-dfdb-bbc3736df2b8,#7790,,28.95,EUR
KL202603096057,2026-03-09T07:45:00Z,FEE,PURCHASE_FEE_PERCENTAGE,2026-03-05T22:27:14Z,2026-03-05T22:27:14Z,c9742db7-0fd1-c69c-75d1-e3326a235476,C9742DB,2ade144d-e346-adfa-dfdb-bbc3736df2b8,#7790,,0.87,EUR
KL202603096057,2026-03-09T07:45:00Z,FEE,PURCHASE_FEE_FIXED,2026-03-05T22:27:14Z,2026-03-05T22:27:14Z,c9742db7-0fd1-c69c-75d1-e3326a235476,C9742DB,2ade144d-e346-adfa-dfdb-bbc3736df2b8,#7790,,0.35,EUR
KL202603096057,2026-03-09T07:45:00Z,RETURN,,2026-03-05T22:27:14Z,2026-03-05T22:27:14Z,c9742db7-0fd1-c69c-75d1-e3326a235476,C9742DB,,#7790,,28.95,EUR
KL202603096057,2026-03-09T07:45:00Z,SALE,,2026-03-05T23:38:39Z,2026-03-05T23:38:39Z,c02ba411-c65a-0b38-c895-d1824f915982,C02BA41,1744d394-98af-2640-52d8-43cd27ab485c,#7792,,42.95,EUR
KL202603096057,2026-03-09T07:45:00Z,FEE,PURCHASE_FEE_PERCENTAGE,2026-03-05T23:38:39Z,2026-03-05T23:38:39Z,c02ba411-c65a-0b38-c895-d1824f915982,C02BA41,1744d394-98af-2640-52d8-43cd27ab485c,#7792,,1.28,EUR
KL202603096057,2026-03-09T07:45:00Z,FEE,PURCHASE_FEE_FIXED,2026-03-05T23:38:39Z,2026-03-05T23:38:39Z,c02ba411-c65a-0b38-c895-d1824f915982,C02BA41,1744d394-98af-2640-52d8-43cd27ab485c,#7792,,0.35,EUR
KL202603096057,2026-03-09T07:45:00Z,RETURN,,2026-03-05T23:38:39Z,2026-03-05T23:38:39Z,c02ba411-c65a-0b38-c895-d1824f915982,C02BA41,,#7792,,17.10,EUR
KL202603096057,2026-03-09T07:45:00Z,SALE,,2026-03-06T08:25:07Z,2026-03-06T08:25:07Z,3b614296-f52b-a05b-2a58-b4f553e387af,3B61429,6d25f032-d2a0-a799-6a32-ca7504cb17d6,#7801,,191.95,EUR
KL202603096057,2026-03-09T07:45:00Z,FEE,PURCHASE_FEE_PERCENTAGE,2026-03-06T08:25:07Z,2026-03-06T08:25:07Z,3b614296-f52b-a05b-2a58-b4f553e387af,3B61429,6d25f032-d2a0-a799-6a32-ca7504cb17d6,#7801,,5.74,EUR
KL202603096057,2026-03-09T07:45:00Z,FEE,PURCHASE_FEE_FIXED,2026-03-06T08:25:07Z,2026-03-06T08:25:07Z,3b614296-f52b-a05b-2a58-b4f553e387af,3B61429,6d25f032-d2a0-a799-6a32-ca7504cb17d6,#7801,,0.35,EUR
KL202603096057,2026-03-09T07:45:00Z,SALE,,2026-03-06T10:56:32Z,2026-03-06T10:56:32Z,1b73cd4c-ea5b-7043-5e3f-14f88c09d345,1B73CD4,540ec638-cd81-129a-68fa-475bb2ca1ce0,#7807,,119.00,EUR
KL202603096057,2026-03-09T07:45:00Z,FEE,PURCHASE_FEE_PERCENTAGE,2026-03-06T10:56:32Z,2026-03-06T10:56:32Z,1b73cd4c-ea5b-7043-5e3f-14f88c09d345,1B73CD4,540ec638-cd81-129a-68fa-475bb2ca1ce0,#7807,,3.56,EUR
KL202603096057,2026-03-09T07:45:00Z,FEE,PURCHASE_FEE_FIXED,2026-03-06T10:56:32Z,2026-03-06T10:56:32Z,1b73cd4c-ea5b-7043-5e3f-14f88c09d345,1B73CD4,540ec638-cd81-129a-68fa-475bb2ca1ce0,#7807,,0.35,EUR
KL202603096057,2026-03-09T07:45:00Z,SALE,,2026-03-06T11:53:59Z,2026-03-06T11:53:59Z,ac490bad-41eb-4e71-1539-f3c59a1edc7d,AC490BA,bd03574f-2da3-954f-1bfd-afbaeb4d9e4c,#7809,,506.00,EUR
KL202603096057,2026-03-09T07:45:00Z,FEE,PURCHASE_FEE_PERCENTAGE,2026-03-06T11:53:59Z,2026-03-06T11:53:59Z,ac490bad-41eb-4e71-1539-f3c59a1edc7d,AC490BA,bd03574f-2da3-954f-1bfd-afbaeb4d9e4c,#7809,,15.13,EUR
KL202603096057,2026-03-09T07:45:00Z,FEE,PURCHASE_FEE_FIXED,2026-03-06T11:53:59Z,2026-03-06T11:53:59Z,ac490bad-41eb-4e71-1539-f3c59a1edc7d,AC490BA,bd03574f-2da3-954f-1bfd-afbaeb4d9e4c,#7809,,0.35,EUR
KL202603096057,2026-03-09T07:45:00Z,SALE,,2026-03-06T13:45:17Z,2026-03-06T13:45:17Z,96238064-1856-aad6-402b-133bd6d82b09,9623806,0923f670-22aa-66a3-ca2b-4fa0f87f2c86,#7818,,163.00,EUR
KL202603096057,2026-03-09T07:45:00Z,FEE,PURCHASE_FEE_PERCENTAGE,2026-03-06T13:45:17Z,2026-03-06T13:45:17Z,96238064-1856-aad6-402b-133bd6d82b09,9623806,0923f670-22aa-66a3-ca2b-4fa0f87f2c86,#7818,,4.87,EUR
KL202603096057,2026-03-09T07:45:00Z,FEE,PURCHASE_FEE_FIXED,2026-03-06T13:45:17Z,2026-03-06T13:45:17Z,96238064-1856-aad6-402b-133bd6d82b09,9623806,0923f670-22aa-66a3-ca2b-4fa0f87f2c86,#7818,,0.35,EUR
KL202603096057,2026-03-09T07:45:00Z,SALE,,2026-03-06T14:27:23Z,2026-03-06T14:27:23Z,b86bfe00-10b9-a3cd-5209-8c71acb49381,B86BFE0,733b0300-5174-734d-cba6-c7e6d77435c7,#7819,,65.95,EUR
KL202603096057,2026-03-09T07:45:00Z,FEE,PURCHASE_FEE_PERCENTAGE,2026-03-06T14:27:23Z,2026-03-06T14:27:23Z,b86bfe00-10b9-a3cd-5209-8c71acb49381,B86BFE0,733b0300-5174-734d-cba6-c7e6d77435c7,#7819,,1.97,EUR
KL202603096057,2026-03-09T07:45:00Z,FEE,PURCHASE_FEE_FIXED,2026-03-06T14:27:23Z,2026-03-06T14:27:23Z,b86bfe00-10b9-a3cd-5209-8c71acb49381,B86BFE0,733b0300-5174-734d-cba6-c7e6d77435c7,#7819,,0.35,EUR
KL202603096057,2026-03-09T07:45:00Z,SALE,,2026-03-06T17:42:10Z,2026-03-06T17:42:10Z,73c65d94-1f05-8ef3-4a18-8dee4e4fb103,73C65D9,f01e3671-c169-1a37-25e6-e860ac4225e7,#7835,,139.00,EUR
KL202603096057,2026-03-09T07:45:00Z,FEE,PURCHASE_FEE_PERCENTAGE,2026-03-06T17:42:10Z,2026-03-06T17:42:10Z,73c65d94-1f05-8ef3-4a18-8dee4e4fb103,73C65D9,f01e3671-c169-1a37-25e6-e860ac4225e7,#7835,,4.16,EUR
KL202603096057,2026-03-09T07:45:00Z,FEE,PURCHASE_FEE_FIXED,2026-03-06T17:42:10Z,2026-03-06T17:42:10Z,73c65d94-1f05-8ef3-4a18-8dee4e4fb103,73C65D9,f01e3671-c169-1a37-25e6-e860ac4225e7,#7835,,0.35,EUR
KL202603096057,2026-03-09T07:45:00Z,SALE,,2026-03-06T20:29:23Z,2026-03-06T20:29:23Z,38f31a75-b319-f01e-2d89-926298e22fa2,38F31A7,5f2e0c70-b999-8235-495e-bd3616d86d85,#7850,,23.95,EUR
KL202603096057,2026-03-09T07:45:00Z,FEE,PURCHASE_FEE_PERCENTAGE,2026-03-06T20:29:23Z,2026-03-06T20:29:23Z,38f31a75-b319-f01e-2d89-926298e22fa2,38F31A7,5f2e0c70-b999-8235-495e-bd3616d86d85,#7850,,0.72,EUR
KL202603096057,2026-03-09T07:45:00Z,FEE,PURCHASE_FEE_FIXED,2026-03-06T20:29:23Z,2026-03-06T20:29:23Z,38f31a75-b319-f01e-2d89-926298e22fa2,38F31A7,5f2e0c70-b999-8235-495e-bd3616d86d85,#7850,,0.35,EUR
KL202603096057,2026-03-09T07:45:00Z,SALE,,2026-03-06T21:03:32Z,2026-03-06T21:03:32Z,28be6dd4-4b44-f449-b8af-63ae65b6957f,28BE6DD,859ac896-493b-ff9d-d7b0-f9a4cd8dae35,#7852,,125.10,EUR
KL202603096057,2026-03-09T07:45:00Z,FEE,PURCHASE_FEE_PERCENTAGE,2026-03-06T21:03:32Z,2026-03-06T21:03:32Z,28be6dd4-4b44-f449-b8af-63ae65b6957f,28BE6DD,859ac896-493b-ff9d-d7b0-f9a4cd8dae35,#7852,,3.74,EUR
KL202603096057,2026-03-09T07:45:00Z,FEE,PURCHASE_FEE_FIXED,2026-03-06T21:03:32Z,2026-03-06T21:03:32Z,28be6dd4-4b44-f449-b8af-63ae65b6957f,28BE6DD,859ac896-493b-ff9d-d7b0-f9a4cd8dae35,#7852,,0.35,EUR
KL202603096057,2026-03-09T07:45:00Z,SALE,,2026-03-06T21:46:03Z,2026-03-06T21:46:03Z,8b4501fd-b7bb-970b-2e80-97cdf2f289ce,8B4501F,c8d2562a-8b5b-8dfb-face-3126dd1b3434,#7856,,398.00,EUR
KL202603096057,2026-03-09T07:45:00Z,FEE,PURCHASE_FEE_PERCENTAGE,2026-03-06T21:46:03Z,2026-03-06T21:46:03Z,8b4501fd-b7bb-970b-2e80-97cdf2f289ce,8B4501F,c8d2562a-8b5b-8dfb-face-3126dd1b3434,#7856,,11.90,EUR
KL202603096057,2026-03-09T07:45:00Z,FEE,PURCHASE_FEE_FIXED,2026-03-06T21:46:03Z,2026-03-06T21:46:03Z,8b4501fd-b7bb-970b-2e80-97cdf2f289ce,8B4501F,c8d2562a-8b5b-8dfb-face-3126dd1b3434,#7856,,0.35,EUR
KL202603096057,2026-03-09T07:45:00Z,SALE,,2026-03-06T22:38:21Z,2026-03-06T22:38:21Z,9ec86bb5-005d-784e-a6f7-36e81dc99ee2,9EC86BB,0caf2fe8-7fdc-4e4d-ef48-afd95b90fbd1,#7863,,182.00,EUR
KL202603096057,2026-03-09T07:45:00Z,FEE,PURCHASE_FEE_PERCENTAGE,2026-03-06T22:38:21Z,2026-03-06T22:38:21Z,9ec86bb5-005d-784e-a6f7-36e81dc99ee2,9EC86BB,0caf2fe8-7fdc-4e4d-ef48-afd95b90fbd1,#7863,,5.44,EUR
KL202603096057,2026-03-09T07:45:00Z,FEE,PURCHASE_FEE_FIXED,2026-03-06T22:38:21Z,2026-03-06T22:38:21Z,9ec86bb5-005d-784e-a6f7-36e81dc99ee2,9EC86BB,0caf2fe8-7fdc-4e4d-ef48-afd95b90fbd1,#7863,,0.35,EUR
KL202603096057,2026-03-09T07:45:00Z,SALE,,2026-03-07T04:27:21Z,2026-03-07T04:27:21Z,ec3ba686-1dfe-7425-a32d-7795645e7aad,EC3BA68,b3984f43-1ae4-d452-52f4-b9a6418d3582,#7869,,283.00,EUR
KL202603096057,2026-03-09T07:45:00Z,FEE,PURCHASE_FEE_PERCENTAGE,2026-03-07T04:27:21Z,2026-03-07T04:27:21Z,ec3ba686-1dfe-7425-a32d-7795645e7aad,EC3BA68,b3984f43-1ae4-d452-52f4-b9a6418d3582,#7869,,8.46,EUR
KL202603096057,2026-03-09T07:45:00Z,FEE,PURCHASE_FEE_FIXED,2026-03-07T04:27:21Z,2026-03-07T04:27:21Z,ec3ba686-1dfe-7425-a32d-7795645e7aad,EC3BA68,b3984f43-1ae4-d452-52f4-b9a6418d3582,#7869,,0.35,EUR
KL202603096057,2026-03-09T07:45:00Z,SALE,,2026-03-07T07:18:09Z,2026-03-07T07:18:09Z,8d2313ef-0269-f5c4-43cb-ec78a846550f,8D2313E,a229e60a-a367-2a48-8e0c-9147df0d43d4,#7873,,120.00,EUR
KL202603096057,2026-03-09T07:45:00Z,FEE,PURCHASE_FEE_PERCENTAGE,2026-03-07T07:18:09Z,2026-03-07T07:18:09Z,8d2313ef-0269-f5c4-43cb-ec78a846550f,8D2313E,a229e60a-a367-2a48-8e0c-9147df0d43d4,#7873,,3.59,EUR
KL202603096057,2026-03-09T07:45:00Z,FEE,PURCHASE_FEE_FIXED,2026-03-07T07:18:09Z,2026-03-07T07:18:09Z,8d2313ef-0269-f5c4-43cb-ec78a846550f,8D2313E,a229e60a-a367-2a48-8e0c-9147df0d43d4,#7873,,0.35,EUR
KL202603096057,2026-03-09T07:45:00Z,SALE,,2026-03-07T08:48:47Z,2026-03-07T08:48:47Z,12dddc42-0237-75e3-1731-3de10c6eeab2,12DDDC4,e7fe6de6-875f-db52-e37a-5a78cc069b7f,#7875,,486.95,EUR
KL202603096057,2026-03-09T07:45:00Z,FEE,PURCHASE_FEE_PERCENTAGE,2026-03-07T08:48:47Z,2026-03-07T08:48:47Z,12dddc42-0237-75e3-1731-3de10c6eeab2,12DDDC4,e7fe6de6-875f-db52-e37a-5a78cc069b7f,#7875,,14.56,EUR
KL202603096057,2026-03-09T07:45:00Z,FEE,PURCHASE_FEE_FIXED,2026-03-07T08:48:47Z,2026-03-07T08:48:47Z,12dddc42-0237-75e3-1731-3de10c6eeab2,12DDDC4,e7fe6de6-875f-db52-e37a-5a78cc069b7f,#7875,,0.35,EUR
KL202603096057,2026-03-09T07:45:00Z,SALE,,2026-03-07T09:49:31Z,2026-03-07T09:49:31Z,4313f74a-dc70-5ca4-4103-946526fe2295,4313F74,3c5b8285-0590-7ded-c688-f0b584366529,#7883,,83.00,EUR
KL202603096057,2026-03-09T07:45:00Z,FEE,PURCHASE_FEE_PERCENTAGE,2026-03-07T09:49:31Z,2026-03-07T09:49:31Z,4313f74a-dc70-5ca4-4103-946526fe2295,4313F74,3c5b8285-0590-7ded-c688-f0b584366529,#7883,,2.48,EUR
KL202603096057,2026-03-09T07:45:00Z,FEE,PURCHASE_FEE_FIXED,2026-03-07T09:49:31Z,2026-03-07T09:49:31Z,4313f74a-dc70-5ca4-4103-946526fe2295,4313F74,3c5b8285-0590-7ded-c688-f0b584366529,#7883,,0.35,EUR
KL202603096057,2026-03-09T07:45:00Z,SALE,,2026-03-07T10:51:13Z,2026-03-07T10:51:13Z,5bbfb1a8-49b9-6bf9-1ef6-7f2e6d721427,5BBFB1A,2de56964-de49-016e-d61d-60a87aacb948,#7888,,83.00,EUR
KL202603096057,2026-03-09T07:45:00Z,FEE,PURCHASE_FEE_PERCENTAGE,2026-03-07T10:51:13Z,2026-03-07T10:51:13Z,5bbfb1a8-49b9-6bf9-1ef6-7f2e6d721427,5BBFB1A,2de56964-de49-016e-d61d-60a87aacb948,#7888,,2.48,EUR
KL202603096057,2026-03-09T07:45:00Z,FEE,PURCHASE_FEE_FIXED,2026-03-07T10:51:13Z,2026-03-07T10:51:13Z,5bbfb1a8-49b9-6bf9-1ef6-7f2e6d721427,5BBFB1A,2de56964-de49-016e-d61d-60a87aacb948,#7888,,0.35,EUR
KL202603096057,2026-03-09T07:45:00Z,SALE,,2026-03-07T11:15:00Z,2026-03-07T11:15:00Z,2c68ef5b-b0f5-18b4-e582-e89b17d2a725,2C68EF5,131c8a5d-3bda-4881-ea65-1a8a68ff18a3,#7890,,61.95,EUR
KL202603096057,2026-03-09T07:45:00Z,FEE,PURCHASE_FEE_PERCENTAGE,2026-03-07T11:15:00Z,2026-03-07T11:15:00Z,2c68ef5b-b0f5-18b4-e582-e89b17d2a725,2C68EF5,131c8a5d-3bda-4881-ea65-1a8a68ff18a3,#7890,,1.85,EUR
KL202603096057,2026-03-09T07:45:00Z,FEE,PURCHASE_FEE_FIXED,2026-03-07T11:15:00Z,2026-03-07T11:15:00Z,2c68ef5b-b0f5-18b4-e582-e89b17d2a725,2C68EF5,131c8a5d-3bda-4881-ea65-1a8a68ff18a3,#7890,,0.35,EUR
KL202603096057,2026-03-09T07:45:00Z,SALE,,2026-03-07T11:23:06Z,2026-03-07T11:23:06Z,a4130037-2f9d-c02d-1c16-5fff04371ad6,A413003,2e5a1e03-9690-447d-ac27-757fe450215b,#7892,,329.00,EUR
KL202603096057,2026-03-09T07:45:00Z,FEE,PURCHASE_FEE_PERCENTAGE,2026-03-07T11:23:06Z,2026-03-07T11:23:06Z,a4130037-2f9d-c02d-1c16-5fff04371ad6,A413003,2e5a1e03-9690-447d-ac27-757fe450215b,#7892,,9.84,EUR
KL202603096057,2026-03-09T07:45:00Z,FEE,PURCHASE_FEE_FIXED,2026-03-07T11:23:06Z,2026-03-07T11:23:06Z,a4130037-2f9d-c02d-1c16-5fff04371ad6,A413003,2e5a1e03-9690-447d-ac27-757fe450215b,#7892,,0.35,EUR
KL202603096057,2026-03-09T07:45:00Z,SALE,,2026-03-07T13:06:40Z,2026-03-07T13:06:40Z,141d9b24-2d28-bd30-898c-ead57abb09a0,141D9B2,04941e78-7a33-6b19-d3b0-c924283793fa,#7901,,318.00,EUR
KL202603096057,2026-03-09T07:45:00Z,FEE,PURCHASE_FEE_PERCENTAGE,2026-03-07T13:06:40Z,2026-03-07T13:06:40Z,141d9b24-2d28-bd30-898c-ead57abb09a0,141D9B2,04941e78-7a33-6b19-d3b0-c924283793fa,#7901,,9.51,EUR
KL202603096057,2026-03-09T07:45:00Z,FEE,PURCHASE_FEE_FIXED,2026-03-07T13:06:40Z,2026-03-07T13:06:40Z,141d9b24-2d28-bd30-898c-ead57abb09a0,141D9B2,04941e78-7a33-6b19-d3b0-c924283793fa,#7901,,0.35,EUR
KL202603096057,2026-03-09T07:45:00Z,SALE,,2026-03-07T13:10:19Z,2026-03-07T13:10:19Z,9d2424a7-f770-31a1-6a8d-84622d1bbbc1,9D2424A,d88d725c-9263-24c8-0b8e-916350c80ede,#7904,,426.00,EUR
KL202603096057,2026-03-09T07:45:00Z,FEE,PURCHASE_FEE_PERCENTAGE,2026-03-07T13:10:19Z,2026-03-07T13:10:19Z,9d2424a7-f770-31a1-6a8d-84622d1bbbc1,9D2424A,d88d725c-9263-24c8-0b8e-916350c80ede,#7904,,12.74,EUR
KL202603096057,2026-03-09T07:45:00Z,FEE,PURCHASE_FEE_FIXED,2026-03-07T13:10:19Z,2026-03-07T13:10:19Z,9d2424a7-f770-31a1-6a8d-84622d1bbbc1,9D2424A,d88d725c-9263-24c8-0b8e-916350c80ede,#7904,,0.35,EUR
KL202603096057,2026-03-09T07:45:00Z,SALE,,2026-03-07T13:25:27Z,2026-03-07T13:25:27Z,1eb008aa-5d0d-8341-fdd9-c86bf8c5c8b1,1EB008A,34fc76db-4a53-e2a6-64ef-9d96db778843,#7906,,238.00,EUR
KL202603096057,2026-03-09T07:45:00Z,FEE,PURCHASE_FEE_PERCENTAGE,2026-03-07T13:25:27Z,2026-03-07T13:25:27Z,1eb008aa-5d0d-8341-fdd9-c86bf8c5c8b1,1EB008A,34fc76db-4a53-e2a6-64ef-9d96db778843,#7906,,7.12,EUR
KL202603096057,2026-03-09T07:45:00Z,FEE,PURCHASE_FEE_FIXED,2026-03-07T13:25:27Z,2026-03-07T13:25:27Z,1eb008aa-5d0d-8341-fdd9-c86bf8c5c8b1,1EB008A,34fc76db-4a53-e2a6-64ef-9d96db778843,#7906,,0.35,EUR
KL202603096057,2026-03-09T07:45:00Z,SALE,,2026-03-07T13:29:34Z,2026-03-07T13:29:34Z,6ea0f9fc-c389-88de-4421-96007737d37b,6EA0F9F,d2a5e799-f576-80ff-ee2f-ebd7c3e7da14,#7907,,100.95,EUR
KL202603096057,2026-03-09T07:45:00Z,FEE,PURCHASE_FEE_PERCENTAGE,2026-03-07T13:29:34Z,2026-03-07T13:29:34Z,6ea0f9fc-c389-88de-4421-96007737d37b,6EA0F9F,d2a5e799-f576-80ff-ee2f-ebd7c3e7da14,#7907,,3.02,EUR
KL202603096057,2026-03-09T07:45:00Z,FEE,PURCHASE_FEE_FIXED,2026-03-07T13:29:34Z,2026-03-07T13:29:34Z,6ea0f9fc-c389-88de-4421-96007737d37b,6EA0F9F,d2a5e799-f576-80ff-ee2f-ebd7c3e7da14,#7907,,0.35,EUR
KL202603096057,2026-03-09T07:45:00Z,SALE,,2026-03-07T13:42:53Z,2026-03-07T13:42:53Z,c4dbb3f5-124c-f5b9-85ad-83981dc3ceaf,C4DBB3F,fe76fa3a-b41c-28d5-8a61-03b470f9c893,#7909,,31.95,EUR
KL202603096057,2026-03-09T07:45:00Z,FEE,PURCHASE_FEE_PERCENTAGE,2026-03-07T13:42:53Z,2026-03-07T13:42:53Z,c4dbb3f5-124c-f5b9-85ad-83981dc3ceaf,C4DBB3F,fe76fa3a-b41c-28d5-8a61-03b470f9c893,#7909,,0.96,EUR
KL202603096057,2026-03-09T07:45:00Z,FEE,PURCHASE_FEE_FIXED,2026-03-07T13:42:53Z,2026-03-07T13:42:53Z,c4dbb3f5-124c-f5b9-85ad-83981dc3ceaf,C4DBB3F,fe76fa3a-b41c-28d5-8a61-03b470f9c893,#7909,,0.35,EUR
KL202603096057,2026-03-09T07:45:00Z,SALE,,2026-03-07T13:46:34Z,2026-03-07T13:46:34Z,70898496-95f9-eadd-8173-28cc670ff4bb,7089849,3fb60fb8-2dac-39b9-89ea-b7c6ab039959,#7910,,89.10,EUR
KL202603096057,2026-03-09T07:45:00Z,FEE,PURCHASE_FEE_PERCENTAGE,2026-03-07T13:46:34Z,2026-03-07T13:46:34Z,70898496-95f9-eadd-8173-28cc670ff4bb,7089849,3fb60fb8-2dac-39b9-89ea-b7c6ab039959,#7910,,2.66,EUR
KL202603096057,2026-03-09T07:45:00Z,FEE,PURCHASE_FEE_FIXED,2026-03-07T13:46:34Z,2026-03-07T13:46:34Z,70898496-95f9-eadd-8173-28cc670ff4bb,7089849,3fb60fb8-2dac-39b9-89ea-b7c6ab039959,#7910,,0.35,EUR
KL202603096057,2026-03-09T07:45:00Z,SALE,,2026-03-07T14:08:41Z,2026-03-07T14:08:41Z,c24763de-1399-d76a-144e-abad7848e869,C24763D,d24d10fe-c641-e510-ad75-99fbff0d63fa,#7916,,336.00,EUR
KL202603096057,2026-03-09T07:45:00Z,FEE,PURCHASE_FEE_PERCENTAGE,2026-03-07T14:08:41Z,2026-03-07T14:08:41Z,c24763de-1399-d76a-144e-abad7848e869,C24763D,d24d10fe-c641-e510-ad75-99fbff0d63fa,#7916,,10.05,EUR
KL202603096057,2026-03-09T07:45:00Z,FEE,PURCHASE_FEE_FIXED,2026-03-07T14:08:41Z,2026-03-07T14:08:41Z,c24763de-1399-d76a-144e-abad7848e869,C24763D,d24d10fe-c641-e510-ad75-99fbff0d63fa,#7916,,0.35,EUR
KL202603096057,2026-03-09T07:45:00Z,SALE,,2026-03-07T14:16:10Z,2026-03-07T14:16:10Z,37d82f5b-73cb-b5d6-da76-690fd033310c,37D82F5,0d386dd7-3396-cd58-1a22-d261382871d3,#7918,,138.00,EUR
KL202603096057,2026-03-09T07:45:00Z,FEE,PURCHASE_FEE_PERCENTAGE,2026-03-07T14:16:10Z,2026-03-07T14:16:10Z,37d82f5b-73cb-b5d6-da76-690fd033310c,37D82F5,0d386dd7-3396-cd58-1a22-d261382871d3,#7918,,4.13,EUR
KL202603096057,2026-03-09T07:45:00Z,FEE,PURCHASE_FEE_FIXED,2026-03-07T14:16:10Z,2026-03-07T14:16:10Z,37d82f5b-73cb-b5d6-da76-690fd033310c,37D82F5,0d386dd7-3396-cd58-1a22-d261382871d3,#7918,,0.35,EUR
KL202603096057,2026-03-09T07:45:00Z,RETURN,,2026-03-07T14:16:10Z,2026-03-07T14:16:10Z,37d82f5b-73cb-b5d6-da76-690fd033310c,37D82F5,,#7918,,57.96,EUR
KL202603096057,2026-03-09T07:45:00Z,SALE,,2026-03-07T15:19:41Z,2026-03-07T15:19:41Z,dca35940-c1e8-746d-4790-4695612d45d6,DCA3594,04c2b785-d5c3-5e42-46b2-f97771051ba4,#7926,,119.00,EUR
KL202603096057,2026-03-09T07:45:00Z,FEE,PURCHASE_FEE_PERCENTAGE,2026-03-07T15:19:41Z,2026-03-07T15:19:41Z,dca35940-c1e8-746d-4790-4695612d45d6,DCA3594,04c2b785-d5c3-5e42-46b2-f97771051ba4,#7926,,3.56,EUR
KL202603096057,2026-03-09T07:45:00Z,FEE,PURCHASE_FEE_FIXED,2026-03-07T15:19:41Z,2026-03-07T15:19:41Z,dca35940-c1e8-746d-4790-4695612d45d6,DCA3594,04c2b785-d5c3-5e42-46b2-f97771051ba4,#7926,,0.35,EUR
KL202603096057,2026-03-09T07:45:00Z,SALE,,2026-03-07T15:34:27Z,2026-03-07T15:34:27Z,bc17dbcb-26fc-6cdd-a7a5-8af43848ff86,BC17DBC,c15f4c6a-4f0d-d476-c355-cf7f7599d7ea,#7928,,62.55,EUR
KL202603096057,2026-03-09T07:45:00Z,FEE,PURCHASE_FEE_PERCENTAGE,2026-03-07T15:34:27Z,2026-03-07T15:34:27Z,bc17dbcb-26fc-6cdd-a7a5-8af43848ff86,BC17DBC,c15f4c6a-4f0d-d476-c355-cf7f7599d7ea,#7928,,1.87,EUR
KL202603096057,2026-03-09T07:45:00Z,FEE,PURCHASE_FEE_FIXED,2026-03-07T15:34:27Z,2026-03-07T15:34:27Z,bc17dbcb-26fc-6cdd-a7a5-8af43848ff86,BC17DBC,c15f4c6a-4f0d-d476-c355-cf7f7599d7ea,#7928,,0.35,EUR
KL202603096057,2026-03-09T07:45:00Z,SALE,,2026-03-07T16:05:47Z,2026-03-07T16:05:47Z,58b0f5c1-4422-d47d-d4bc-ce2d83f4ebc9,58B0F5C,52cac0f8-d531-b5ad-7362-93eac9002150,#7930,,654.00,EUR
KL202603096057,2026-03-09T07:45:00Z,FEE,PURCHASE_FEE_PERCENTAGE,2026-03-07T16:05:47Z,2026-03-07T16:05:47Z,58b0f5c1-4422-d47d-d4bc-ce2d83f4ebc9,58B0F5C,52cac0f8-d531-b5ad-7362-93eac9002150,#7930,,19.55,EUR
KL202603096057,2026-03-09T07:45:00Z,FEE,PURCHASE_FEE_FIXED,2026-03-07T16:05:47Z,2026-03-07T16:05:47Z,58b0f5c1-4422-d47d-d4bc-ce2d83f4ebc9,58B0F5C,52cac0f8-d531-b5ad-7362-93eac9002150,#7930,,0.35,EUR
KL202603096057,2026-03-09T07:45:00Z,RETURN,,2026-03-07T16:05:47Z,2026-03-07T16:05:47Z,58b0f5c1-4422-d47d-d4bc-ce2d83f4ebc9,58B0F5C,,#7930,,99.00,EUR
KL202603096057,2026-03-09T07:45:00Z,SALE,,2026-03-07T16:41:35Z,2026-03-07T16:41:35Z,827877b0-5085-63eb-e4cb-aa104f42e7c3,827877B,fed78d2a-a147-9c12-f62c-154f121419dd,#7933,,96.00,EUR
KL202603096057,2026-03-09T07:45:00Z,FEE,PURCHASE_FEE_PERCENTAGE,2026-03-07T16:41:35Z,2026-03-07T16:41:35Z,827877b0-5085-63eb-e4cb-aa104f42e7c3,827877B,fed78d2a-a147-9c12-f62c-154f121419dd,#7933,,2.87,EUR
KL202603096057,2026-03-09T07:45:00Z,FEE,PURCHASE_FEE_FIXED,2026-03-07T16:41:35Z,2026-03-07T16:41:35Z,827877b0-5085-63eb-e4cb-aa104f42e7c3,827877B,fed78d2a-a147-9c12-f62c-154f121419dd,#7933,,0.35,EUR
KL202603096057,2026-03-09T07:45:00Z,RETURN,,2026-03-07T16:41:35Z,2026-03-07T16:41:35Z,827877b0-5085-63eb-e4cb-aa104f42e7c3,827877B,,#7933,,96.00,EUR
KL202603096057,2026-03-09T07:45:00Z,SALE,,2026-03-07T17:26:31Z,2026-03-07T17:26:31Z,e1e83b17-14f4-1e51-461c-26fd37465695,E1E83B1,a24a266c-3bb2-08ac-3b87-b73568e36665,#7940,,78.95,EUR
KL202603096057,2026-03-09T07:45:00Z,FEE,PURCHASE_FEE_PERCENTAGE,2026-03-07T17:26:31Z,2026-03-07T17:26:31Z,e1e83b17-14f4-1e51-461c-26fd37465695,E1E83B1,a24a266c-3bb2-08ac-3b87-b73568e36665,#7940,,2.36,EUR
KL202603096057,2026-03-09T07:45:00Z,FEE,PURCHASE_FEE_FIXED,2026-03-07T17:26:31Z,2026-03-07T17:26:31Z,e1e83b17-14f4-1e51-461c-26fd37465695,E1E83B1,a24a266c-3bb2-08ac-3b87-b73568e36665,#7940,,0.35,EUR
KL202603096057,2026-03-09T07:45:00Z,SALE,,2026-03-07T17:58:46Z,2026-03-07T17:58:46Z,79ecc868-1644-cdd0-bb98-7a01c26757fe,79ECC86,9d0cb260-e445-2882-8f93-1a5869025303,#7943,,89.10,EUR
KL202603096057,2026-03-09T07:45:00Z,FEE,PURCHASE_FEE_PERCENTAGE,2026-03-07T17:58:46Z,2026-03-07T17:58:46Z,79ecc868-1644-cdd0-bb98-7a01c26757fe,79ECC86,9d0cb260-e445-2882-8f93-1a5869025303,#7943,,2.66,EUR
KL202603096057,2026-03-09T07:45:00Z,FEE,PURCHASE_FEE_FIXED,2026-03-07T17:58:46Z,2026-03-07T17:58:46Z,79ecc868-1644-cdd0-bb98-7a01c26757fe,79ECC86,9d0cb260-e445-2882-8f93-1a5869025303,#7943,,0.35,EUR
KL202603096057,2026-03-09T07:45:00Z,SALE,,2026-03-07T18:27:22Z,2026-03-07T18:27:22Z,10eac9f9-7423-2f60-3d3c-69ac54408acf,10EAC9F,0959d25a-11dc-04fd-9a7c-aab13941b253,#7946,,189.00,EUR
KL202603096057,2026-03-09T07:45:00Z,FEE,PURCHASE_FEE_PERCENTAGE,2026-03-07T18:27:22Z,2026-03-07T18:27:22Z,10eac9f9-7423-2f60-3d3c-69ac54408acf,10EAC9F,0959d25a-11dc-04fd-9a7c-aab13941b253,#7946,,5.65,EUR
KL202603096057,2026-03-09T07:45:00Z,FEE,PURCHASE_FEE_FIXED,2026-03-07T18:27:22Z,2026-03-07T18:27:22Z,10eac9f9-7423-2f60-3d3c-69ac54408acf,10EAC9F,0959d25a-11dc-04fd-9a7c-aab13941b253,#7946,,0.35,EUR
KL202603096057,2026-03-09T07:45:00Z,SALE,,2026-03-07T18:29:54Z,2026-03-07T18:29:54Z,88f42d1c-6525-6e53-9fbb-773bf7375014,88F42D1,0591cfef-b9d2-ec8b-4982-7006997702cc,#7947,,201.95,EUR
KL202603096057,2026-03-09T07:45:00Z,FEE,PURCHASE_FEE_PERCENTAGE,2026-03-07T18:29:54Z,2026-03-07T18:29:54Z,88f42d1c-6525-6e53-9fbb-773bf7375014,88F42D1,0591cfef-b9d2-ec8b-4982-7006997702cc,#7947,,6.04,EUR
KL202603096057,2026-03-09T07:45:00Z,FEE,PURCHASE_FEE_FIXED,2026-03-07T18:29:54Z,2026-03-07T18:29:54Z,88f42d1c-6525-6e53-9fbb-773bf7375014,88F42D1,0591cfef-b9d2-ec8b-4982-7006997702cc,#7947,,0.35,EUR
KL202603096057,2026-03-09T07:45:00Z,SALE,,2026-03-07T18:45:41Z,2026-03-07T18:45:41Z,893dc94a-32df-7aa3-b63e-2174f40fdbe4,893DC94,1d7a4d6f-1f40-686e-91ae-ce7b90626497,#7950,,79.00,EUR
KL202603096057,2026-03-09T07:45:00Z,FEE,PURCHASE_FEE_PERCENTAGE,2026-03-07T18:45:41Z,2026-03-07T18:45:41Z,893dc94a-32df-7aa3-b63e-2174f40fdbe4,893DC94,1d7a4d6f-1f40-686e-91ae-ce7b90626497,#7950,,2.36,EUR
KL202603096057,2026-03-09T07:45:00Z,FEE,PURCHASE_FEE_FIXED,2026-03-07T18:45:41Z,2026-03-07T18:45:41Z,893dc94a-32df-7aa3-b63e-2174f40fdbe4,893DC94,1d7a4d6f-1f40-686e-91ae-ce7b90626497,#7950,,0.35,EUR
KL202603096057,2026-03-09T07:45:00Z,RETURN,,2026-03-07T18:45:41Z,2026-03-07T18:45:41Z,893dc94a-32df-7aa3-b63e-2174f40fdbe4,893DC94,,#7950,,39.50,EUR
KL202603096057,2026-03-09T07:45:00Z,SALE,,2026-03-07T19:26:40Z,2026-03-07T19:26:40Z,14b24e2d-3f1f-c531-a27e-a18f74485bab,14B24E2,130c6c87-0ad6-0b2d-4a45-1a6dbfaa1e01,#7953,,49.95,EUR
KL202603096057,2026-03-09T07:45:00Z,FEE,PURCHASE_FEE_PERCENTAGE,2026-03-07T19:26:40Z,2026-03-07T19:26:40Z,14b24e2d-3f1f-c531-a27e-a18f74485bab,14B24E2,130c6c87-0ad6-0b2d-4a45-1a6dbfaa1e01,#7953,,1.49,EUR
KL202603096057,2026-03-09T07:45:00Z,FEE,PURCHASE_FEE_FIXED,2026-03-07T19:26:40Z,2026-03-07T19:26:40Z,14b24e2d-3f1f-c531-a27e-a18f74485bab,14B24E2,130c6c87-0ad6-0b2d-4a45-1a6dbfaa1e01,#7953,,0.35,EUR
KL202603096057,2026-03-09T07:45:00Z,SALE,,2026-03-07T20:05:52Z,2026-03-07T20:05:52Z,bde79540-c10a-3493-2af7-bb45596b642b,BDE7954,702a5196-f98c-b395-c656-d8f203081336,#7957,,36.95,EUR
KL202603096057,2026-03-09T07:45:00Z,FEE,PURCHASE_FEE_PERCENTAGE,2026-03-07T20:05:52Z,2026-03-07T20:05:52Z,bde79540-c10a-3493-2af7-bb45596b642b,BDE7954,702a5196-f98c-b395-c656-d8f203081336,#7957,,1.10,EUR
KL202603096057,2026-03-09T07:45:00Z,FEE,PURCHASE_FEE_FIXED,2026-03-07T20:05:52Z,2026-03-07T20:05:52Z,bde79540-c10a-3493-2af7-bb45596b642b,BDE7954,702a5196-f98c-b395-c656-d8f203081336,#7957,,0.35,EUR
KL202603096057,2026-03-09T07:45:00Z,SALE,,2026-03-07T20:41:08Z,2026-03-07T20:41:08Z,0004aa1d-2189-fbc5-3c07-878953f8e746,0004AA1,d23e05ea-1fb9-7b11-8a3c-d3f4bd6a0883,#7963,,82.00,EUR
KL202603096057,2026-03-09T07:45:00Z,FEE,PURCHASE_FEE_PERCENTAGE,2026-03-07T20:41:08Z,2026-03-07T20:41:08Z,0004aa1d-2189-fbc5-3c07-878953f8e746,0004AA1,d23e05ea-1fb9-7b11-8a3c-d3f4bd6a0883,#7963,,2.45,EUR
KL202603096057,2026-03-09T07:45:00Z,FEE,PURCHASE_FEE_FIXED,2026-03-07T20:41:08Z,2026-03-07T20:41:08Z,0004aa1d-2189-fbc5-3c07-878953f8e746,0004AA1,d23e05ea-1fb9-7b11-8a3c-d3f4bd6a0883,#7963,,0.35,EUR
KL202603096057,2026-03-09T07:45:00Z,SALE,,2026-03-08T08:58:12Z,2026-03-08T08:58:12Z,990a9dfe-a815-70d3-7c38-8d3453a41471,990A9DF,ffffb091-50e8-2269-7982-137029c19626,#7983,,636.00,EUR
KL202603096057,2026-03-09T07:45:00Z,FEE,PURCHASE_FEE_PERCENTAGE,2026-03-08T08:58:12Z,2026-03-08T08:58:12Z,990a9dfe-a815-70d3-7c38-8d3453a41471,990A9DF,ffffb091-50e8-2269-7982-137029c19626,#7983,,19.02,EUR
KL202603096057,2026-03-09T07:45:00Z,FEE,PURCHASE_FEE_FIXED,2026-03-08T08:58:12Z,2026-03-08T08:58:12Z,990a9dfe-a815-70d3-7c38-8d3453a41471,990A9DF,ffffb091-50e8-2269-7982-137029c19626,#7983,,0.35,EUR
KL202603096057,2026-03-09T07:45:00Z,SALE,,2026-03-08T09:45:00Z,2026-03-08T09:45:00Z,98ef33e8-bbf6-057b-aba8-788d11ab8475,98EF33E,201eac17-d24c-90a9-9cc2-49b079f70776,#7988,,340.00,EUR
KL202603096057,2026-03-09T07:45:00Z,FEE,PURCHASE_FEE_PERCENTAGE,2026-03-08T09:45:00Z,2026-03-08T09:45:00Z,98ef33e8-bbf6-057b-aba8-788d11ab8475,98EF33E,201eac17-d24c-90a9-9cc2-49b079f70776,#7988,,10.17,EUR
KL202603096057,2026-03-09T07:45:00Z,FEE,PURCHASE_FEE_FIXED,2026-03-08T09:45:00Z,2026-03-08T09:45:00Z,98ef33e8-bbf6-057b-aba8-788d11ab8475,98EF33E,201eac17-d24c-90a9-9cc2-49b079f70776,#7988,,0.35,EUR
KL202603096057,2026-03-09T07:45:00Z,SALE,,2026-03-08T12:00:15Z,2026-03-08T12:00:15Z,9acda132-469d-f0e6-0e1d-d7d5437214b2,9ACDA13,67f5fb03-b8aa-4d07-6781-a0ea8045382b,#8001,,238.00,EUR
KL202603096057,2026-03-09T07:45:00Z,FEE,PURCHASE_FEE_PERCENTAGE,2026-03-08T12:00:15Z,2026-03-08T12:00:15Z,9acda132-469d-f0e6-0e1d-d7d5437214b2,9ACDA13,67f5fb03-b8aa-4d07-6781-a0ea8045382b,#8001,,7.12,EUR
KL202603096057,2026-03-09T07:45:00Z,FEE,PURCHASE_FEE_FIXED,2026-03-08T12:00:15Z,2026-03-08T12:00:15Z,9acda132-469d-f0e6-0e1d-d7d5437214b2,9ACDA13,67f5fb03-b8aa-4d07-6781-a0ea8045382b,#8001,,0.35,EUR
KL202603096057,2026-03-09T07:45:00Z,SALE,,2026-03-08T12:15:54Z,2026-03-08T12:15:54Z,42ad08ab-1433-e197-3c17-e7ab1cfc00dc,42AD08A,a788dacc-20dc-38b2-c80c-f0af6afaf71c,#8003,,99.00,EUR
KL202603096057,2026-03-09T07:45:00Z,FEE,PURCHASE_FEE_PERCENTAGE,2026-03-08T12:15:54Z,2026-03-08T12:15:54Z,42ad08ab-1433-e197-3c17-e7ab1cfc00dc,42AD08A,a788dacc-20dc-38b2-c80c-f0af6afaf71c,#8003,,2.96,EUR
KL202603096057,2026-03-09T07:45:00Z,FEE,PURCHASE_FEE_FIXED,2026-03-08T12:15:54Z,2026-03-08T12:15:54Z,42ad08ab-1433-e197-3c17-e7ab1cfc00dc,42AD08A,a788dacc-20dc-38b2-c80c-f0af6afaf71c,#8003,,0.35,EUR
KL202603096057,2026-03-09T07:45:00Z,SALE,,2026-03-08T12:49:30Z,2026-03-08T12:49:30Z,e0318bbd-1d03-d8a6-f0f6-0efc84763823,E0318BB,c442ec4b-22e8-ff95-4c72-60606bc54d7c,#8007,,250.20,EUR
KL202603096057,2026-03-09T07:45:00Z,FEE,PURCHASE_FEE_PERCENTAGE,2026-03-08T12:49:30Z,2026-03-08T12:49:30Z,e0318bbd-1d03-d8a6-f0f6-0efc84763823,E0318BB,c442ec4b-22e8-ff95-4c72-60606bc54d7c,#8007,,7.48,EUR
KL202603096057,2026-03-09T07:45:00Z,FEE,PURCHASE_FEE_FIXED,2026-03-08T12:49:30Z,2026-03-08T12:49:30Z,e0318bbd-1d03-d8a6-f0f6-0efc84763823,E0318BB,c442ec4b-22e8-ff95-4c72-60606bc54d7c,#8007,,0.35,EUR
KL202603096057,2026-03-09T07:45:00Z,SALE,,2026-03-08T13:29:48Z,2026-03-08T13:29:48Z,308d6ad9-f092-3538-70c9-8fad7652e32a,308D6AD,7972fda2-3617-04e6-93d4-1158675ef008,#8013,,76.00,EUR
KL202603096057,2026-03-09T07:45:00Z,FEE,PURCHASE_FEE_PERCENTAGE,2026-03-08T13:29:48Z,2026-03-08T13:29:48Z,308d6ad9-f092-3538-70c9-8fad7652e32a,308D6AD,7972fda2-3617-04e6-93d4-1158675ef008,#8013,,2.27,EUR
KL202603096057,2026-03-09T07:45:00Z,FEE,PURCHASE_FEE_FIXED,2026-03-08T13:29:48Z,2026-03-08T13:29:48Z,308d6ad9-f092-3538-70c9-8fad7652e32a,308D6AD,7972fda2-3617-04e6-93d4-1158675ef008,#8013,,0.35,EUR
KL202603096057,2026-03-09T07:45:00Z,SALE,,2026-03-08T14:53:01Z,2026-03-08T14:53:01Z,d9b6f806-74b7-1f41-6d38-10f4cfefd181,D9B6F80,f1038552-d6f2-973b-46d4-5fcec373c486,#8025,,84.95,EUR
KL202603096057,2026-03-09T07:45:00Z,FEE,PURCHASE_FEE_PERCENTAGE,2026-03-08T14:53:01Z,2026-03-08T14:53:01Z,d9b6f806-74b7-1f41-6d38-10f4cfefd181,D9B6F80,f1038552-d6f2-973b-46d4-5fcec373c486,#8025,,2.54,EUR
KL202603096057,2026-03-09T07:45:00Z,FEE,PURCHASE_FEE_FIXED,2026-03-08T14:53:01Z,2026-03-08T14:53:01Z,d9b6f806-74b7-1f41-6d38-10f4cfefd181,D9B6F80,f1038552-d6f2-973b-46d4-5fcec373c486,#8025,,0.35,EUR
KL202603096057,2026-03-09T07:45:00Z,SALE,,2026-03-08T16:00:23Z,2026-03-08T16:00:23Z,7c92f899-7148-ae9d-95a0-439ac46ab120,7C92F89,fb5c1b5c-f56d-9aa3-b574-8fb857c94495,#8031,,113.00,EUR
KL202603096057,2026-03-09T07:45:00Z,FEE,PURCHASE_FEE_PERCENTAGE,2026-03-08T16:00:23Z,2026-03-08T16:00:23Z,7c92f899-7148-ae9d-95a0-439ac46ab120,7C92F89,fb5c1b5c-f56d-9aa3-b574-8fb857c94495,#8031,,3.38,EUR
KL202603096057,2026-03-09T07:45:00Z,FEE,PURCHASE_FEE_FIXED,2026-03-08T16:00:23Z,2026-03-08T16:00:23Z,7c92f899-7148-ae9d-95a0-439ac46ab120,7C92F89,fb5c1b5c-f56d-9aa3-b574-8fb857c94495,#8031,,0.35,EUR
KL202603096057,2026-03-09T07:45:00Z,SALE,,2026-03-08T16:20:57Z,2026-03-08T16:20:57Z,371fced0-9086-645c-21d3-7cb0495fb406,371FCED,a4fb1562-d521-3ea2-dafd-7b5e611de44e,#8035,,97.00,EUR
KL202603096057,2026-03-09T07:45:00Z,FEE,PURCHASE_FEE_PERCENTAGE,2026-03-08T16:20:57Z,2026-03-08T16:20:57Z,371fced0-9086-645c-21d3-7cb0495fb406,371FCED,a4fb1562-d521-3ea2-dafd-7b5e611de44e,#8035,,2.90,EUR
KL202603096057,2026-03-09T07:45:00Z,FEE,PURCHASE_FEE_FIXED,2026-03-08T16:20:57Z,2026-03-08T16:20:57Z,371fced0-9086-645c-21d3-7cb0495fb406,371FCED,a4fb1562-d521-3ea2-dafd-7b5e611de44e,#8035,,0.35,EUR
KL202603096057,2026-03-09T07:45:00Z,SALE,,2026-03-08T20:17:12Z,2026-03-08T20:17:12Z,dc9ba954-d558-53e1-a087-e6d2f239817d,DC9BA95,41a18826-9221-8dc9-963d-3ed4b600a6de,#8058,,23.95,EUR
KL202603096057,2026-03-09T07:45:00Z,FEE,PURCHASE_FEE_PERCENTAGE,2026-03-08T20:17:12Z,2026-03-08T20:17:12Z,dc9ba954-d558-53e1-a087-e6d2f239817d,DC9BA95,41a18826-9221-8dc9-963d-3ed4b600a6de,#8058,,0.72,EUR
KL202603096057,2026-03-09T07:45:00Z,FEE,PURCHASE_FEE_FIXED,2026-03-08T20:17:12Z,2026-03-08T20:17:12Z,dc9ba954-d558-53e1-a087-e6d2f239817d,DC9BA95,41a18826-9221-8dc9-963d-3ed4b600a6de,#8058,,0.35,EUR
KL202603169907,2026-03-16T07:45:00Z,SALE,,2026-03-09T04:24:45Z,2026-03-09T04:24:45Z,1d33f720-a128-e5c4-b7fa-dfc23c7909fa,1D33F72,a699db72-0800-5d7d-43c1-b4c209618080,#8074,,185.00,EUR
KL202603169907,2026-03-16T07:45:00Z,FEE,PURCHASE_FEE_PERCENTAGE,2026-03-09T04:24:45Z,2026-03-09T04:24:45Z,1d33f720-a128-e5c4-b7fa-dfc23c7909fa,1D33F72,a699db72-0800-5d7d-43c1-b4c209618080,#8074,,5.53,EUR
KL202603169907,2026-03-16T07:45:00Z,FEE,PURCHASE_FEE_FIXED,2026-03-09T04:24:45Z,2026-03-09T04:24:45Z,1d33f720-a128-e5c4-b7fa-dfc23c7909fa,1D33F72,a699db72-0800-5d7d-43c1-b4c209618080,#8074,,0.35,EUR
KL202603169907,2026-03-16T07:45:00Z,SALE,,2026-03-09T09:14:08Z,2026-03-09T09:14:08Z,739d0aca-d82e-fe1a-e3ee-d8dcf9932e42,739D0AC,64aa5731-eee4-6089-a29e-d467e14296a6,#8079,,76.95,EUR
KL202603169907,2026-03-16T07:45:00Z,FEE,PURCHASE_FEE_PERCENTAGE,2026-03-09T09:14:08Z,2026-03-09T09:14:08Z,739d0aca-d82e-fe1a-e3ee-d8dcf9932e42,739D0AC,64aa5731-eee4-6089-a29e-d467e14296a6,#8079,,2.30,EUR
KL202603169907,2026-03-16T07:45:00Z,FEE,PURCHASE_FEE_FIXED,2026-03-09T09:14:08Z,2026-03-09T09:14:08Z,739d0aca-d82e-fe1a-e3ee-d8dcf9932e42,739D0AC,64aa5731-eee4-6089-a29e-d467e14296a6,#8079,,0.35,EUR
KL202603169907,2026-03-16T07:45:00Z,SALE,,2026-03-09T11:28:01Z,2026-03-09T11:28:01Z,e15d8e69-dd08-3e4a-ec60-461031637275,E15D8E6,fb1e0daf-a4f1-9141-54d5-5f56abb93b96,#8089,,395.95,EUR
KL202603169907,2026-03-16T07:45:00Z,FEE,PURCHASE_FEE_PERCENTAGE,2026-03-09T11:28:01Z,2026-03-09T11:28:01Z,e15d8e69-dd08-3e4a-ec60-461031637275,E15D8E6,fb1e0daf-a4f1-9141-54d5-5f56abb93b96,#8089,,11.84,EUR
KL202603169907,2026-03-16T07:45:00Z,FEE,PURCHASE_FEE_FIXED,2026-03-09T11:28:01Z,2026-03-09T11:28:01Z,e15d8e69-dd08-3e4a-ec60-461031637275,E15D8E6,fb1e0daf-a4f1-9141-54d5-5f56abb93b96,#8089,,0.35,EUR
KL202603169907,2026-03-16T07:45:00Z,SALE,,2026-03-09T11:34:19Z,2026-03-09T11:34:19Z,77ccd23e-169d-1ea9-672e-356ed2ef0682,77CCD23,b8613a31-435f-f24a-24c1-708d84b5e991,#8091,,340.00,EUR
KL202603169907,2026-03-16T07:45:00Z,FEE,PURCHASE_FEE_PERCENTAGE,2026-03-09T11:34:19Z,2026-03-09T11:34:19Z,77ccd23e-169d-1ea9-672e-356ed2ef0682,77CCD23,b8613a31-435f-f24a-24c1-708d84b5e991,#8091,,10.17,EUR
KL202603169907,2026-03-16T07:45:00Z,FEE,PURCHASE_FEE_FIXED,2026-03-09T11:34:19Z,2026-03-09T11:34:19Z,77ccd23e-169d-1ea9-672e-356ed2ef0682,77CCD23,b8613a31-435f-f24a-24c1-708d84b5e991,#8091,,0.35,EUR
KL202603169907,2026-03-16T07:45:00Z,SALE,,2026-03-09T11:52:03Z,2026-03-09T11:52:03Z,98cdd717-99d8-e723-0feb-2365d8344eda,98CDD71,65fad140-7897-07af-6828-a3075b49afd2,#8092,,31.95,EUR
KL202603169907,2026-03-16T07:45:00Z,FEE,PURCHASE_FEE_PERCENTAGE,2026-03-09T11:52:03Z,2026-03-09T11:52:03Z,98cdd717-99d8-e723-0feb-2365d8344eda,98CDD71,65fad140-7897-07af-6828-a3075b49afd2,#8092,,0.96,EUR
KL202603169907,2026-03-16T07:45:00Z,FEE,PURCHASE_FEE_FIXED,2026-03-09T11:52:03Z,2026-03-09T11:52:03Z,98cdd717-99d8-e723-0feb-2365d8344eda,98CDD71,65fad140-7897-07af-6828-a3075b49afd2,#8092,,0.35,EUR
KL202603169907,2026-03-16T07:45:00Z,SALE,,2026-03-09T12:52:06Z,2026-03-09T12:52:06Z,e9c51dbd-901a-eec4-8324-faab2a732f70,E9C51DB,281e21c6-056b-f125-aeef-8bcb687fd560,#8100,,564.00,EUR
KL202603169907,2026-03-16T07:45:00Z,FEE,PURCHASE_FEE_PERCENTAGE,2026-03-09T12:52:06Z,2026-03-09T12:52:06Z,e9c51dbd-901a-eec4-8324-faab2a732f70,E9C51DB,281e21c6-056b-f125-aeef-8bcb687fd560,#8100,,16.86,EUR
KL202603169907,2026-03-16T07:45:00Z,FEE,PURCHASE_FEE_FIXED,2026-03-09T12:52:06Z,2026-03-09T12:52:06Z,e9c51dbd-901a-eec4-8324-faab2a732f70,E9C51DB,281e21c6-056b-f125-aeef-8bcb687fd560,#8100,,0.35,EUR
KL202603169907,2026-03-16T07:45:00Z,SALE,,2026-03-09T13:29:04Z,2026-03-09T13:29:04Z,75581fa6-6d10-44f0-ae67-7bd9a6139243,75581FA,cb9a94fd-c4da-29ca-244c-66c6df1f213f,#8101,,38.95,EUR
KL202603169907,2026-03-16T07:45:00Z,FEE,PURCHASE_FEE_PERCENTAGE,2026-03-09T13:29:04Z,2026-03-09T13:29:04Z,75581fa6-6d10-44f0-ae67-7bd9a6139243,75581FA,cb9a94fd-c4da-29ca-244c-66c6df1f213f,#8101,,1.16,EUR
KL202603169907,2026-03-16T07:45:00Z,FEE,PURCHASE_FEE_FIXED,2026-03-09T13:29:04Z,2026-03-09T13:29:04Z,75581fa6-6d10-44f0-ae67-7bd9a6139243,75581FA,cb9a94fd-c4da-29ca-244c-66c6df1f213f,#8101,,0.35,EUR
KL202603169907,2026-03-16T07:45:00Z,SALE,,2026-03-09T13:39:09Z,2026-03-09T13:39:09Z,80721882-c7a7-b331-88d7-e077c3f08c4f,8072188,b310d27d-b272-3f44-a648-ff528fb55c00,#8102,,49.95,EUR
KL202603169907,2026-03-16T07:45:00Z,FEE,PURCHASE_FEE_PERCENTAGE,2026-03-09T13:39:09Z,2026-03-09T13:39:09Z,80721882-c7a7-b331-88d7-e077c3f08c4f,8072188,b310d27d-b272-3f44-a648-ff528fb55c00,#8102,,1.49,EUR
KL202603169907,2026-03-16T07:45:00Z,FEE,PURCHASE_FEE_FIXED,2026-03-09T13:39:09Z,2026-03-09T13:39:09Z,80721882-c7a7-b331-88d7-e077c3f08c4f,8072188,b310d27d-b272-3f44-a648-ff528fb55c00,#8102,,0.35,EUR
KL202603169907,2026-03-16T07:45:00Z,SALE,,2026-03-09T16:10:15Z,2026-03-09T16:10:15Z,ed878b78-729e-74a3-1ef4-f5b03eaaa16d,ED878B7,045a72b2-9468-16df-8452-2bf28b0235dd,#8108,,107.10,EUR
KL202603169907,2026-03-16T07:45:00Z,FEE,PURCHASE_FEE_PERCENTAGE,2026-03-09T16:10:15Z,2026-03-09T16:10:15Z,ed878b78-729e-74a3-1ef4-f5b03eaaa16d,ED878B7,045a72b2-9468-16df-8452-2bf28b0235dd,#8108,,3.20,EUR
KL202603169907,2026-03-16T07:45:00Z,FEE,PURCHASE_FEE_FIXED,2026-03-09T16:10:15Z,2026-03-09T16:10:15Z,ed878b78-729e-74a3-1ef4-f5b03eaaa16d,ED878B7,045a72b2-9468-16df-8452-2bf28b0235dd,#8108,,0.35,EUR
KL202603169907,2026-03-16T07:45:00Z,SALE,,2026-03-09T17:50:01Z,2026-03-09T17:50:01Z,a5938b3d-4fa4-a94e-2f03-445327163976,A5938B3,996870ba-028c-a4ff-8e0c-43ae637ebf8b,#8118,,295.95,EUR
KL202603169907,2026-03-16T07:45:00Z,FEE,PURCHASE_FEE_PERCENTAGE,2026-03-09T17:50:01Z,2026-03-09T17:50:01Z,a5938b3d-4fa4-a94e-2f03-445327163976,A5938B3,996870ba-028c-a4ff-8e0c-43ae637ebf8b,#8118,,8.85,EUR
KL202603169907,2026-03-16T07:45:00Z,FEE,PURCHASE_FEE_FIXED,2026-03-09T17:50:01Z,2026-03-09T17:50:01Z,a5938b3d-4fa4-a94e-2f03-445327163976,A5938B3,996870ba-028c-a4ff-8e0c-43ae637ebf8b,#8118,,0.35,EUR
KL202603169907,2026-03-16T07:45:00Z,SALE,,2026-03-09T19:07:37Z,2026-03-09T19:07:37Z,7bf16390-89a1-8c54-edbd-7199f85bdfce,7BF1639,320d94c6-c242-2b4e-7d02-9db5627017e8,#8124,,259.95,EUR
KL202603169907,2026-03-16T07:45:00Z,FEE,PURCHASE_FEE_PERCENTAGE,2026-03-09T19:07:37Z,2026-03-09T19:07:37Z,7bf16390-89a1-8c54-edbd-7199f85bdfce,7BF1639,320d94c6-c242-2b4e-7d02-9db5627017e8,#8124,,7.77,EUR
KL202603169907,2026-03-16T07:45:00Z,FEE,PURCHASE_FEE_FIXED,2026-03-09T19:07:37Z,2026-03-09T19:07:37Z,7bf16390-89a1-8c54-edbd-7199f85bdfce,7BF1639,320d94c6-c242-2b4e-7d02-9db5627017e8,#8124,,0.35,EUR
KL202603169907,2026-03-16T07:45:00Z,SALE,,2026-03-09T19:16:30Z,2026-03-09T19:16:30Z,4724deab-fd5a-8d55-fbde-293822352c8a,4724DEA,93d4d94b-172e-c030-ee4e-509d517799ea,#8126,,31.95,EUR
KL202603169907,2026-03-16T07:45:00Z,FEE,PURCHASE_FEE_PERCENTAGE,2026-03-09T19:16:30Z,2026-03-09T19:16:30Z,4724deab-fd5a-8d55-fbde-293822352c8a,4724DEA,93d4d94b-172e-c030-ee4e-509d517799ea,#8126,,0.96,EUR
KL202603169907,2026-03-16T07:45:00Z,FEE,PURCHASE_FEE_FIXED,2026-03-09T19:16:30Z,2026-03-09T19:16:30Z,4724deab-fd5a-8d55-fbde-293822352c8a,4724DEA,93d4d94b-172e-c030-ee4e-509d517799ea,#8126,,0.35,EUR
KL202603169907,2026-03-16T07:45:00Z,SALE,,2026-03-09T20:33:32Z,2026-03-09T20:33:32Z,fbafa3d1-38ec-47ef-01c9-0abfe02d89e4,FBAFA3D,8f35198d-d26b-30d1-c987-7606914ce3d0,#8130,,189.00,EUR
KL202603169907,2026-03-16T07:45:00Z,FEE,PURCHASE_FEE_PERCENTAGE,2026-03-09T20:33:32Z,2026-03-09T20:33:32Z,fbafa3d1-38ec-47ef-01c9-0abfe02d89e4,FBAFA3D,8f35198d-d26b-30d1-c987-7606914ce3d0,#8130,,5.65,EUR
KL202603169907,2026-03-16T07:45:00Z,FEE,PURCHASE_FEE_FIXED,2026-03-09T20:33:32Z,2026-03-09T20:33:32Z,fbafa3d1-38ec-47ef-01c9-0abfe02d89e4,FBAFA3D,8f35198d-d26b-30d1-c987-7606914ce3d0,#8130,,0.35,EUR
KL202603169907,2026-03-16T07:45:00Z,SALE,,2026-03-09T21:36:27Z,2026-03-09T21:36:27Z,fc2cbf29-0f31-2dea-9687-90d9f4119cae,FC2CBF2,69c79d13-729d-b7a0-0a5e-237db894998f,#8138,,179.00,EUR
KL202603169907,2026-03-16T07:45:00Z,FEE,PURCHASE_FEE_PERCENTAGE,2026-03-09T21:36:27Z,2026-03-09T21:36:27Z,fc2cbf29-0f31-2dea-9687-90d9f4119cae,FC2CBF2,69c79d13-729d-b7a0-0a5e-237db894998f,#8138,,5.35,EUR
KL202603169907,2026-03-16T07:45:00Z,FEE,PURCHASE_FEE_FIXED,2026-03-09T21:36:27Z,2026-03-09T21:36:27Z,fc2cbf29-0f31-2dea-9687-90d9f4119cae,FC2CBF2,69c79d13-729d-b7a0-0a5e-237db894998f,#8138,,0.35,EUR
KL202603169907,2026-03-16T07:45:00Z,SALE,,2026-03-09T22:56:23Z,2026-03-09T22:56:23Z,7bd49521-f97e-3a2b-abff-46210f65197e,7BD4952,df72306e-f086-9993-bf10-256383ec6a6f,#8142,,49.95,EUR
KL202603169907,2026-03-16T07:45:00Z,FEE,PURCHASE_FEE_PERCENTAGE,2026-03-09T22:56:23Z,2026-03-09T22:56:23Z,7bd49521-f97e-3a2b-abff-46210f65197e,7BD4952,df72306e-f086-9993-bf10-256383ec6a6f,#8142,,1.49,EUR
KL202603169907,2026-03-16T07:45:00Z,FEE,PURCHASE_FEE_FIXED,2026-03-09T22:56:23Z,2026-03-09T22:56:23Z,7bd49521-f97e-3a2b-abff-46210f65197e,7BD4952,df72306e-f086-9993-bf10-256383ec6a6f,#8142,,0.35,EUR
KL202603169907,2026-03-16T07:45:00Z,SALE,,2026-03-10T06:27:49Z,2026-03-10T06:27:49Z,b10a8b41-e2d5-c03d-1fff-8338e0c5222f,B10A8B4,74331702-bcbe-8735-e127-16d024a0f8da,#8146,,167.00,EUR
KL202603169907,2026-03-16T07:45:00Z,FEE,PURCHASE_FEE_PERCENTAGE,2026-03-10T06:27:49Z,2026-03-10T06:27:49Z,b10a8b41-e2d5-c03d-1fff-8338e0c5222f,B10A8B4,74331702-bcbe-8735-e127-16d024a0f8da,#8146,,4.99,EUR
KL202603169907,2026-03-16T07:45:00Z,FEE,PURCHASE_FEE_FIXED,2026-03-10T06:27:49Z,2026-03-10T06:27:49Z,b10a8b41-e2d5-c03d-1fff-8338e0c5222f,B10A8B4,74331702-bcbe-8735-e127-16d024a0f8da,#8146,,0.35,EUR
KL202603169907,2026-03-16T07:45:00Z,SALE,,2026-03-10T10:21:20Z,2026-03-10T10:21:20Z,5ef61feb-7d8d-fc11-d147-4630fbd7608e,5EF61FE,6e274033-993a-9546-840f-8e09e8650e8f,#8154,,139.95,EUR
KL202603169907,2026-03-16T07:45:00Z,FEE,PURCHASE_FEE_PERCENTAGE,2026-03-10T10:21:20Z,2026-03-10T10:21:20Z,5ef61feb-7d8d-fc11-d147-4630fbd7608e,5EF61FE,6e274033-993a-9546-840f-8e09e8650e8f,#8154,,4.18,EUR
KL202603169907,2026-03-16T07:45:00Z,FEE,PURCHASE_FEE_FIXED,2026-03-10T10:21:20Z,2026-03-10T10:21:20Z,5ef61feb-7d8d-fc11-d147-4630fbd7608e,5EF61FE,6e274033-993a-9546-840f-8e09e8650e8f,#8154,,0.35,EUR
KL202603169907,2026-03-16T07:45:00Z,SALE,,2026-03-10T11:14:47Z,2026-03-10T11:14:47Z,5408d2a8-d53b-9e9a-21d0-0a5aaa868132,5408D2A,cee0f9fe-308c-78b1-9b93-701b47cc219f,#8159,,486.00,EUR
KL202603169907,2026-03-16T07:45:00Z,FEE,PURCHASE_FEE_PERCENTAGE,2026-03-10T11:14:47Z,2026-03-10T11:14:47Z,5408d2a8-d53b-9e9a-21d0-0a5aaa868132,5408D2A,cee0f9fe-308c-78b1-9b93-701b47cc219f,#8159,,14.53,EUR
KL202603169907,2026-03-16T07:45:00Z,FEE,PURCHASE_FEE_FIXED,2026-03-10T11:14:47Z,2026-03-10T11:14:47Z,5408d2a8-d53b-9e9a-21d0-0a5aaa868132,5408D2A,cee0f9fe-308c-78b1-9b93-701b47cc219f,#8159,,0.35,EUR
KL202603169907,2026-03-16T07:45:00Z,SALE,,2026-03-10T11:38:08Z,2026-03-10T11:38:08Z,60946334-4622-574e-1c2f-be1ebdd8c44a,6094633,bd98c23f-168c-e1a0-c4cc-38d8a91075a9,#8161,,31.95,EUR
KL202603169907,2026-03-16T07:45:00Z,FEE,PURCHASE_FEE_PERCENTAGE,2026-03-10T11:38:08Z,2026-03-10T11:38:08Z,60946334-4622-574e-1c2f-be1ebdd8c44a,6094633,bd98c23f-168c-e1a0-c4cc-38d8a91075a9,#8161,,0.96,EUR
KL202603169907,2026-03-16T07:45:00Z,FEE,PURCHASE_FEE_FIXED,2026-03-10T11:38:08Z,2026-03-10T11:38:08Z,60946334-4622-574e-1c2f-be1ebdd8c44a,6094633,bd98c23f-168c-e1a0-c4cc-38d8a91075a9,#8161,,0.35,EUR
KL202603169907,2026-03-16T07:45:00Z,SALE,,2026-03-10T11:59:20Z,2026-03-10T11:59:20Z,43880846-7c35-10bc-fcc5-738813d2e7ce,4388084,cb0f7086-3e37-048b-dd52-17a1b0e1a258,#8165,,29.95,EUR
KL202603169907,2026-03-16T07:45:00Z,FEE,PURCHASE_FEE_PERCENTAGE,2026-03-10T11:59:20Z,2026-03-10T11:59:20Z,43880846-7c35-10bc-fcc5-738813d2e7ce,4388084,cb0f7086-3e37-048b-dd52-17a1b0e1a258,#8165,,0.90,EUR
KL202603169907,2026-03-16T07:45:00Z,FEE,PURCHASE_FEE_FIXED,2026-03-10T11:59:20Z,2026-03-10T11:59:20Z,43880846-7c35-10bc-fcc5-738813d2e7ce,4388084,cb0f7086-3e37-048b-dd52-17a1b0e1a258,#8165,,0.35,EUR
KL202603169907,2026-03-16T07:45:00Z,SALE,,2026-03-10T12:08:44Z,2026-03-10T12:08:44Z,02fd3e2a-59f3-ba64-c9a4-deaf93975873,02FD3E2,7b930251-adc8-a60e-6f8e-94ee49a42cbb,#8168,,192.00,EUR
KL202603169907,2026-03-16T07:45:00Z,FEE,PURCHASE_FEE_PERCENTAGE,2026-03-10T12:08:44Z,2026-03-10T12:08:44Z,02fd3e2a-59f3-ba64-c9a4-deaf93975873,02FD3E2,7b930251-adc8-a60e-6f8e-94ee49a42cbb,#8168,,5.74,EUR
KL202603169907,2026-03-16T07:45:00Z,FEE,PURCHASE_FEE_FIXED,2026-03-10T12:08:44Z,2026-03-10T12:08:44Z,02fd3e2a-59f3-ba64-c9a4-deaf93975873,02FD3E2,7b930251-adc8-a60e-6f8e-94ee49a42cbb,#8168,,0.35,EUR
KL202603169907,2026-03-16T07:45:00Z,SALE,,2026-03-10T12:13:45Z,2026-03-10T12:13:45Z,73e829fb-6d9d-c43c-e590-269cc225861f,73E829F,414b4860-14c7-1b05-00c1-e04f4b13a4cb,#8170,,99.00,EUR
KL202603169907,2026-03-16T07:45:00Z,FEE,PURCHASE_FEE_PERCENTAGE,2026-03-10T12:13:45Z,2026-03-10T12:13:45Z,73e829fb-6d9d-c43c-e590-269cc225861f,73E829F,414b4860-14c7-1b05-00c1-e04f4b13a4cb,#8170,,2.96,EUR
KL202603169907,2026-03-16T07:45:00Z,FEE,PURCHASE_FEE_FIXED,2026-03-10T12:13:45Z,2026-03-10T12:13:45Z,73e829fb-6d9d-c43c-e590-269cc225861f,73E829F,414b4860-14c7-1b05-00c1-e04f4b13a4cb,#8170,,0.35,EUR
KL202603169907,2026-03-16T07:45:00Z,SALE,,2026-03-10T15:01:56Z,2026-03-10T15:01:56Z,3332ae51-5bf3-33c0-3a02-e0ca1588be46,3332AE5,34510252-cb39-e37c-f9ab-7a14c3a42ece,#8191,,31.95,EUR
KL202603169907,2026-03-16T07:45:00Z,FEE,PURCHASE_FEE_PERCENTAGE,2026-03-10T15:01:56Z,2026-03-10T15:01:56Z,3332ae51-5bf3-33c0-3a02-e0ca1588be46,3332AE5,34510252-cb39-e37c-f9ab-7a14c3a42ece,#8191,,0.96,EUR
KL202603169907,2026-03-16T07:45:00Z,FEE,PURCHASE_FEE_FIXED,2026-03-10T15:01:56Z,2026-03-10T15:01:56Z,3332ae51-5bf3-33c0-3a02-e0ca1588be46,3332AE5,34510252-cb39-e37c-f9ab-7a14c3a42ece,#8191,,0.35,EUR
KL202603169907,2026-03-16T07:45:00Z,SALE,,2026-03-10T15:43:31Z,2026-03-10T15:43:31Z,ad77aff4-2188-8991-e6c5-7ac01de8d999,AD77AFF,1b28a222-2c36-af67-6ad1-5958f843c1f9,#8194,,39.95,EUR
KL202603169907,2026-03-16T07:45:00Z,FEE,PURCHASE_FEE_PERCENTAGE,2026-03-10T15:43:31Z,2026-03-10T15:43:31Z,ad77aff4-2188-8991-e6c5-7ac01de8d999,AD77AFF,1b28a222-2c36-af67-6ad1-5958f843c1f9,#8194,,1.19,EUR
KL202603169907,2026-03-16T07:45:00Z,FEE,PURCHASE_FEE_FIXED,2026-03-10T15:43:31Z,2026-03-10T15:43:31Z,ad77aff4-2188-8991-e6c5-7ac01de8d999,AD77AFF,1b28a222-2c36-af67-6ad1-5958f843c1f9,#8194,,0.35,EUR
KL202603169907,2026-03-16T07:45:00Z,RETURN,,2026-03-10T15:43:31Z,2026-03-10T15:43:31Z,ad77aff4-2188-8991-e6c5-7ac01de8d999,AD77AFF,,#8194,,39.95,EUR
KL202603169907,2026-03-16T07:45:00Z,SALE,,2026-03-10T16:32:01Z,2026-03-10T16:32:01Z,d24b0240-1572-f6db-bc95-f825ee86de1e,D24B024,94f35eaf-48e5-45ec-f9ed-39a99552addc,#8197,,33.95,EUR
KL202603169907,2026-03-16T07:45:00Z,FEE,PURCHASE_FEE_PERCENTAGE,2026-03-10T16:32:01Z,2026-03-10T16:32:01Z,d24b0240-1572-f6db-bc95-f825ee86de1e,D24B024,94f35eaf-48e5-45ec-f9ed-39a99552addc,#8197,,1.02,EUR
KL202603169907,2026-03-16T07:45:00Z,FEE,PURCHASE_FEE_FIXED,2026-03-10T16:32:01Z,2026-03-10T16:32:01Z,d24b0240-1572-f6db-bc95-f825ee86de1e,D24B024,94f35eaf-48e5-45ec-f9ed-39a99552addc,#8197,,0.35,EUR
KL202603169907,2026-03-16T07:45:00Z,SALE,,2026-03-10T16:45:38Z,2026-03-10T16:45:38Z,6c86224c-f0d9-b9c3-80e2-cd1da4c58c91,6C86224,34d7744d-d15f-2e72-81f1-8a71bf0e5d98,#8198,,190.95,EUR
KL202603169907,2026-03-16T07:45:00Z,FEE,PURCHASE_FEE_PERCENTAGE,2026-03-10T16:45:38Z,2026-03-10T16:45:38Z,6c86224c-f0d9-b9c3-80e2-cd1da4c58c91,6C86224,34d7744d-d15f-2e72-81f1-8a71bf0e5d98,#8198,,5.71,EUR
KL202603169907,2026-03-16T07:45:00Z,FEE,PURCHASE_FEE_FIXED,2026-03-10T16:45:38Z,2026-03-10T16:45:38Z,6c86224c-f0d9-b9c3-80e2-cd1da4c58c91,6C86224,34d7744d-d15f-2e72-81f1-8a71bf0e5d98,#8198,,0.35,EUR
KL202603169907,2026-03-16T07:45:00Z,SALE,,2026-03-10T16:55:07Z,2026-03-10T16:55:07Z,27c73d05-82f5-0b9b-8f44-bd52fabf8a1d,27C73D0,fd9a3d4f-c82d-77bf-cf94-2618d0d50b84,#8199,,38.95,EUR
KL202603169907,2026-03-16T07:45:00Z,FEE,PURCHASE_FEE_PERCENTAGE,2026-03-10T16:55:07Z,2026-03-10T16:55:07Z,27c73d05-82f5-0b9b-8f44-bd52fabf8a1d,27C73D0,fd9a3d4f-c82d-77bf-cf94-2618d0d50b84,#8199,,1.16,EUR
KL202603169907,2026-03-16T07:45:00Z,FEE,PURCHASE_FEE_FIXED,2026-03-10T16:55:07Z,2026-03-10T16:55:07Z,27c73d05-82f5-0b9b-8f44-bd52fabf8a1d,27C73D0,fd9a3d4f-c82d-77bf-cf94-2618d0d50b84,#8199,,0.35,EUR
KL202603169907,2026-03-16T07:45:00Z,SALE,,2026-03-10T18:11:19Z,2026-03-10T18:11:19Z,c5f8ed3b-9ba9-1d06-c103-4aabdfd95637,C5F8ED3,a028ec44-4394-1cd6-5295-ffd672b315dc,#8207,,147.95,EUR
KL202603169907,2026-03-16T07:45:00Z,FEE,PURCHASE_FEE_PERCENTAGE,2026-03-10T18:11:19Z,2026-03-10T18:11:19Z,c5f8ed3b-9ba9-1d06-c103-4aabdfd95637,C5F8ED3,a028ec44-4394-1cd6-5295-ffd672b315dc,#8207,,4.42,EUR
KL202603169907,2026-03-16T07:45:00Z,FEE,PURCHASE_FEE_FIXED,2026-03-10T18:11:19Z,2026-03-10T18:11:19Z,c5f8ed3b-9ba9-1d06-c103-4aabdfd95637,C5F8ED3,a028ec44-4394-1cd6-5295-ffd672b315dc,#8207,,0.35,EUR
KL202603169907,2026-03-16T07:45:00Z,SALE,,2026-03-10T19:36:35Z,2026-03-10T19:36:35Z,876306a0-dbe9-362f-a553-02e5095d907d,876306A,51fb1131-5c75-1876-ec5b-9d830f26345d,#8222,,455.00,EUR
KL202603169907,2026-03-16T07:45:00Z,FEE,PURCHASE_FEE_PERCENTAGE,2026-03-10T19:36:35Z,2026-03-10T19:36:35Z,876306a0-dbe9-362f-a553-02e5095d907d,876306A,51fb1131-5c75-1876-ec5b-9d830f26345d,#8222,,13.60,EUR
KL202603169907,2026-03-16T07:45:00Z,FEE,PURCHASE_FEE_FIXED,2026-03-10T19:36:35Z,2026-03-10T19:36:35Z,876306a0-dbe9-362f-a553-02e5095d907d,876306A,51fb1131-5c75-1876-ec5b-9d830f26345d,#8222,,0.35,EUR
KL202603169907,2026-03-16T07:45:00Z,SALE,,2026-03-10T20:16:49Z,2026-03-10T20:16:49Z,0ff64a66-f011-4087-1c3a-5c22908552fb,0FF64A6,bb868675-9358-7de4-624d-2b561272bda6,#8228,,23.95,EUR
KL202603169907,2026-03-16T07:45:00Z,FEE,PURCHASE_FEE_PERCENTAGE,2026-03-10T20:16:49Z,2026-03-10T20:16:49Z,0ff64a66-f011-4087-1c3a-5c22908552fb,0FF64A6,bb868675-9358-7de4-624d-2b561272bda6,#8228,,0.72,EUR
KL202603169907,2026-03-16T07:45:00Z,FEE,PURCHASE_FEE_FIXED,2026-03-10T20:16:49Z,2026-03-10T20:16:49Z,0ff64a66-f011-4087-1c3a-5c22908552fb,0FF64A6,bb868675-9358-7de4-624d-2b561272bda6,#8228,,0.35,EUR
KL202603169907,2026-03-16T07:45:00Z,SALE,,2026-03-10T21:54:17Z,2026-03-10T21:54:17Z,03391a5c-a326-34b0-a40e-5ea7e71213f3,03391A5,0897d5e5-139e-d4f5-0c02-3111f0add152,#8237,,372.00,EUR
KL202603169907,2026-03-16T07:45:00Z,FEE,PURCHASE_FEE_PERCENTAGE,2026-03-10T21:54:17Z,2026-03-10T21:54:17Z,03391a5c-a326-34b0-a40e-5ea7e71213f3,03391A5,0897d5e5-139e-d4f5-0c02-3111f0add152,#8237,,11.12,EUR
KL202603169907,2026-03-16T07:45:00Z,FEE,PURCHASE_FEE_FIXED,2026-03-10T21:54:17Z,2026-03-10T21:54:17Z,03391a5c-a326-34b0-a40e-5ea7e71213f3,03391A5,0897d5e5-139e-d4f5-0c02-3111f0add152,#8237,,0.35,EUR
KL202603169907,2026-03-16T07:45:00Z,SALE,,2026-03-11T02:11:57Z,2026-03-11T02:11:57Z,20247255-1fc2-e191-ba34-89ef2df7664e,2024725,8c7f1a79-26c9-babc-1c55-7b280e3d70b0,#8248,,201.95,EUR
KL202603169907,2026-03-16T07:45:00Z,FEE,PURCHASE_FEE_PERCENTAGE,2026-03-11T02:11:57Z,2026-03-11T02:11:57Z,20247255-1fc2-e191-ba34-89ef2df7664e,2024725,8c7f1a79-26c9-babc-1c55-7b280e3d70b0,#8248,,6.04,EUR
KL202603169907,2026-03-16T07:45:00Z,FEE,PURCHASE_FEE_FIXED,2026-03-11T02:11:57Z,2026-03-11T02:11:57Z,20247255-1fc2-e191-ba34-89ef2df7664e,2024725,8c7f1a79-26c9-babc-1c55-7b280e3d70b0,#8248,,0.35,EUR
KL202603169907,2026-03-16T07:45:00Z,SALE,,2026-03-11T03:41:54Z,2026-03-11T03:41:54Z,c1ea0e4f-a5a6-24d0-d6ef-c24633daa0ce,C1EA0E4,bf9bbd7b-e0da-02f1-de25-d101546725b2,#8251,,109.00,EUR
KL202603169907,2026-03-16T07:45:00Z,FEE,PURCHASE_FEE_PERCENTAGE,2026-03-11T03:41:54Z,2026-03-11T03:41:54Z,c1ea0e4f-a5a6-24d0-d6ef-c24633daa0ce,C1EA0E4,bf9bbd7b-e0da-02f1-de25-d101546725b2,#8251,,3.26,EUR
KL202603169907,2026-03-16T07:45:00Z,FEE,PURCHASE_FEE_FIXED,2026-03-11T03:41:54Z,2026-03-11T03:41:54Z,c1ea0e4f-a5a6-24d0-d6ef-c24633daa0ce,C1EA0E4,bf9bbd7b-e0da-02f1-de25-d101546725b2,#8251,,0.35,EUR
KL202603169907,2026-03-16T07:45:00Z,SALE,,2026-03-11T06:02:01Z,2026-03-11T06:02:01Z,f6cd7726-f859-7b75-cd18-9042e246cb61,F6CD772,98305702-8401-4917-b295-e860bebce6c0,#8252,,327.00,EUR
KL202603169907,2026-03-16T07:45:00Z,FEE,PURCHASE_FEE_PERCENTAGE,2026-03-11T06:02:01Z,2026-03-11T06:02:01Z,f6cd7726-f859-7b75-cd18-9042e246cb61,F6CD772,98305702-8401-4917-b295-e860bebce6c0,#8252,,9.78,EUR
KL202603169907,2026-03-16T07:45:00Z,FEE,PURCHASE_FEE_FIXED,2026-03-11T06:02:01Z,2026-03-11T06:02:01Z,f6cd7726-f859-7b75-cd18-9042e246cb61,F6CD772,98305702-8401-4917-b295-e860bebce6c0,#8252,,0.35,EUR
KL202603169907,2026-03-16T07:45:00Z,SALE,,2026-03-11T06:10:54Z,2026-03-11T06:10:54Z,7df28b21-7c6a-009e-9ac3-88060228fc1f,7DF28B2,5c8d2394-9c1e-24f6-6128-8dfd994394a8,#8254,,96.00,EUR
KL202603169907,2026-03-16T07:45:00Z,FEE,PURCHASE_FEE_PERCENTAGE,2026-03-11T06:10:54Z,2026-03-11T06:10:54Z,7df28b21-7c6a-009e-9ac3-88060228fc1f,7DF28B2,5c8d2394-9c1e-24f6-6128-8dfd994394a8,#8254,,2.87,EUR
KL202603169907,2026-03-16T07:45:00Z,FEE,PURCHASE_FEE_FIXED,2026-03-11T06:10:54Z,2026-03-11T06:10:54Z,7df28b21-7c6a-009e-9ac3-88060228fc1f,7DF28B2,5c8d2394-9c1e-24f6-6128-8dfd994394a8,#8254,,0.35,EUR
KL202603169907,2026-03-16T07:45:00Z,SALE,,2026-03-11T09:51:14Z,2026-03-11T09:51:14Z,08cee4c8-30c8-022f-f557-b0ba83d0a420,08CEE4C,88ef324f-1664-46c7-c149-345352c71f18,#8265,,113.95,EUR
KL202603169907,2026-03-16T07:45:00Z,FEE,PURCHASE_FEE_PERCENTAGE,2026-03-11T09:51:14Z,2026-03-11T09:51:14Z,08cee4c8-30c8-022f-f557-b0ba83d0a420,08CEE4C,88ef324f-1664-46c7-c149-345352c71f18,#8265,,3.41,EUR
KL202603169907,2026-03-16T07:45:00Z,FEE,PURCHASE_FEE_FIXED,2026-03-11T09:51:14Z,2026-03-11T09:51:14Z,08cee4c8-30c8-022f-f557-b0ba83d0a420,08CEE4C,88ef324f-1664-46c7-c149-345352c71f18,#8265,,0.35,EUR
KL202603169907,2026-03-16T07:45:00Z,SALE,,2026-03-11T10:16:20Z,2026-03-11T10:16:20Z,6341d47b-6adc-946f-c051-b3f13d7036dd,6341D47,80f54d54-1e13-4943-b556-c019e9e4a393,#8266,,196.00,EUR
KL202603169907,2026-03-16T07:45:00Z,FEE,PURCHASE_FEE_PERCENTAGE,2026-03-11T10:16:20Z,2026-03-11T10:16:20Z,6341d47b-6adc-946f-c051-b3f13d7036dd,6341D47,80f54d54-1e13-4943-b556-c019e9e4a393,#8266,,5.86,EUR
KL202603169907,2026-03-16T07:45:00Z,FEE,PURCHASE_FEE_FIXED,2026-03-11T10:16:20Z,2026-03-11T10:16:20Z,6341d47b-6adc-946f-c051-b3f13d7036dd,6341D47,80f54d54-1e13-4943-b556-c019e9e4a393,#8266,,0.35,EUR
KL202603169907,2026-03-16T07:45:00Z,SALE,,2026-03-11T11:11:52Z,2026-03-11T11:11:52Z,41f5694b-1cd9-4c0c-e9d0-8958eea11f51,41F5694,0bf1749b-0ddf-b5e8-1d5b-17b3a3cd9e02,#8269,,39.95,EUR
KL202603169907,2026-03-16T07:45:00Z,FEE,PURCHASE_FEE_PERCENTAGE,2026-03-11T11:11:52Z,2026-03-11T11:11:52Z,41f5694b-1cd9-4c0c-e9d0-8958eea11f51,41F5694,0bf1749b-0ddf-b5e8-1d5b-17b3a3cd9e02,#8269,,1.19,EUR
KL202603169907,2026-03-16T07:45:00Z,FEE,PURCHASE_FEE_FIXED,2026-03-11T11:11:52Z,2026-03-11T11:11:52Z,41f5694b-1cd9-4c0c-e9d0-8958eea11f51,41F5694,0bf1749b-0ddf-b5e8-1d5b-17b3a3cd9e02,#8269,,0.35,EUR
KL202603169907,2026-03-16T07:45:00Z,SALE,,2026-03-11T13:23:58Z,2026-03-11T13:23:58Z,1dfb611e-e294-64ff-6bc4-d37ac714e26e,1DFB611,5d6bb1ff-135f-be1e-ec73-66d87f325210,#8282,,98.00,EUR
KL202603169907,2026-03-16T07:45:00Z,FEE,PURCHASE_FEE_PERCENTAGE,2026-03-11T13:23:58Z,2026-03-11T13:23:58Z,1dfb611e-e294-64ff-6bc4-d37ac714e26e,1DFB611,5d6bb1ff-135f-be1e-ec73-66d87f325210,#8282,,2.93,EUR
KL202603169907,2026-03-16T07:45:00Z,FEE,PURCHASE_FEE_FIXED,2026-03-11T13:23:58Z,2026-03-11T13:23:58Z,1dfb611e-e294-64ff-6bc4-d37ac714e26e,1DFB611,5d6bb1ff-135f-be1e-ec73-66d87f325210,#8282,,0.35,EUR
KL202603169907,2026-03-16T07:45:00Z,SALE,,2026-03-11T13:39:14Z,2026-03-11T13:39:14Z,c01b9a7e-298c-1766-230c-2f20e6e0ba51,C01B9A7,6fa29907-4f0f-d534-7d14-88be8aa4863b,#8284,,189.00,EUR
KL202603169907,2026-03-16T07:45:00Z,FEE,PURCHASE_FEE_PERCENTAGE,2026-03-11T13:39:14Z,2026-03-11T13:39:14Z,c01b9a7e-298c-1766-230c-2f20e6e0ba51,C01B9A7,6fa29907-4f0f-d534-7d14-88be8aa4863b,#8284,,5.65,EUR
KL202603169907,2026-03-16T07:45:00Z,FEE,PURCHASE_FEE_FIXED,2026-03-11T13:39:14Z,2026-03-11T13:39:14Z,c01b9a7e-298c-1766-230c-2f20e6e0ba51,C01B9A7,6fa29907-4f0f-d534-7d14-88be8aa4863b,#8284,,0.35,EUR
KL202603169907,2026-03-16T07:45:00Z,SALE,,2026-03-11T15:34:26Z,2026-03-11T15:34:26Z,aa9e51e1-4fcf-ba9b-78a2-977a57f0d78e,AA9E51E,28cc6d24-d181-fddc-eb1a-060d21853ed3,#8291,,290.70,EUR
KL202603169907,2026-03-16T07:45:00Z,FEE,PURCHASE_FEE_PERCENTAGE,2026-03-11T15:34:26Z,2026-03-11T15:34:26Z,aa9e51e1-4fcf-ba9b-78a2-977a57f0d78e,AA9E51E,28cc6d24-d181-fddc-eb1a-060d21853ed3,#8291,,8.69,EUR
KL202603169907,2026-03-16T07:45:00Z,FEE,PURCHASE_FEE_FIXED,2026-03-11T15:34:26Z,2026-03-11T15:34:26Z,aa9e51e1-4fcf-ba9b-78a2-977a57f0d78e,AA9E51E,28cc6d24-d181-fddc-eb1a-060d21853ed3,#8291,,0.35,EUR
KL202603169907,2026-03-16T07:45:00Z,SALE,,2026-03-11T16:46:02Z,2026-03-11T16:46:02Z,4d06999b-8f7d-cb12-7474-9fe92b50ef51,4D06999,61a21c2f-07b6-0330-baf8-27ee9c9a9e36,#8293,,358.00,EUR
KL202603169907,2026-03-16T07:45:00Z,FEE,PURCHASE_FEE_PERCENTAGE,2026-03-11T16:46:02Z,2026-03-11T16:46:02Z,4d06999b-8f7d-cb12-7474-9fe92b50ef51,4D06999,61a21c2f-07b6-0330-baf8-27ee9c9a9e36,#8293,,10.70,EUR
KL202603169907,2026-03-16T07:45:00Z,FEE,PURCHASE_FEE_FIXED,2026-03-11T16:46:02Z,2026-03-11T16:46:02Z,4d06999b-8f7d-cb12-7474-9fe92b50ef51,4D06999,61a21c2f-07b6-0330-baf8-27ee9c9a9e36,#8293,,0.35,EUR
KL202603169907,2026-03-16T07:45:00Z,SALE,,2026-03-11T17:07:34Z,2026-03-11T17:07:34Z,f6581e3f-55e0-1839-8485-5a3537b85e01,F6581E3,23345337-af98-6016-39d2-e31ea95bded5,#8296,,43.55,EUR
KL202603169907,2026-03-16T07:45:00Z,FEE,PURCHASE_FEE_PERCENTAGE,2026-03-11T17:07:34Z,2026-03-11T17:07:34Z,f6581e3f-55e0-1839-8485-5a3537b85e01,F6581E3,23345337-af98-6016-39d2-e31ea95bded5,#8296,,1.30,EUR
KL202603169907,2026-03-16T07:45:00Z,FEE,PURCHASE_FEE_FIXED,2026-03-11T17:07:34Z,2026-03-11T17:07:34Z,f6581e3f-55e0-1839-8485-5a3537b85e01,F6581E3,23345337-af98-6016-39d2-e31ea95bded5,#8296,,0.35,EUR
KL202603169907,2026-03-16T07:45:00Z,SALE,,2026-03-11T17:15:27Z,2026-03-11T17:15:27Z,9de5f147-9f5e-ffc9-2068-7b048dbdc114,9DE5F14,9a0661d6-4738-4ddb-9b65-185b8d94fc0f,#8297,,178.00,EUR
KL202603169907,2026-03-16T07:45:00Z,FEE,PURCHASE_FEE_PERCENTAGE,2026-03-11T17:15:27Z,2026-03-11T17:15:27Z,9de5f147-9f5e-ffc9-2068-7b048dbdc114,9DE5F14,9a0661d6-4738-4ddb-9b65-185b8d94fc0f,#8297,,5.32,EUR
KL202603169907,2026-03-16T07:45:00Z,FEE,PURCHASE_FEE_FIXED,2026-03-11T17:15:27Z,2026-03-11T17:15:27Z,9de5f147-9f5e-ffc9-2068-7b048dbdc114,9DE5F14,9a0661d6-4738-4ddb-9b65-185b8d94fc0f,#8297,,0.35,EUR
KL202603169907,2026-03-16T07:45:00Z,SALE,,2026-03-11T17:44:00Z,2026-03-11T17:44:00Z,65e1847c-6ed3-acbc-c3ec-c7ae387e6755,65E1847,c13eec5e-c731-c042-82fc-cf20b1154e74,#8299,,101.95,EUR
KL202603169907,2026-03-16T07:45:00Z,FEE,PURCHASE_FEE_PERCENTAGE,2026-03-11T17:44:00Z,2026-03-11T17:44:00Z,65e1847c-6ed3-acbc-c3ec-c7ae387e6755,65E1847,c13eec5e-c731-c042-82fc-cf20b1154e74,#8299,,3.05,EUR
KL202603169907,2026-03-16T07:45:00Z,FEE,PURCHASE_FEE_FIXED,2026-03-11T17:44:00Z,2026-03-11T17:44:00Z,65e1847c-6ed3-acbc-c3ec-c7ae387e6755,65E1847,c13eec5e-c731-c042-82fc-cf20b1154e74,#8299,,0.35,EUR
KL202603169907,2026-03-16T07:45:00Z,SALE,,2026-03-11T17:51:54Z,2026-03-11T17:51:54Z,ac3df8e0-69fe-4e16-4541-965a7634bb9f,AC3DF8E,01116be6-af96-f610-ef2b-f68441a307ad,#8301,,119.00,EUR
KL202603169907,2026-03-16T07:45:00Z,FEE,PURCHASE_FEE_PERCENTAGE,2026-03-11T17:51:54Z,2026-03-11T17:51:54Z,ac3df8e0-69fe-4e16-4541-965a7634bb9f,AC3DF8E,01116be6-af96-f610-ef2b-f68441a307ad,#8301,,3.56,EUR
KL202603169907,2026-03-16T07:45:00Z,FEE,PURCHASE_FEE_FIXED,2026-03-11T17:51:54Z,2026-03-11T17:51:54Z,ac3df8e0-69fe-4e16-4541-965a7634bb9f,AC3DF8E,01116be6-af96-f610-ef2b-f68441a307ad,#8301,,0.35,EUR
KL202603169907,2026-03-16T07:45:00Z,SALE,,2026-03-11T18:02:28Z,2026-03-11T18:02:28Z,4efc325f-4f91-150b-8cea-f5d58d382bd6,4EFC325,80dc7e7e-40ab-d20c-b79a-97af59eb4a22,#8303,,99.00,EUR
KL202603169907,2026-03-16T07:45:00Z,FEE,PURCHASE_FEE_PERCENTAGE,2026-03-11T18:02:28Z,2026-03-11T18:02:28Z,4efc325f-4f91-150b-8cea-f5d58d382bd6,4EFC325,80dc7e7e-40ab-d20c-b79a-97af59eb4a22,#8303,,2.96,EUR
KL202603169907,2026-03-16T07:45:00Z,FEE,PURCHASE_FEE_FIXED,2026-03-11T18:02:28Z,2026-03-11T18:02:28Z,4efc325f-4f91-150b-8cea-f5d58d382bd6,4EFC325,80dc7e7e-40ab-d20c-b79a-97af59eb4a22,#8303,,0.35,EUR
KL202603169907,2026-03-16T07:45:00Z,SALE,,2026-03-11T19:02:09Z,2026-03-11T19:02:09Z,109d46b5-eb47-071a-4a1b-b0c223bec6bf,109D46B,341346f7-d760-75c2-a59c-67331f1c8cba,#8305,,189.00,EUR
KL202603169907,2026-03-16T07:45:00Z,FEE,PURCHASE_FEE_PERCENTAGE,2026-03-11T19:02:09Z,2026-03-11T19:02:09Z,109d46b5-eb47-071a-4a1b-b0c223bec6bf,109D46B,341346f7-d760-75c2-a59c-67331f1c8cba,#8305,,5.65,EUR
KL202603169907,2026-03-16T07:45:00Z,FEE,PURCHASE_FEE_FIXED,2026-03-11T19:02:09Z,2026-03-11T19:02:09Z,109d46b5-eb47-071a-4a1b-b0c223bec6bf,109D46B,341346f7-d760-75c2-a59c-67331f1c8cba,#8305,,0.35,EUR
KL202603169907,2026-03-16T07:45:00Z,SALE,,2026-03-11T19:44:55Z,2026-03-11T19:44:55Z,69beb4cc-0300-187f-3e6a-2fc2ad3c1852,69BEB4C,09f3f547-814c-62da-b814-f9f676392ff5,#8313,,213.00,EUR
KL202603169907,2026-03-16T07:45:00Z,FEE,PURCHASE_FEE_PERCENTAGE,2026-03-11T19:44:55Z,2026-03-11T19:44:55Z,69beb4cc-0300-187f-3e6a-2fc2ad3c1852,69BEB4C,09f3f547-814c-62da-b814-f9f676392ff5,#8313,,6.37,EUR
KL202603169907,2026-03-16T07:45:00Z,FEE,PURCHASE_FEE_FIXED,2026-03-11T19:44:55Z,2026-03-11T19:44:55Z,69beb4cc-0300-187f-3e6a-2fc2ad3c1852,69BEB4C,09f3f547-814c-62da-b814-f9f676392ff5,#8313,,0.35,EUR
KL202603169907,2026-03-16T07:45:00Z,SALE,,2026-03-11T19:49:08Z,2026-03-11T19:49:08Z,309d87b5-25d9-6c1c-2140-a24f0bf7f8dc,309D87B,21d7000b-a767-e847-c6c5-7c41087dc448,#8314,,113.60,EUR
KL202603169907,2026-03-16T07:45:00Z,FEE,PURCHASE_FEE_PERCENTAGE,2026-03-11T19:49:08Z,2026-03-11T19:49:08Z,309d87b5-25d9-6c1c-2140-a24f0bf7f8dc,309D87B,21d7000b-a767-e847-c6c5-7c41087dc448,#8314,,3.40,EUR
KL202603169907,2026-03-16T07:45:00Z,FEE,PURCHASE_FEE_FIXED,2026-03-11T19:49:08Z,2026-03-11T19:49:08Z,309d87b5-25d9-6c1c-2140-a24f0bf7f8dc,309D87B,21d7000b-a767-e847-c6c5-7c41087dc448,#8314,,0.35,EUR
KL202603169907,2026-03-16T07:45:00Z,SALE,,2026-03-11T19:56:34Z,2026-03-11T19:56:34Z,13465df5-8774-cfae-e334-5394a9d82f9b,13465DF,c44e2279-735d-a828-fd80-22bd66a58000,#8316,,27.45,EUR
KL202603169907,2026-03-16T07:45:00Z,FEE,PURCHASE_FEE_PERCENTAGE,2026-03-11T19:56:34Z,2026-03-11T19:56:34Z,13465df5-8774-cfae-e334-5394a9d82f9b,13465DF,c44e2279-735d-a828-fd80-22bd66a58000,#8316,,0.82,EUR
KL202603169907,2026-03-16T07:45:00Z,FEE,PURCHASE_FEE_FIXED,2026-03-11T19:56:34Z,2026-03-11T19:56:34Z,13465df5-8774-cfae-e334-5394a9d82f9b,13465DF,c44e2279-735d-a828-fd80-22bd66a58000,#8316,,0.35,EUR
KL202603169907,2026-03-16T07:45:00Z,SALE,,2026-03-11T20:30:30Z,2026-03-11T20:30:30Z,1f720b2d-bae2-90a5-43ed-a99de85c4b62,1F720B2,d3246d00-e41f-8b40-3d39-0a53b1f0fd44,#8319,,73.95,EUR
KL202603169907,2026-03-16T07:45:00Z,FEE,PURCHASE_FEE_PERCENTAGE,2026-03-11T20:30:30Z,2026-03-11T20:30:30Z,1f720b2d-bae2-90a5-43ed-a99de85c4b62,1F720B2,d3246d00-e41f-8b40-3d39-0a53b1f0fd44,#8319,,2.21,EUR
KL202603169907,2026-03-16T07:45:00Z,FEE,PURCHASE_FEE_FIXED,2026-03-11T20:30:30Z,2026-03-11T20:30:30Z,1f720b2d-bae2-90a5-43ed-a99de85c4b62,1F720B2,d3246d00-e41f-8b40-3d39-0a53b1f0fd44,#8319,,0.35,EUR
KL202603169907,2026-03-16T07:45:00Z,SALE,,2026-03-11T20:35:48Z,2026-03-11T20:35:48Z,9c39d423-6887-267d-f996-983be249a0b1,9C39D42,9536e560-f6a8-e5e6-2680-08c564f8f0d9,#8320,,109.00,EUR
KL202603169907,2026-03-16T07:45:00Z,FEE,PURCHASE_FEE_PERCENTAGE,2026-03-11T20:35:48Z,2026-03-11T20:35:48Z,9c39d423-6887-267d-f996-983be249a0b1,9C39D42,9536e560-f6a8-e5e6-2680-08c564f8f0d9,#8320,,3.26,EUR
KL202603169907,2026-03-16T07:45:00Z,FEE,PURCHASE_FEE_FIXED,2026-03-11T20:35:48Z,2026-03-11T20:35:48Z,9c39d423-6887-267d-f996-983be249a0b1,9C39D42,9536e560-f6a8-e5e6-2680-08c564f8f0d9,#8320,,0.35,EUR
KL202603169907,2026-03-16T07:45:00Z,SALE,,2026-03-11T21:05:39Z,2026-03-11T21:05:39Z,1c96e56c-fb80-8821-cf7c-935f9d29872a,1C96E56,af2fccf3-d5d6-8e73-3235-58a1681cc57d,#8324,,52.95,EUR
KL202603169907,2026-03-16T07:45:00Z,FEE,PURCHASE_FEE_PERCENTAGE,2026-03-11T21:05:39Z,2026-03-11T21:05:39Z,1c96e56c-fb80-8821-cf7c-935f9d29872a,1C96E56,af2fccf3-d5d6-8e73-3235-58a1681cc57d,#8324,,1.58,EUR
KL202603169907,2026-03-16T07:45:00Z,FEE,PURCHASE_FEE_FIXED,2026-03-11T21:05:39Z,2026-03-11T21:05:39Z,1c96e56c-fb80-8821-cf7c-935f9d29872a,1C96E56,af2fccf3-d5d6-8e73-3235-58a1681cc57d,#8324,,0.35,EUR
KL202603169907,2026-03-16T07:45:00Z,SALE,,2026-03-11T21:05:41Z,2026-03-11T21:05:41Z,3f1547e8-04a9-e8da-6ef6-d0e592142fda,3F1547E,269a194b-f8cc-acd0-c792-bf927199e763,#8323,,267.00,EUR
KL202603169907,2026-03-16T07:45:00Z,FEE,PURCHASE_FEE_PERCENTAGE,2026-03-11T21:05:41Z,2026-03-11T21:05:41Z,3f1547e8-04a9-e8da-6ef6-d0e592142fda,3F1547E,269a194b-f8cc-acd0-c792-bf927199e763,#8323,,7.98,EUR
KL202603169907,2026-03-16T07:45:00Z,FEE,PURCHASE_FEE_FIXED,2026-03-11T21:05:41Z,2026-03-11T21:05:41Z,3f1547e8-04a9-e8da-6ef6-d0e592142fda,3F1547E,269a194b-f8cc-acd0-c792-bf927199e763,#8323,,0.35,EUR
KL202603169907,2026-03-16T07:45:00Z,SALE,,2026-03-11T21:30:08Z,2026-03-11T21:30:08Z,40de9562-4ba2-cc3a-22c2-4fb5bd6006d0,40DE956,616beaaf-faad-c309-a1c1-e3854fc176d6,#8325,,187.00,EUR
KL202603169907,2026-03-16T07:45:00Z,FEE,PURCHASE_FEE_PERCENTAGE,2026-03-11T21:30:08Z,2026-03-11T21:30:08Z,40de9562-4ba2-cc3a-22c2-4fb5bd6006d0,40DE956,616beaaf-faad-c309-a1c1-e3854fc176d6,#8325,,5.59,EUR
KL202603169907,2026-03-16T07:45:00Z,FEE,PURCHASE_FEE_FIXED,2026-03-11T21:30:08Z,2026-03-11T21:30:08Z,40de9562-4ba2-cc3a-22c2-4fb5bd6006d0,40DE956,616beaaf-faad-c309-a1c1-e3854fc176d6,#8325,,0.35,EUR
KL202603169907,2026-03-16T07:45:00Z,SALE,,2026-03-11T22:00:51Z,2026-03-11T22:00:51Z,39b8150e-413f-dada-15c7-c53a2b53aec9,39B8150,c2127ed1-b5de-b486-d1f4-099ce08455a5,#8327,,61.95,EUR
KL202603169907,2026-03-16T07:45:00Z,FEE,PURCHASE_FEE_PERCENTAGE,2026-03-11T22:00:51Z,2026-03-11T22:00:51Z,39b8150e-413f-dada-15c7-c53a2b53aec9,39B8150,c2127ed1-b5de-b486-d1f4-099ce08455a5,#8327,,1.85,EUR
KL202603169907,2026-03-16T07:45:00Z,FEE,PURCHASE_FEE_FIXED,2026-03-11T22:00:51Z,2026-03-11T22:00:51Z,39b8150e-413f-dada-15c7-c53a2b53aec9,39B8150,c2127ed1-b5de-b486-d1f4-099ce08455a5,#8327,,0.35,EUR
KL202603169907,2026-03-16T07:45:00Z,SALE,,2026-03-12T02:05:38Z,2026-03-12T02:05:38Z,a8a2ea24-e954-649b-f446-b8bc54bb373c,A8A2EA2,4a2df697-6bf4-0502-9650-48dbe368036b,#8333,,114.00,EUR
KL202603169907,2026-03-16T07:45:00Z,FEE,PURCHASE_FEE_PERCENTAGE,2026-03-12T02:05:38Z,2026-03-12T02:05:38Z,a8a2ea24-e954-649b-f446-b8bc54bb373c,A8A2EA2,4a2df697-6bf4-0502-9650-48dbe368036b,#8333,,3.41,EUR
KL202603169907,2026-03-16T07:45:00Z,FEE,PURCHASE_FEE_FIXED,2026-03-12T02:05:38Z,2026-03-12T02:05:38Z,a8a2ea24-e954-649b-f446-b8bc54bb373c,A8A2EA2,4a2df697-6bf4-0502-9650-48dbe368036b,#8333,,0.35,EUR
KL202603169907,2026-03-16T07:45:00Z,SALE,,2026-03-12T04:36:16Z,2026-03-12T04:36:16Z,fe789b99-6808-844c-8bd4-7b980c8f08be,FE789B9,d87a51b9-9bba-df6a-5e41-d9d23642c874,#8335,,328.00,EUR
KL202603169907,2026-03-16T07:45:00Z,FEE,PURCHASE_FEE_PERCENTAGE,2026-03-12T04:36:16Z,2026-03-12T04:36:16Z,fe789b99-6808-844c-8bd4-7b980c8f08be,FE789B9,d87a51b9-9bba-df6a-5e41-d9d23642c874,#8335,,9.81,EUR
KL202603169907,2026-03-16T07:45:00Z,FEE,PURCHASE_FEE_FIXED,2026-03-12T04:36:16Z,2026-03-12T04:36:16Z,fe789b99-6808-844c-8bd4-7b980c8f08be,FE789B9,d87a51b9-9bba-df6a-5e41-d9d23642c874,#8335,,0.35,EUR
KL202603169907,2026-03-16T07:45:00Z,SALE,,2026-03-12T09:16:03Z,2026-03-12T09:16:03Z,40219755-49ec-a74b-4471-2f99c2c5c235,4021975,550c98b4-c760-a1e7-1100-97495033e134,#8340,,512.00,EUR
KL202603169907,2026-03-16T07:45:00Z,FEE,PURCHASE_FEE_PERCENTAGE,2026-03-12T09:16:03Z,2026-03-12T09:16:03Z,40219755-49ec-a74b-4471-2f99c2c5c235,4021975,550c98b4-c760-a1e7-1100-97495033e134,#8340,,15.31,EUR
KL202603169907,2026-03-16T07:45:00Z,FEE,PURCHASE_FEE_FIXED,2026-03-12T09:16:03Z,2026-03-12T09:16:03Z,40219755-49ec-a74b-4471-2f99c2c5c235,4021975,550c98b4-c760-a1e7-1100-97495033e134,#8340,,0.35,EUR
KL202603169907,2026-03-16T07:45:00Z,SALE,,2026-03-12T09:31:47Z,2026-03-12T09:31:47Z,0e413d3e-7ccc-045e-24ce-0b5dbedc9601,0E413D3,727a420c-c5a6-a2f9-b12c-43f4bc3c8f70,#8343,,156.00,EUR
KL202603169907,2026-03-16T07:45:00Z,FEE,PURCHASE_FEE_PERCENTAGE,2026-03-12T09:31:47Z,2026-03-12T09:31:47Z,0e413d3e-7ccc-045e-24ce-0b5dbedc9601,0E413D3,727a420c-c5a6-a2f9-b12c-43f4bc3c8f70,#8343,,4.66,EUR
KL202603169907,2026-03-16T07:45:00Z,FEE,PURCHASE_FEE_FIXED,2026-03-12T09:31:47Z,2026-03-12T09:31:47Z,0e413d3e-7ccc-045e-24ce-0b5dbedc9601,0E413D3,727a420c-c5a6-a2f9-b12c-43f4bc3c8f70,#8343,,0.35,EUR
KL202603169907,2026-03-16T07:45:00Z,SALE,,2026-03-12T11:37:39Z,2026-03-12T11:37:39Z,d5999fe5-ca4d-4dc7-e158-47a061d496dd,D5999FE,e9c87c45-f2a4-b53a-479e-f8f73bc07ffc,#8349,,76.95,EUR
KL202603169907,2026-03-16T07:45:00Z,FEE,PURCHASE_FEE_PERCENTAGE,2026-03-12T11:37:39Z,2026-03-12T11:37:39Z,d5999fe5-ca4d-4dc7-e158-47a061d496dd,D5999FE,e9c87c45-f2a4-b53a-479e-f8f73bc07ffc,#8349,,2.30,EUR
KL202603169907,2026-03-16T07:45:00Z,FEE,PURCHASE_FEE_FIXED,2026-03-12T11:37:39Z,2026-03-12T11:37:39Z,d5999fe5-ca4d-4dc7-e158-47a061d496dd,D5999FE,e9c87c45-f2a4-b53a-479e-f8f73bc07ffc,#8349,,0.35,EUR
KL202603169907,2026-03-16T07:45:00Z,SALE,,2026-03-12T12:10:46Z,2026-03-12T12:10:46Z,f2712564-194a-b508-db8a-ef5c569dbc26,F271256,c97b418d-5309-b4ec-f489-8decad5118c4,#8352,,73.95,EUR
KL202603169907,2026-03-16T07:45:00Z,FEE,PURCHASE_FEE_PERCENTAGE,2026-03-12T12:10:46Z,2026-03-12T12:10:46Z,f2712564-194a-b508-db8a-ef5c569dbc26,F271256,c97b418d-5309-b4ec-f489-8decad5118c4,#8352,,2.21,EUR
KL202603169907,2026-03-16T07:45:00Z,FEE,PURCHASE_FEE_FIXED,2026-03-12T12:10:46Z,2026-03-12T12:10:46Z,f2712564-194a-b508-db8a-ef5c569dbc26,F271256,c97b418d-5309-b4ec-f489-8decad5118c4,#8352,,0.35,EUR
KL202603169907,2026-03-16T07:45:00Z,SALE,,2026-03-12T13:23:47Z,2026-03-12T13:23:47Z,864c3c3c-ef54-134d-1c26-c49f50139a0e,864C3C3,c8e17ad3-e4d7-bf10-e6c1-9c4690252cdb,#8357,,402.00,EUR
KL202603169907,2026-03-16T07:45:00Z,FEE,PURCHASE_FEE_PERCENTAGE,2026-03-12T13:23:47Z,2026-03-12T13:23:47Z,864c3c3c-ef54-134d-1c26-c49f50139a0e,864C3C3,c8e17ad3-e4d7-bf10-e6c1-9c4690252cdb,#8357,,12.02,EUR
KL202603169907,2026-03-16T07:45:00Z,FEE,PURCHASE_FEE_FIXED,2026-03-12T13:23:47Z,2026-03-12T13:23:47Z,864c3c3c-ef54-134d-1c26-c49f50139a0e,864C3C3,c8e17ad3-e4d7-bf10-e6c1-9c4690252cdb,#8357,,0.35,EUR
KL202603169907,2026-03-16T07:45:00Z,SALE,,2026-03-12T19:07:27Z,2026-03-12T19:07:27Z,249910db-b777-929d-e63f-83a4a6cc8596,249910D,bbc5f252-e655-63f1-9e30-910493c57b22,#8372,,74.95,EUR
KL202603169907,2026-03-16T07:45:00Z,FEE,PURCHASE_FEE_PERCENTAGE,2026-03-12T19:07:27Z,2026-03-12T19:07:27Z,249910db-b777-929d-e63f-83a4a6cc8596,249910D,bbc5f252-e655-63f1-9e30-910493c57b22,#8372,,2.24,EUR
KL202603169907,2026-03-16T07:45:00Z,FEE,PURCHASE_FEE_FIXED,2026-03-12T19:07:27Z,2026-03-12T19:07:27Z,249910db-b777-929d-e63f-83a4a6cc8596,249910D,bbc5f252-e655-63f1-9e30-910493c57b22,#8372,,0.35,EUR
KL202603169907,2026-03-16T07:45:00Z,SALE,,2026-03-12T21:24:57Z,2026-03-12T21:24:57Z,8fc3dd29-f9d0-6bbc-ef00-1cc83d294941,8FC3DD2,f7ece1b2-52d0-89a9-7f5a-dfb902311c0a,#8388,,39.95,EUR
KL202603169907,2026-03-16T07:45:00Z,FEE,PURCHASE_FEE_PERCENTAGE,2026-03-12T21:24:57Z,2026-03-12T21:24:57Z,8fc3dd29-f9d0-6bbc-ef00-1cc83d294941,8FC3DD2,f7ece1b2-52d0-89a9-7f5a-dfb902311c0a,#8388,,1.19,EUR
KL202603169907,2026-03-16T07:45:00Z,FEE,PURCHASE_FEE_FIXED,2026-03-12T21:24:57Z,2026-03-12T21:24:57Z,8fc3dd29-f9d0-6bbc-ef00-1cc83d294941,8FC3DD2,f7ece1b2-52d0-89a9-7f5a-dfb902311c0a,#8388,,0.35,EUR
KL202603169907,2026-03-16T07:45:00Z,SALE,,2026-03-12T23:26:55Z,2026-03-12T23:26:55Z,c08b5093-889a-30a9-d262-5756a3de54d0,C08B509,e438e637-c74c-2c17-05c4-9afaf2a1b176,#8394,,339.00,EUR
KL202603169907,2026-03-16T07:45:00Z,FEE,PURCHASE_FEE_PERCENTAGE,2026-03-12T23:26:55Z,2026-03-12T23:26:55Z,c08b5093-889a-30a9-d262-5756a3de54d0,C08B509,e438e637-c74c-2c17-05c4-9afaf2a1b176,#8394,,10.14,EUR
KL202603169907,2026-03-16T07:45:00Z,FEE,PURCHASE_FEE_FIXED,2026-03-12T23:26:55Z,2026-03-12T23:26:55Z,c08b5093-889a-30a9-d262-5756a3de54d0,C08B509,e438e637-c74c-2c17-05c4-9afaf2a1b176,#8394,,0.35,EUR
KL202603169907,2026-03-16T07:45:00Z,SALE,,2026-03-13T05:39:47Z,2026-03-13T05:39:47Z,29d8111e-d3de-0a1d-ddc7-c1098c7b425a,29D8111,56720d70-336a-ea7f-c267-8595a137584f,#8403,,33.95,EUR
KL202603169907,2026-03-16T07:45:00Z,FEE,PURCHASE_FEE_PERCENTAGE,2026-03-13T05:39:47Z,2026-03-13T05:39:47Z,29d8111e-d3de-0a1d-ddc7-c1098c7b425a,29D8111,56720d70-336a-ea7f-c267-8595a137584f,#8403,,1.02,EUR
KL202603169907,2026-03-16T07:45:00Z,FEE,PURCHASE_FEE_FIXED,2026-03-13T05:39:47Z,2026-03-13T05:39:47Z,29d8111e-d3de-0a1d-ddc7-c1098c7b425a,29D8111,56720d70-336a-ea7f-c267-8595a137584f,#8403,,0.35,EUR
KL202603169907,2026-03-16T07:45:00Z,SALE,,2026-03-13T07:32:28Z,2026-03-13T07:32:28Z,95ce9d49-fc77-1aad-8f84-249f3e9fa891,95CE9D4,03f06802-ef26-1167-dad1-4a728af218b2,#8406,,299.00,EUR
KL202603169907,2026-03-16T07:45:00Z,FEE,PURCHASE_FEE_PERCENTAGE,2026-03-13T07:32:28Z,2026-03-13T07:32:28Z,95ce9d49-fc77-1aad-8f84-249f3e9fa891,95CE9D4,03f06802-ef26-1167-dad1-4a728af218b2,#8406,,8.94,EUR
KL202603169907,2026-03-16T07:45:00Z,FEE,PURCHASE_FEE_FIXED,2026-03-13T07:32:28Z,2026-03-13T07:32:28Z,95ce9d49-fc77-1aad-8f84-249f3e9fa891,95CE9D4,03f06802-ef26-1167-dad1-4a728af218b2,#8406,,0.35,EUR
KL202603169907,2026-03-16T07:45:00Z,SALE,,2026-03-13T09:08:38Z,2026-03-13T09:08:38Z,556323e0-4267-780d-6458-df17fab93b14,556323E,e29ecea4-c48f-c603-7952-8f6e7df471ff,#8410,,302.00,EUR
KL202603169907,2026-03-16T07:45:00Z,FEE,PURCHASE_FEE_PERCENTAGE,2026-03-13T09:08:38Z,2026-03-13T09:08:38Z,556323e0-4267-780d-6458-df17fab93b14,556323E,e29ecea4-c48f-c603-7952-8f6e7df471ff,#8410,,9.03,EUR
KL202603169907,2026-03-16T07:45:00Z,FEE,PURCHASE_FEE_FIXED,2026-03-13T09:08:38Z,2026-03-13T09:08:38Z,556323e0-4267-780d-6458-df17fab93b14,556323E,e29ecea4-c48f-c603-7952-8f6e7df471ff,#8410,,0.35,EUR
KL202603169907,2026-03-16T07:45:00Z,SALE,,2026-03-13T13:54:07Z,2026-03-13T13:54:07Z,bb0f7e1e-018b-0fdf-ea5a-ce32c26bf5a6,BB0F7E1,5dd77f6c-ebde-175e-764a-382e086b5981,#8432,,443.00,EUR
KL202603169907,2026-03-16T07:45:00Z,FEE,PURCHASE_FEE_PERCENTAGE,2026-03-13T13:54:07Z,2026-03-13T13:54:07Z,bb0f7e1e-018b-0fdf-ea5a-ce32c26bf5a6,BB0F7E1,5dd77f6c-ebde-175e-764a-382e086b5981,#8432,,13.25,EUR
KL202603169907,2026-03-16T07:45:00Z,FEE,PURCHASE_FEE_FIXED,2026-03-13T13:54:07Z,2026-03-13T13:54:07Z,bb0f7e1e-018b-0fdf-ea5a-ce32c26bf5a6,BB0F7E1,5dd77f6c-ebde-175e-764a-382e086b5981,#8432,,0.35,EUR
KL202603169907,2026-03-16T07:45:00Z,SALE,,2026-03-13T15:37:38Z,2026-03-13T15:37:38Z,982d13b2-da81-4a7d-767a-92562f98ba80,982D13B,a3f917d3-fadc-f268-5ed2-e80fe98e1ac7,#8437,,406.00,EUR
KL202603169907,2026-03-16T07:45:00Z,FEE,PURCHASE_FEE_PERCENTAGE,2026-03-13T15:37:38Z,2026-03-13T15:37:38Z,982d13b2-da81-4a7d-767a-92562f98ba80,982D13B,a3f917d3-fadc-f268-5ed2-e80fe98e1ac7,#8437,,12.14,EUR
KL202603169907,2026-03-16T07:45:00Z,FEE,PURCHASE_FEE_FIXED,2026-03-13T15:37:38Z,2026-03-13T15:37:38Z,982d13b2-da81-4a7d-767a-92562f98ba80,982D13B,a3f917d3-fadc-f268-5ed2-e80fe98e1ac7,#8437,,0.35,EUR
KL202603169907,2026-03-16T07:45:00Z,SALE,,2026-03-13T15:54:05Z,2026-03-13T15:54:05Z,c9dbabed-3f1c-75a4-fcbe-8b71e4cc2298,C9DBABE,b1ed2d4b-ce18-7ce6-1413-d4f8913b9c92,#8440,,158.00,EUR
KL202603169907,2026-03-16T07:45:00Z,FEE,PURCHASE_FEE_PERCENTAGE,2026-03-13T15:54:05Z,2026-03-13T15:54:05Z,c9dbabed-3f1c-75a4-fcbe-8b71e4cc2298,C9DBABE,b1ed2d4b-ce18-7ce6-1413-d4f8913b9c92,#8440,,4.72,EUR
KL202603169907,2026-03-16T07:45:00Z,FEE,PURCHASE_FEE_FIXED,2026-03-13T15:54:05Z,2026-03-13T15:54:05Z,c9dbabed-3f1c-75a4-fcbe-8b71e4cc2298,C9DBABE,b1ed2d4b-ce18-7ce6-1413-d4f8913b9c92,#8440,,0.35,EUR
KL202603169907,2026-03-16T07:45:00Z,SALE,,2026-03-13T16:00:32Z,2026-03-13T16:00:32Z,15da5b3c-79d6-4e6d-8cb5-731dae5c742c,15DA5B3,600a2501-f17c-50db-aabd-9970b084e043,#8441,,392.00,EUR
KL202603169907,2026-03-16T07:45:00Z,FEE,PURCHASE_FEE_PERCENTAGE,2026-03-13T16:00:32Z,2026-03-13T16:00:32Z,15da5b3c-79d6-4e6d-8cb5-731dae5c742c,15DA5B3,600a2501-f17c-50db-aabd-9970b084e043,#8441,,11.72,EUR
KL202603169907,2026-03-16T07:45:00Z,FEE,PURCHASE_FEE_FIXED,2026-03-13T16:00:32Z,2026-03-13T16:00:32Z,15da5b3c-79d6-4e6d-8cb5-731dae5c742c,15DA5B3,600a2501-f17c-50db-aabd-9970b084e043,#8441,,0.35,EUR
KL202603169907,2026-03-16T07:45:00Z,SALE,,2026-03-13T18:21:51Z,2026-03-13T18:21:51Z,11d84fdf-47c4-0054-d3a1-99486d9a9319,11D84FD,441825fe-68ef-155a-97b7-b8734360dba7,#8459,,285.30,EUR
KL202603169907,2026-03-16T07:45:00Z,FEE,PURCHASE_FEE_PERCENTAGE,2026-03-13T18:21:51Z,2026-03-13T18:21:51Z,11d84fdf-47c4-0054-d3a1-99486d9a9319,11D84FD,441825fe-68ef-155a-97b7-b8734360dba7,#8459,,8.53,EUR
KL202603169907,2026-03-16T07:45:00Z,FEE,PURCHASE_FEE_FIXED,2026-03-13T18:21:51Z,2026-03-13T18:21:51Z,11d84fdf-47c4-0054-d3a1-99486d9a9319,11D84FD,441825fe-68ef-155a-97b7-b8734360dba7,#8459,,0.35,EUR
KL202603169907,2026-03-16T07:45:00Z,SALE,,2026-03-13T18:22:04Z,2026-03-13T18:22:04Z,eef68801-1d53-1fd1-4089-edf7810ee108,EEF6880,540ed46d-b6bf-e92f-3425-d080350cb688,#8460,,84.15,EUR
KL202603169907,2026-03-16T07:45:00Z,FEE,PURCHASE_FEE_PERCENTAGE,2026-03-13T18:22:04Z,2026-03-13T18:22:04Z,eef68801-1d53-1fd1-4089-edf7810ee108,EEF6880,540ed46d-b6bf-e92f-3425-d080350cb688,#8460,,2.52,EUR
KL202603169907,2026-03-16T07:45:00Z,FEE,PURCHASE_FEE_FIXED,2026-03-13T18:22:04Z,2026-03-13T18:22:04Z,eef68801-1d53-1fd1-4089-edf7810ee108,EEF6880,540ed46d-b6bf-e92f-3425-d080350cb688,#8460,,0.35,EUR
KL202603169907,2026-03-16T07:45:00Z,SALE,,2026-03-13T18:57:22Z,2026-03-13T18:57:22Z,d5dcf802-ff4d-e160-b677-4bac12c91256,D5DCF80,2ccb5ba1-9854-1906-d64d-e171c35256d7,#8463,,127.80,EUR
KL202603169907,2026-03-16T07:45:00Z,FEE,PURCHASE_FEE_PERCENTAGE,2026-03-13T18:57:22Z,2026-03-13T18:57:22Z,d5dcf802-ff4d-e160-b677-4bac12c91256,D5DCF80,2ccb5ba1-9854-1906-d64d-e171c35256d7,#8463,,3.82,EUR
KL202603169907,2026-03-16T07:45:00Z,FEE,PURCHASE_FEE_FIXED,2026-03-13T18:57:22Z,2026-03-13T18:57:22Z,d5dcf802-ff4d-e160-b677-4bac12c91256,D5DCF80,2ccb5ba1-9854-1906-d64d-e171c35256d7,#8463,,0.35,EUR
KL202603169907,2026-03-16T07:45:00Z,SALE,,2026-03-13T19:24:35Z,2026-03-13T19:24:35Z,59c4c1a8-a07e-81e5-fcf6-3d45d30b6334,59C4C1A,22c5bea7-289d-d7fb-ef61-0d60027ae352,#8466,,101.95,EUR
KL202603169907,2026-03-16T07:45:00Z,FEE,PURCHASE_FEE_PERCENTAGE,2026-03-13T19:24:35Z,2026-03-13T19:24:35Z,59c4c1a8-a07e-81e5-fcf6-3d45d30b6334,59C4C1A,22c5bea7-289d-d7fb-ef61-0d60027ae352,#8466,,3.05,EUR
KL202603169907,2026-03-16T07:45:00Z,FEE,PURCHASE_FEE_FIXED,2026-03-13T19:24:35Z,2026-03-13T19:24:35Z,59c4c1a8-a07e-81e5-fcf6-3d45d30b6334,59C4C1A,22c5bea7-289d-d7fb-ef61-0d60027ae352,#8466,,0.35,EUR
KL202603169907,2026-03-16T07:45:00Z,SALE,,2026-03-13T19:49:29Z,2026-03-13T19:49:29Z,05e17ddf-2eca-9c91-2e91-1a314d8ddcab,05E17DD,c2c7cb10-287c-c592-08bc-852dbaf17a14,#8468,,35.35,EUR
KL202603169907,2026-03-16T07:45:00Z,FEE,PURCHASE_FEE_PERCENTAGE,2026-03-13T19:49:29Z,2026-03-13T19:49:29Z,05e17ddf-2eca-9c91-2e91-1a314d8ddcab,05E17DD,c2c7cb10-287c-c592-08bc-852dbaf17a14,#8468,,1.06,EUR
KL202603169907,2026-03-16T07:45:00Z,FEE,PURCHASE_FEE_FIXED,2026-03-13T19:49:29Z,2026-03-13T19:49:29Z,05e17ddf-2eca-9c91-2e91-1a314d8ddcab,05E17DD,c2c7cb10-287c-c592-08bc-852dbaf17a14,#8468,,0.35,EUR
KL202603169907,2026-03-16T07:45:00Z,SALE,,2026-03-13T20:17:41Z,2026-03-13T20:17:41Z,49b70dc6-d4b3-ddde-8d0b-1e8257381bb2,49B70DC,9d577813-98c7-50df-8b3f-b7afa8db4baf,#8472,,28.15,EUR
KL202603169907,2026-03-16T07:45:00Z,FEE,PURCHASE_FEE_PERCENTAGE,2026-03-13T20:17:41Z,2026-03-13T20:17:41Z,49b70dc6-d4b3-ddde-8d0b-1e8257381bb2,49B70DC,9d577813-98c7-50df-8b3f-b7afa8db4baf,#8472,,0.84,EUR
KL202603169907,2026-03-16T07:45:00Z,FEE,PURCHASE_FEE_FIXED,2026-03-13T20:17:41Z,2026-03-13T20:17:41Z,49b70dc6-d4b3-ddde-8d0b-1e8257381bb2,49B70DC,9d577813-98c7-50df-8b3f-b7afa8db4baf,#8472,,0.35,EUR
KL202603169907,2026-03-16T07:45:00Z,SALE,,2026-03-13T23:33:44Z,2026-03-13T23:33:44Z,08a6d185-972a-ef11-f743-af3ea3baf0c3,08A6D18,d1984e7c-c6ec-b9ff-4fd7-bc61d88f81cf,#8485,,252.00,EUR
KL202603169907,2026-03-16T07:45:00Z,FEE,PURCHASE_FEE_PERCENTAGE,2026-03-13T23:33:44Z,2026-03-13T23:33:44Z,08a6d185-972a-ef11-f743-af3ea3baf0c3,08A6D18,d1984e7c-c6ec-b9ff-4fd7-bc61d88f81cf,#8485,,7.53,EUR
KL202603169907,2026-03-16T07:45:00Z,FEE,PURCHASE_FEE_FIXED,2026-03-13T23:33:44Z,2026-03-13T23:33:44Z,08a6d185-972a-ef11-f743-af3ea3baf0c3,08A6D18,d1984e7c-c6ec-b9ff-4fd7-bc61d88f81cf,#8485,,0.35,EUR
KL202603169907,2026-03-16T07:45:00Z,SALE,,2026-03-14T03:39:32Z,2026-03-14T03:39:32Z,33035fe2-2b53-54ec-22e3-b581ce7f0399,33035FE,fb34f1cf-3378-b3e4-317b-c8e2adfe4b6f,#8490,,66.95,EUR
KL202603169907,2026-03-16T07:45:00Z,FEE,PURCHASE_FEE_PERCENTAGE,2026-03-14T03:39:32Z,2026-03-14T03:39:32Z,33035fe2-2b53-54ec-22e3-b581ce7f0399,33035FE,fb34f1cf-3378-b3e4-317b-c8e2adfe4b6f,#8490,,2.00,EUR
KL202603169907,2026-03-16T07:45:00Z,FEE,PURCHASE_FEE_FIXED,2026-03-14T03:39:32Z,2026-03-14T03:39:32Z,33035fe2-2b53-54ec-22e3-b581ce7f0399,33035FE,fb34f1cf-3378-b3e4-317b-c8e2adfe4b6f,#8490,,0.35,EUR
KL202603169907,2026-03-16T07:45:00Z,SALE,,2026-03-14T07:21:06Z,2026-03-14T07:21:06Z,6a296d8d-24cd-5a27-f365-968470d0ab9a,6A296D8,55978b0b-0ce5-d7d8-3ea2-be5eb66b903d,#8494,,49.95,EUR
KL202603169907,2026-03-16T07:45:00Z,FEE,PURCHASE_FEE_PERCENTAGE,2026-03-14T07:21:06Z,2026-03-14T07:21:06Z,6a296d8d-24cd-5a27-f365-968470d0ab9a,6A296D8,55978b0b-0ce5-d7d8-3ea2-be5eb66b903d,#8494,,1.49,EUR
KL202603169907,2026-03-16T07:45:00Z,FEE,PURCHASE_FEE_FIXED,2026-03-14T07:21:06Z,2026-03-14T07:21:06Z,6a296d8d-24cd-5a27-f365-968470d0ab9a,6A296D8,55978b0b-0ce5-d7d8-3ea2-be5eb66b903d,#8494,,0.35,EUR
KL202603169907,2026-03-16T07:45:00Z,SALE,,2026-03-14T07:25:56Z,2026-03-14T07:25:56Z,9672d644-9c9d-a858-abed-25c4069d0e97,9672D64,7dbde99f-fe72-1df6-6e47-38c40fb28e9e,#8495,,72.95,EUR
KL202603169907,2026-03-16T07:45:00Z,FEE,PURCHASE_FEE_PERCENTAGE,2026-03-14T07:25:56Z,2026-03-14T07:25:56Z,9672d644-9c9d-a858-abed-25c4069d0e97,9672D64,7dbde99f-fe72-1df6-6e47-38c40fb28e9e,#8495,,2.18,EUR
KL202603169907,2026-03-16T07:45:00Z,FEE,PURCHASE_FEE_FIXED,2026-03-14T07:25:56Z,2026-03-14T07:25:56Z,9672d644-9c9d-a858-abed-25c4069d0e97,9672D64,7dbde99f-fe72-1df6-6e47-38c40fb28e9e,#8495,,0.35,EUR
KL202603169907,2026-03-16T07:45:00Z,SALE,,2026-03-14T08:25:07Z,2026-03-14T08:25:07Z,a9a09843-d79d-e319-3f56-2aa9c5a1cfd6,A9A0984,c9ea65a8-c48c-29b2-898c-644d754c4fd5,#8498,,372.60,EUR
KL202603169907,2026-03-16T07:45:00Z,FEE,PURCHASE_FEE_PERCENTAGE,2026-03-14T08:25:07Z,2026-03-14T08:25:07Z,a9a09843-d79d-e319-3f56-2aa9c5a1cfd6,A9A0984,c9ea65a8-c48c-29b2-898c-644d754c4fd5,#8498,,11.14,EUR
KL202603169907,2026-03-16T07:45:00Z,FEE,PURCHASE_FEE_FIXED,2026-03-14T08:25:07Z,2026-03-14T08:25:07Z,a9a09843-d79d-e319-3f56-2aa9c5a1cfd6,A9A0984,c9ea65a8-c48c-29b2-898c-644d754c4fd5,#8498,,0.35,EUR
KL202603169907,2026-03-16T07:45:00Z,SALE,,2026-03-14T08:34:11Z,2026-03-14T08:34:11Z,0621bdf9-54b5-985d-4704-37186eea6f86,0621BDF,43452f29-9dee-90b4-7cd8-149a482ac9fc,#8500,,131.95,EUR
KL202603169907,2026-03-16T07:45:00Z,FEE,PURCHASE_FEE_PERCENTAGE,2026-03-14T08:34:11Z,2026-03-14T08:34:11Z,0621bdf9-54b5-985d-4704-37186eea6f86,0621BDF,43452f29-9dee-90b4-7cd8-149a482ac9fc,#8500,,3.95,EUR
KL202603169907,2026-03-16T07:45:00Z,FEE,PURCHASE_FEE_FIXED,2026-03-14T08:34:11Z,2026-03-14T08:34:11Z,0621bdf9-54b5-985d-4704-37186eea6f86,0621BDF,43452f29-9dee-90b4-7cd8-149a482ac9fc,#8500,,0.35,EUR
KL202603169907,2026-03-16T07:45:00Z,RETURN,,2026-03-14T08:34:11Z,2026-03-14T08:34:11Z,0621bdf9-54b5-985d-4704-37186eea6f86,0621BDF,,#8500,,39.27,EUR
KL202603169907,2026-03-16T07:45:00Z,SALE,,2026-03-14T09:22:31Z,2026-03-14T09:22:31Z,f3cbd954-8789-7e29-99ff-23efb1793036,F3CBD95,04dcd96d-27a0-a2f9-8e1f-8fb903945e4e,#8503,,201.95,EUR
KL202603169907,2026-03-16T07:45:00Z,FEE,PURCHASE_FEE_PERCENTAGE,2026-03-14T09:22:31Z,2026-03-14T09:22:31Z,f3cbd954-8789-7e29-99ff-23efb1793036,F3CBD95,04dcd96d-27a0-a2f9-8e1f-8fb903945e4e,#8503,,6.04,EUR
KL202603169907,2026-03-16T07:45:00Z,FEE,PURCHASE_FEE_FIXED,2026-03-14T09:22:31Z,2026-03-14T09:22:31Z,f3cbd954-8789-7e29-99ff-23efb1793036,F3CBD95,04dcd96d-27a0-a2f9-8e1f-8fb903945e4e,#8503,,0.35,EUR
KL202603169907,2026-03-16T07:45:00Z,SALE,,2026-03-14T10:29:57Z,2026-03-14T10:29:57Z,544a9446-9714-8bfa-a48d-995c09eb4b85,544A944,581deef3-2b26-23bb-aa46-3b66e1b4359c,#8513,,294.00,EUR
KL202603169907,2026-03-16T07:45:00Z,FEE,PURCHASE_FEE_PERCENTAGE,2026-03-14T10:29:57Z,2026-03-14T10:29:57Z,544a9446-9714-8bfa-a48d-995c09eb4b85,544A944,581deef3-2b26-23bb-aa46-3b66e1b4359c,#8513,,8.79,EUR
KL202603169907,2026-03-16T07:45:00Z,FEE,PURCHASE_FEE_FIXED,2026-03-14T10:29:57Z,2026-03-14T10:29:57Z,544a9446-9714-8bfa-a48d-995c09eb4b85,544A944,581deef3-2b26-23bb-aa46-3b66e1b4359c,#8513,,0.35,EUR
KL202603169907,2026-03-16T07:45:00Z,SALE,,2026-03-14T12:31:26Z,2026-03-14T12:31:26Z,63072499-7f85-1c2d-31bf-ef354f5455b6,6307249,26a903d7-b5dc-8684-f1fa-0140209e9798,#8521,,68.95,EUR
KL202603169907,2026-03-16T07:45:00Z,FEE,PURCHASE_FEE_PERCENTAGE,2026-03-14T12:31:26Z,2026-03-14T12:31:26Z,63072499-7f85-1c2d-31bf-ef354f5455b6,6307249,26a903d7-b5dc-8684-f1fa-0140209e9798,#8521,,2.06,EUR
KL202603169907,2026-03-16T07:45:00Z,FEE,PURCHASE_FEE_FIXED,2026-03-14T12:31:26Z,2026-03-14T12:31:26Z,63072499-7f85-1c2d-31bf-ef354f5455b6,6307249,26a903d7-b5dc-8684-f1fa-0140209e9798,#8521,,0.35,EUR
KL202603169907,2026-03-16T07:45:00Z,SALE,,2026-03-14T12:43:24Z,2026-03-14T12:43:24Z,5c21a5f3-ce7d-92f4-39e3-22b3a5e5efdb,5C21A5F,ff16c491-7330-dc6f-a96a-143dd6268079,#8523,,259.95,EUR
KL202603169907,2026-03-16T07:45:00Z,FEE,PURCHASE_FEE_PERCENTAGE,2026-03-14T12:43:24Z,2026-03-14T12:43:24Z,5c21a5f3-ce7d-92f4-39e3-22b3a5e5efdb,5C21A5F,ff16c491-7330-dc6f-a96a-143dd6268079,#8523,,7.77,EUR
KL202603169907,2026-03-16T07:45:00Z,FEE,PURCHASE_FEE_FIXED,2026-03-14T12:43:24Z,2026-03-14T12:43:24Z,5c21a5f3-ce7d-92f4-39e3-22b3a5e5efdb,5C21A5F,ff16c491-7330-dc6f-a96a-143dd6268079,#8523,,0.35,EUR
KL202603169907,2026-03-16T07:45:00Z,SALE,,2026-03-14T13:39:29Z,2026-03-14T13:39:29Z,67470740-ec06-0837-fcaf-d2e01f17ff19,6747074,1183c21f-2014-cb15-9ea2-e3315143cb3b,#8527,,77.95,EUR
KL202603169907,2026-03-16T07:45:00Z,FEE,PURCHASE_FEE_PERCENTAGE,2026-03-14T13:39:29Z,2026-03-14T13:39:29Z,67470740-ec06-0837-fcaf-d2e01f17ff19,6747074,1183c21f-2014-cb15-9ea2-e3315143cb3b,#8527,,2.33,EUR
KL202603169907,2026-03-16T07:45:00Z,FEE,PURCHASE_FEE_FIXED,2026-03-14T13:39:29Z,2026-03-14T13:39:29Z,67470740-ec06-0837-fcaf-d2e01f17ff19,6747074,1183c21f-2014-cb15-9ea2-e3315143cb3b,#8527,,0.35,EUR
KL202603169907,2026-03-16T07:45:00Z,SALE,,2026-03-14T14:12:22Z,2026-03-14T14:12:22Z,d7b1d34d-0bac-917c-2191-698130deab58,D7B1D34,44cf2647-cee2-9e51-9c40-392165c7acba,#8531,,292.00,EUR
KL202603169907,2026-03-16T07:45:00Z,FEE,PURCHASE_FEE_PERCENTAGE,2026-03-14T14:12:22Z,2026-03-14T14:12:22Z,d7b1d34d-0bac-917c-2191-698130deab58,D7B1D34,44cf2647-cee2-9e51-9c40-392165c7acba,#8531,,8.73,EUR
KL202603169907,2026-03-16T07:45:00Z,FEE,PURCHASE_FEE_FIXED,2026-03-14T14:12:22Z,2026-03-14T14:12:22Z,d7b1d34d-0bac-917c-2191-698130deab58,D7B1D34,44cf2647-cee2-9e51-9c40-392165c7acba,#8531,,0.35,EUR
KL202603169907,2026-03-16T07:45:00Z,SALE,,2026-03-14T14:50:28Z,2026-03-14T14:50:28Z,0ee37dcb-baaa-122e-3071-4058e1e582fc,0EE37DC,3e04cb76-4dc2-ecdf-1820-0f5ecccdd42d,#8536,,357.30,EUR
KL202603169907,2026-03-16T07:45:00Z,FEE,PURCHASE_FEE_PERCENTAGE,2026-03-14T14:50:28Z,2026-03-14T14:50:28Z,0ee37dcb-baaa-122e-3071-4058e1e582fc,0EE37DC,3e04cb76-4dc2-ecdf-1820-0f5ecccdd42d,#8536,,10.68,EUR
KL202603169907,2026-03-16T07:45:00Z,FEE,PURCHASE_FEE_FIXED,2026-03-14T14:50:28Z,2026-03-14T14:50:28Z,0ee37dcb-baaa-122e-3071-4058e1e582fc,0EE37DC,3e04cb76-4dc2-ecdf-1820-0f5ecccdd42d,#8536,,0.35,EUR
KL202603169907,2026-03-16T07:45:00Z,SALE,,2026-03-14T15:55:56Z,2026-03-14T15:55:56Z,82e19412-a246-d2ef-13fd-c28b2f6c8a18,82E1941,ce70b0cd-ca32-0606-3d4e-05d6f9f81f94,#8543,,68.95,EUR
KL202603169907,2026-03-16T07:45:00Z,FEE,PURCHASE_FEE_PERCENTAGE,2026-03-14T15:55:56Z,2026-03-14T15:55:56Z,82e19412-a246-d2ef-13fd-c28b2f6c8a18,82E1941,ce70b0cd-ca32-0606-3d4e-05d6f9f81f94,#8543,,2.06,EUR
KL202603169907,2026-03-16T07:45:00Z,FEE,PURCHASE_FEE_FIXED,2026-03-14T15:55:56Z,2026-03-14T15:55:56Z,82e19412-a246-d2ef-13fd-c28b2f6c8a18,82E1941,ce70b0cd-ca32-0606-3d4e-05d6f9f81f94,#8543,,0.35,EUR
KL202603169907,2026-03-16T07:45:00Z,SALE,,2026-03-14T16:58:32Z,2026-03-14T16:58:32Z,2912b5d4-b89b-36c7-2a54-5d7e7e89285e,2912B5D,d5acc010-5a65-d3f3-2365-4fe27c1a008a,#8546,,89.00,EUR
KL202603169907,2026-03-16T07:45:00Z,FEE,PURCHASE_FEE_PERCENTAGE,2026-03-14T16:58:32Z,2026-03-14T16:58:32Z,2912b5d4-b89b-36c7-2a54-5d7e7e89285e,2912B5D,d5acc010-5a65-d3f3-2365-4fe27c1a008a,#8546,,2.66,EUR
KL202603169907,2026-03-16T07:45:00Z,FEE,PURCHASE_FEE_FIXED,2026-03-14T16:58:32Z,2026-03-14T16:58:32Z,2912b5d4-b89b-36c7-2a54-5d7e7e89285e,2912B5D,d5acc010-5a65-d3f3-2365-4fe27c1a008a,#8546,,0.35,EUR
KL202603169907,2026-03-16T07:45:00Z,SALE,,2026-03-14T17:19:14Z,2026-03-14T17:19:14Z,ade12ecc-04db-ee84-1c19-21da84e2e5b9,ADE12EC,7f65c8f0-ab76-84aa-03c8-e25562da3c02,#8551,,267.00,EUR
KL202603169907,2026-03-16T07:45:00Z,FEE,PURCHASE_FEE_PERCENTAGE,2026-03-14T17:19:14Z,2026-03-14T17:19:14Z,ade12ecc-04db-ee84-1c19-21da84e2e5b9,ADE12EC,7f65c8f0-ab76-84aa-03c8-e25562da3c02,#8551,,7.98,EUR
KL202603169907,2026-03-16T07:45:00Z,FEE,PURCHASE_FEE_FIXED,2026-03-14T17:19:14Z,2026-03-14T17:19:14Z,ade12ecc-04db-ee84-1c19-21da84e2e5b9,ADE12EC,7f65c8f0-ab76-84aa-03c8-e25562da3c02,#8551,,0.35,EUR
KL202603169907,2026-03-16T07:45:00Z,SALE,,2026-03-14T17:20:07Z,2026-03-14T17:20:07Z,eefcfdd7-11ad-8775-4170-51a16dc4bd42,EEFCFDD,acdb3212-f39b-ef51-e8ab-8eeddba3f831,#8552,,452.00,EUR
KL202603169907,2026-03-16T07:45:00Z,FEE,PURCHASE_FEE_PERCENTAGE,2026-03-14T17:20:07Z,2026-03-14T17:20:07Z,eefcfdd7-11ad-8775-4170-51a16dc4bd42,EEFCFDD,acdb3212-f39b-ef51-e8ab-8eeddba3f831,#8552,,13.51,EUR
KL202603169907,2026-03-16T07:45:00Z,FEE,PURCHASE_FEE_FIXED,2026-03-14T17:20:07Z,2026-03-14T17:20:07Z,eefcfdd7-11ad-8775-4170-51a16dc4bd42,EEFCFDD,acdb3212-f39b-ef51-e8ab-8eeddba3f831,#8552,,0.35,EUR
KL202603169907,2026-03-16T07:45:00Z,RETURN,,2026-03-14T17:20:07Z,2026-03-14T17:20:07Z,eefcfdd7-11ad-8775-4170-51a16dc4bd42,EEFCFDD,,#8552,,452.00,EUR
KL202603169907,2026-03-16T07:45:00Z,SALE,,2026-03-14T17:52:57Z,2026-03-14T17:52:57Z,982f442f-c8b9-ba52-d54d-e17a38bce71d,982F442,7ec06494-7d78-85d6-9172-913463828062,#8557,,163.00,EUR
KL202603169907,2026-03-16T07:45:00Z,FEE,PURCHASE_FEE_PERCENTAGE,2026-03-14T17:52:57Z,2026-03-14T17:52:57Z,982f442f-c8b9-ba52-d54d-e17a38bce71d,982F442,7ec06494-7d78-85d6-9172-913463828062,#8557,,4.87,EUR
KL202603169907,2026-03-16T07:45:00Z,FEE,PURCHASE_FEE_FIXED,2026-03-14T17:52:57Z,2026-03-14T17:52:57Z,982f442f-c8b9-ba52-d54d-e17a38bce71d,982F442,7ec06494-7d78-85d6-9172-913463828062,#8557,,0.35,EUR
KL202603169907,2026-03-16T07:45:00Z,SALE,,2026-03-14T18:22:15Z,2026-03-14T18:22:15Z,113f035e-545f-0407-c53e-74f796ed1a4a,113F035,3656751c-2610-6595-8f68-99a43b056df8,#8560,,26.55,EUR
KL202603169907,2026-03-16T07:45:00Z,FEE,PURCHASE_FEE_PERCENTAGE,2026-03-14T18:22:15Z,2026-03-14T18:22:15Z,113f035e-545f-0407-c53e-74f796ed1a4a,113F035,3656751c-2610-6595-8f68-99a43b056df8,#8560,,0.79,EUR
KL202603169907,2026-03-16T07:45:00Z,FEE,PURCHASE_FEE_FIXED,2026-03-14T18:22:15Z,2026-03-14T18:22:15Z,113f035e-545f-0407-c53e-74f796ed1a4a,113F035,3656751c-2610-6595-8f68-99a43b056df8,#8560,,0.35,EUR
KL202603169907,2026-03-16T07:45:00Z,SALE,,2026-03-14T19:02:55Z,2026-03-14T19:02:55Z,8d85d908-1594-699d-3600-5022235fc0d2,8D85D90,b7d996b0-e338-026b-0262-d3434431c080,#8564,,89.00,EUR
KL202603169907,2026-03-16T07:45:00Z,FEE,PURCHASE_FEE_PERCENTAGE,2026-03-14T19:02:55Z,2026-03-14T19:02:55Z,8d85d908-1594-699d-3600-5022235fc0d2,8D85D90,b7d996b0-e338-026b-0262-d3434431c080,#8564,,2.66,EUR
KL202603169907,2026-03-16T07:45:00Z,FEE,PURCHASE_FEE_FIXED,2026-03-14T19:02:55Z,2026-03-14T19:02:55Z,8d85d908-1594-699d-3600-5022235fc0d2,8D85D90,b7d996b0-e338-026b-0262-d3434431c080,#8564,,0.35,EUR
KL202603169907,2026-03-16T07:45:00Z,SALE,,2026-03-14T19:32:08Z,2026-03-14T19:32:08Z,0c6b4cf1-e382-d118-9b44-0602fa6ac3b8,0C6B4CF,27fb381a-0131-3c93-e039-fde92a5e8aa1,#8567,,29.95,EUR
KL202603169907,2026-03-16T07:45:00Z,FEE,PURCHASE_FEE_PERCENTAGE,2026-03-14T19:32:08Z,2026-03-14T19:32:08Z,0c6b4cf1-e382-d118-9b44-0602fa6ac3b8,0C6B4CF,27fb381a-0131-3c93-e039-fde92a5e8aa1,#8567,,0.90,EUR
KL202603169907,2026-03-16T07:45:00Z,FEE,PURCHASE_FEE_FIXED,2026-03-14T19:32:08Z,2026-03-14T19:32:08Z,0c6b4cf1-e382-d118-9b44-0602fa6ac3b8,0C6B4CF,27fb381a-0131-3c93-e039-fde92a5e8aa1,#8567,,0.35,EUR
KL202603169907,2026-03-16T07:45:00Z,SALE,,2026-03-14T20:04:03Z,2026-03-14T20:04:03Z,b6d86c27-0be6-2c9d-d768-48989e13537f,B6D86C2,d3c80dfd-a344-c503-94aa-9a8c7719fded,#8574,,308.00,EUR
KL202603169907,2026-03-16T07:45:00Z,FEE,PURCHASE_FEE_PERCENTAGE,2026-03-14T20:04:03Z,2026-03-14T20:04:03Z,b6d86c27-0be6-2c9d-d768-48989e13537f,B6D86C2,d3c80dfd-a344-c503-94aa-9a8c7719fded,#8574,,9.21,EUR
KL202603169907,2026-03-16T07:45:00Z,FEE,PURCHASE_FEE_FIXED,2026-03-14T20:04:03Z,2026-03-14T20:04:03Z,b6d86c27-0be6-2c9d-d768-48989e13537f,B6D86C2,d3c80dfd-a344-c503-94aa-9a8c7719fded,#8574,,0.35,EUR
KL202603169907,2026-03-16T07:45:00Z,SALE,,2026-03-14T20:07:57Z,2026-03-14T20:07:57Z,50e45921-61b7-a488-00dc-24f2cf2b0d45,50E4592,c70fda58-73e7-de77-e29b-882d9b191cae,#8576,,79.00,EUR
KL202603169907,2026-03-16T07:45:00Z,FEE,PURCHASE_FEE_PERCENTAGE,2026-03-14T20:07:57Z,2026-03-14T20:07:57Z,50e45921-61b7-a488-00dc-24f2cf2b0d45,50E4592,c70fda58-73e7-de77-e29b-882d9b191cae,#8576,,2.36,EUR
KL202603169907,2026-03-16T07:45:00Z,FEE,PURCHASE_FEE_FIXED,2026-03-14T20:07:57Z,2026-03-14T20:07:57Z,50e45921-61b7-a488-00dc-24f2cf2b0d45,50E4592,c70fda58-73e7-de77-e29b-882d9b191cae,#8576,,0.35,EUR
KL202603169907,2026-03-16T07:45:00Z,SALE,,2026-03-14T20:23:31Z,2026-03-14T20:23:31Z,a8ff25de-fca6-32e1-5c73-99205f42893f,A8FF25D,0b01c651-2d8f-2c4c-286f-71a6dd7d6217,#8578,,31.95,EUR
KL202603169907,2026-03-16T07:45:00Z,FEE,PURCHASE_FEE_PERCENTAGE,2026-03-14T20:23:31Z,2026-03-14T20:23:31Z,a8ff25de-fca6-32e1-5c73-99205f42893f,A8FF25D,0b01c651-2d8f-2c4c-286f-71a6dd7d6217,#8578,,0.96,EUR
KL202603169907,2026-03-16T07:45:00Z,FEE,PURCHASE_FEE_FIXED,2026-03-14T20:23:31Z,2026-03-14T20:23:31Z,a8ff25de-fca6-32e1-5c73-99205f42893f,A8FF25D,0b01c651-2d8f-2c4c-286f-71a6dd7d6217,#8578,,0.35,EUR
KL202603169907,2026-03-16T07:45:00Z,SALE,,2026-03-14T20:58:35Z,2026-03-14T20:58:35Z,964ed09d-03b8-1743-15e5-2bc49ad96094,964ED09,22a1c944-259d-9cde-3445-2a5c439f2dbc,#8582,,290.00,EUR
KL202603169907,2026-03-16T07:45:00Z,FEE,PURCHASE_FEE_PERCENTAGE,2026-03-14T20:58:35Z,2026-03-14T20:58:35Z,964ed09d-03b8-1743-15e5-2bc49ad96094,964ED09,22a1c944-259d-9cde-3445-2a5c439f2dbc,#8582,,8.67,EUR
KL202603169907,2026-03-16T07:45:00Z,FEE,PURCHASE_FEE_FIXED,2026-03-14T20:58:35Z,2026-03-14T20:58:35Z,964ed09d-03b8-1743-15e5-2bc49ad96094,964ED09,22a1c944-259d-9cde-3445-2a5c439f2dbc,#8582,,0.35,EUR
KL202603169907,2026-03-16T07:45:00Z,SALE,,2026-03-14T21:21:24Z,2026-03-14T21:21:24Z,fa698ce8-1c36-a902-9d95-342b819c5db0,FA698CE,b2912c58-9b6b-c3ac-bc8a-8c99dcd009b5,#8586,,257.00,EUR
KL202603169907,2026-03-16T07:45:00Z,FEE,PURCHASE_FEE_PERCENTAGE,2026-03-14T21:21:24Z,2026-03-14T21:21:24Z,fa698ce8-1c36-a902-9d95-342b819c5db0,FA698CE,b2912c58-9b6b-c3ac-bc8a-8c99dcd009b5,#8586,,7.68,EUR
KL202603169907,2026-03-16T07:45:00Z,FEE,PURCHASE_FEE_FIXED,2026-03-14T21:21:24Z,2026-03-14T21:21:24Z,fa698ce8-1c36-a902-9d95-342b819c5db0,FA698CE,b2912c58-9b6b-c3ac-bc8a-8c99dcd009b5,#8586,,0.35,EUR
KL202603169907,2026-03-16T07:45:00Z,SALE,,2026-03-14T21:38:52Z,2026-03-14T21:38:52Z,d02eab19-72bf-ef75-1c7b-40bbe0a3b1a8,D02EAB1,bb36dd91-9642-823e-992e-36cddc94fc36,#8591,,137.00,EUR
KL202603169907,2026-03-16T07:45:00Z,FEE,PURCHASE_FEE_PERCENTAGE,2026-03-14T21:38:52Z,2026-03-14T21:38:52Z,d02eab19-72bf-ef75-1c7b-40bbe0a3b1a8,D02EAB1,bb36dd91-9642-823e-992e-36cddc94fc36,#8591,,4.10,EUR
KL202603169907,2026-03-16T07:45:00Z,FEE,PURCHASE_FEE_FIXED,2026-03-14T21:38:52Z,2026-03-14T21:38:52Z,d02eab19-72bf-ef75-1c7b-40bbe0a3b1a8,D02EAB1,bb36dd91-9642-823e-992e-36cddc94fc36,#8591,,0.35,EUR
KL202603169907,2026-03-16T07:45:00Z,SALE,,2026-03-14T21:39:17Z,2026-03-14T21:39:17Z,2a581219-6011-e31c-113b-85c09aa7a353,2A58121,12a91640-1961-0b87-f898-9f559edf321e,#8593,,89.00,EUR
KL202603169907,2026-03-16T07:45:00Z,FEE,PURCHASE_FEE_PERCENTAGE,2026-03-14T21:39:17Z,2026-03-14T21:39:17Z,2a581219-6011-e31c-113b-85c09aa7a353,2A58121,12a91640-1961-0b87-f898-9f559edf321e,#8593,,2.66,EUR
KL202603169907,2026-03-16T07:45:00Z,FEE,PURCHASE_FEE_FIXED,2026-03-14T21:39:17Z,2026-03-14T21:39:17Z,2a581219-6011-e31c-113b-85c09aa7a353,2A58121,12a91640-1961-0b87-f898-9f559edf321e,#8593,,0.35,EUR
KL202603169907,2026-03-16T07:45:00Z,SALE,,2026-03-14T23:31:11Z,2026-03-14T23:31:11Z,734d389b-860c-16f6-e9a3-65eb88fe234a,734D389,87a7948e-0bc9-719e-4864-4bf6d8bf98ba,#8603,,31.95,EUR
KL202603169907,2026-03-16T07:45:00Z,FEE,PURCHASE_FEE_PERCENTAGE,2026-03-14T23:31:11Z,2026-03-14T23:31:11Z,734d389b-860c-16f6-e9a3-65eb88fe234a,734D389,87a7948e-0bc9-719e-4864-4bf6d8bf98ba,#8603,,0.96,EUR
KL202603169907,2026-03-16T07:45:00Z,FEE,PURCHASE_FEE_FIXED,2026-03-14T23:31:11Z,2026-03-14T23:31:11Z,734d389b-860c-16f6-e9a3-65eb88fe234a,734D389,87a7948e-0bc9-719e-4864-4bf6d8bf98ba,#8603,,0.35,EUR
KL202603169907,2026-03-16T07:45:00Z,SALE,,2026-03-15T01:18:23Z,2026-03-15T01:18:23Z,f5d381be-4dd2-57fe-75ac-8bff455705b3,F5D381B,cf888bfd-c3d9-28e3-4710-f4470aef2fa0,#8607,,335.00,EUR
KL202603169907,2026-03-16T07:45:00Z,FEE,PURCHASE_FEE_PERCENTAGE,2026-03-15T01:18:23Z,2026-03-15T01:18:23Z,f5d381be-4dd2-57fe-75ac-8bff455705b3,F5D381B,cf888bfd-c3d9-28e3-4710-f4470aef2fa0,#8607,,10.02,EUR
KL202603169907,2026-03-16T07:45:00Z,FEE,PURCHASE_FEE_FIXED,2026-03-15T01:18:23Z,2026-03-15T01:18:23Z,f5d381be-4dd2-57fe-75ac-8bff455705b3,F5D381B,cf888bfd-c3d9-28e3-4710-f4470aef2fa0,#8607,,0.35,EUR
KL202603169907,2026-03-16T07:45:00Z,SALE,,2026-03-15T05:30:33Z,2026-03-15T05:30:33Z,9edd6d15-d836-80c5-1312-022fb529a4f8,9EDD6D1,346b7b44-3440-1d23-7d2c-8976f809b77d,#8611,,88.00,EUR
KL202603169907,2026-03-16T07:45:00Z,FEE,PURCHASE_FEE_PERCENTAGE,2026-03-15T05:30:33Z,2026-03-15T05:30:33Z,9edd6d15-d836-80c5-1312-022fb529a4f8,9EDD6D1,346b7b44-3440-1d23-7d2c-8976f809b77d,#8611,,2.63,EUR
KL202603169907,2026-03-16T07:45:00Z,FEE,PURCHASE_FEE_FIXED,2026-03-15T05:30:33Z,2026-03-15T05:30:33Z,9edd6d15-d836-80c5-1312-022fb529a4f8,9EDD6D1,346b7b44-3440-1d23-7d2c-8976f809b77d,#8611,,0.35,EUR
KL202603169907,2026-03-16T07:45:00Z,SALE,,2026-03-15T05:58:48Z,2026-03-15T05:58:48Z,526b3f8d-1cc3-07cb-de01-84fced320b91,526B3F8,3686fca0-2c30-16b1-3a5c-d33bf7206aec,#8613,,119.00,EUR
KL202603169907,2026-03-16T07:45:00Z,FEE,PURCHASE_FEE_PERCENTAGE,2026-03-15T05:58:48Z,2026-03-15T05:58:48Z,526b3f8d-1cc3-07cb-de01-84fced320b91,526B3F8,3686fca0-2c30-16b1-3a5c-d33bf7206aec,#8613,,3.56,EUR
KL202603169907,2026-03-16T07:45:00Z,FEE,PURCHASE_FEE_FIXED,2026-03-15T05:58:48Z,2026-03-15T05:58:48Z,526b3f8d-1cc3-07cb-de01-84fced320b91,526B3F8,3686fca0-2c30-16b1-3a5c-d33bf7206aec,#8613,,0.35,EUR
KL202603169907,2026-03-16T07:45:00Z,SALE,,2026-03-15T06:53:51Z,2026-03-15T06:53:51Z,a012f94f-86c9-da58-0743-99a35ad46921,A012F94,3c1e8061-3bd0-927a-0049-bb117ac394fb,#8615,,38.95,EUR
KL202603169907,2026-03-16T07:45:00Z,FEE,PURCHASE_FEE_PERCENTAGE,2026-03-15T06:53:51Z,2026-03-15T06:53:51Z,a012f94f-86c9-da58-0743-99a35ad46921,A012F94,3c1e8061-3bd0-927a-0049-bb117ac394fb,#8615,,1.16,EUR
KL202603169907,2026-03-16T07:45:00Z,FEE,PURCHASE_FEE_FIXED,2026-03-15T06:53:51Z,2026-03-15T06:53:51Z,a012f94f-86c9-da58-0743-99a35ad46921,A012F94,3c1e8061-3bd0-927a-0049-bb117ac394fb,#8615,,0.35,EUR
KL202603169907,2026-03-16T07:45:00Z,SALE,,2026-03-15T08:31:56Z,2026-03-15T08:31:56Z,7a00c9da-1ce6-259d-f923-7fec1b1ac37d,7A00C9D,eae75e59-ca6c-927c-773a-b40bb2c15fd9,#8618,,171.00,EUR
KL202603169907,2026-03-16T07:45:00Z,FEE,PURCHASE_FEE_PERCENTAGE,2026-03-15T08:31:56Z,2026-03-15T08:31:56Z,7a00c9da-1ce6-259d-f923-7fec1b1ac37d,7A00C9D,eae75e59-ca6c-927c-773a-b40bb2c15fd9,#8618,,5.11,EUR
KL202603169907,2026-03-16T07:45:00Z,FEE,PURCHASE_FEE_FIXED,2026-03-15T08:31:56Z,2026-03-15T08:31:56Z,7a00c9da-1ce6-259d-f923-7fec1b1ac37d,7A00C9D,eae75e59-ca6c-927c-773a-b40bb2c15fd9,#8618,,0.35,EUR
KL202603169907,2026-03-16T07:45:00Z,SALE,,2026-03-15T10:20:19Z,2026-03-15T10:20:19Z,1897b8bc-3ac8-974c-b82f-2d9541ff572f,1897B8B,230054bd-b858-bb32-1e13-0b4d906f6c98,#8633,,35.55,EUR
KL202603169907,2026-03-16T07:45:00Z,FEE,PURCHASE_FEE_PERCENTAGE,2026-03-15T10:20:19Z,2026-03-15T10:20:19Z,1897b8bc-3ac8-974c-b82f-2d9541ff572f,1897B8B,230054bd-b858-bb32-1e13-0b4d906f6c98,#8633,,1.06,EUR
KL202603169907,2026-03-16T07:45:00Z,FEE,PURCHASE_FEE_FIXED,2026-03-15T10:20:19Z,2026-03-15T10:20:19Z,1897b8bc-3ac8-974c-b82f-2d9541ff572f,1897B8B,230054bd-b858-bb32-1e13-0b4d906f6c98,#8633,,0.35,EUR
KL202603169907,2026-03-16T07:45:00Z,SALE,,2026-03-15T10:23:42Z,2026-03-15T10:23:42Z,0c6f665f-fd99-2105-3f8a-4bc002a5000d,0C6F665,49ad882a-dbc4-b861-102c-bc89045f60e4,#8634,,263.00,EUR
KL202603169907,2026-03-16T07:45:00Z,FEE,PURCHASE_FEE_PERCENTAGE,2026-03-15T10:23:42Z,2026-03-15T10:23:42Z,0c6f665f-fd99-2105-3f8a-4bc002a5000d,0C6F665,49ad882a-dbc4-b861-102c-bc89045f60e4,#8634,,7.86,EUR
KL202603169907,2026-03-16T07:45:00Z,FEE,PURCHASE_FEE_FIXED,2026-03-15T10:23:42Z,2026-03-15T10:23:42Z,0c6f665f-fd99-2105-3f8a-4bc002a5000d,0C6F665,49ad882a-dbc4-b861-102c-bc89045f60e4,#8634,,0.35,EUR
KL202603169907,2026-03-16T07:45:00Z,SALE,,2026-03-15T10:35:15Z,2026-03-15T10:35:15Z,cfde5931-7282-f4c0-7642-ffec44021d4e,CFDE593,0340953e-8a10-72ad-feb2-bd0e7c7d7406,#8635,,68.95,EUR
KL202603169907,2026-03-16T07:45:00Z,FEE,PURCHASE_FEE_PERCENTAGE,2026-03-15T10:35:15Z,2026-03-15T10:35:15Z,cfde5931-7282-f4c0-7642-ffec44021d4e,CFDE593,0340953e-8a10-72ad-feb2-bd0e7c7d7406,#8635,,2.06,EUR
KL202603169907,2026-03-16T07:45:00Z,FEE,PURCHASE_FEE_FIXED,2026-03-15T10:35:15Z,2026-03-15T10:35:15Z,cfde5931-7282-f4c0-7642-ffec44021d4e,CFDE593,0340953e-8a10-72ad-feb2-bd0e7c7d7406,#8635,,0.35,EUR
KL202603169907,2026-03-16T07:45:00Z,SALE,,2026-03-15T10:45:41Z,2026-03-15T10:45:41Z,b6b9de87-8f75-10ac-0a05-0897bbb55bf5,B6B9DE8,830d36ea-2715-cedf-27c3-0d9028762e9d,#8636,,202.00,EUR
KL202603169907,2026-03-16T07:45:00Z,FEE,PURCHASE_FEE_PERCENTAGE,2026-03-15T10:45:41Z,2026-03-15T10:45:41Z,b6b9de87-8f75-10ac-0a05-0897bbb55bf5,B6B9DE8,830d36ea-2715-cedf-27c3-0d9028762e9d,#8636,,6.04,EUR
KL202603169907,2026-03-16T07:45:00Z,FEE,PURCHASE_FEE_FIXED,2026-03-15T10:45:41Z,2026-03-15T10:45:41Z,b6b9de87-8f75-10ac-0a05-0897bbb55bf5,B6B9DE8,830d36ea-2715-cedf-27c3-0d9028762e9d,#8636,,0.35,EUR
KL202603169907,2026-03-16T07:45:00Z,SALE,,2026-03-15T10:47:08Z,2026-03-15T10:47:08Z,da5ec24b-e321-40c1-37fa-2f8f702b4c5f,DA5EC24,7bb12593-faba-11b7-b23b-4205fe19f9bd,#8638,,724.00,EUR
KL202603169907,2026-03-16T07:45:00Z,FEE,PURCHASE_FEE_PERCENTAGE,2026-03-15T10:47:08Z,2026-03-15T10:47:08Z,da5ec24b-e321-40c1-37fa-2f8f702b4c5f,DA5EC24,7bb12593-faba-11b7-b23b-4205fe19f9bd,#8638,,21.65,EUR
KL202603169907,2026-03-16T07:45:00Z,FEE,PURCHASE_FEE_FIXED,2026-03-15T10:47:08Z,2026-03-15T10:47:08Z,da5ec24b-e321-40c1-37fa-2f8f702b4c5f,DA5EC24,7bb12593-faba-11b7-b23b-4205fe19f9bd,#8638,,0.35,EUR
KL202603169907,2026-03-16T07:45:00Z,SALE,,2026-03-15T11:08:10Z,2026-03-15T11:08:10Z,a9e7de7c-f4fe-8a03-0bfe-09c1cbd4c42d,A9E7DE7,539df7eb-f41f-ef40-7616-039311272802,#8640,,104.95,EUR
KL202603169907,2026-03-16T07:45:00Z,FEE,PURCHASE_FEE_PERCENTAGE,2026-03-15T11:08:10Z,2026-03-15T11:08:10Z,a9e7de7c-f4fe-8a03-0bfe-09c1cbd4c42d,A9E7DE7,539df7eb-f41f-ef40-7616-039311272802,#8640,,3.14,EUR
KL202603169907,2026-03-16T07:45:00Z,FEE,PURCHASE_FEE_FIXED,2026-03-15T11:08:10Z,2026-03-15T11:08:10Z,a9e7de7c-f4fe-8a03-0bfe-09c1cbd4c42d,A9E7DE7,539df7eb-f41f-ef40-7616-039311272802,#8640,,0.35,EUR
KL202603169907,2026-03-16T07:45:00Z,SALE,,2026-03-15T11:18:22Z,2026-03-15T11:18:22Z,5d6187e9-d83c-ba33-b782-7f1e1f96cfff,5D6187E,aa614679-d508-5703-7fcf-cfcd100fbe82,#8643,,285.60,EUR
KL202603169907,2026-03-16T07:45:00Z,FEE,PURCHASE_FEE_PERCENTAGE,2026-03-15T11:18:22Z,2026-03-15T11:18:22Z,5d6187e9-d83c-ba33-b782-7f1e1f96cfff,5D6187E,aa614679-d508-5703-7fcf-cfcd100fbe82,#8643,,8.54,EUR
KL202603169907,2026-03-16T07:45:00Z,FEE,PURCHASE_FEE_FIXED,2026-03-15T11:18:22Z,2026-03-15T11:18:22Z,5d6187e9-d83c-ba33-b782-7f1e1f96cfff,5D6187E,aa614679-d508-5703-7fcf-cfcd100fbe82,#8643,,0.35,EUR
KL202603169907,2026-03-16T07:45:00Z,SALE,,2026-03-15T12:15:13Z,2026-03-15T12:15:13Z,139c1ff9-35e8-e5bd-82b5-7cdae1bc3712,139C1FF,7fcc4077-28ac-9fa4-2a6e-563ecb0c55c1,#8649,,35.35,EUR
KL202603169907,2026-03-16T07:45:00Z,FEE,PURCHASE_FEE_PERCENTAGE,2026-03-15T12:15:13Z,2026-03-15T12:15:13Z,139c1ff9-35e8-e5bd-82b5-7cdae1bc3712,139C1FF,7fcc4077-28ac-9fa4-2a6e-563ecb0c55c1,#8649,,1.06,EUR
KL202603169907,2026-03-16T07:45:00Z,FEE,PURCHASE_FEE_FIXED,2026-03-15T12:15:13Z,2026-03-15T12:15:13Z,139c1ff9-35e8-e5bd-82b5-7cdae1bc3712,139C1FF,7fcc4077-28ac-9fa4-2a6e-563ecb0c55c1,#8649,,0.35,EUR
KL202603169907,2026-03-16T07:45:00Z,SALE,,2026-03-15T12:15:42Z,2026-03-15T12:15:42Z,1726d7da-3d1c-b690-1551-dc09f7a724fa,1726D7D,7c9ac91e-04b0-887b-e220-fffdce0e98d0,#8650,,128.00,EUR
KL202603169907,2026-03-16T07:45:00Z,FEE,PURCHASE_FEE_PERCENTAGE,2026-03-15T12:15:42Z,2026-03-15T12:15:42Z,1726d7da-3d1c-b690-1551-dc09f7a724fa,1726D7D,7c9ac91e-04b0-887b-e220-fffdce0e98d0,#8650,,3.83,EUR
KL202603169907,2026-03-16T07:45:00Z,FEE,PURCHASE_FEE_FIXED,2026-03-15T12:15:42Z,2026-03-15T12:15:42Z,1726d7da-3d1c-b690-1551-dc09f7a724fa,1726D7D,7c9ac91e-04b0-887b-e220-fffdce0e98d0,#8650,,0.35,EUR
KL202603169907,2026-03-16T07:45:00Z,SALE,,2026-03-15T12:55:43Z,2026-03-15T12:55:43Z,3b89ffc7-303a-1b95-f9ae-00a685e77a3e,3B89FFC,a80672dc-9d96-ea03-03d8-c94037738c34,#8658,,89.00,EUR
KL202603169907,2026-03-16T07:45:00Z,FEE,PURCHASE_FEE_PERCENTAGE,2026-03-15T12:55:43Z,2026-03-15T12:55:43Z,3b89ffc7-303a-1b95-f9ae-00a685e77a3e,3B89FFC,a80672dc-9d96-ea03-03d8-c94037738c34,#8658,,2.66,EUR
KL202603169907,2026-03-16T07:45:00Z,FEE,PURCHASE_FEE_FIXED,2026-03-15T12:55:43Z,2026-03-15T12:55:43Z,3b89ffc7-303a-1b95-f9ae-00a685e77a3e,3B89FFC,a80672dc-9d96-ea03-03d8-c94037738c34,#8658,,0.35,EUR
KL202603169907,2026-03-16T07:45:00Z,SALE,,2026-03-15T13:00:41Z,2026-03-15T13:00:41Z,3ffda4ad-bdc4-7679-bb13-5f6300d2c271,3FFDA4A,2466cf0e-54e3-1d61-d962-6258f9f4a398,#8660,,31.95,EUR
KL202603169907,2026-03-16T07:45:00Z,FEE,PURCHASE_FEE_PERCENTAGE,2026-03-15T13:00:41Z,2026-03-15T13:00:41Z,3ffda4ad-bdc4-7679-bb13-5f6300d2c271,3FFDA4A,2466cf0e-54e3-1d61-d962-6258f9f4a398,#8660,,0.96,EUR
KL202603169907,2026-03-16T07:45:00Z,FEE,PURCHASE_FEE_FIXED,2026-03-15T13:00:41Z,2026-03-15T13:00:41Z,3ffda4ad-bdc4-7679-bb13-5f6300d2c271,3FFDA4A,2466cf0e-54e3-1d61-d962-6258f9f4a398,#8660,,0.35,EUR
KL202603169907,2026-03-16T07:45:00Z,SALE,,2026-03-15T13:51:35Z,2026-03-15T13:51:35Z,e22df736-2a19-4ae5-40fb-a0eb4e690419,E22DF73,c30e923b-3306-84fb-10e3-d131932226aa,#8666,,278.00,EUR
KL202603169907,2026-03-16T07:45:00Z,FEE,PURCHASE_FEE_PERCENTAGE,2026-03-15T13:51:35Z,2026-03-15T13:51:35Z,e22df736-2a19-4ae5-40fb-a0eb4e690419,E22DF73,c30e923b-3306-84fb-10e3-d131932226aa,#8666,,8.31,EUR
KL202603169907,2026-03-16T07:45:00Z,FEE,PURCHASE_FEE_FIXED,2026-03-15T13:51:35Z,2026-03-15T13:51:35Z,e22df736-2a19-4ae5-40fb-a0eb4e690419,E22DF73,c30e923b-3306-84fb-10e3-d131932226aa,#8666,,0.35,EUR
KL202603169907,2026-03-16T07:45:00Z,SALE,,2026-03-15T14:42:34Z,2026-03-15T14:42:34Z,8c2f3fb4-991f-f72e-9597-0a4ce2d1b76e,8C2F3FB,33466e2f-d492-96ec-9186-22585ace82e8,#8674,,38.95,EUR
KL202603169907,2026-03-16T07:45:00Z,FEE,PURCHASE_FEE_PERCENTAGE,2026-03-15T14:42:34Z,2026-03-15T14:42:34Z,8c2f3fb4-991f-f72e-9597-0a4ce2d1b76e,8C2F3FB,33466e2f-d492-96ec-9186-22585ace82e8,#8674,,1.16,EUR
KL202603169907,2026-03-16T07:45:00Z,FEE,PURCHASE_FEE_FIXED,2026-03-15T14:42:34Z,2026-03-15T14:42:34Z,8c2f3fb4-991f-f72e-9597-0a4ce2d1b76e,8C2F3FB,33466e2f-d492-96ec-9186-22585ace82e8,#8674,,0.35,EUR
KL202603169907,2026-03-16T07:45:00Z,RETURN,,2026-03-15T14:42:34Z,2026-03-15T14:42:34Z,8c2f3fb4-991f-f72e-9597-0a4ce2d1b76e,8C2F3FB,,#8674,,38.95,EUR
KL202603169907,2026-03-16T07:45:00Z,SALE,,2026-03-15T14:56:09Z,2026-03-15T14:56:09Z,ccfa5918-b173-d1bf-5cbb-f6a47989e0af,CCFA591,c45f0371-bb12-a623-f2d7-8a83b27a3846,#8675,,99.00,EUR
KL202603169907,2026-03-16T07:45:00Z,FEE,PURCHASE_FEE_PERCENTAGE,2026-03-15T14:56:09Z,2026-03-15T14:56:09Z,ccfa5918-b173-d1bf-5cbb-f6a47989e0af,CCFA591,c45f0371-bb12-a623-f2d7-8a83b27a3846,#8675,,2.96,EUR
KL202603169907,2026-03-16T07:45:00Z,FEE,PURCHASE_FEE_FIXED,2026-03-15T14:56:09Z,2026-03-15T14:56:09Z,ccfa5918-b173-d1bf-5cbb-f6a47989e0af,CCFA591,c45f0371-bb12-a623-f2d7-8a83b27a3846,#8675,,0.35,EUR
KL202603169907,2026-03-16T07:45:00Z,SALE,,2026-03-15T15:40:25Z,2026-03-15T15:40:25Z,9f98f696-c8a1-94db-716f-aa0763bb09e8,9F98F69,f59f2836-e66f-4f7f-d428-fe2da5cc37be,#8687,,310.00,EUR
KL202603169907,2026-03-16T07:45:00Z,FEE,PURCHASE_FEE_PERCENTAGE,2026-03-15T15:40:25Z,2026-03-15T15:40:25Z,9f98f696-c8a1-94db-716f-aa0763bb09e8,9F98F69,f59f2836-e66f-4f7f-d428-fe2da5cc37be,#8687,,9.27,EUR
KL202603169907,2026-03-16T07:45:00Z,FEE,PURCHASE_FEE_FIXED,2026-03-15T15:40:25Z,2026-03-15T15:40:25Z,9f98f696-c8a1-94db-716f-aa0763bb09e8,9F98F69,f59f2836-e66f-4f7f-d428-fe2da5cc37be,#8687,,0.35,EUR
KL202603169907,2026-03-16T07:45:00Z,SALE,,2026-03-15T16:21:53Z,2026-03-15T16:21:53Z,da6ad80e-ecb6-c69c-ac60-552c7b86293b,DA6AD80,f7ca83c1-9859-ec61-f23b-b586239a9378,#8692,,20.15,EUR
KL202603169907,2026-03-16T07:45:00Z,FEE,PURCHASE_FEE_PERCENTAGE,2026-03-15T16:21:53Z,2026-03-15T16:21:53Z,da6ad80e-ecb6-c69c-ac60-552c7b86293b,DA6AD80,f7ca83c1-9859-ec61-f23b-b586239a9378,#8692,,0.60,EUR
KL202603169907,2026-03-16T07:45:00Z,FEE,PURCHASE_FEE_FIXED,2026-03-15T16:21:53Z,2026-03-15T16:21:53Z,da6ad80e-ecb6-c69c-ac60-552c7b86293b,DA6AD80,f7ca83c1-9859-ec61-f23b-b586239a9378,#8692,,0.35,EUR
KL202603169907,2026-03-16T07:45:00Z,SALE,,2026-03-15T17:14:10Z,2026-03-15T17:14:10Z,533ce345-03e0-5a5a-201f-bd43d92fabc2,533CE34,dce15b11-26e8-ca25-27ea-d321c84f491d,#8697,,801.00,EUR
KL202603169907,2026-03-16T07:45:00Z,FEE,PURCHASE_FEE_PERCENTAGE,2026-03-15T17:14:10Z,2026-03-15T17:14:10Z,533ce345-03e0-5a5a-201f-bd43d92fabc2,533CE34,dce15b11-26e8-ca25-27ea-d321c84f491d,#8697,,23.95,EUR
KL202603169907,2026-03-16T07:45:00Z,FEE,PURCHASE_FEE_FIXED,2026-03-15T17:14:10Z,2026-03-15T17:14:10Z,533ce345-03e0-5a5a-201f-bd43d92fabc2,533CE34,dce15b11-26e8-ca25-27ea-d321c84f491d,#8697,,0.35,EUR
KL202603169907,2026-03-16T07:45:00Z,SALE,,2026-03-15T17:25:23Z,2026-03-15T17:25:23Z,3c4e89a5-fc8b-95d1-b86a-90aeaa31f22d,3C4E89A,2287e614-2ffc-b42f-6bc6-2dccc64c2249,#8699,,115.35,EUR
KL202603169907,2026-03-16T07:45:00Z,FEE,PURCHASE_FEE_PERCENTAGE,2026-03-15T17:25:23Z,2026-03-15T17:25:23Z,3c4e89a5-fc8b-95d1-b86a-90aeaa31f22d,3C4E89A,2287e614-2ffc-b42f-6bc6-2dccc64c2249,#8699,,3.45,EUR
KL202603169907,2026-03-16T07:45:00Z,FEE,PURCHASE_FEE_FIXED,2026-03-15T17:25:23Z,2026-03-15T17:25:23Z,3c4e89a5-fc8b-95d1-b86a-90aeaa31f22d,3C4E89A,2287e614-2ffc-b42f-6bc6-2dccc64c2249,#8699,,0.35,EUR
KL202603169907,2026-03-16T07:45:00Z,SALE,,2026-03-15T17:30:45Z,2026-03-15T17:30:45Z,1a50d2f0-211c-639c-cf01-76ca7be64cba,1A50D2F,398a7cdb-6b93-48af-6215-892fbeea2bbb,#8701,,192.80,EUR
KL202603169907,2026-03-16T07:45:00Z,FEE,PURCHASE_FEE_PERCENTAGE,2026-03-15T17:30:45Z,2026-03-15T17:30:45Z,1a50d2f0-211c-639c-cf01-76ca7be64cba,1A50D2F,398a7cdb-6b93-48af-6215-892fbeea2bbb,#8701,,5.76,EUR
KL202603169907,2026-03-16T07:45:00Z,FEE,PURCHASE_FEE_FIXED,2026-03-15T17:30:45Z,2026-03-15T17:30:45Z,1a50d2f0-211c-639c-cf01-76ca7be64cba,1A50D2F,398a7cdb-6b93-48af-6215-892fbeea2bbb,#8701,,0.35,EUR
KL202603169907,2026-03-16T07:45:00Z,SALE,,2026-03-15T17:55:51Z,2026-03-15T17:55:51Z,3e3d66be-3986-0e4b-7f0b-5ce3953ddd7e,3E3D66B,3156a2f9-6029-b692-1584-27ee2e72714a,#8705,,129.00,EUR
KL202603169907,2026-03-16T07:45:00Z,FEE,PURCHASE_FEE_PERCENTAGE,2026-03-15T17:55:51Z,2026-03-15T17:55:51Z,3e3d66be-3986-0e4b-7f0b-5ce3953ddd7e,3E3D66B,3156a2f9-6029-b692-1584-27ee2e72714a,#8705,,3.86,EUR
KL202603169907,2026-03-16T07:45:00Z,FEE,PURCHASE_FEE_FIXED,2026-03-15T17:55:51Z,2026-03-15T17:55:51Z,3e3d66be-3986-0e4b-7f0b-5ce3953ddd7e,3E3D66B,3156a2f9-6029-b692-1584-27ee2e72714a,#8705,,0.35,EUR
KL202603169907,2026-03-16T07:45:00Z,SALE,,2026-03-15T18:36:26Z,2026-03-15T18:36:26Z,eface9e9-9b90-8b40-84c7-8f005ba59620,EFACE9E,a368680f-49c5-27fc-ffa1-9c2418b65ea1,#8712,,108.00,EUR
KL202603169907,2026-03-16T07:45:00Z,FEE,PURCHASE_FEE_PERCENTAGE,2026-03-15T18:36:26Z,2026-03-15T18:36:26Z,eface9e9-9b90-8b40-84c7-8f005ba59620,EFACE9E,a368680f-49c5-27fc-ffa1-9c2418b65ea1,#8712,,3.23,EUR
KL202603169907,2026-03-16T07:45:00Z,FEE,PURCHASE_FEE_FIXED,2026-03-15T18:36:26Z,2026-03-15T18:36:26Z,eface9e9-9b90-8b40-84c7-8f005ba59620,EFACE9E,a368680f-49c5-27fc-ffa1-9c2418b65ea1,#8712,,0.35,EUR
KL202603169907,2026-03-16T07:45:00Z,RETURN,,2026-03-15T18:36:26Z,2026-03-15T18:36:26Z,eface9e9-9b90-8b40-84c7-8f005ba59620,EFACE9E,,#8712,,108.00,EUR
KL202603169907,2026-03-16T07:45:00Z,SALE,,2026-03-15T19:33:18Z,2026-03-15T19:33:18Z,72f53a5b-27b4-6be4-a273-00c7e9e94a68,72F53A5,113c4d26-60c7-58c8-5f35-0ed5c92cd5fa,#8717,,39.05,EUR
KL202603169907,2026-03-16T07:45:00Z,FEE,PURCHASE_FEE_PERCENTAGE,2026-03-15T19:33:18Z,2026-03-15T19:33:18Z,72f53a5b-27b4-6be4-a273-00c7e9e94a68,72F53A5,113c4d26-60c7-58c8-5f35-0ed5c92cd5fa,#8717,,1.17,EUR
KL202603169907,2026-03-16T07:45:00Z,FEE,PURCHASE_FEE_FIXED,2026-03-15T19:33:18Z,2026-03-15T19:33:18Z,72f53a5b-27b4-6be4-a273-00c7e9e94a68,72F53A5,113c4d26-60c7-58c8-5f35-0ed5c92cd5fa,#8717,,0.35,EUR
KL202603169907,2026-03-16T07:45:00Z,SALE,,2026-03-15T20:52:05Z,2026-03-15T20:52:05Z,0cf785d9-c2f6-07a0-b490-0f6561b8cde6,0CF785D,b34d2c90-623b-5af1-45b5-4a9a145410a2,#8735,,47.95,EUR
KL202603169907,2026-03-16T07:45:00Z,FEE,PURCHASE_FEE_PERCENTAGE,2026-03-15T20:52:05Z,2026-03-15T20:52:05Z,0cf785d9-c2f6-07a0-b490-0f6561b8cde6,0CF785D,b34d2c90-623b-5af1-45b5-4a9a145410a2,#8735,,1.43,EUR
KL202603169907,2026-03-16T07:45:00Z,FEE,PURCHASE_FEE_FIXED,2026-03-15T20:52:05Z,2026-03-15T20:52:05Z,0cf785d9-c2f6-07a0-b490-0f6561b8cde6,0CF785D,b34d2c90-623b-5af1-45b5-4a9a145410a2,#8735,,0.35,EUR
KL202603169907,2026-03-16T07:45:00Z,SALE,,2026-03-15T21:12:34Z,2026-03-15T21:12:34Z,3b474275-5454-71e7-a397-fc12cd51f5e2,3B47427,a90ecd40-af37-b10a-d247-56ce8d828037,#8738,,23.95,EUR
KL202603169907,2026-03-16T07:45:00Z,FEE,PURCHASE_FEE_PERCENTAGE,2026-03-15T21:12:34Z,2026-03-15T21:12:34Z,3b474275-5454-71e7-a397-fc12cd51f5e2,3B47427,a90ecd40-af37-b10a-d247-56ce8d828037,#8738,,0.72,EUR
KL202603169907,2026-03-16T07:45:00Z,FEE,PURCHASE_FEE_FIXED,2026-03-15T21:12:34Z,2026-03-15T21:12:34Z,3b474275-5454-71e7-a397-fc12cd51f5e2,3B47427,a90ecd40-af37-b10a-d247-56ce8d828037,#8738,,0.35,EUR
KL202603169907,2026-03-16T07:45:00Z,SALE,,2026-03-15T22:39:04Z,2026-03-15T22:39:04Z,32227155-bee6-046d-d822-3c8621a9f26e,3222715,0abbe223-f2bd-b347-03a2-b9ca288ebc66,#8747,,29.95,EUR
KL202603169907,2026-03-16T07:45:00Z,FEE,PURCHASE_FEE_PERCENTAGE,2026-03-15T22:39:04Z,2026-03-15T22:39:04Z,32227155-bee6-046d-d822-3c8621a9f26e,3222715,0abbe223-f2bd-b347-03a2-b9ca288ebc66,#8747,,0.90,EUR
KL202603169907,2026-03-16T07:45:00Z,FEE,PURCHASE_FEE_FIXED,2026-03-15T22:39:04Z,2026-03-15T22:39:04Z,32227155-bee6-046d-d822-3c8621a9f26e,3222715,0abbe223-f2bd-b347-03a2-b9ca288ebc66,#8747,,0.35,EUR
KL202603169907,2026-03-16T07:45:00Z,SALE,,2026-03-15T23:59:34Z,2026-03-15T23:59:34Z,04fa1421-d5bb-0da0-1d52-d56920d891d8,04FA142,254daf28-08a8-ece6-5c60-3232a062607a,#8752,,189.00,EUR
KL202603169907,2026-03-16T07:45:00Z,FEE,PURCHASE_FEE_PERCENTAGE,2026-03-15T23:59:34Z,2026-03-15T23:59:34Z,04fa1421-d5bb-0da0-1d52-d56920d891d8,04FA142,254daf28-08a8-ece6-5c60-3232a062607a,#8752,,5.65,EUR
KL202603169907,2026-03-16T07:45:00Z,FEE,PURCHASE_FEE_FIXED,2026-03-15T23:59:34Z,2026-03-15T23:59:34Z,04fa1421-d5bb-0da0-1d52-d56920d891d8,04FA142,254daf28-08a8-ece6-5c60-3232a062607a,#8752,,0.35,EUR
KL202603234928,2026-03-23T07:45:00Z,SALE,,2026-03-16T06:29:01Z,2026-03-16T06:29:01Z,a71be09d-e5d5-fc8c-670c-1788300b288c,A71BE09,02c846df-9980-a298-2bc7-310e0e138684,#8765,,559.00,EUR
KL202603234928,2026-03-23T07:45:00Z,FEE,PURCHASE_FEE_PERCENTAGE,2026-03-16T06:29:01Z,2026-03-16T06:29:01Z,a71be09d-e5d5-fc8c-670c-1788300b288c,A71BE09,02c846df-9980-a298-2bc7-310e0e138684,#8765,,19.51,EUR
KL202603234928,2026-03-23T07:45:00Z,FEE,PURCHASE_FEE_FIXED,2026-03-16T06:29:01Z,2026-03-16T06:29:01Z,a71be09d-e5d5-fc8c-670c-1788300b288c,A71BE09,02c846df-9980-a298-2bc7-310e0e138684,#8765,,0.35,EUR
KL202603234928,2026-03-23T07:45:00Z,SALE,,2026-03-16T06:34:18Z,2026-03-16T06:34:18Z,953cbbc0-a157-20e7-5d53-3ea7fe36a7db,953CBBC,01beae93-a2fb-8a18-031a-d338d40201fd,#8766,,28.95,EUR
KL202603234928,2026-03-23T07:45:00Z,FEE,PURCHASE_FEE_PERCENTAGE,2026-03-16T06:34:18Z,2026-03-16T06:34:18Z,953cbbc0-a157-20e7-5d53-3ea7fe36a7db,953CBBC,01beae93-a2fb-8a18-031a-d338d40201fd,#8766,,1.01,EUR
KL202603234928,2026-03-23T07:45:00Z,FEE,PURCHASE_FEE_FIXED,2026-03-16T06:34:18Z,2026-03-16T06:34:18Z,953cbbc0-a157-20e7-5d53-3ea7fe36a7db,953CBBC,01beae93-a2fb-8a18-031a-d338d40201fd,#8766,,0.35,EUR
KL202603234928,2026-03-23T07:45:00Z,SALE,,2026-03-16T07:07:28Z,2026-03-16T07:07:28Z,a2fece82-fc9c-1794-f8d0-d8077962f775,A2FECE8,411ed6c5-6a97-3cc9-d6c7-41c333f213de,#8768,,172.00,EUR
KL202603234928,2026-03-23T07:45:00Z,FEE,PURCHASE_FEE_PERCENTAGE,2026-03-16T07:07:28Z,2026-03-16T07:07:28Z,a2fece82-fc9c-1794-f8d0-d8077962f775,A2FECE8,411ed6c5-6a97-3cc9-d6c7-41c333f213de,#8768,,6.00,EUR
KL202603234928,2026-03-23T07:45:00Z,FEE,PURCHASE_FEE_FIXED,2026-03-16T07:07:28Z,2026-03-16T07:07:28Z,a2fece82-fc9c-1794-f8d0-d8077962f775,A2FECE8,411ed6c5-6a97-3cc9-d6c7-41c333f213de,#8768,,0.35,EUR
KL202603234928,2026-03-23T07:45:00Z,SALE,,2026-03-16T08:08:31Z,2026-03-16T08:08:31Z,e1d2f4f3-0c18-a360-52c9-9382fc6e3a03,E1D2F4F,e1865e2a-4510-1aff-ac3a-2bcbfe8ed27a,#8775,,91.00,EUR
KL202603234928,2026-03-23T07:45:00Z,FEE,PURCHASE_FEE_PERCENTAGE,2026-03-16T08:08:31Z,2026-03-16T08:08:31Z,e1d2f4f3-0c18-a360-52c9-9382fc6e3a03,E1D2F4F,e1865e2a-4510-1aff-ac3a-2bcbfe8ed27a,#8775,,3.18,EUR
KL202603234928,2026-03-23T07:45:00Z,FEE,PURCHASE_FEE_FIXED,2026-03-16T08:08:31Z,2026-03-16T08:08:31Z,e1d2f4f3-0c18-a360-52c9-9382fc6e3a03,E1D2F4F,e1865e2a-4510-1aff-ac3a-2bcbfe8ed27a,#8775,,0.35,EUR
KL202603234928,2026-03-23T07:45:00Z,SALE,,2026-03-16T09:03:53Z,2026-03-16T09:03:53Z,9fac7454-2b90-afa5-ab3d-92d8d76a2159,9FAC745,65996c08-6807-faa5-eef2-cde0fff07941,#8776,,68.95,EUR
KL202603234928,2026-03-23T07:45:00Z,FEE,PURCHASE_FEE_PERCENTAGE,2026-03-16T09:03:53Z,2026-03-16T09:03:53Z,9fac7454-2b90-afa5-ab3d-92d8d76a2159,9FAC745,65996c08-6807-faa5-eef2-cde0fff07941,#8776,,2.41,EUR
KL202603234928,2026-03-23T07:45:00Z,FEE,PURCHASE_FEE_FIXED,2026-03-16T09:03:53Z,2026-03-16T09:03:53Z,9fac7454-2b90-afa5-ab3d-92d8d76a2159,9FAC745,65996c08-6807-faa5-eef2-cde0fff07941,#8776,,0.35,EUR
KL202603234928,2026-03-23T07:45:00Z,SALE,,2026-03-16T09:30:50Z,2026-03-16T09:30:50Z,e49c0e80-16bd-bcb0-8118-9399fe2e3895,E49C0E8,8714b92b-e3bf-ac0b-e5d3-302fda01e7c7,#8780,,207.20,EUR
KL202603234928,2026-03-23T07:45:00Z,FEE,PURCHASE_FEE_PERCENTAGE,2026-03-16T09:30:50Z,2026-03-16T09:30:50Z,e49c0e80-16bd-bcb0-8118-9399fe2e3895,E49C0E8,8714b92b-e3bf-ac0b-e5d3-302fda01e7c7,#8780,,7.23,EUR
KL202603234928,2026-03-23T07:45:00Z,FEE,PURCHASE_FEE_FIXED,2026-03-16T09:30:50Z,2026-03-16T09:30:50Z,e49c0e80-16bd-bcb0-8118-9399fe2e3895,E49C0E8,8714b92b-e3bf-ac0b-e5d3-302fda01e7c7,#8780,,0.35,EUR
KL202603234928,2026-03-23T07:45:00Z,SALE,,2026-03-16T09:54:49Z,2026-03-16T09:54:49Z,eca8f370-6833-9829-5618-2c06429b79f0,ECA8F37,cc93f4c6-d21f-e87d-4dbb-2865ff336e54,#8782,,234.00,EUR
KL202603234928,2026-03-23T07:45:00Z,FEE,PURCHASE_FEE_PERCENTAGE,2026-03-16T09:54:49Z,2026-03-16T09:54:49Z,eca8f370-6833-9829-5618-2c06429b79f0,ECA8F37,cc93f4c6-d21f-e87d-4dbb-2865ff336e54,#8782,,8.17,EUR
KL202603234928,2026-03-23T07:45:00Z,FEE,PURCHASE_FEE_FIXED,2026-03-16T09:54:49Z,2026-03-16T09:54:49Z,eca8f370-6833-9829-5618-2c06429b79f0,ECA8F37,cc93f4c6-d21f-e87d-4dbb-2865ff336e54,#8782,,0.35,EUR
KL202603234928,2026-03-23T07:45:00Z,SALE,,2026-03-16T10:18:12Z,2026-03-16T10:18:12Z,b031459d-be43-3a61-a399-bada09ad2a1a,B031459,1a629166-b855-de8c-11fc-8dc854ed6f5e,#8786,,81.00,EUR
KL202603234928,2026-03-23T07:45:00Z,FEE,PURCHASE_FEE_PERCENTAGE,2026-03-16T10:18:12Z,2026-03-16T10:18:12Z,b031459d-be43-3a61-a399-bada09ad2a1a,B031459,1a629166-b855-de8c-11fc-8dc854ed6f5e,#8786,,2.83,EUR
KL202603234928,2026-03-23T07:45:00Z,FEE,PURCHASE_FEE_FIXED,2026-03-16T10:18:12Z,2026-03-16T10:18:12Z,b031459d-be43-3a61-a399-bada09ad2a1a,B031459,1a629166-b855-de8c-11fc-8dc854ed6f5e,#8786,,0.35,EUR
KL202603234928,2026-03-23T07:45:00Z,SALE,,2026-03-16T11:54:57Z,2026-03-16T11:54:57Z,fc6c0be6-0740-b1b8-655d-df693deb9036,FC6C0BE,7229a501-95be-e4a7-2721-0dd516989ed0,#8792,,60.15,EUR
KL202603234928,2026-03-23T07:45:00Z,FEE,PURCHASE_FEE_PERCENTAGE,2026-03-16T11:54:57Z,2026-03-16T11:54:57Z,fc6c0be6-0740-b1b8-655d-df693deb9036,FC6C0BE,7229a501-95be-e4a7-2721-0dd516989ed0,#8792,,2.10,EUR
KL202603234928,2026-03-23T07:45:00Z,FEE,PURCHASE_FEE_FIXED,2026-03-16T11:54:57Z,2026-03-16T11:54:57Z,fc6c0be6-0740-b1b8-655d-df693deb9036,FC6C0BE,7229a501-95be-e4a7-2721-0dd516989ed0,#8792,,0.35,EUR
KL202603234928,2026-03-23T07:45:00Z,SALE,,2026-03-16T12:15:30Z,2026-03-16T12:15:30Z,5a90d678-1528-2270-bf67-e5d021b199ff,5A90D67,a380332a-a922-cb9a-155e-7b020e873bbe,#8794,,63.95,EUR
KL202603234928,2026-03-23T07:45:00Z,FEE,PURCHASE_FEE_PERCENTAGE,2026-03-16T12:15:30Z,2026-03-16T12:15:30Z,5a90d678-1528-2270-bf67-e5d021b199ff,5A90D67,a380332a-a922-cb9a-155e-7b020e873bbe,#8794,,2.23,EUR
KL202603234928,2026-03-23T07:45:00Z,FEE,PURCHASE_FEE_FIXED,2026-03-16T12:15:30Z,2026-03-16T12:15:30Z,5a90d678-1528-2270-bf67-e5d021b199ff,5A90D67,a380332a-a922-cb9a-155e-7b020e873bbe,#8794,,0.35,EUR
KL202603234928,2026-03-23T07:45:00Z,SALE,,2026-03-16T12:21:47Z,2026-03-16T12:21:47Z,e5f88914-8cf5-020f-0104-6c4c16b91fb3,E5F8891,bed2775b-775a-7bc1-6f49-c41507540b42,#8795,,189.00,EUR
KL202603234928,2026-03-23T07:45:00Z,FEE,PURCHASE_FEE_PERCENTAGE,2026-03-16T12:21:47Z,2026-03-16T12:21:47Z,e5f88914-8cf5-020f-0104-6c4c16b91fb3,E5F8891,bed2775b-775a-7bc1-6f49-c41507540b42,#8795,,6.60,EUR
KL202603234928,2026-03-23T07:45:00Z,FEE,PURCHASE_FEE_FIXED,2026-03-16T12:21:47Z,2026-03-16T12:21:47Z,e5f88914-8cf5-020f-0104-6c4c16b91fb3,E5F8891,bed2775b-775a-7bc1-6f49-c41507540b42,#8795,,0.35,EUR
KL202603234928,2026-03-23T07:45:00Z,SALE,,2026-03-16T13:10:05Z,2026-03-16T13:10:05Z,1f76fba8-4da7-f64d-1cc2-8b164fe21d55,1F76FBA,9dc26f0c-3f7e-01e3-6bc8-0806fc3f19d4,#8800,,48.95,EUR
KL202603234928,2026-03-23T07:45:00Z,FEE,PURCHASE_FEE_PERCENTAGE,2026-03-16T13:10:05Z,2026-03-16T13:10:05Z,1f76fba8-4da7-f64d-1cc2-8b164fe21d55,1F76FBA,9dc26f0c-3f7e-01e3-6bc8-0806fc3f19d4,#8800,,1.71,EUR
KL202603234928,2026-03-23T07:45:00Z,FEE,PURCHASE_FEE_FIXED,2026-03-16T13:10:05Z,2026-03-16T13:10:05Z,1f76fba8-4da7-f64d-1cc2-8b164fe21d55,1F76FBA,9dc26f0c-3f7e-01e3-6bc8-0806fc3f19d4,#8800,,0.35,EUR
KL202603234928,2026-03-23T07:45:00Z,SALE,,2026-03-16T13:42:52Z,2026-03-16T13:42:52Z,26823647-9ed8-7df7-7001-6b8458fb59bf,2682364,5c536ffd-ec1c-c017-44bf-ea272c632c28,#8803,,240.00,EUR
KL202603234928,2026-03-23T07:45:00Z,FEE,PURCHASE_FEE_PERCENTAGE,2026-03-16T13:42:52Z,2026-03-16T13:42:52Z,26823647-9ed8-7df7-7001-6b8458fb59bf,2682364,5c536ffd-ec1c-c017-44bf-ea272c632c28,#8803,,8.38,EUR
KL202603234928,2026-03-23T07:45:00Z,FEE,PURCHASE_FEE_FIXED,2026-03-16T13:42:52Z,2026-03-16T13:42:52Z,26823647-9ed8-7df7-7001-6b8458fb59bf,2682364,5c536ffd-ec1c-c017-44bf-ea272c632c28,#8803,,0.35,EUR
KL202603234928,2026-03-23T07:45:00Z,SALE,,2026-03-16T14:29:52Z,2026-03-16T14:29:52Z,09a70c33-3d28-f7bc-16d7-1b4535539619,09A70C3,6959236b-18c8-5e14-51df-e6b1c7d58670,#8809,,23.95,EUR
KL202603234928,2026-03-23T07:45:00Z,FEE,PURCHASE_FEE_PERCENTAGE,2026-03-16T14:29:52Z,2026-03-16T14:29:52Z,09a70c33-3d28-f7bc-16d7-1b4535539619,09A70C3,6959236b-18c8-5e14-51df-e6b1c7d58670,#8809,,0.84,EUR
KL202603234928,2026-03-23T07:45:00Z,FEE,PURCHASE_FEE_FIXED,2026-03-16T14:29:52Z,2026-03-16T14:29:52Z,09a70c33-3d28-f7bc-16d7-1b4535539619,09A70C3,6959236b-18c8-5e14-51df-e6b1c7d58670,#8809,,0.35,EUR
KL202603234928,2026-03-23T07:45:00Z,SALE,,2026-03-16T15:06:59Z,2026-03-16T15:06:59Z,60207089-ccd2-0012-26e0-49f3170d5a88,6020708,3af117ae-e095-23c7-aa35-08c88764390b,#8813,,730.00,EUR
KL202603234928,2026-03-23T07:45:00Z,FEE,PURCHASE_FEE_PERCENTAGE,2026-03-16T15:06:59Z,2026-03-16T15:06:59Z,60207089-ccd2-0012-26e0-49f3170d5a88,6020708,3af117ae-e095-23c7-aa35-08c88764390b,#8813,,25.48,EUR
KL202603234928,2026-03-23T07:45:00Z,FEE,PURCHASE_FEE_FIXED,2026-03-16T15:06:59Z,2026-03-16T15:06:59Z,60207089-ccd2-0012-26e0-49f3170d5a88,6020708,3af117ae-e095-23c7-aa35-08c88764390b,#8813,,0.35,EUR
KL202603234928,2026-03-23T07:45:00Z,SALE,,2026-03-16T15:10:18Z,2026-03-16T15:10:18Z,755a6f21-8c03-22e1-9e19-dd44673c7287,755A6F2,17f95d85-8a80-f23a-781e-e626fed02302,#8814,,28.15,EUR
KL202603234928,2026-03-23T07:45:00Z,FEE,PURCHASE_FEE_PERCENTAGE,2026-03-16T15:10:18Z,2026-03-16T15:10:18Z,755a6f21-8c03-22e1-9e19-dd44673c7287,755A6F2,17f95d85-8a80-f23a-781e-e626fed02302,#8814,,0.98,EUR
KL202603234928,2026-03-23T07:45:00Z,FEE,PURCHASE_FEE_FIXED,2026-03-16T15:10:18Z,2026-03-16T15:10:18Z,755a6f21-8c03-22e1-9e19-dd44673c7287,755A6F2,17f95d85-8a80-f23a-781e-e626fed02302,#8814,,0.35,EUR
KL202603234928,2026-03-23T07:45:00Z,SALE,,2026-03-16T16:13:23Z,2026-03-16T16:13:23Z,866a5d2b-92ad-3ff4-6743-726f1ed7fb40,866A5D2,8bfa8b18-a014-0028-2eee-ad6c165eaa8a,#8820,,94.95,EUR
KL202603234928,2026-03-23T07:45:00Z,FEE,PURCHASE_FEE_PERCENTAGE,2026-03-16T16:13:23Z,2026-03-16T16:13:23Z,866a5d2b-92ad-3ff4-6743-726f1ed7fb40,866A5D2,8bfa8b18-a014-0028-2eee-ad6c165eaa8a,#8820,,3.31,EUR
KL202603234928,2026-03-23T07:45:00Z,FEE,PURCHASE_FEE_FIXED,2026-03-16T16:13:23Z,2026-03-16T16:13:23Z,866a5d2b-92ad-3ff4-6743-726f1ed7fb40,866A5D2,8bfa8b18-a014-0028-2eee-ad6c165eaa8a,#8820,,0.35,EUR
KL202603234928,2026-03-23T07:45:00Z,SALE,,2026-03-16T17:01:38Z,2026-03-16T17:01:38Z,b0b61bc9-0d23-3bbc-5f33-be7c635261d4,B0B61BC,d1a17d77-a7a2-0f51-848a-f30392bd7cf2,#8827,,320.00,EUR
KL202603234928,2026-03-23T07:45:00Z,FEE,PURCHASE_FEE_PERCENTAGE,2026-03-16T17:01:38Z,2026-03-16T17:01:38Z,b0b61bc9-0d23-3bbc-5f33-be7c635261d4,B0B61BC,d1a17d77-a7a2-0f51-848a-f30392bd7cf2,#8827,,11.17,EUR
KL202603234928,2026-03-23T07:45:00Z,FEE,PURCHASE_FEE_FIXED,2026-03-16T17:01:38Z,2026-03-16T17:01:38Z,b0b61bc9-0d23-3bbc-5f33-be7c635261d4,B0B61BC,d1a17d77-a7a2-0f51-848a-f30392bd7cf2,#8827,,0.35,EUR
KL202603234928,2026-03-23T07:45:00Z,SALE,,2026-03-16T17:45:02Z,2026-03-16T17:45:02Z,fec8b461-2084-4a66-bdff-90d60b420116,FEC8B46,a2004a44-190a-5c81-6743-390dc50357f7,#8829,,343.00,EUR
KL202603234928,2026-03-23T07:45:00Z,FEE,PURCHASE_FEE_PERCENTAGE,2026-03-16T17:45:02Z,2026-03-16T17:45:02Z,fec8b461-2084-4a66-bdff-90d60b420116,FEC8B46,a2004a44-190a-5c81-6743-390dc50357f7,#8829,,11.97,EUR
KL202603234928,2026-03-23T07:45:00Z,FEE,PURCHASE_FEE_FIXED,2026-03-16T17:45:02Z,2026-03-16T17:45:02Z,fec8b461-2084-4a66-bdff-90d60b420116,FEC8B46,a2004a44-190a-5c81-6743-390dc50357f7,#8829,,0.35,EUR
KL202603234928,2026-03-23T07:45:00Z,SALE,,2026-03-16T17:50:04Z,2026-03-16T17:50:04Z,49b87063-9011-5fba-b52d-88e0d57fdbc1,49B8706,5e2586b7-751f-1515-8300-ee37d91cb09b,#8831,,89.00,EUR
KL202603234928,2026-03-23T07:45:00Z,FEE,PURCHASE_FEE_PERCENTAGE,2026-03-16T17:50:04Z,2026-03-16T17:50:04Z,49b87063-9011-5fba-b52d-88e0d57fdbc1,49B8706,5e2586b7-751f-1515-8300-ee37d91cb09b,#8831,,3.11,EUR
KL202603234928,2026-03-23T07:45:00Z,FEE,PURCHASE_FEE_FIXED,2026-03-16T17:50:04Z,2026-03-16T17:50:04Z,49b87063-9011-5fba-b52d-88e0d57fdbc1,49B8706,5e2586b7-751f-1515-8300-ee37d91cb09b,#8831,,0.35,EUR
KL202603234928,2026-03-23T07:45:00Z,SALE,,2026-03-16T18:16:49Z,2026-03-16T18:16:49Z,a85987c2-f537-5677-5c67-0f3b6cfcd5c5,A85987C,60050b8d-1e08-a5da-5912-79e0665df4f5,#8834,,189.00,EUR
KL202603234928,2026-03-23T07:45:00Z,FEE,PURCHASE_FEE_PERCENTAGE,2026-03-16T18:16:49Z,2026-03-16T18:16:49Z,a85987c2-f537-5677-5c67-0f3b6cfcd5c5,A85987C,60050b8d-1e08-a5da-5912-79e0665df4f5,#8834,,6.60,EUR
KL202603234928,2026-03-23T07:45:00Z,FEE,PURCHASE_FEE_FIXED,2026-03-16T18:16:49Z,2026-03-16T18:16:49Z,a85987c2-f537-5677-5c67-0f3b6cfcd5c5,A85987C,60050b8d-1e08-a5da-5912-79e0665df4f5,#8834,,0.35,EUR
KL202603234928,2026-03-23T07:45:00Z,SALE,,2026-03-16T19:03:31Z,2026-03-16T19:03:31Z,dfc9134f-8295-374d-c077-7251369283e1,DFC9134,ea0334be-e103-32c8-bb2a-627614a39481,#8839,,249.00,EUR
KL202603234928,2026-03-23T07:45:00Z,FEE,PURCHASE_FEE_PERCENTAGE,2026-03-16T19:03:31Z,2026-03-16T19:03:31Z,dfc9134f-8295-374d-c077-7251369283e1,DFC9134,ea0334be-e103-32c8-bb2a-627614a39481,#8839,,8.69,EUR
KL202603234928,2026-03-23T07:45:00Z,FEE,PURCHASE_FEE_FIXED,2026-03-16T19:03:31Z,2026-03-16T19:03:31Z,dfc9134f-8295-374d-c077-7251369283e1,DFC9134,ea0334be-e103-32c8-bb2a-627614a39481,#8839,,0.35,EUR
KL202603234928,2026-03-23T07:45:00Z,SALE,,2026-03-16T19:27:04Z,2026-03-16T19:27:04Z,ce15e89c-8af9-adb4-4d99-ffb37fa161cf,CE15E89,5e93c358-bc22-1cea-6464-cc6d52a38a1a,#8840,,497.00,EUR
KL202603234928,2026-03-23T07:45:00Z,FEE,PURCHASE_FEE_PERCENTAGE,2026-03-16T19:27:04Z,2026-03-16T19:27:04Z,ce15e89c-8af9-adb4-4d99-ffb37fa161cf,CE15E89,5e93c358-bc22-1cea-6464-cc6d52a38a1a,#8840,,17.35,EUR
KL202603234928,2026-03-23T07:45:00Z,FEE,PURCHASE_FEE_FIXED,2026-03-16T19:27:04Z,2026-03-16T19:27:04Z,ce15e89c-8af9-adb4-4d99-ffb37fa161cf,CE15E89,5e93c358-bc22-1cea-6464-cc6d52a38a1a,#8840,,0.35,EUR
KL202603234928,2026-03-23T07:45:00Z,SALE,,2026-03-16T19:34:31Z,2026-03-16T19:34:31Z,28ae1c3b-667f-6a0b-f167-efa62f776890,28AE1C3,f8a8d324-b92c-efc2-0df1-1429ddde6faa,#8841,,146.00,EUR
KL202603234928,2026-03-23T07:45:00Z,FEE,PURCHASE_FEE_PERCENTAGE,2026-03-16T19:34:31Z,2026-03-16T19:34:31Z,28ae1c3b-667f-6a0b-f167-efa62f776890,28AE1C3,f8a8d324-b92c-efc2-0df1-1429ddde6faa,#8841,,5.10,EUR
KL202603234928,2026-03-23T07:45:00Z,FEE,PURCHASE_FEE_FIXED,2026-03-16T19:34:31Z,2026-03-16T19:34:31Z,28ae1c3b-667f-6a0b-f167-efa62f776890,28AE1C3,f8a8d324-b92c-efc2-0df1-1429ddde6faa,#8841,,0.35,EUR
KL202603234928,2026-03-23T07:45:00Z,SALE,,2026-03-16T20:07:46Z,2026-03-16T20:07:46Z,849934ca-2ab0-3b26-3d52-14075060cdd0,849934C,3e14f9e2-d0ec-986d-62cf-9545546ade1d,#8847,,89.00,EUR
KL202603234928,2026-03-23T07:45:00Z,FEE,PURCHASE_FEE_PERCENTAGE,2026-03-16T20:07:46Z,2026-03-16T20:07:46Z,849934ca-2ab0-3b26-3d52-14075060cdd0,849934C,3e14f9e2-d0ec-986d-62cf-9545546ade1d,#8847,,3.11,EUR
KL202603234928,2026-03-23T07:45:00Z,FEE,PURCHASE_FEE_FIXED,2026-03-16T20:07:46Z,2026-03-16T20:07:46Z,849934ca-2ab0-3b26-3d52-14075060cdd0,849934C,3e14f9e2-d0ec-986d-62cf-9545546ade1d,#8847,,0.35,EUR
KL202603234928,2026-03-23T07:45:00Z,SALE,,2026-03-16T21:17:56Z,2026-03-16T21:17:56Z,c8f6a237-1caf-1346-470a-a76de3435113,C8F6A23,bf2636ce-cf48-c8f1-8b50-6d33174f59af,#8859,,151.20,EUR
KL202603234928,2026-03-23T07:45:00Z,FEE,PURCHASE_FEE_PERCENTAGE,2026-03-16T21:17:56Z,2026-03-16T21:17:56Z,c8f6a237-1caf-1346-470a-a76de3435113,C8F6A23,bf2636ce-cf48-c8f1-8b50-6d33174f59af,#8859,,5.28,EUR
KL202603234928,2026-03-23T07:45:00Z,FEE,PURCHASE_FEE_FIXED,2026-03-16T21:17:56Z,2026-03-16T21:17:56Z,c8f6a237-1caf-1346-470a-a76de3435113,C8F6A23,bf2636ce-cf48-c8f1-8b50-6d33174f59af,#8859,,0.35,EUR
KL202603234928,2026-03-23T07:45:00Z,SALE,,2026-03-16T21:30:32Z,2026-03-16T21:30:32Z,d7f5dac5-6c30-4070-bbba-6533cd153d2a,D7F5DAC,b2cb8c7d-011e-983e-abfe-b1163dab897e,#8862,,68.95,EUR
KL202603234928,2026-03-23T07:45:00Z,FEE,PURCHASE_FEE_PERCENTAGE,2026-03-16T21:30:32Z,2026-03-16T21:30:32Z,d7f5dac5-6c30-4070-bbba-6533cd153d2a,D7F5DAC,b2cb8c7d-011e-983e-abfe-b1163dab897e,#8862,,2.41,EUR
KL202603234928,2026-03-23T07:45:00Z,FEE,PURCHASE_FEE_FIXED,2026-03-16T21:30:32Z,2026-03-16T21:30:32Z,d7f5dac5-6c30-4070-bbba-6533cd153d2a,D7F5DAC,b2cb8c7d-011e-983e-abfe-b1163dab897e,#8862,,0.35,EUR
KL202603234928,2026-03-23T07:45:00Z,SALE,,2026-03-16T21:48:55Z,2026-03-16T21:48:55Z,2f65ba33-7daa-bfb0-3a6b-c193fc83b6a5,2F65BA3,68e35403-9ee5-a2b3-d33b-cd8103843561,#8863,,99.00,EUR
KL202603234928,2026-03-23T07:45:00Z,FEE,PURCHASE_FEE_PERCENTAGE,2026-03-16T21:48:55Z,2026-03-16T21:48:55Z,2f65ba33-7daa-bfb0-3a6b-c193fc83b6a5,2F65BA3,68e35403-9ee5-a2b3-d33b-cd8103843561,#8863,,3.46,EUR
KL202603234928,2026-03-23T07:45:00Z,FEE,PURCHASE_FEE_FIXED,2026-03-16T21:48:55Z,2026-03-16T21:48:55Z,2f65ba33-7daa-bfb0-3a6b-c193fc83b6a5,2F65BA3,68e35403-9ee5-a2b3-d33b-cd8103843561,#8863,,0.35,EUR
KL202603234928,2026-03-23T07:45:00Z,SALE,,2026-03-16T22:12:44Z,2026-03-16T22:12:44Z,e1132acc-30c5-7072-420d-94db50ce3369,E1132AC,c0ec2078-a7d1-4293-3506-123b3db1a87a,#8864,,334.00,EUR
KL202603234928,2026-03-23T07:45:00Z,FEE,PURCHASE_FEE_PERCENTAGE,2026-03-16T22:12:44Z,2026-03-16T22:12:44Z,e1132acc-30c5-7072-420d-94db50ce3369,E1132AC,c0ec2078-a7d1-4293-3506-123b3db1a87a,#8864,,11.66,EUR
KL202603234928,2026-03-23T07:45:00Z,FEE,PURCHASE_FEE_FIXED,2026-03-16T22:12:44Z,2026-03-16T22:12:44Z,e1132acc-30c5-7072-420d-94db50ce3369,E1132AC,c0ec2078-a7d1-4293-3506-123b3db1a87a,#8864,,0.35,EUR
KL202603234928,2026-03-23T07:45:00Z,SALE,,2026-03-16T22:40:51Z,2026-03-16T22:40:51Z,1cc34618-9f6c-be01-f485-8d11eea42566,1CC3461,8de27de9-12e9-1616-151f-55bb124befee,#8867,,35.45,EUR
KL202603234928,2026-03-23T07:45:00Z,FEE,PURCHASE_FEE_PERCENTAGE,2026-03-16T22:40:51Z,2026-03-16T22:40:51Z,1cc34618-9f6c-be01-f485-8d11eea42566,1CC3461,8de27de9-12e9-1616-151f-55bb124befee,#8867,,1.24,EUR
KL202603234928,2026-03-23T07:45:00Z,FEE,PURCHASE_FEE_FIXED,2026-03-16T22:40:51Z,2026-03-16T22:40:51Z,1cc34618-9f6c-be01-f485-8d11eea42566,1CC3461,8de27de9-12e9-1616-151f-55bb124befee,#8867,,0.35,EUR
KL202603234928,2026-03-23T07:45:00Z,SALE,,2026-03-16T22:44:28Z,2026-03-16T22:44:28Z,e4d2f6eb-9762-1721-0543-e98747ac06e9,E4D2F6E,493ccd25-da8b-a978-80b7-40dcc7058f02,#8868,,73.95,EUR
KL202603234928,2026-03-23T07:45:00Z,FEE,PURCHASE_FEE_PERCENTAGE,2026-03-16T22:44:28Z,2026-03-16T22:44:28Z,e4d2f6eb-9762-1721-0543-e98747ac06e9,E4D2F6E,493ccd25-da8b-a978-80b7-40dcc7058f02,#8868,,2.58,EUR
KL202603234928,2026-03-23T07:45:00Z,FEE,PURCHASE_FEE_FIXED,2026-03-16T22:44:28Z,2026-03-16T22:44:28Z,e4d2f6eb-9762-1721-0543-e98747ac06e9,E4D2F6E,493ccd25-da8b-a978-80b7-40dcc7058f02,#8868,,0.35,EUR
KL202603234928,2026-03-23T07:45:00Z,SALE,,2026-03-16T23:43:32Z,2026-03-16T23:43:32Z,0a174495-d47d-6d8e-2e3f-9b7c028605d5,0A17449,d3b1f751-a6db-6221-eac6-9ed5c8d172c4,#8873,,188.80,EUR
KL202603234928,2026-03-23T07:45:00Z,FEE,PURCHASE_FEE_PERCENTAGE,2026-03-16T23:43:32Z,2026-03-16T23:43:32Z,0a174495-d47d-6d8e-2e3f-9b7c028605d5,0A17449,d3b1f751-a6db-6221-eac6-9ed5c8d172c4,#8873,,6.59,EUR
KL202603234928,2026-03-23T07:45:00Z,FEE,PURCHASE_FEE_FIXED,2026-03-16T23:43:32Z,2026-03-16T23:43:32Z,0a174495-d47d-6d8e-2e3f-9b7c028605d5,0A17449,d3b1f751-a6db-6221-eac6-9ed5c8d172c4,#8873,,0.35,EUR
KL202603234928,2026-03-23T07:45:00Z,SALE,,2026-03-17T04:16:26Z,2026-03-17T04:16:26Z,9110ec4a-fddb-4b99-f423-8e5292a1e1fa,9110EC4,6276ae2d-fbf1-7bfc-a6c6-e02ebc992428,#8876,,190.55,EUR
KL202603234928,2026-03-23T07:45:00Z,FEE,PURCHASE_FEE_PERCENTAGE,2026-03-17T04:16:26Z,2026-03-17T04:16:26Z,9110ec4a-fddb-4b99-f423-8e5292a1e1fa,9110EC4,6276ae2d-fbf1-7bfc-a6c6-e02ebc992428,#8876,,6.65,EUR
KL202603234928,2026-03-23T07:45:00Z,FEE,PURCHASE_FEE_FIXED,2026-03-17T04:16:26Z,2026-03-17T04:16:26Z,9110ec4a-fddb-4b99-f423-8e5292a1e1fa,9110EC4,6276ae2d-fbf1-7bfc-a6c6-e02ebc992428,#8876,,0.35,EUR
KL202603234928,2026-03-23T07:45:00Z,SALE,,2026-03-17T07:18:24Z,2026-03-17T07:18:24Z,4f6e5e5d-ba05-9a5b-6d88-53e84f7c2c7d,4F6E5E5,58dafb6a-85f5-5f74-5533-c4781f90e70c,#8878,,278.40,EUR
KL202603234928,2026-03-23T07:45:00Z,FEE,PURCHASE_FEE_PERCENTAGE,2026-03-17T07:18:24Z,2026-03-17T07:18:24Z,4f6e5e5d-ba05-9a5b-6d88-53e84f7c2c7d,4F6E5E5,58dafb6a-85f5-5f74-5533-c4781f90e70c,#8878,,9.72,EUR
KL202603234928,2026-03-23T07:45:00Z,FEE,PURCHASE_FEE_FIXED,2026-03-17T07:18:24Z,2026-03-17T07:18:24Z,4f6e5e5d-ba05-9a5b-6d88-53e84f7c2c7d,4F6E5E5,58dafb6a-85f5-5f74-5533-c4781f90e70c,#8878,,0.35,EUR
KL202603234928,2026-03-23T07:45:00Z,SALE,,2026-03-17T09:03:35Z,2026-03-17T09:03:35Z,eaa982ab-fefd-955e-1a12-f25f6aa5a975,EAA982A,f5866150-a4ec-b1c9-3857-c8f51d948c9a,#8881,,31.95,EUR
KL202603234928,2026-03-23T07:45:00Z,FEE,PURCHASE_FEE_PERCENTAGE,2026-03-17T09:03:35Z,2026-03-17T09:03:35Z,eaa982ab-fefd-955e-1a12-f25f6aa5a975,EAA982A,f5866150-a4ec-b1c9-3857-c8f51d948c9a,#8881,,1.12,EUR
KL202603234928,2026-03-23T07:45:00Z,FEE,PURCHASE_FEE_FIXED,2026-03-17T09:03:35Z,2026-03-17T09:03:35Z,eaa982ab-fefd-955e-1a12-f25f6aa5a975,EAA982A,f5866150-a4ec-b1c9-3857-c8f51d948c9a,#8881,,0.35,EUR
KL202603234928,2026-03-23T07:45:00Z,SALE,,2026-03-17T10:54:48Z,2026-03-17T10:54:48Z,8ef84ead-eca9-eaa4-d78a-533a98a6ae44,8EF84EA,3beb9572-e1a4-eb25-09c2-211c02af35a9,#8888,,58.95,EUR
KL202603234928,2026-03-23T07:45:00Z,FEE,PURCHASE_FEE_PERCENTAGE,2026-03-17T10:54:48Z,2026-03-17T10:54:48Z,8ef84ead-eca9-eaa4-d78a-533a98a6ae44,8EF84EA,3beb9572-e1a4-eb25-09c2-211c02af35a9,#8888,,2.06,EUR
KL202603234928,2026-03-23T07:45:00Z,FEE,PURCHASE_FEE_FIXED,2026-03-17T10:54:48Z,2026-03-17T10:54:48Z,8ef84ead-eca9-eaa4-d78a-533a98a6ae44,8EF84EA,3beb9572-e1a4-eb25-09c2-211c02af35a9,#8888,,0.35,EUR
KL202603234928,2026-03-23T07:45:00Z,SALE,,2026-03-17T11:05:30Z,2026-03-17T11:05:30Z,5d46f4c9-22b6-66a2-c2a9-559a6f675704,5D46F4C,765e64d2-dcf1-4a18-9de1-82d46cd457d4,#8890,,50.95,EUR
KL202603234928,2026-03-23T07:45:00Z,FEE,PURCHASE_FEE_PERCENTAGE,2026-03-17T11:05:30Z,2026-03-17T11:05:30Z,5d46f4c9-22b6-66a2-c2a9-559a6f675704,5D46F4C,765e64d2-dcf1-4a18-9de1-82d46cd457d4,#8890,,1.78,EUR
KL202603234928,2026-03-23T07:45:00Z,FEE,PURCHASE_FEE_FIXED,2026-03-17T11:05:30Z,2026-03-17T11:05:30Z,5d46f4c9-22b6-66a2-c2a9-559a6f675704,5D46F4C,765e64d2-dcf1-4a18-9de1-82d46cd457d4,#8890,,0.35,EUR
KL202603234928,2026-03-23T07:45:00Z,RETURN,,2026-03-17T11:05:30Z,2026-03-17T11:05:30Z,5d46f4c9-22b6-66a2-c2a9-559a6f675704,5D46F4C,,#8890,,50.95,EUR
KL202603234928,2026-03-23T07:45:00Z,SALE,,2026-03-17T11:21:33Z,2026-03-17T11:21:33Z,fac4f017-1c8d-ed52-5594-02343f742edf,FAC4F01,da37a885-f53f-6f3f-816f-16dfc013c848,#8892,,329.00,EUR
KL202603234928,2026-03-23T07:45:00Z,FEE,PURCHASE_FEE_PERCENTAGE,2026-03-17T11:21:33Z,2026-03-17T11:21:33Z,fac4f017-1c8d-ed52-5594-02343f742edf,FAC4F01,da37a885-f53f-6f3f-816f-16dfc013c848,#8892,,11.48,EUR
KL202603234928,2026-03-23T07:45:00Z,FEE,PURCHASE_FEE_FIXED,2026-03-17T11:21:33Z,2026-03-17T11:21:33Z,fac4f017-1c8d-ed52-5594-02343f742edf,FAC4F01,da37a885-f53f-6f3f-816f-16dfc013c848,#8892,,0.35,EUR
KL202603234928,2026-03-23T07:45:00Z,SALE,,2026-03-17T12:04:22Z,2026-03-17T12:04:22Z,66017722-9188-6b72-9b0b-c4d2b5d1c3ef,6601772,0446dc68-53bc-84fb-a9c4-8eb16032cff9,#8894,,486.00,EUR
KL202603234928,2026-03-23T07:45:00Z,FEE,PURCHASE_FEE_PERCENTAGE,2026-03-17T12:04:22Z,2026-03-17T12:04:22Z,66017722-9188-6b72-9b0b-c4d2b5d1c3ef,6601772,0446dc68-53bc-84fb-a9c4-8eb16032cff9,#8894,,16.96,EUR
KL202603234928,2026-03-23T07:45:00Z,FEE,PURCHASE_FEE_FIXED,2026-03-17T12:04:22Z,2026-03-17T12:04:22Z,66017722-9188-6b72-9b0b-c4d2b5d1c3ef,6601772,0446dc68-53bc-84fb-a9c4-8eb16032cff9,#8894,,0.35,EUR
KL202603234928,2026-03-23T07:45:00Z,SALE,,2026-03-17T13:05:28Z,2026-03-17T13:05:28Z,9a7142c4-fd82-f22e-539c-b109cf3f376a,9A7142C,14dcd37d-539b-bd07-6b0b-af7275773fdd,#8897,,194.55,EUR
KL202603234928,2026-03-23T07:45:00Z,FEE,PURCHASE_FEE_PERCENTAGE,2026-03-17T13:05:28Z,2026-03-17T13:05:28Z,9a7142c4-fd82-f22e-539c-b109cf3f376a,9A7142C,14dcd37d-539b-bd07-6b0b-af7275773fdd,#8897,,6.79,EUR
KL202603234928,2026-03-23T07:45:00Z,FEE,PURCHASE_FEE_FIXED,2026-03-17T13:05:28Z,2026-03-17T13:05:28Z,9a7142c4-fd82-f22e-539c-b109cf3f376a,9A7142C,14dcd37d-539b-bd07-6b0b-af7275773fdd,#8897,,0.35,EUR
KL202603234928,2026-03-23T07:45:00Z,SALE,,2026-03-17T14:07:48Z,2026-03-17T14:07:48Z,fda847ff-d050-6ad8-bac5-d46054d48078,FDA847F,216c132f-f6ee-22ce-1022-559758f1b43a,#8906,,86.95,EUR
KL202603234928,2026-03-23T07:45:00Z,FEE,PURCHASE_FEE_PERCENTAGE,2026-03-17T14:07:48Z,2026-03-17T14:07:48Z,fda847ff-d050-6ad8-bac5-d46054d48078,FDA847F,216c132f-f6ee-22ce-1022-559758f1b43a,#8906,,3.03,EUR
KL202603234928,2026-03-23T07:45:00Z,FEE,PURCHASE_FEE_FIXED,2026-03-17T14:07:48Z,2026-03-17T14:07:48Z,fda847ff-d050-6ad8-bac5-d46054d48078,FDA847F,216c132f-f6ee-22ce-1022-559758f1b43a,#8906,,0.35,EUR
KL202603234928,2026-03-23T07:45:00Z,SALE,,2026-03-17T15:17:19Z,2026-03-17T15:17:19Z,5475210e-682d-d4af-553a-06b5ee5680a9,5475210,a8098a31-9feb-ac06-434c-9a2c1bea2fce,#8914,,151.20,EUR
KL202603234928,2026-03-23T07:45:00Z,FEE,PURCHASE_FEE_PERCENTAGE,2026-03-17T15:17:19Z,2026-03-17T15:17:19Z,5475210e-682d-d4af-553a-06b5ee5680a9,5475210,a8098a31-9feb-ac06-434c-9a2c1bea2fce,#8914,,5.28,EUR
KL202603234928,2026-03-23T07:45:00Z,FEE,PURCHASE_FEE_FIXED,2026-03-17T15:17:19Z,2026-03-17T15:17:19Z,5475210e-682d-d4af-553a-06b5ee5680a9,5475210,a8098a31-9feb-ac06-434c-9a2c1bea2fce,#8914,,0.35,EUR
KL202603234928,2026-03-23T07:45:00Z,SALE,,2026-03-17T15:21:20Z,2026-03-17T15:21:20Z,c59a8b55-b673-455b-1120-9838051bfe12,C59A8B5,f0a3cb7d-2b80-cf49-096d-f27a77be0821,#8915,,247.00,EUR
KL202603234928,2026-03-23T07:45:00Z,FEE,PURCHASE_FEE_PERCENTAGE,2026-03-17T15:21:20Z,2026-03-17T15:21:20Z,c59a8b55-b673-455b-1120-9838051bfe12,C59A8B5,f0a3cb7d-2b80-cf49-096d-f27a77be0821,#8915,,8.62,EUR
KL202603234928,2026-03-23T07:45:00Z,FEE,PURCHASE_FEE_FIXED,2026-03-17T15:21:20Z,2026-03-17T15:21:20Z,c59a8b55-b673-455b-1120-9838051bfe12,C59A8B5,f0a3cb7d-2b80-cf49-096d-f27a77be0821,#8915,,0.35,EUR
KL202603234928,2026-03-23T07:45:00Z,SALE,,2026-03-17T15:38:25Z,2026-03-17T15:38:25Z,95d0cf65-1967-90cd-a2f0-1d23cf7b6c0b,95D0CF6,39d7d72a-93e1-5ebf-49ad-df41bd807471,#8918,,160.95,EUR
KL202603234928,2026-03-23T07:45:00Z,FEE,PURCHASE_FEE_PERCENTAGE,2026-03-17T15:38:25Z,2026-03-17T15:38:25Z,95d0cf65-1967-90cd-a2f0-1d23cf7b6c0b,95D0CF6,39d7d72a-93e1-5ebf-49ad-df41bd807471,#8918,,5.62,EUR
KL202603234928,2026-03-23T07:45:00Z,FEE,PURCHASE_FEE_FIXED,2026-03-17T15:38:25Z,2026-03-17T15:38:25Z,95d0cf65-1967-90cd-a2f0-1d23cf7b6c0b,95D0CF6,39d7d72a-93e1-5ebf-49ad-df41bd807471,#8918,,0.35,EUR
KL202603234928,2026-03-23T07:45:00Z,RETURN,,2026-03-17T15:38:25Z,2026-03-17T15:38:25Z,95d0cf65-1967-90cd-a2f0-1d23cf7b6c0b,95D0CF6,,#8918,,119.00,EUR
KL202603234928,2026-03-23T07:45:00Z,SALE,,2026-03-17T15:47:27Z,2026-03-17T15:47:27Z,15024ee2-c058-40c5-6e3d-a60fe3bc00fd,15024EE,6733c40c-077a-9fac-0483-c61401165bf9,#8920,,74.95,EUR
KL202603234928,2026-03-23T07:45:00Z,FEE,PURCHASE_FEE_PERCENTAGE,2026-03-17T15:47:27Z,2026-03-17T15:47:27Z,15024ee2-c058-40c5-6e3d-a60fe3bc00fd,15024EE,6733c40c-077a-9fac-0483-c61401165bf9,#8920,,2.62,EUR
KL202603234928,2026-03-23T07:45:00Z,FEE,PURCHASE_FEE_FIXED,2026-03-17T15:47:27Z,2026-03-17T15:47:27Z,15024ee2-c058-40c5-6e3d-a60fe3bc00fd,15024EE,6733c40c-077a-9fac-0483-c61401165bf9,#8920,,0.35,EUR
KL202603234928,2026-03-23T07:45:00Z,SALE,,2026-03-17T15:51:33Z,2026-03-17T15:51:33Z,c1d83f77-ab95-9b98-814c-ed68f7763a5e,C1D83F7,d972a321-8c85-fd6f-ebc2-c142934bbaf5,#8922,,83.70,EUR
KL202603234928,2026-03-23T07:45:00Z,FEE,PURCHASE_FEE_PERCENTAGE,2026-03-17T15:51:33Z,2026-03-17T15:51:33Z,c1d83f77-ab95-9b98-814c-ed68f7763a5e,C1D83F7,d972a321-8c85-fd6f-ebc2-c142934bbaf5,#8922,,2.92,EUR
KL202603234928,2026-03-23T07:45:00Z,FEE,PURCHASE_FEE_FIXED,2026-03-17T15:51:33Z,2026-03-17T15:51:33Z,c1d83f77-ab95-9b98-814c-ed68f7763a5e,C1D83F7,d972a321-8c85-fd6f-ebc2-c142934bbaf5,#8922,,0.35,EUR
KL202603234928,2026-03-23T07:45:00Z,SALE,,2026-03-17T17:12:03Z,2026-03-17T17:12:03Z,1d8d95fa-4880-557d-76bb-d263ab51d37b,1D8D95F,d905804d-59dd-f34a-85e2-8fbeb40433b7,#8925,,170.10,EUR
KL202603234928,2026-03-23T07:45:00Z,FEE,PURCHASE_FEE_PERCENTAGE,2026-03-17T17:12:03Z,2026-03-17T17:12:03Z,1d8d95fa-4880-557d-76bb-d263ab51d37b,1D8D95F,d905804d-59dd-f34a-85e2-8fbeb40433b7,#8925,,5.94,EUR
KL202603234928,2026-03-23T07:45:00Z,FEE,PURCHASE_FEE_FIXED,2026-03-17T17:12:03Z,2026-03-17T17:12:03Z,1d8d95fa-4880-557d-76bb-d263ab51d37b,1D8D95F,d905804d-59dd-f34a-85e2-8fbeb40433b7,#8925,,0.35,EUR
KL202603234928,2026-03-23T07:45:00Z,SALE,,2026-03-17T17:22:52Z,2026-03-17T17:22:52Z,2d7289e1-68ae-10c6-8ea1-327a5e65a9ec,2D7289E,ab1f4c33-840f-49a4-206d-611fd3fe055e,#8926,,33.95,EUR
KL202603234928,2026-03-23T07:45:00Z,FEE,PURCHASE_FEE_PERCENTAGE,2026-03-17T17:22:52Z,2026-03-17T17:22:52Z,2d7289e1-68ae-10c6-8ea1-327a5e65a9ec,2D7289E,ab1f4c33-840f-49a4-206d-611fd3fe055e,#8926,,1.18,EUR
KL202603234928,2026-03-23T07:45:00Z,FEE,PURCHASE_FEE_FIXED,2026-03-17T17:22:52Z,2026-03-17T17:22:52Z,2d7289e1-68ae-10c6-8ea1-327a5e65a9ec,2D7289E,ab1f4c33-840f-49a4-206d-611fd3fe055e,#8926,,0.35,EUR
KL202603234928,2026-03-23T07:45:00Z,SALE,,2026-03-17T17:48:50Z,2026-03-17T17:48:50Z,3d4958e9-3fb3-6e49-6569-2c7c1d1fca04,3D4958E,88a48b4e-0980-0902-b4ef-01645694b0fb,#8929,,368.00,EUR
KL202603234928,2026-03-23T07:45:00Z,FEE,PURCHASE_FEE_PERCENTAGE,2026-03-17T17:48:50Z,2026-03-17T17:48:50Z,3d4958e9-3fb3-6e49-6569-2c7c1d1fca04,3D4958E,88a48b4e-0980-0902-b4ef-01645694b0fb,#8929,,12.84,EUR
KL202603234928,2026-03-23T07:45:00Z,FEE,PURCHASE_FEE_FIXED,2026-03-17T17:48:50Z,2026-03-17T17:48:50Z,3d4958e9-3fb3-6e49-6569-2c7c1d1fca04,3D4958E,88a48b4e-0980-0902-b4ef-01645694b0fb,#8929,,0.35,EUR
KL202603234928,2026-03-23T07:45:00Z,SALE,,2026-03-17T18:03:06Z,2026-03-17T18:03:06Z,e5a96f18-7101-682e-f170-8df607ac5463,E5A96F1,0a36e9cb-eae8-61c9-bbcb-617c01e0f8d1,#8931,,33.95,EUR
KL202603234928,2026-03-23T07:45:00Z,FEE,PURCHASE_FEE_PERCENTAGE,2026-03-17T18:03:06Z,2026-03-17T18:03:06Z,e5a96f18-7101-682e-f170-8df607ac5463,E5A96F1,0a36e9cb-eae8-61c9-bbcb-617c01e0f8d1,#8931,,1.18,EUR
KL202603234928,2026-03-23T07:45:00Z,FEE,PURCHASE_FEE_FIXED,2026-03-17T18:03:06Z,2026-03-17T18:03:06Z,e5a96f18-7101-682e-f170-8df607ac5463,E5A96F1,0a36e9cb-eae8-61c9-bbcb-617c01e0f8d1,#8931,,0.35,EUR
KL202603234928,2026-03-23T07:45:00Z,SALE,,2026-03-17T18:10:48Z,2026-03-17T18:10:48Z,9058d3b5-d971-2003-1897-bd8481224cfb,9058D3B,0acc9036-55e6-3710-b32d-6d64a5763057,#8933,,87.20,EUR
KL202603234928,2026-03-23T07:45:00Z,FEE,PURCHASE_FEE_PERCENTAGE,2026-03-17T18:10:48Z,2026-03-17T18:10:48Z,9058d3b5-d971-2003-1897-bd8481224cfb,9058D3B,0acc9036-55e6-3710-b32d-6d64a5763057,#8933,,3.04,EUR
KL202603234928,2026-03-23T07:45:00Z,FEE,PURCHASE_FEE_FIXED,2026-03-17T18:10:48Z,2026-03-17T18:10:48Z,9058d3b5-d971-2003-1897-bd8481224cfb,9058D3B,0acc9036-55e6-3710-b32d-6d64a5763057,#8933,,0.35,EUR
KL202603234928,2026-03-23T07:45:00Z,SALE,,2026-03-17T19:09:57Z,2026-03-17T19:09:57Z,d8731a8e-0380-6816-297c-50fc11af356d,D8731A8,133f5424-394f-81ed-789e-139b9c9bbb4f,#8946,,38.95,EUR
KL202603234928,2026-03-23T07:45:00Z,FEE,PURCHASE_FEE_PERCENTAGE,2026-03-17T19:09:57Z,2026-03-17T19:09:57Z,d8731a8e-0380-6816-297c-50fc11af356d,D8731A8,133f5424-394f-81ed-789e-139b9c9bbb4f,#8946,,1.36,EUR
KL202603234928,2026-03-23T07:45:00Z,FEE,PURCHASE_FEE_FIXED,2026-03-17T19:09:57Z,2026-03-17T19:09:57Z,d8731a8e-0380-6816-297c-50fc11af356d,D8731A8,133f5424-394f-81ed-789e-139b9c9bbb4f,#8946,,0.35,EUR
KL202603234928,2026-03-23T07:45:00Z,SALE,,2026-03-17T19:11:55Z,2026-03-17T19:11:55Z,03c45b45-510f-dc30-e153-fc78d6c55011,03C45B4,931dedf1-59dd-a378-90d8-a0c350f4a344,#8948,,76.15,EUR
KL202603234928,2026-03-23T07:45:00Z,FEE,PURCHASE_FEE_PERCENTAGE,2026-03-17T19:11:55Z,2026-03-17T19:11:55Z,03c45b45-510f-dc30-e153-fc78d6c55011,03C45B4,931dedf1-59dd-a378-90d8-a0c350f4a344,#8948,,2.66,EUR
KL202603234928,2026-03-23T07:45:00Z,FEE,PURCHASE_FEE_FIXED,2026-03-17T19:11:55Z,2026-03-17T19:11:55Z,03c45b45-510f-dc30-e153-fc78d6c55011,03C45B4,931dedf1-59dd-a378-90d8-a0c350f4a344,#8948,,0.35,EUR
KL202603234928,2026-03-23T07:45:00Z,SALE,,2026-03-17T19:22:02Z,2026-03-17T19:22:02Z,0a8be501-c65a-4669-aacc-f4b3c3c6d76f,0A8BE50,f7ecb7fe-b39a-4172-f956-d60a946ccaa6,#8951,,89.00,EUR
KL202603234928,2026-03-23T07:45:00Z,FEE,PURCHASE_FEE_PERCENTAGE,2026-03-17T19:22:02Z,2026-03-17T19:22:02Z,0a8be501-c65a-4669-aacc-f4b3c3c6d76f,0A8BE50,f7ecb7fe-b39a-4172-f956-d60a946ccaa6,#8951,,3.11,EUR
KL202603234928,2026-03-23T07:45:00Z,FEE,PURCHASE_FEE_FIXED,2026-03-17T19:22:02Z,2026-03-17T19:22:02Z,0a8be501-c65a-4669-aacc-f4b3c3c6d76f,0A8BE50,f7ecb7fe-b39a-4172-f956-d60a946ccaa6,#8951,,0.35,EUR
KL202603234928,2026-03-23T07:45:00Z,SALE,,2026-03-17T19:31:23Z,2026-03-17T19:31:23Z,434e262a-cbbd-0032-c2df-bba16727e93b,434E262,9964b22d-b3b9-8a33-9431-830410f94716,#8952,,89.00,EUR
KL202603234928,2026-03-23T07:45:00Z,FEE,PURCHASE_FEE_PERCENTAGE,2026-03-17T19:31:23Z,2026-03-17T19:31:23Z,434e262a-cbbd-0032-c2df-bba16727e93b,434E262,9964b22d-b3b9-8a33-9431-830410f94716,#8952,,3.11,EUR
KL202603234928,2026-03-23T07:45:00Z,FEE,PURCHASE_FEE_FIXED,2026-03-17T19:31:23Z,2026-03-17T19:31:23Z,434e262a-cbbd-0032-c2df-bba16727e93b,434E262,9964b22d-b3b9-8a33-9431-830410f94716,#8952,,0.35,EUR
KL202603234928,2026-03-23T07:45:00Z,SALE,,2026-03-17T19:32:44Z,2026-03-17T19:32:44Z,79c32f6e-2a16-6b2d-8a33-669afccc7e8c,79C32F6,6a71fc0a-b1b7-cd30-3822-c140cf2fd18a,#8953,,23.95,EUR
KL202603234928,2026-03-23T07:45:00Z,FEE,PURCHASE_FEE_PERCENTAGE,2026-03-17T19:32:44Z,2026-03-17T19:32:44Z,79c32f6e-2a16-6b2d-8a33-669afccc7e8c,79C32F6,6a71fc0a-b1b7-cd30-3822-c140cf2fd18a,#8953,,0.84,EUR
KL202603234928,2026-03-23T07:45:00Z,FEE,PURCHASE_FEE_FIXED,2026-03-17T19:32:44Z,2026-03-17T19:32:44Z,79c32f6e-2a16-6b2d-8a33-669afccc7e8c,79C32F6,6a71fc0a-b1b7-cd30-3822-c140cf2fd18a,#8953,,0.35,EUR
KL202603234928,2026-03-23T07:45:00Z,SALE,,2026-03-17T20:52:23Z,2026-03-17T20:52:23Z,632dda8e-1bf1-aa89-c7f6-8587707a0b43,632DDA8,fd84f0a3-2579-608c-bfe8-c656810b80dc,#8962,,412.00,EUR
KL202603234928,2026-03-23T07:45:00Z,FEE,PURCHASE_FEE_PERCENTAGE,2026-03-17T20:52:23Z,2026-03-17T20:52:23Z,632dda8e-1bf1-aa89-c7f6-8587707a0b43,632DDA8,fd84f0a3-2579-608c-bfe8-c656810b80dc,#8962,,14.38,EUR
KL202603234928,2026-03-23T07:45:00Z,FEE,PURCHASE_FEE_FIXED,2026-03-17T20:52:23Z,2026-03-17T20:52:23Z,632dda8e-1bf1-aa89-c7f6-8587707a0b43,632DDA8,fd84f0a3-2579-608c-bfe8-c656810b80dc,#8962,,0.35,EUR
KL202603234928,2026-03-23T07:45:00Z,SALE,,2026-03-17T21:22:54Z,2026-03-17T21:22:54Z,8a9bcac7-1e46-bf27-b170-0c83d0234639,8A9BCAC,dad1f7bb-f276-7011-4409-c40d751a5b29,#8964,,123.00,EUR
KL202603234928,2026-03-23T07:45:00Z,FEE,PURCHASE_FEE_PERCENTAGE,2026-03-17T21:22:54Z,2026-03-17T21:22:54Z,8a9bcac7-1e46-bf27-b170-0c83d0234639,8A9BCAC,dad1f7bb-f276-7011-4409-c40d751a5b29,#8964,,4.29,EUR
KL202603234928,2026-03-23T07:45:00Z,FEE,PURCHASE_FEE_FIXED,2026-03-17T21:22:54Z,2026-03-17T21:22:54Z,8a9bcac7-1e46-bf27-b170-0c83d0234639,8A9BCAC,dad1f7bb-f276-7011-4409-c40d751a5b29,#8964,,0.35,EUR
KL202603234928,2026-03-23T07:45:00Z,SALE,,2026-03-18T00:43:00Z,2026-03-18T00:43:00Z,d747c448-b9a7-3c3b-c82a-99111d910354,D747C44,f64e0111-e8e5-4a48-f3ee-fd52176d329d,#8975,,109.60,EUR
KL202603234928,2026-03-23T07:45:00Z,FEE,PURCHASE_FEE_PERCENTAGE,2026-03-18T00:43:00Z,2026-03-18T00:43:00Z,d747c448-b9a7-3c3b-c82a-99111d910354,D747C44,f64e0111-e8e5-4a48-f3ee-fd52176d329d,#8975,,3.83,EUR
KL202603234928,2026-03-23T07:45:00Z,FEE,PURCHASE_FEE_FIXED,2026-03-18T00:43:00Z,2026-03-18T00:43:00Z,d747c448-b9a7-3c3b-c82a-99111d910354,D747C44,f64e0111-e8e5-4a48-f3ee-fd52176d329d,#8975,,0.35,EUR
KL202603234928,2026-03-23T07:45:00Z,SALE,,2026-03-18T06:25:29Z,2026-03-18T06:25:29Z,038b61df-10e6-d1d2-70c4-5d0dbd2e603e,038B61D,8ddccc62-a7a1-095f-d0ed-e5db098f9065,#8976,,348.00,EUR
KL202603234928,2026-03-23T07:45:00Z,FEE,PURCHASE_FEE_PERCENTAGE,2026-03-18T06:25:29Z,2026-03-18T06:25:29Z,038b61df-10e6-d1d2-70c4-5d0dbd2e603e,038B61D,8ddccc62-a7a1-095f-d0ed-e5db098f9065,#8976,,12.15,EUR
KL202603234928,2026-03-23T07:45:00Z,FEE,PURCHASE_FEE_FIXED,2026-03-18T06:25:29Z,2026-03-18T06:25:29Z,038b61df-10e6-d1d2-70c4-5d0dbd2e603e,038B61D,8ddccc62-a7a1-095f-d0ed-e5db098f9065,#8976,,0.35,EUR
KL202603234928,2026-03-23T07:45:00Z,SALE,,2026-03-18T09:01:15Z,2026-03-18T09:01:15Z,a71c6acd-e001-7b05-3a46-e03a941aacdc,A71C6AC,5bcf0cf0-d91c-6ec1-d325-7c3180e7d018,#8984,,84.15,EUR
KL202603234928,2026-03-23T07:45:00Z,FEE,PURCHASE_FEE_PERCENTAGE,2026-03-18T09:01:15Z,2026-03-18T09:01:15Z,a71c6acd-e001-7b05-3a46-e03a941aacdc,A71C6AC,5bcf0cf0-d91c-6ec1-d325-7c3180e7d018,#8984,,2.94,EUR
KL202603234928,2026-03-23T07:45:00Z,FEE,PURCHASE_FEE_FIXED,2026-03-18T09:01:15Z,2026-03-18T09:01:15Z,a71c6acd-e001-7b05-3a46-e03a941aacdc,A71C6AC,5bcf0cf0-d91c-6ec1-d325-7c3180e7d018,#8984,,0.35,EUR
KL202603234928,2026-03-23T07:45:00Z,SALE,,2026-03-18T11:29:05Z,2026-03-18T11:29:05Z,e8841d73-67e3-fa70-55e7-a24cc66adfc1,E8841D7,5709fbbf-c8e8-f8e4-dd43-e2b4c460bb00,#8995,,132.00,EUR
KL202603234928,2026-03-23T07:45:00Z,FEE,PURCHASE_FEE_PERCENTAGE,2026-03-18T11:29:05Z,2026-03-18T11:29:05Z,e8841d73-67e3-fa70-55e7-a24cc66adfc1,E8841D7,5709fbbf-c8e8-f8e4-dd43-e2b4c460bb00,#8995,,4.61,EUR
KL202603234928,2026-03-23T07:45:00Z,FEE,PURCHASE_FEE_FIXED,2026-03-18T11:29:05Z,2026-03-18T11:29:05Z,e8841d73-67e3-fa70-55e7-a24cc66adfc1,E8841D7,5709fbbf-c8e8-f8e4-dd43-e2b4c460bb00,#8995,,0.35,EUR
KL202603234928,2026-03-23T07:45:00Z,SALE,,2026-03-18T12:08:15Z,2026-03-18T12:08:15Z,316dc36c-66da-46e1-ee14-182de62b2dab,316DC36,3b9352c6-92d3-8030-6cd2-c8bc01f2fa34,#8998,,33.95,EUR
KL202603234928,2026-03-23T07:45:00Z,FEE,PURCHASE_FEE_PERCENTAGE,2026-03-18T12:08:15Z,2026-03-18T12:08:15Z,316dc36c-66da-46e1-ee14-182de62b2dab,316DC36,3b9352c6-92d3-8030-6cd2-c8bc01f2fa34,#8998,,1.18,EUR
KL202603234928,2026-03-23T07:45:00Z,FEE,PURCHASE_FEE_FIXED,2026-03-18T12:08:15Z,2026-03-18T12:08:15Z,316dc36c-66da-46e1-ee14-182de62b2dab,316DC36,3b9352c6-92d3-8030-6cd2-c8bc01f2fa34,#8998,,0.35,EUR
KL202603234928,2026-03-23T07:45:00Z,SALE,,2026-03-18T13:02:26Z,2026-03-18T13:02:26Z,4bb99318-5b15-8e1f-be7a-639ef5b4c4cf,4BB9931,1cbd65f1-54c6-f758-f435-3a64839a1f77,#9005,,284.00,EUR
KL202603234928,2026-03-23T07:45:00Z,FEE,PURCHASE_FEE_PERCENTAGE,2026-03-18T13:02:26Z,2026-03-18T13:02:26Z,4bb99318-5b15-8e1f-be7a-639ef5b4c4cf,4BB9931,1cbd65f1-54c6-f758-f435-3a64839a1f77,#9005,,9.91,EUR
KL202603234928,2026-03-23T07:45:00Z,FEE,PURCHASE_FEE_FIXED,2026-03-18T13:02:26Z,2026-03-18T13:02:26Z,4bb99318-5b15-8e1f-be7a-639ef5b4c4cf,4BB9931,1cbd65f1-54c6-f758-f435-3a64839a1f77,#9005,,0.35,EUR
KL202603234928,2026-03-23T07:45:00Z,SALE,,2026-03-18T15:09:48Z,2026-03-18T15:09:48Z,ce25acdc-62bb-fbe7-133b-c5e957bf56b6,CE25ACD,7d937144-90b1-c6bb-a7ac-ae686621bc00,#9016,,269.95,EUR
KL202603234928,2026-03-23T07:45:00Z,FEE,PURCHASE_FEE_PERCENTAGE,2026-03-18T15:09:48Z,2026-03-18T15:09:48Z,ce25acdc-62bb-fbe7-133b-c5e957bf56b6,CE25ACD,7d937144-90b1-c6bb-a7ac-ae686621bc00,#9016,,9.42,EUR
KL202603234928,2026-03-23T07:45:00Z,FEE,PURCHASE_FEE_FIXED,2026-03-18T15:09:48Z,2026-03-18T15:09:48Z,ce25acdc-62bb-fbe7-133b-c5e957bf56b6,CE25ACD,7d937144-90b1-c6bb-a7ac-ae686621bc00,#9016,,0.35,EUR
KL202603234928,2026-03-23T07:45:00Z,SALE,,2026-03-18T15:19:58Z,2026-03-18T15:19:58Z,e2e327d4-9474-b0a9-4a6b-9d8e151d66ff,E2E327D,daade806-5c6f-e686-8bb8-394f2a3995bc,#9018,,661.00,EUR
KL202603234928,2026-03-23T07:45:00Z,FEE,PURCHASE_FEE_PERCENTAGE,2026-03-18T15:19:58Z,2026-03-18T15:19:58Z,e2e327d4-9474-b0a9-4a6b-9d8e151d66ff,E2E327D,daade806-5c6f-e686-8bb8-394f2a3995bc,#9018,,23.07,EUR
KL202603234928,2026-03-23T07:45:00Z,FEE,PURCHASE_FEE_FIXED,2026-03-18T15:19:58Z,2026-03-18T15:19:58Z,e2e327d4-9474-b0a9-4a6b-9d8e151d66ff,E2E327D,daade806-5c6f-e686-8bb8-394f2a3995bc,#9018,,0.35,EUR
KL202603234928,2026-03-23T07:45:00Z,SALE,,2026-03-18T15:34:33Z,2026-03-18T15:34:33Z,c3926f03-b7a0-88a6-ac6b-92907df39499,C3926F0,b3ae6467-37a9-48dc-6288-0f0aa9c6e4cf,#9019,,393.00,EUR
KL202603234928,2026-03-23T07:45:00Z,FEE,PURCHASE_FEE_PERCENTAGE,2026-03-18T15:34:33Z,2026-03-18T15:34:33Z,c3926f03-b7a0-88a6-ac6b-92907df39499,C3926F0,b3ae6467-37a9-48dc-6288-0f0aa9c6e4cf,#9019,,13.72,EUR
KL202603234928,2026-03-23T07:45:00Z,FEE,PURCHASE_FEE_FIXED,2026-03-18T15:34:33Z,2026-03-18T15:34:33Z,c3926f03-b7a0-88a6-ac6b-92907df39499,C3926F0,b3ae6467-37a9-48dc-6288-0f0aa9c6e4cf,#9019,,0.35,EUR
KL202603234928,2026-03-23T07:45:00Z,SALE,,2026-03-18T16:27:08Z,2026-03-18T16:27:08Z,57232afd-67e7-b3ab-33a4-82dc5291fd9a,57232AF,fde05646-dc2d-9d9b-52e5-21e32fa3532c,#9022,,249.00,EUR
KL202603234928,2026-03-23T07:45:00Z,FEE,PURCHASE_FEE_PERCENTAGE,2026-03-18T16:27:08Z,2026-03-18T16:27:08Z,57232afd-67e7-b3ab-33a4-82dc5291fd9a,57232AF,fde05646-dc2d-9d9b-52e5-21e32fa3532c,#9022,,8.69,EUR
KL202603234928,2026-03-23T07:45:00Z,FEE,PURCHASE_FEE_FIXED,2026-03-18T16:27:08Z,2026-03-18T16:27:08Z,57232afd-67e7-b3ab-33a4-82dc5291fd9a,57232AF,fde05646-dc2d-9d9b-52e5-21e32fa3532c,#9022,,0.35,EUR
KL202603234928,2026-03-23T07:45:00Z,SALE,,2026-03-18T16:51:59Z,2026-03-18T16:51:59Z,164f8222-54dc-acdd-06fc-bafca6ece332,164F822,e9378dc5-cd0f-17bc-7e9a-b021747ff42b,#9023,,119.00,EUR
KL202603234928,2026-03-23T07:45:00Z,FEE,PURCHASE_FEE_PERCENTAGE,2026-03-18T16:51:59Z,2026-03-18T16:51:59Z,164f8222-54dc-acdd-06fc-bafca6ece332,164F822,e9378dc5-cd0f-17bc-7e9a-b021747ff42b,#9023,,4.15,EUR
KL202603234928,2026-03-23T07:45:00Z,FEE,PURCHASE_FEE_FIXED,2026-03-18T16:51:59Z,2026-03-18T16:51:59Z,164f8222-54dc-acdd-06fc-bafca6ece332,164F822,e9378dc5-cd0f-17bc-7e9a-b021747ff42b,#9023,,0.35,EUR
KL202603234928,2026-03-23T07:45:00Z,SALE,,2026-03-18T17:11:09Z,2026-03-18T17:11:09Z,1306efe3-02fe-ab75-b518-3c2798af21ef,1306EFE,508ec6e7-0a3c-7e42-35b2-ea03fd90abbd,#9026,,35.55,EUR
KL202603234928,2026-03-23T07:45:00Z,FEE,PURCHASE_FEE_PERCENTAGE,2026-03-18T17:11:09Z,2026-03-18T17:11:09Z,1306efe3-02fe-ab75-b518-3c2798af21ef,1306EFE,508ec6e7-0a3c-7e42-35b2-ea03fd90abbd,#9026,,1.24,EUR
KL202603234928,2026-03-23T07:45:00Z,FEE,PURCHASE_FEE_FIXED,2026-03-18T17:11:09Z,2026-03-18T17:11:09Z,1306efe3-02fe-ab75-b518-3c2798af21ef,1306EFE,508ec6e7-0a3c-7e42-35b2-ea03fd90abbd,#9026,,0.35,EUR
KL202603234928,2026-03-23T07:45:00Z,SALE,,2026-03-18T18:13:31Z,2026-03-18T18:13:31Z,9b18d800-012e-8347-5c7a-67104e123cd8,9B18D80,42126119-7a29-be70-43fe-6f331eea472d,#9032,,438.00,EUR
KL202603234928,2026-03-23T07:45:00Z,FEE,PURCHASE_FEE_PERCENTAGE,2026-03-18T18:13:31Z,2026-03-18T18:13:31Z,9b18d800-012e-8347-5c7a-67104e123cd8,9B18D80,42126119-7a29-be70-43fe-6f331eea472d,#9032,,15.29,EUR
KL202603234928,2026-03-23T07:45:00Z,FEE,PURCHASE_FEE_FIXED,2026-03-18T18:13:31Z,2026-03-18T18:13:31Z,9b18d800-012e-8347-5c7a-67104e123cd8,9B18D80,42126119-7a29-be70-43fe-6f331eea472d,#9032,,0.35,EUR
KL202603234928,2026-03-23T07:45:00Z,SALE,,2026-03-18T18:29:51Z,2026-03-18T18:29:51Z,2928964c-bdf2-7017-20c5-60fe1308064b,2928964,e4146f83-fa71-423a-45f2-dc90e68033b8,#9036,,42.95,EUR
KL202603234928,2026-03-23T07:45:00Z,FEE,PURCHASE_FEE_PERCENTAGE,2026-03-18T18:29:51Z,2026-03-18T18:29:51Z,2928964c-bdf2-7017-20c5-60fe1308064b,2928964,e4146f83-fa71-423a-45f2-dc90e68033b8,#9036,,1.50,EUR
KL202603234928,2026-03-23T07:45:00Z,FEE,PURCHASE_FEE_FIXED,2026-03-18T18:29:51Z,2026-03-18T18:29:51Z,2928964c-bdf2-7017-20c5-60fe1308064b,2928964,e4146f83-fa71-423a-45f2-dc90e68033b8,#9036,,0.35,EUR
KL202603234928,2026-03-23T07:45:00Z,SALE,,2026-03-18T18:46:44Z,2026-03-18T18:46:44Z,f84e576f-fc1b-cd88-529c-200558123c23,F84E576,add575a2-f54c-addb-b620-379ffa1e116e,#9039,,323.95,EUR
KL202603234928,2026-03-23T07:45:00Z,FEE,PURCHASE_FEE_PERCENTAGE,2026-03-18T18:46:44Z,2026-03-18T18:46:44Z,f84e576f-fc1b-cd88-529c-200558123c23,F84E576,add575a2-f54c-addb-b620-379ffa1e116e,#9039,,11.31,EUR
KL202603234928,2026-03-23T07:45:00Z,FEE,PURCHASE_FEE_FIXED,2026-03-18T18:46:44Z,2026-03-18T18:46:44Z,f84e576f-fc1b-cd88-529c-200558123c23,F84E576,add575a2-f54c-addb-b620-379ffa1e116e,#9039,,0.35,EUR
KL202603234928,2026-03-23T07:45:00Z,SALE,,2026-03-18T19:04:45Z,2026-03-18T19:04:45Z,ae2d474c-8782-3c57-07fb-d10f4576a43d,AE2D474,e71603ac-07da-8960-ca3f-c737712f8c7f,#9043,,401.00,EUR
KL202603234928,2026-03-23T07:45:00Z,FEE,PURCHASE_FEE_PERCENTAGE,2026-03-18T19:04:45Z,2026-03-18T19:04:45Z,ae2d474c-8782-3c57-07fb-d10f4576a43d,AE2D474,e71603ac-07da-8960-ca3f-c737712f8c7f,#9043,,13.99,EUR
KL202603234928,2026-03-23T07:45:00Z,FEE,PURCHASE_FEE_FIXED,2026-03-18T19:04:45Z,2026-03-18T19:04:45Z,ae2d474c-8782-3c57-07fb-d10f4576a43d,AE2D474,e71603ac-07da-8960-ca3f-c737712f8c7f,#9043,,0.35,EUR
KL202603234928,2026-03-23T07:45:00Z,SALE,,2026-03-18T19:25:20Z,2026-03-18T19:25:20Z,7129c7ce-15f3-415b-8bdb-91ec8d450a5e,7129C7C,2be5010a-211c-2d4b-9f88-81bdf294097b,#9046,,73.35,EUR
KL202603234928,2026-03-23T07:45:00Z,FEE,PURCHASE_FEE_PERCENTAGE,2026-03-18T19:25:20Z,2026-03-18T19:25:20Z,7129c7ce-15f3-415b-8bdb-91ec8d450a5e,7129C7C,2be5010a-211c-2d4b-9f88-81bdf294097b,#9046,,2.56,EUR
KL202603234928,2026-03-23T07:45:00Z,FEE,PURCHASE_FEE_FIXED,2026-03-18T19:25:20Z,2026-03-18T19:25:20Z,7129c7ce-15f3-415b-8bdb-91ec8d450a5e,7129C7C,2be5010a-211c-2d4b-9f88-81bdf294097b,#9046,,0.35,EUR
KL202603234928,2026-03-23T07:45:00Z,SALE,,2026-03-18T19:53:22Z,2026-03-18T19:53:22Z,5cd11db8-0b7a-eaaa-07c9-8064d0e41592,5CD11DB,9ce83dbe-47cd-fcf8-a84c-d1bccf71f3bb,#9051,,454.00,EUR
KL202603234928,2026-03-23T07:45:00Z,FEE,PURCHASE_FEE_PERCENTAGE,2026-03-18T19:53:22Z,2026-03-18T19:53:22Z,5cd11db8-0b7a-eaaa-07c9-8064d0e41592,5CD11DB,9ce83dbe-47cd-fcf8-a84c-d1bccf71f3bb,#9051,,15.84,EUR
KL202603234928,2026-03-23T07:45:00Z,FEE,PURCHASE_FEE_FIXED,2026-03-18T19:53:22Z,2026-03-18T19:53:22Z,5cd11db8-0b7a-eaaa-07c9-8064d0e41592,5CD11DB,9ce83dbe-47cd-fcf8-a84c-d1bccf71f3bb,#9051,,0.35,EUR
KL202603234928,2026-03-23T07:45:00Z,SALE,,2026-03-18T19:53:50Z,2026-03-18T19:53:50Z,619b6c81-787c-1f8c-abfb-f0ff41147810,619B6C8,9091b94a-9b09-8257-84ab-26a77c25e0da,#9052,,397.00,EUR
KL202603234928,2026-03-23T07:45:00Z,FEE,PURCHASE_FEE_PERCENTAGE,2026-03-18T19:53:50Z,2026-03-18T19:53:50Z,619b6c81-787c-1f8c-abfb-f0ff41147810,619B6C8,9091b94a-9b09-8257-84ab-26a77c25e0da,#9052,,13.86,EUR
KL202603234928,2026-03-23T07:45:00Z,FEE,PURCHASE_FEE_FIXED,2026-03-18T19:53:50Z,2026-03-18T19:53:50Z,619b6c81-787c-1f8c-abfb-f0ff41147810,619B6C8,9091b94a-9b09-8257-84ab-26a77c25e0da,#9052,,0.35,EUR
KL202603234928,2026-03-23T07:45:00Z,SALE,,2026-03-18T20:36:16Z,2026-03-18T20:36:16Z,1d49c8de-2748-a4ce-320e-8d13a733a6dc,1D49C8D,84c399d2-a528-52ed-192f-7b66af27463c,#9058,,60.95,EUR
KL202603234928,2026-03-23T07:45:00Z,FEE,PURCHASE_FEE_PERCENTAGE,2026-03-18T20:36:16Z,2026-03-18T20:36:16Z,1d49c8de-2748-a4ce-320e-8d13a733a6dc,1D49C8D,84c399d2-a528-52ed-192f-7b66af27463c,#9058,,2.13,EUR
KL202603234928,2026-03-23T07:45:00Z,FEE,PURCHASE_FEE_FIXED,2026-03-18T20:36:16Z,2026-03-18T20:36:16Z,1d49c8de-2748-a4ce-320e-8d13a733a6dc,1D49C8D,84c399d2-a528-52ed-192f-7b66af27463c,#9058,,0.35,EUR
KL202603234928,2026-03-23T07:45:00Z,SALE,,2026-03-18T20:42:36Z,2026-03-18T20:42:36Z,edd5579e-b258-2d9e-c743-fe5c0d7d404c,EDD5579,fb622969-10c0-d5e9-bdb0-b44f92432f42,#9059,,89.00,EUR
KL202603234928,2026-03-23T07:45:00Z,FEE,PURCHASE_FEE_PERCENTAGE,2026-03-18T20:42:36Z,2026-03-18T20:42:36Z,edd5579e-b258-2d9e-c743-fe5c0d7d404c,EDD5579,fb622969-10c0-d5e9-bdb0-b44f92432f42,#9059,,3.11,EUR
KL202603234928,2026-03-23T07:45:00Z,FEE,PURCHASE_FEE_FIXED,2026-03-18T20:42:36Z,2026-03-18T20:42:36Z,edd5579e-b258-2d9e-c743-fe5c0d7d404c,EDD5579,fb622969-10c0-d5e9-bdb0-b44f92432f42,#9059,,0.35,EUR
KL202603234928,2026-03-23T07:45:00Z,SALE,,2026-03-18T22:39:21Z,2026-03-18T22:39:21Z,5ebddef9-6a50-869a-8cf2-4933ded80a61,5EBDDEF,4577c3a9-63eb-5d0d-a536-544f3ac841cc,#9075,,453.60,EUR
KL202603234928,2026-03-23T07:45:00Z,FEE,PURCHASE_FEE_PERCENTAGE,2026-03-18T22:39:21Z,2026-03-18T22:39:21Z,5ebddef9-6a50-869a-8cf2-4933ded80a61,5EBDDEF,4577c3a9-63eb-5d0d-a536-544f3ac841cc,#9075,,15.83,EUR
KL202603234928,2026-03-23T07:45:00Z,FEE,PURCHASE_FEE_FIXED,2026-03-18T22:39:21Z,2026-03-18T22:39:21Z,5ebddef9-6a50-869a-8cf2-4933ded80a61,5EBDDEF,4577c3a9-63eb-5d0d-a536-544f3ac841cc,#9075,,0.35,EUR
KL202603234928,2026-03-23T07:45:00Z,SALE,,2026-03-18T23:01:23Z,2026-03-18T23:01:23Z,672b968e-7c5a-0df1-8b66-deed8d82054a,672B968,6659da87-236b-4f49-9fd8-a30b3d93a98e,#9080,,252.00,EUR
KL202603234928,2026-03-23T07:45:00Z,FEE,PURCHASE_FEE_PERCENTAGE,2026-03-18T23:01:23Z,2026-03-18T23:01:23Z,672b968e-7c5a-0df1-8b66-deed8d82054a,672B968,6659da87-236b-4f49-9fd8-a30b3d93a98e,#9080,,8.79,EUR
KL202603234928,2026-03-23T07:45:00Z,FEE,PURCHASE_FEE_FIXED,2026-03-18T23:01:23Z,2026-03-18T23:01:23Z,672b968e-7c5a-0df1-8b66-deed8d82054a,672B968,6659da87-236b-4f49-9fd8-a30b3d93a98e,#9080,,0.35,EUR
KL202603234928,2026-03-23T07:45:00Z,SALE,,2026-03-19T02:55:51Z,2026-03-19T02:55:51Z,46f8bae7-57ee-eb3b-e970-513263da5021,46F8BAE,16fc13a0-16f2-d6dc-90a9-8f4e381f79f5,#9083,,49.95,EUR
KL202603234928,2026-03-23T07:45:00Z,FEE,PURCHASE_FEE_PERCENTAGE,2026-03-19T02:55:51Z,2026-03-19T02:55:51Z,46f8bae7-57ee-eb3b-e970-513263da5021,46F8BAE,16fc13a0-16f2-d6dc-90a9-8f4e381f79f5,#9083,,1.74,EUR
KL202603234928,2026-03-23T07:45:00Z,FEE,PURCHASE_FEE_FIXED,2026-03-19T02:55:51Z,2026-03-19T02:55:51Z,46f8bae7-57ee-eb3b-e970-513263da5021,46F8BAE,16fc13a0-16f2-d6dc-90a9-8f4e381f79f5,#9083,,0.35,EUR
KL202603234928,2026-03-23T07:45:00Z,SALE,,2026-03-19T03:13:08Z,2026-03-19T03:13:08Z,132e3e4f-2207-2493-0903-1eaadfd2c13c,132E3E4,a8dc94f0-c862-d6da-45fe-d4c2c939226f,#9084,,33.95,EUR
KL202603234928,2026-03-23T07:45:00Z,FEE,PURCHASE_FEE_PERCENTAGE,2026-03-19T03:13:08Z,2026-03-19T03:13:08Z,132e3e4f-2207-2493-0903-1eaadfd2c13c,132E3E4,a8dc94f0-c862-d6da-45fe-d4c2c939226f,#9084,,1.18,EUR
KL202603234928,2026-03-23T07:45:00Z,FEE,PURCHASE_FEE_FIXED,2026-03-19T03:13:08Z,2026-03-19T03:13:08Z,132e3e4f-2207-2493-0903-1eaadfd2c13c,132E3E4,a8dc94f0-c862-d6da-45fe-d4c2c939226f,#9084,,0.35,EUR
KL202603234928,2026-03-23T07:45:00Z,SALE,,2026-03-19T06:02:56Z,2026-03-19T06:02:56Z,8c213496-fd1b-85ca-78ba-b7ee297a73f6,8C21349,4b9487d8-18e6-d471-84ca-c67a0da1b7ea,#9086,,128.95,EUR
KL202603234928,2026-03-23T07:45:00Z,FEE,PURCHASE_FEE_PERCENTAGE,2026-03-19T06:02:56Z,2026-03-19T06:02:56Z,8c213496-fd1b-85ca-78ba-b7ee297a73f6,8C21349,4b9487d8-18e6-d471-84ca-c67a0da1b7ea,#9086,,4.50,EUR
KL202603234928,2026-03-23T07:45:00Z,FEE,PURCHASE_FEE_FIXED,2026-03-19T06:02:56Z,2026-03-19T06:02:56Z,8c213496-fd1b-85ca-78ba-b7ee297a73f6,8C21349,4b9487d8-18e6-d471-84ca-c67a0da1b7ea,#9086,,0.35,EUR
KL202603234928,2026-03-23T07:45:00Z,SALE,,2026-03-19T09:36:08Z,2026-03-19T09:36:08Z,a0793450-f86c-df6c-2a25-548b91ecb54d,A079345,caaa7f5c-7b90-6acc-28e5-b3daa65fb45d,#9097,,225.95,EUR
KL202603234928,2026-03-23T07:45:00Z,FEE,PURCHASE_FEE_PERCENTAGE,2026-03-19T09:36:08Z,2026-03-19T09:36:08Z,a0793450-f86c-df6c-2a25-548b91ecb54d,A079345,caaa7f5c-7b90-6acc-28e5-b3daa65fb45d,#9097,,7.89,EUR
KL202603234928,2026-03-23T07:45:00Z,FEE,PURCHASE_FEE_FIXED,2026-03-19T09:36:08Z,2026-03-19T09:36:08Z,a0793450-f86c-df6c-2a25-548b91ecb54d,A079345,caaa7f5c-7b90-6acc-28e5-b3daa65fb45d,#9097,,0.35,EUR
KL202603234928,2026-03-23T07:45:00Z,SALE,,2026-03-19T10:30:09Z,2026-03-19T10:30:09Z,56b371b4-c016-95d1-75ce-2533f609fa9a,56B371B,9a2f5f4c-2f74-c3be-d914-d25255ecade6,#9101,,278.00,EUR
KL202603234928,2026-03-23T07:45:00Z,FEE,PURCHASE_FEE_PERCENTAGE,2026-03-19T10:30:09Z,2026-03-19T10:30:09Z,56b371b4-c016-95d1-75ce-2533f609fa9a,56B371B,9a2f5f4c-2f74-c3be-d914-d25255ecade6,#9101,,9.70,EUR
KL202603234928,2026-03-23T07:45:00Z,FEE,PURCHASE_FEE_FIXED,2026-03-19T10:30:09Z,2026-03-19T10:30:09Z,56b371b4-c016-95d1-75ce-2533f609fa9a,56B371B,9a2f5f4c-2f74-c3be-d914-d25255ecade6,#9101,,0.35,EUR
KL202603234928,2026-03-23T07:45:00Z,SALE,,2026-03-19T10:49:10Z,2026-03-19T10:49:10Z,32011ab1-8bf1-defa-d799-b3ebdb29d5a8,32011AB,869f5369-9952-4be9-d2bd-adc943a7a74c,#9103,,89.00,EUR
KL202603234928,2026-03-23T07:45:00Z,FEE,PURCHASE_FEE_PERCENTAGE,2026-03-19T10:49:10Z,2026-03-19T10:49:10Z,32011ab1-8bf1-defa-d799-b3ebdb29d5a8,32011AB,869f5369-9952-4be9-d2bd-adc943a7a74c,#9103,,3.11,EUR
KL202603234928,2026-03-23T07:45:00Z,FEE,PURCHASE_FEE_FIXED,2026-03-19T10:49:10Z,2026-03-19T10:49:10Z,32011ab1-8bf1-defa-d799-b3ebdb29d5a8,32011AB,869f5369-9952-4be9-d2bd-adc943a7a74c,#9103,,0.35,EUR
KL202603234928,2026-03-23T07:45:00Z,RETURN,,2026-03-19T10:49:10Z,2026-03-19T10:49:10Z,32011ab1-8bf1-defa-d799-b3ebdb29d5a8,32011AB,,#9103,,30.26,EUR
KL202603234928,2026-03-23T07:45:00Z,SALE,,2026-03-19T12:01:27Z,2026-03-19T12:01:27Z,17824581-50e0-0d7b-8082-6cbe6a7b10e4,1782458,26c374b8-5963-4538-2d00-e06a1d3f2a11,#9108,,308.15,EUR
KL202603234928,2026-03-23T07:45:00Z,FEE,PURCHASE_FEE_PERCENTAGE,2026-03-19T12:01:27Z,2026-03-19T12:01:27Z,17824581-50e0-0d7b-8082-6cbe6a7b10e4,1782458,26c374b8-5963-4538-2d00-e06a1d3f2a11,#9108,,10.75,EUR
KL202603234928,2026-03-23T07:45:00Z,FEE,PURCHASE_FEE_FIXED,2026-03-19T12:01:27Z,2026-03-19T12:01:27Z,17824581-50e0-0d7b-8082-6cbe6a7b10e4,1782458,26c374b8-5963-4538-2d00-e06a1d3f2a11,#9108,,0.35,EUR
KL202603234928,2026-03-23T07:45:00Z,SALE,,2026-03-19T12:47:15Z,2026-03-19T12:47:15Z,b0f98a71-cc3c-fd12-19b1-5b0c9685fafd,B0F98A7,0adb08f4-2f19-ece3-406d-2e743bffc525,#9111,,141.75,EUR
KL202603234928,2026-03-23T07:45:00Z,FEE,PURCHASE_FEE_PERCENTAGE,2026-03-19T12:47:15Z,2026-03-19T12:47:15Z,b0f98a71-cc3c-fd12-19b1-5b0c9685fafd,B0F98A7,0adb08f4-2f19-ece3-406d-2e743bffc525,#9111,,4.95,EUR
KL202603234928,2026-03-23T07:45:00Z,FEE,PURCHASE_FEE_FIXED,2026-03-19T12:47:15Z,2026-03-19T12:47:15Z,b0f98a71-cc3c-fd12-19b1-5b0c9685fafd,B0F98A7,0adb08f4-2f19-ece3-406d-2e743bffc525,#9111,,0.35,EUR
KL202603234928,2026-03-23T07:45:00Z,SALE,,2026-03-19T13:08:07Z,2026-03-19T13:08:07Z,37464b8c-9727-d262-bf33-a266a56d3e19,37464B8,1247b05e-2983-5eb3-a2df-e3962904d487,#9112,,153.00,EUR
KL202603234928,2026-03-23T07:45:00Z,FEE,PURCHASE_FEE_PERCENTAGE,2026-03-19T13:08:07Z,2026-03-19T13:08:07Z,37464b8c-9727-d262-bf33-a266a56d3e19,37464B8,1247b05e-2983-5eb3-a2df-e3962904d487,#9112,,5.34,EUR
KL202603234928,2026-03-23T07:45:00Z,FEE,PURCHASE_FEE_FIXED,2026-03-19T13:08:07Z,2026-03-19T13:08:07Z,37464b8c-9727-d262-bf33-a266a56d3e19,37464B8,1247b05e-2983-5eb3-a2df-e3962904d487,#9112,,0.35,EUR
KL202603234928,2026-03-23T07:45:00Z,SALE,,2026-03-19T13:20:51Z,2026-03-19T13:20:51Z,2a5d7c67-73b0-3cfe-0659-21977b42e88a,2A5D7C6,57c1a78a-bc15-6be8-a4d9-891346b6df07,#9114,,37.95,EUR
KL202603234928,2026-03-23T07:45:00Z,FEE,PURCHASE_FEE_PERCENTAGE,2026-03-19T13:20:51Z,2026-03-19T13:20:51Z,2a5d7c67-73b0-3cfe-0659-21977b42e88a,2A5D7C6,57c1a78a-bc15-6be8-a4d9-891346b6df07,#9114,,1.32,EUR
KL202603234928,2026-03-23T07:45:00Z,FEE,PURCHASE_FEE_FIXED,2026-03-19T13:20:51Z,2026-03-19T13:20:51Z,2a5d7c67-73b0-3cfe-0659-21977b42e88a,2A5D7C6,57c1a78a-bc15-6be8-a4d9-891346b6df07,#9114,,0.35,EUR
KL202603234928,2026-03-23T07:45:00Z,RETURN,,2026-03-19T13:20:51Z,2026-03-19T13:20:51Z,2a5d7c67-73b0-3cfe-0659-21977b42e88a,2A5D7C6,,#9114,,37.95,EUR
KL202603234928,2026-03-23T07:45:00Z,SALE,,2026-03-19T14:31:43Z,2026-03-19T14:31:43Z,5bfb2ce1-734f-900c-b3f7-0b1ee3d6b2cd,5BFB2CE,a2248acb-b199-8df1-82fb-cca878794cda,#9118,,189.00,EUR
KL202603234928,2026-03-23T07:45:00Z,FEE,PURCHASE_FEE_PERCENTAGE,2026-03-19T14:31:43Z,2026-03-19T14:31:43Z,5bfb2ce1-734f-900c-b3f7-0b1ee3d6b2cd,5BFB2CE,a2248acb-b199-8df1-82fb-cca878794cda,#9118,,6.60,EUR
KL202603234928,2026-03-23T07:45:00Z,FEE,PURCHASE_FEE_FIXED,2026-03-19T14:31:43Z,2026-03-19T14:31:43Z,5bfb2ce1-734f-900c-b3f7-0b1ee3d6b2cd,5BFB2CE,a2248acb-b199-8df1-82fb-cca878794cda,#9118,,0.35,EUR
KL202603234928,2026-03-23T07:45:00Z,SALE,,2026-03-19T14:35:49Z,2026-03-19T14:35:49Z,90986bc9-70ae-bf8b-8759-13c14535e8cd,90986BC,9702513e-b964-45e9-398d-da68fbca8783,#9119,,300.95,EUR
KL202603234928,2026-03-23T07:45:00Z,FEE,PURCHASE_FEE_PERCENTAGE,2026-03-19T14:35:49Z,2026-03-19T14:35:49Z,90986bc9-70ae-bf8b-8759-13c14535e8cd,90986BC,9702513e-b964-45e9-398d-da68fbca8783,#9119,,10.50,EUR
KL202603234928,2026-03-23T07:45:00Z,FEE,PURCHASE_FEE_FIXED,2026-03-19T14:35:49Z,2026-03-19T14:35:49Z,90986bc9-70ae-bf8b-8759-13c14535e8cd,90986BC,9702513e-b964-45e9-398d-da68fbca8783,#9119,,0.35,EUR
KL202603234928,2026-03-23T07:45:00Z,SALE,,2026-03-19T15:58:18Z,2026-03-19T15:58:18Z,f6b88b48-3727-04b4-2fc8-98c99ac98bf7,F6B88B4,070482b7-80cc-9d40-3032-3cbdd628340f,#9127,,199.20,EUR
KL202603234928,2026-03-23T07:45:00Z,FEE,PURCHASE_FEE_PERCENTAGE,2026-03-19T15:58:18Z,2026-03-19T15:58:18Z,f6b88b48-3727-04b4-2fc8-98c99ac98bf7,F6B88B4,070482b7-80cc-9d40-3032-3cbdd628340f,#9127,,6.95,EUR
KL202603234928,2026-03-23T07:45:00Z,FEE,PURCHASE_FEE_FIXED,2026-03-19T15:58:18Z,2026-03-19T15:58:18Z,f6b88b48-3727-04b4-2fc8-98c99ac98bf7,F6B88B4,070482b7-80cc-9d40-3032-3cbdd628340f,#9127,,0.35,EUR
KL202603234928,2026-03-23T07:45:00Z,SALE,,2026-03-19T16:51:24Z,2026-03-19T16:51:24Z,aedd0a5b-a147-5164-bd18-e66676f1c767,AEDD0A5,d62e9361-1df8-469a-02e8-fdd5de233c83,#9130,,48.15,EUR
KL202603234928,2026-03-23T07:45:00Z,FEE,PURCHASE_FEE_PERCENTAGE,2026-03-19T16:51:24Z,2026-03-19T16:51:24Z,aedd0a5b-a147-5164-bd18-e66676f1c767,AEDD0A5,d62e9361-1df8-469a-02e8-fdd5de233c83,#9130,,1.68,EUR
KL202603234928,2026-03-23T07:45:00Z,FEE,PURCHASE_FEE_FIXED,2026-03-19T16:51:24Z,2026-03-19T16:51:24Z,aedd0a5b-a147-5164-bd18-e66676f1c767,AEDD0A5,d62e9361-1df8-469a-02e8-fdd5de233c83,#9130,,0.35,EUR
KL202603234928,2026-03-23T07:45:00Z,SALE,,2026-03-19T17:33:10Z,2026-03-19T17:33:10Z,484153e3-8da7-5f97-7a17-996ca83c26ff,484153E,68fad639-5568-5e66-4a37-d07a75cdd969,#9134,,31.95,EUR
KL202603234928,2026-03-23T07:45:00Z,FEE,PURCHASE_FEE_PERCENTAGE,2026-03-19T17:33:10Z,2026-03-19T17:33:10Z,484153e3-8da7-5f97-7a17-996ca83c26ff,484153E,68fad639-5568-5e66-4a37-d07a75cdd969,#9134,,1.12,EUR
KL202603234928,2026-03-23T07:45:00Z,FEE,PURCHASE_FEE_FIXED,2026-03-19T17:33:10Z,2026-03-19T17:33:10Z,484153e3-8da7-5f97-7a17-996ca83c26ff,484153E,68fad639-5568-5e66-4a37-d07a75cdd969,#9134,,0.35,EUR
KL202603234928,2026-03-23T07:45:00Z,SALE,,2026-03-19T19:00:39Z,2026-03-19T19:00:39Z,10bddda8-403c-a1c8-0056-69bfa5ec7c62,10BDDDA,7ea672ca-10e7-95c2-299c-8f4dfd6b4779,#9144,,56.15,EUR
KL202603234928,2026-03-23T07:45:00Z,FEE,PURCHASE_FEE_PERCENTAGE,2026-03-19T19:00:39Z,2026-03-19T19:00:39Z,10bddda8-403c-a1c8-0056-69bfa5ec7c62,10BDDDA,7ea672ca-10e7-95c2-299c-8f4dfd6b4779,#9144,,1.96,EUR
KL202603234928,2026-03-23T07:45:00Z,FEE,PURCHASE_FEE_FIXED,2026-03-19T19:00:39Z,2026-03-19T19:00:39Z,10bddda8-403c-a1c8-0056-69bfa5ec7c62,10BDDDA,7ea672ca-10e7-95c2-299c-8f4dfd6b4779,#9144,,0.35,EUR
KL202603234928,2026-03-23T07:45:00Z,SALE,,2026-03-19T19:10:20Z,2026-03-19T19:10:20Z,fb67b7b2-90f9-bdba-036f-fd0bab9db7a3,FB67B7B,55818f0b-7b61-74fd-6bd9-5f2d7b066111,#9145,,189.00,EUR
KL202603234928,2026-03-23T07:45:00Z,FEE,PURCHASE_FEE_PERCENTAGE,2026-03-19T19:10:20Z,2026-03-19T19:10:20Z,fb67b7b2-90f9-bdba-036f-fd0bab9db7a3,FB67B7B,55818f0b-7b61-74fd-6bd9-5f2d7b066111,#9145,,6.60,EUR
KL202603234928,2026-03-23T07:45:00Z,FEE,PURCHASE_FEE_FIXED,2026-03-19T19:10:20Z,2026-03-19T19:10:20Z,fb67b7b2-90f9-bdba-036f-fd0bab9db7a3,FB67B7B,55818f0b-7b61-74fd-6bd9-5f2d7b066111,#9145,,0.35,EUR
KL202603234928,2026-03-23T07:45:00Z,SALE,,2026-03-19T20:12:34Z,2026-03-19T20:12:34Z,daccd736-27bf-32f6-27c9-fe95c5281796,DACCD73,1ce439ae-017f-d039-53db-3dae16ba1fd2,#9150,,56.15,EUR
KL202603234928,2026-03-23T07:45:00Z,FEE,PURCHASE_FEE_PERCENTAGE,2026-03-19T20:12:34Z,2026-03-19T20:12:34Z,daccd736-27bf-32f6-27c9-fe95c5281796,DACCD73,1ce439ae-017f-d039-53db-3dae16ba1fd2,#9150,,1.96,EUR
KL202603234928,2026-03-23T07:45:00Z,FEE,PURCHASE_FEE_FIXED,2026-03-19T20:12:34Z,2026-03-19T20:12:34Z,daccd736-27bf-32f6-27c9-fe95c5281796,DACCD73,1ce439ae-017f-d039-53db-3dae16ba1fd2,#9150,,0.35,EUR
KL202603234928,2026-03-23T07:45:00Z,SALE,,2026-03-19T20:13:27Z,2026-03-19T20:13:27Z,e3e4b5f3-fb27-8916-9342-f668091ea121,E3E4B5F,36d96e27-fb4b-9177-78e7-b63f00788985,#9151,,76.95,EUR
KL202603234928,2026-03-23T07:45:00Z,FEE,PURCHASE_FEE_PERCENTAGE,2026-03-19T20:13:27Z,2026-03-19T20:13:27Z,e3e4b5f3-fb27-8916-9342-f668091ea121,E3E4B5F,36d96e27-fb4b-9177-78e7-b63f00788985,#9151,,2.69,EUR
KL202603234928,2026-03-23T07:45:00Z,FEE,PURCHASE_FEE_FIXED,2026-03-19T20:13:27Z,2026-03-19T20:13:27Z,e3e4b5f3-fb27-8916-9342-f668091ea121,E3E4B5F,36d96e27-fb4b-9177-78e7-b63f00788985,#9151,,0.35,EUR
KL202603234928,2026-03-23T07:45:00Z,SALE,,2026-03-19T20:22:25Z,2026-03-19T20:22:25Z,63cbc2b7-32ef-4236-407b-853c3741a2b8,63CBC2B,0040b852-5116-adcb-1c80-4ae2967480a6,#9155,,284.00,EUR
KL202603234928,2026-03-23T07:45:00Z,FEE,PURCHASE_FEE_PERCENTAGE,2026-03-19T20:22:25Z,2026-03-19T20:22:25Z,63cbc2b7-32ef-4236-407b-853c3741a2b8,63CBC2B,0040b852-5116-adcb-1c80-4ae2967480a6,#9155,,9.91,EUR
KL202603234928,2026-03-23T07:45:00Z,FEE,PURCHASE_FEE_FIXED,2026-03-19T20:22:25Z,2026-03-19T20:22:25Z,63cbc2b7-32ef-4236-407b-853c3741a2b8,63CBC2B,0040b852-5116-adcb-1c80-4ae2967480a6,#9155,,0.35,EUR
KL202603234928,2026-03-23T07:45:00Z,SALE,,2026-03-19T20:56:12Z,2026-03-19T20:56:12Z,71c88dc5-112c-ad91-fcbb-000c5f93ad48,71C88DC,7a740db1-6b5e-eb7d-dfb7-22edfe448f64,#9159,,33.95,EUR
KL202603234928,2026-03-23T07:45:00Z,FEE,PURCHASE_FEE_PERCENTAGE,2026-03-19T20:56:12Z,2026-03-19T20:56:12Z,71c88dc5-112c-ad91-fcbb-000c5f93ad48,71C88DC,7a740db1-6b5e-eb7d-dfb7-22edfe448f64,#9159,,1.18,EUR
KL202603234928,2026-03-23T07:45:00Z,FEE,PURCHASE_FEE_FIXED,2026-03-19T20:56:12Z,2026-03-19T20:56:12Z,71c88dc5-112c-ad91-fcbb-000c5f93ad48,71C88DC,7a740db1-6b5e-eb7d-dfb7-22edfe448f64,#9159,,0.35,EUR
KL202603234928,2026-03-23T07:45:00Z,SALE,,2026-03-20T08:08:41Z,2026-03-20T08:08:41Z,955b25c6-80fc-b46d-3eb4-94bca80f01f0,955B25C,d9c7dab4-90e1-2e7a-fa83-1cf258feae87,#9187,,933.95,EUR
KL202603234928,2026-03-23T07:45:00Z,FEE,PURCHASE_FEE_PERCENTAGE,2026-03-20T08:08:41Z,2026-03-20T08:08:41Z,955b25c6-80fc-b46d-3eb4-94bca80f01f0,955B25C,d9c7dab4-90e1-2e7a-fa83-1cf258feae87,#9187,,32.59,EUR
KL202603234928,2026-03-23T07:45:00Z,FEE,PURCHASE_FEE_FIXED,2026-03-20T08:08:41Z,2026-03-20T08:08:41Z,955b25c6-80fc-b46d-3eb4-94bca80f01f0,955B25C,d9c7dab4-90e1-2e7a-fa83-1cf258feae87,#9187,,0.35,EUR
KL202603234928,2026-03-23T07:45:00Z,SALE,,2026-03-20T08:56:09Z,2026-03-20T08:56:09Z,768fb827-f19a-6e1c-8a7d-1f1d5a1fe9fc,768FB82,15840a01-e963-7e72-c0cb-ead7752d4da8,#9195,,124.00,EUR
KL202603234928,2026-03-23T07:45:00Z,FEE,PURCHASE_FEE_PERCENTAGE,2026-03-20T08:56:09Z,2026-03-20T08:56:09Z,768fb827-f19a-6e1c-8a7d-1f1d5a1fe9fc,768FB82,15840a01-e963-7e72-c0cb-ead7752d4da8,#9195,,4.33,EUR
KL202603234928,2026-03-23T07:45:00Z,FEE,PURCHASE_FEE_FIXED,2026-03-20T08:56:09Z,2026-03-20T08:56:09Z,768fb827-f19a-6e1c-8a7d-1f1d5a1fe9fc,768FB82,15840a01-e963-7e72-c0cb-ead7752d4da8,#9195,,0.35,EUR
KL202603234928,2026-03-23T07:45:00Z,SALE,,2026-03-20T09:24:40Z,2026-03-20T09:24:40Z,9ca521bb-27e0-d420-d1ca-1b306682ad5f,9CA521B,df1ea3e9-317d-2d17-9cec-ea7ac8d274df,#9196,,31.95,EUR
KL202603234928,2026-03-23T07:45:00Z,FEE,PURCHASE_FEE_PERCENTAGE,2026-03-20T09:24:40Z,2026-03-20T09:24:40Z,9ca521bb-27e0-d420-d1ca-1b306682ad5f,9CA521B,df1ea3e9-317d-2d17-9cec-ea7ac8d274df,#9196,,1.12,EUR
KL202603234928,2026-03-23T07:45:00Z,FEE,PURCHASE_FEE_FIXED,2026-03-20T09:24:40Z,2026-03-20T09:24:40Z,9ca521bb-27e0-d420-d1ca-1b306682ad5f,9CA521B,df1ea3e9-317d-2d17-9cec-ea7ac8d274df,#9196,,0.35,EUR
KL202603234928,2026-03-23T07:45:00Z,SALE,,2026-03-20T09:52:14Z,2026-03-20T09:52:14Z,c9a8ae8c-4415-8303-a8fd-e3ef3d7abcdd,C9A8AE8,b2c4a302-8cfd-5dca-8153-ea6af7e3b9c2,#9200,,189.00,EUR
KL202603234928,2026-03-23T07:45:00Z,FEE,PURCHASE_FEE_PERCENTAGE,2026-03-20T09:52:14Z,2026-03-20T09:52:14Z,c9a8ae8c-4415-8303-a8fd-e3ef3d7abcdd,C9A8AE8,b2c4a302-8cfd-5dca-8153-ea6af7e3b9c2,#9200,,6.60,EUR
KL202603234928,2026-03-23T07:45:00Z,FEE,PURCHASE_FEE_FIXED,2026-03-20T09:52:14Z,2026-03-20T09:52:14Z,c9a8ae8c-4415-8303-a8fd-e3ef3d7abcdd,C9A8AE8,b2c4a302-8cfd-5dca-8153-ea6af7e3b9c2,#9200,,0.35,EUR
KL202603234928,2026-03-23T07:45:00Z,SALE,,2026-03-20T11:32:57Z,2026-03-20T11:32:57Z,29bc4cab-16ac-d8d1-2cc7-2b445662d75e,29BC4CA,99db626b-214e-238a-8709-3e7fb51f0070,#9206,,60.15,EUR
KL202603234928,2026-03-23T07:45:00Z,FEE,PURCHASE_FEE_PERCENTAGE,2026-03-20T11:32:57Z,2026-03-20T11:32:57Z,29bc4cab-16ac-d8d1-2cc7-2b445662d75e,29BC4CA,99db626b-214e-238a-8709-3e7fb51f0070,#9206,,2.10,EUR
KL202603234928,2026-03-23T07:45:00Z,FEE,PURCHASE_FEE_FIXED,2026-03-20T11:32:57Z,2026-03-20T11:32:57Z,29bc4cab-16ac-d8d1-2cc7-2b445662d75e,29BC4CA,99db626b-214e-238a-8709-3e7fb51f0070,#9206,,0.35,EUR
KL202603234928,2026-03-23T07:45:00Z,SALE,,2026-03-20T11:54:01Z,2026-03-20T11:54:01Z,ef5ed6d3-b190-20d7-afe2-31acae66798a,EF5ED6D,820d1daa-b591-e239-311a-7eadce27c779,#9208,,298.00,EUR
KL202603234928,2026-03-23T07:45:00Z,FEE,PURCHASE_FEE_PERCENTAGE,2026-03-20T11:54:01Z,2026-03-20T11:54:01Z,ef5ed6d3-b190-20d7-afe2-31acae66798a,EF5ED6D,820d1daa-b591-e239-311a-7eadce27c779,#9208,,10.40,EUR
KL202603234928,2026-03-23T07:45:00Z,FEE,PURCHASE_FEE_FIXED,2026-03-20T11:54:01Z,2026-03-20T11:54:01Z,ef5ed6d3-b190-20d7-afe2-31acae66798a,EF5ED6D,820d1daa-b591-e239-311a-7eadce27c779,#9208,,0.35,EUR
KL202603234928,2026-03-23T07:45:00Z,SALE,,2026-03-20T11:56:50Z,2026-03-20T11:56:50Z,d4a495e1-a65b-53b4-0366-576d3c5fe296,D4A495E,a1e1317e-7d67-4f0b-53e2-2cb8f50698b6,#9209,,73.95,EUR
KL202603234928,2026-03-23T07:45:00Z,FEE,PURCHASE_FEE_PERCENTAGE,2026-03-20T11:56:50Z,2026-03-20T11:56:50Z,d4a495e1-a65b-53b4-0366-576d3c5fe296,D4A495E,a1e1317e-7d67-4f0b-53e2-2cb8f50698b6,#9209,,2.58,EUR
KL202603234928,2026-03-23T07:45:00Z,FEE,PURCHASE_FEE_FIXED,2026-03-20T11:56:50Z,2026-03-20T11:56:50Z,d4a495e1-a65b-53b4-0366-576d3c5fe296,D4A495E,a1e1317e-7d67-4f0b-53e2-2cb8f50698b6,#9209,,0.35,EUR
KL202603234928,2026-03-23T07:45:00Z,SALE,,2026-03-20T12:00:42Z,2026-03-20T12:00:42Z,f320e8e1-4fec-ba9a-c7d3-99389d07c81e,F320E8E,b720b711-9c37-934d-472a-125decfdb9af,#9212,,201.95,EUR
KL202603234928,2026-03-23T07:45:00Z,FEE,PURCHASE_FEE_PERCENTAGE,2026-03-20T12:00:42Z,2026-03-20T12:00:42Z,f320e8e1-4fec-ba9a-c7d3-99389d07c81e,F320E8E,b720b711-9c37-934d-472a-125decfdb9af,#9212,,7.05,EUR
KL202603234928,2026-03-23T07:45:00Z,FEE,PURCHASE_FEE_FIXED,2026-03-20T12:00:42Z,2026-03-20T12:00:42Z,f320e8e1-4fec-ba9a-c7d3-99389d07c81e,F320E8E,b720b711-9c37-934d-472a-125decfdb9af,#9212,,0.35,EUR
KL202603234928,2026-03-23T07:45:00Z,SALE,,2026-03-20T12:26:52Z,2026-03-20T12:26:52Z,cf59746d-679c-c58c-bb22-184e3d01773c,CF59746,df385ab0-e802-3413-095d-0872e2e2f043,#9216,,38.95,EUR
KL202603234928,2026-03-23T07:45:00Z,FEE,PURCHASE_FEE_PERCENTAGE,2026-03-20T12:26:52Z,2026-03-20T12:26:52Z,cf59746d-679c-c58c-bb22-184e3d01773c,CF59746,df385ab0-e802-3413-095d-0872e2e2f043,#9216,,1.36,EUR
KL202603234928,2026-03-23T07:45:00Z,FEE,PURCHASE_FEE_FIXED,2026-03-20T12:26:52Z,2026-03-20T12:26:52Z,cf59746d-679c-c58c-bb22-184e3d01773c,CF59746,df385ab0-e802-3413-095d-0872e2e2f043,#9216,,0.35,EUR
KL202603234928,2026-03-23T07:45:00Z,SALE,,2026-03-20T13:42:14Z,2026-03-20T13:42:14Z,57522bb2-7583-c443-0889-7eef6771e1ed,57522BB,9435ad2d-5188-a328-d94e-2dfe52246acd,#9220,,33.95,EUR
KL202603234928,2026-03-23T07:45:00Z,FEE,PURCHASE_FEE_PERCENTAGE,2026-03-20T13:42:14Z,2026-03-20T13:42:14Z,57522bb2-7583-c443-0889-7eef6771e1ed,57522BB,9435ad2d-5188-a328-d94e-2dfe52246acd,#9220,,1.18,EUR
KL202603234928,2026-03-23T07:45:00Z,FEE,PURCHASE_FEE_FIXED,2026-03-20T13:42:14Z,2026-03-20T13:42:14Z,57522bb2-7583-c443-0889-7eef6771e1ed,57522BB,9435ad2d-5188-a328-d94e-2dfe52246acd,#9220,,0.35,EUR
KL202603234928,2026-03-23T07:45:00Z,SALE,,2026-03-20T14:18:35Z,2026-03-20T14:18:35Z,accdd13e-bc1a-b065-c2a5-d50ee929d6ab,ACCDD13,1956e2d7-9972-2473-c094-4019e5f7fb23,#9222,,504.00,EUR
KL202603234928,2026-03-23T07:45:00Z,FEE,PURCHASE_FEE_PERCENTAGE,2026-03-20T14:18:35Z,2026-03-20T14:18:35Z,accdd13e-bc1a-b065-c2a5-d50ee929d6ab,ACCDD13,1956e2d7-9972-2473-c094-4019e5f7fb23,#9222,,17.59,EUR
KL202603234928,2026-03-23T07:45:00Z,FEE,PURCHASE_FEE_FIXED,2026-03-20T14:18:35Z,2026-03-20T14:18:35Z,accdd13e-bc1a-b065-c2a5-d50ee929d6ab,ACCDD13,1956e2d7-9972-2473-c094-4019e5f7fb23,#9222,,0.35,EUR
KL202603234928,2026-03-23T07:45:00Z,SALE,,2026-03-20T14:29:34Z,2026-03-20T14:29:34Z,ff7b8e57-72a3-66ff-4f1d-b3c52f787df0,FF7B8E5,1c2b133f-5adc-17d9-7be0-f13babc8bb80,#9224,,36.15,EUR
KL202603234928,2026-03-23T07:45:00Z,FEE,PURCHASE_FEE_PERCENTAGE,2026-03-20T14:29:34Z,2026-03-20T14:29:34Z,ff7b8e57-72a3-66ff-4f1d-b3c52f787df0,FF7B8E5,1c2b133f-5adc-17d9-7be0-f13babc8bb80,#9224,,1.26,EUR
KL202603234928,2026-03-23T07:45:00Z,FEE,PURCHASE_FEE_FIXED,2026-03-20T14:29:34Z,2026-03-20T14:29:34Z,ff7b8e57-72a3-66ff-4f1d-b3c52f787df0,FF7B8E5,1c2b133f-5adc-17d9-7be0-f13babc8bb80,#9224,,0.35,EUR
KL202603234928,2026-03-23T07:45:00Z,RETURN,,2026-03-20T14:29:34Z,2026-03-20T14:29:34Z,ff7b8e57-72a3-66ff-4f1d-b3c52f787df0,FF7B8E5,,#9224,,36.15,EUR
KL202603234928,2026-03-23T07:45:00Z,SALE,,2026-03-20T16:02:32Z,2026-03-20T16:02:32Z,300a1839-1d07-dda1-7d72-be2b0bdcb9bd,300A183,aadc3870-4bc5-1789-a43d-efb0d06ccae5,#9234,,119.00,EUR
KL202603234928,2026-03-23T07:45:00Z,FEE,PURCHASE_FEE_PERCENTAGE,2026-03-20T16:02:32Z,2026-03-20T16:02:32Z,300a1839-1d07-dda1-7d72-be2b0bdcb9bd,300A183,aadc3870-4bc5-1789-a43d-efb0d06ccae5,#9234,,4.15,EUR
KL202603234928,2026-03-23T07:45:00Z,FEE,PURCHASE_FEE_FIXED,2026-03-20T16:02:32Z,2026-03-20T16:02:32Z,300a1839-1d07-dda1-7d72-be2b0bdcb9bd,300A183,aadc3870-4bc5-1789-a43d-efb0d06ccae5,#9234,,0.35,EUR
KL202603234928,2026-03-23T07:45:00Z,SALE,,2026-03-20T16:12:08Z,2026-03-20T16:12:08Z,2fe1729c-c0a7-04c4-324b-14bcf648d0d8,2FE1729,61e18f7d-fe8d-3aa0-59da-024f71e7d21d,#9236,,113.00,EUR
KL202603234928,2026-03-23T07:45:00Z,FEE,PURCHASE_FEE_PERCENTAGE,2026-03-20T16:12:08Z,2026-03-20T16:12:08Z,2fe1729c-c0a7-04c4-324b-14bcf648d0d8,2FE1729,61e18f7d-fe8d-3aa0-59da-024f71e7d21d,#9236,,3.94,EUR
KL202603234928,2026-03-23T07:45:00Z,FEE,PURCHASE_FEE_FIXED,2026-03-20T16:12:08Z,2026-03-20T16:12:08Z,2fe1729c-c0a7-04c4-324b-14bcf648d0d8,2FE1729,61e18f7d-fe8d-3aa0-59da-024f71e7d21d,#9236,,0.35,EUR
KL202603234928,2026-03-23T07:45:00Z,SALE,,2026-03-20T16:46:49Z,2026-03-20T16:46:49Z,1cef285c-394c-905b-01a1-dd7f009d90fb,1CEF285,e2033e42-0f2d-ecff-3202-ae69089cadb1,#9241,,29.95,EUR
KL202603234928,2026-03-23T07:45:00Z,FEE,PURCHASE_FEE_PERCENTAGE,2026-03-20T16:46:49Z,2026-03-20T16:46:49Z,1cef285c-394c-905b-01a1-dd7f009d90fb,1CEF285,e2033e42-0f2d-ecff-3202-ae69089cadb1,#9241,,1.05,EUR
KL202603234928,2026-03-23T07:45:00Z,FEE,PURCHASE_FEE_FIXED,2026-03-20T16:46:49Z,2026-03-20T16:46:49Z,1cef285c-394c-905b-01a1-dd7f009d90fb,1CEF285,e2033e42-0f2d-ecff-3202-ae69089cadb1,#9241,,0.35,EUR
KL202603234928,2026-03-23T07:45:00Z,SALE,,2026-03-20T18:07:52Z,2026-03-20T18:07:52Z,038ba577-f6db-cf7d-f379-71e974a09da2,038BA57,273dcf6e-6ccb-50cd-3bfd-86d5482afbd5,#9247,,114.00,EUR
KL202603234928,2026-03-23T07:45:00Z,FEE,PURCHASE_FEE_PERCENTAGE,2026-03-20T18:07:52Z,2026-03-20T18:07:52Z,038ba577-f6db-cf7d-f379-71e974a09da2,038BA57,273dcf6e-6ccb-50cd-3bfd-86d5482afbd5,#9247,,3.98,EUR
KL202603234928,2026-03-23T07:45:00Z,FEE,PURCHASE_FEE_FIXED,2026-03-20T18:07:52Z,2026-03-20T18:07:52Z,038ba577-f6db-cf7d-f379-71e974a09da2,038BA57,273dcf6e-6ccb-50cd-3bfd-86d5482afbd5,#9247,,0.35,EUR
KL202603234928,2026-03-23T07:45:00Z,SALE,,2026-03-20T18:32:29Z,2026-03-20T18:32:29Z,c54973c4-63e0-5d26-392c-ffb8ac3f4a51,C54973C,bf60ff67-12f2-6121-387d-88cad2e2e0fe,#9251,,292.00,EUR
KL202603234928,2026-03-23T07:45:00Z,FEE,PURCHASE_FEE_PERCENTAGE,2026-03-20T18:32:29Z,2026-03-20T18:32:29Z,c54973c4-63e0-5d26-392c-ffb8ac3f4a51,C54973C,bf60ff67-12f2-6121-387d-88cad2e2e0fe,#9251,,10.19,EUR
KL202603234928,2026-03-23T07:45:00Z,FEE,PURCHASE_FEE_FIXED,2026-03-20T18:32:29Z,2026-03-20T18:32:29Z,c54973c4-63e0-5d26-392c-ffb8ac3f4a51,C54973C,bf60ff67-12f2-6121-387d-88cad2e2e0fe,#9251,,0.35,EUR
KL202603234928,2026-03-23T07:45:00Z,SALE,,2026-03-20T18:34:57Z,2026-03-20T18:34:57Z,461796ff-49b0-02eb-613b-31fd148aec94,461796F,25e1a44b-3ba5-47cd-0c04-97ac7fcead8f,#9254,,73.95,EUR
KL202603234928,2026-03-23T07:45:00Z,FEE,PURCHASE_FEE_PERCENTAGE,2026-03-20T18:34:57Z,2026-03-20T18:34:57Z,461796ff-49b0-02eb-613b-31fd148aec94,461796F,25e1a44b-3ba5-47cd-0c04-97ac7fcead8f,#9254,,2.58,EUR
KL202603234928,2026-03-23T07:45:00Z,FEE,PURCHASE_FEE_FIXED,2026-03-20T18:34:57Z,2026-03-20T18:34:57Z,461796ff-49b0-02eb-613b-31fd148aec94,461796F,25e1a44b-3ba5-47cd-0c04-97ac7fcead8f,#9254,,0.35,EUR
KL202603234928,2026-03-23T07:45:00Z,SALE,,2026-03-20T19:06:53Z,2026-03-20T19:06:53Z,cb99cfdd-d6f0-5a04-e9e0-e034bdaff975,CB99CFD,2df276d5-48de-75e5-75dc-952543dc7755,#9259,,437.00,EUR
KL202603234928,2026-03-23T07:45:00Z,FEE,PURCHASE_FEE_PERCENTAGE,2026-03-20T19:06:53Z,2026-03-20T19:06:53Z,cb99cfdd-d6f0-5a04-e9e0-e034bdaff975,CB99CFD,2df276d5-48de-75e5-75dc-952543dc7755,#9259,,15.25,EUR
KL202603234928,2026-03-23T07:45:00Z,FEE,PURCHASE_FEE_FIXED,2026-03-20T19:06:53Z,2026-03-20T19:06:53Z,cb99cfdd-d6f0-5a04-e9e0-e034bdaff975,CB99CFD,2df276d5-48de-75e5-75dc-952543dc7755,#9259,,0.35,EUR
KL202603234928,2026-03-23T07:45:00Z,SALE,,2026-03-20T20:30:25Z,2026-03-20T20:30:25Z,94dee24f-99ea-a9df-a55b-bcd8b7b034ec,94DEE24,7f11959f-3c2f-2515-10d6-3ae52af439cc,#9268,,188.00,EUR
KL202603234928,2026-03-23T07:45:00Z,FEE,PURCHASE_FEE_PERCENTAGE,2026-03-20T20:30:25Z,2026-03-20T20:30:25Z,94dee24f-99ea-a9df-a55b-bcd8b7b034ec,94DEE24,7f11959f-3c2f-2515-10d6-3ae52af439cc,#9268,,6.56,EUR
KL202603234928,2026-03-23T07:45:00Z,FEE,PURCHASE_FEE_FIXED,2026-03-20T20:30:25Z,2026-03-20T20:30:25Z,94dee24f-99ea-a9df-a55b-bcd8b7b034ec,94DEE24,7f11959f-3c2f-2515-10d6-3ae52af439cc,#9268,,0.35,EUR
KL202603234928,2026-03-23T07:45:00Z,SALE,,2026-03-20T20:45:08Z,2026-03-20T20:45:08Z,32e3ec69-5685-d48d-3578-c0ce0a78b251,32E3EC6,0107429f-26e4-402b-4251-778dcc4d909e,#9271,,261.95,EUR
KL202603234928,2026-03-23T07:45:00Z,FEE,PURCHASE_FEE_PERCENTAGE,2026-03-20T20:45:08Z,2026-03-20T20:45:08Z,32e3ec69-5685-d48d-3578-c0ce0a78b251,32E3EC6,0107429f-26e4-402b-4251-778dcc4d909e,#9271,,9.14,EUR
KL202603234928,2026-03-23T07:45:00Z,FEE,PURCHASE_FEE_FIXED,2026-03-20T20:45:08Z,2026-03-20T20:45:08Z,32e3ec69-5685-d48d-3578-c0ce0a78b251,32E3EC6,0107429f-26e4-402b-4251-778dcc4d909e,#9271,,0.35,EUR
KL202603234928,2026-03-23T07:45:00Z,SALE,,2026-03-20T21:15:36Z,2026-03-20T21:15:36Z,297b9e9a-d2d5-66d5-0101-c9cb6db8d6ea,297B9E9,fb8ecaf7-c2f2-5ecf-3c0c-2d4d1fdafdf3,#9273,,73.95,EUR
KL202603234928,2026-03-23T07:45:00Z,FEE,PURCHASE_FEE_PERCENTAGE,2026-03-20T21:15:36Z,2026-03-20T21:15:36Z,297b9e9a-d2d5-66d5-0101-c9cb6db8d6ea,297B9E9,fb8ecaf7-c2f2-5ecf-3c0c-2d4d1fdafdf3,#9273,,2.58,EUR
KL202603234928,2026-03-23T07:45:00Z,FEE,PURCHASE_FEE_FIXED,2026-03-20T21:15:36Z,2026-03-20T21:15:36Z,297b9e9a-d2d5-66d5-0101-c9cb6db8d6ea,297B9E9,fb8ecaf7-c2f2-5ecf-3c0c-2d4d1fdafdf3,#9273,,0.35,EUR
KL202603234928,2026-03-23T07:45:00Z,SALE,,2026-03-20T21:59:09Z,2026-03-20T21:59:09Z,49b66b17-8612-49dc-7f6b-063bda1082f9,49B66B1,67082662-af77-6833-1b43-187973d73787,#9277,,298.00,EUR
KL202603234928,2026-03-23T07:45:00Z,FEE,PURCHASE_FEE_PERCENTAGE,2026-03-20T21:59:09Z,2026-03-20T21:59:09Z,49b66b17-8612-49dc-7f6b-063bda1082f9,49B66B1,67082662-af77-6833-1b43-187973d73787,#9277,,10.40,EUR
KL202603234928,2026-03-23T07:45:00Z,FEE,PURCHASE_FEE_FIXED,2026-03-20T21:59:09Z,2026-03-20T21:59:09Z,49b66b17-8612-49dc-7f6b-063bda1082f9,49B66B1,67082662-af77-6833-1b43-187973d73787,#9277,,0.35,EUR
KL202603234928,2026-03-23T07:45:00Z,RETURN,,2026-03-20T21:59:09Z,2026-03-20T21:59:09Z,49b66b17-8612-49dc-7f6b-063bda1082f9,49B66B1,,#9277,,109.00,EUR
KL202603234928,2026-03-23T07:45:00Z,SALE,,2026-03-20T22:53:08Z,2026-03-20T22:53:08Z,f16593c4-90eb-9827-27dd-b2d8d5a03528,F16593C,ca64c5e1-9779-e242-6a65-c6a248ba5492,#9282,,422.00,EUR
KL202603234928,2026-03-23T07:45:00Z,FEE,PURCHASE_FEE_PERCENTAGE,2026-03-20T22:53:08Z,2026-03-20T22:53:08Z,f16593c4-90eb-9827-27dd-b2d8d5a03528,F16593C,ca64c5e1-9779-e242-6a65-c6a248ba5492,#9282,,14.73,EUR
KL202603234928,2026-03-23T07:45:00Z,FEE,PURCHASE_FEE_FIXED,2026-03-20T22:53:08Z,2026-03-20T22:53:08Z,f16593c4-90eb-9827-27dd-b2d8d5a03528,F16593C,ca64c5e1-9779-e242-6a65-c6a248ba5492,#9282,,0.35,EUR
KL202603234928,2026-03-23T07:45:00Z,SALE,,2026-03-20T22:55:56Z,2026-03-20T22:55:56Z,2d2e2939-769d-ae1d-82ea-355d63711208,2D2E293,12e71827-ca8b-b139-2967-ca67a85de37e,#9284,,223.00,EUR
KL202603234928,2026-03-23T07:45:00Z,FEE,PURCHASE_FEE_PERCENTAGE,2026-03-20T22:55:56Z,2026-03-20T22:55:56Z,2d2e2939-769d-ae1d-82ea-355d63711208,2D2E293,12e71827-ca8b-b139-2967-ca67a85de37e,#9284,,7.78,EUR
KL202603234928,2026-03-23T07:45:00Z,FEE,PURCHASE_FEE_FIXED,2026-03-20T22:55:56Z,2026-03-20T22:55:56Z,2d2e2939-769d-ae1d-82ea-355d63711208,2D2E293,12e71827-ca8b-b139-2967-ca67a85de37e,#9284,,0.35,EUR
KL202603234928,2026-03-23T07:45:00Z,SALE,,2026-03-20T23:52:07Z,2026-03-20T23:52:07Z,78da933c-b565-f69d-3c3c-c5f71457f1a5,78DA933,8c26c520-8c2b-dad0-86ba-fe5fafab03bd,#9287,,35.35,EUR
KL202603234928,2026-03-23T07:45:00Z,FEE,PURCHASE_FEE_PERCENTAGE,2026-03-20T23:52:07Z,2026-03-20T23:52:07Z,78da933c-b565-f69d-3c3c-c5f71457f1a5,78DA933,8c26c520-8c2b-dad0-86ba-fe5fafab03bd,#9287,,1.23,EUR
KL202603234928,2026-03-23T07:45:00Z,FEE,PURCHASE_FEE_FIXED,2026-03-20T23:52:07Z,2026-03-20T23:52:07Z,78da933c-b565-f69d-3c3c-c5f71457f1a5,78DA933,8c26c520-8c2b-dad0-86ba-fe5fafab03bd,#9287,,0.35,EUR
KL202603234928,2026-03-23T07:45:00Z,SALE,,2026-03-21T02:37:19Z,2026-03-21T02:37:19Z,f24b38a8-385e-5f3d-f64b-32c5860d6cfc,F24B38A,ed1beee7-76dd-5412-6ea2-f1f258c8f91e,#9289,,222.40,EUR
KL202603234928,2026-03-23T07:45:00Z,FEE,PURCHASE_FEE_PERCENTAGE,2026-03-21T02:37:19Z,2026-03-21T02:37:19Z,f24b38a8-385e-5f3d-f64b-32c5860d6cfc,F24B38A,ed1beee7-76dd-5412-6ea2-f1f258c8f91e,#9289,,7.76,EUR
KL202603234928,2026-03-23T07:45:00Z,FEE,PURCHASE_FEE_FIXED,2026-03-21T02:37:19Z,2026-03-21T02:37:19Z,f24b38a8-385e-5f3d-f64b-32c5860d6cfc,F24B38A,ed1beee7-76dd-5412-6ea2-f1f258c8f91e,#9289,,0.35,EUR
KL202603234928,2026-03-23T07:45:00Z,SALE,,2026-03-21T07:07:04Z,2026-03-21T07:07:04Z,b682ba21-bc3a-795f-bdd1-e5a8f23314b5,B682BA2,d88e46c2-f69c-3bfe-a447-d3dfd2c93408,#9295,,49.95,EUR
KL202603234928,2026-03-23T07:45:00Z,FEE,PURCHASE_FEE_PERCENTAGE,2026-03-21T07:07:04Z,2026-03-21T07:07:04Z,b682ba21-bc3a-795f-bdd1-e5a8f23314b5,B682BA2,d88e46c2-f69c-3bfe-a447-d3dfd2c93408,#9295,,1.74,EUR
KL202603234928,2026-03-23T07:45:00Z,FEE,PURCHASE_FEE_FIXED,2026-03-21T07:07:04Z,2026-03-21T07:07:04Z,b682ba21-bc3a-795f-bdd1-e5a8f23314b5,B682BA2,d88e46c2-f69c-3bfe-a447-d3dfd2c93408,#9295,,0.35,EUR
KL202603234928,2026-03-23T07:45:00Z,SALE,,2026-03-21T10:20:47Z,2026-03-21T10:20:47Z,61b94d7a-457f-73dd-0826-fb889186c596,61B94D7,7a274f6a-5efb-d913-0640-dc4d825ed371,#9304,,89.00,EUR
KL202603234928,2026-03-23T07:45:00Z,FEE,PURCHASE_FEE_PERCENTAGE,2026-03-21T10:20:47Z,2026-03-21T10:20:47Z,61b94d7a-457f-73dd-0826-fb889186c596,61B94D7,7a274f6a-5efb-d913-0640-dc4d825ed371,#9304,,3.11,EUR
KL202603234928,2026-03-23T07:45:00Z,FEE,PURCHASE_FEE_FIXED,2026-03-21T10:20:47Z,2026-03-21T10:20:47Z,61b94d7a-457f-73dd-0826-fb889186c596,61B94D7,7a274f6a-5efb-d913-0640-dc4d825ed371,#9304,,0.35,EUR
KL202603234928,2026-03-23T07:45:00Z,SALE,,2026-03-21T10:23:35Z,2026-03-21T10:23:35Z,c0b9d36b-6e18-f6e9-e46d-cacd00ce99b8,C0B9D36,9e75d1e3-b08e-ba4a-dc85-b4a69e7d5313,#9305,,752.95,EUR
KL202603234928,2026-03-23T07:45:00Z,FEE,PURCHASE_FEE_PERCENTAGE,2026-03-21T10:23:35Z,2026-03-21T10:23:35Z,c0b9d36b-6e18-f6e9-e46d-cacd00ce99b8,C0B9D36,9e75d1e3-b08e-ba4a-dc85-b4a69e7d5313,#9305,,26.28,EUR
KL202603234928,2026-03-23T07:45:00Z,FEE,PURCHASE_FEE_FIXED,2026-03-21T10:23:35Z,2026-03-21T10:23:35Z,c0b9d36b-6e18-f6e9-e46d-cacd00ce99b8,C0B9D36,9e75d1e3-b08e-ba4a-dc85-b4a69e7d5313,#9305,,0.35,EUR
KL202603234928,2026-03-23T07:45:00Z,SALE,,2026-03-21T11:22:52Z,2026-03-21T11:22:52Z,64d28fed-5742-cef6-9b16-77c843ca2813,64D28FE,fdb253a2-6dec-92f2-968a-95b65ed64bf1,#9312,,458.40,EUR
KL202603234928,2026-03-23T07:45:00Z,FEE,PURCHASE_FEE_PERCENTAGE,2026-03-21T11:22:52Z,2026-03-21T11:22:52Z,64d28fed-5742-cef6-9b16-77c843ca2813,64D28FE,fdb253a2-6dec-92f2-968a-95b65ed64bf1,#9312,,16.00,EUR
KL202603234928,2026-03-23T07:45:00Z,FEE,PURCHASE_FEE_FIXED,2026-03-21T11:22:52Z,2026-03-21T11:22:52Z,64d28fed-5742-cef6-9b16-77c843ca2813,64D28FE,fdb253a2-6dec-92f2-968a-95b65ed64bf1,#9312,,0.35,EUR
KL202603234928,2026-03-23T07:45:00Z,SALE,,2026-03-21T13:23:12Z,2026-03-21T13:23:12Z,7b34d9fe-7f70-2fa6-ccd2-d75f52299b49,7B34D9F,dde39461-b5cd-d0b8-9cf4-2af6cd9110b3,#9330,,137.00,EUR
KL202603234928,2026-03-23T07:45:00Z,FEE,PURCHASE_FEE_PERCENTAGE,2026-03-21T13:23:12Z,2026-03-21T13:23:12Z,7b34d9fe-7f70-2fa6-ccd2-d75f52299b49,7B34D9F,dde39461-b5cd-d0b8-9cf4-2af6cd9110b3,#9330,,4.78,EUR
KL202603234928,2026-03-23T07:45:00Z,FEE,PURCHASE_FEE_FIXED,2026-03-21T13:23:12Z,2026-03-21T13:23:12Z,7b34d9fe-7f70-2fa6-ccd2-d75f52299b49,7B34D9F,dde39461-b5cd-d0b8-9cf4-2af6cd9110b3,#9330,,0.35,EUR
KL202603234928,2026-03-23T07:45:00Z,SALE,,2026-03-21T13:59:47Z,2026-03-21T13:59:47Z,789b1259-62eb-9858-8cd2-126c7f6fb333,789B125,a84dca32-0f0f-b412-f35d-8669f5cf57c3,#9336,,73.95,EUR
KL202603234928,2026-03-23T07:45:00Z,FEE,PURCHASE_FEE_PERCENTAGE,2026-03-21T13:59:47Z,2026-03-21T13:59:47Z,789b1259-62eb-9858-8cd2-126c7f6fb333,789B125,a84dca32-0f0f-b412-f35d-8669f5cf57c3,#9336,,2.58,EUR
KL202603234928,2026-03-23T07:45:00Z,FEE,PURCHASE_FEE_FIXED,2026-03-21T13:59:47Z,2026-03-21T13:59:47Z,789b1259-62eb-9858-8cd2-126c7f6fb333,789B125,a84dca32-0f0f-b412-f35d-8669f5cf57c3,#9336,,0.35,EUR
KL202603234928,2026-03-23T07:45:00Z,SALE,,2026-03-21T17:21:05Z,2026-03-21T17:21:05Z,787a960d-3687-ba08-ca1d-f05831738bcf,787A960,f193f3a3-84ab-7fef-48ba-df79dc81aa6c,#9356,,32.15,EUR
KL202603234928,2026-03-23T07:45:00Z,FEE,PURCHASE_FEE_PERCENTAGE,2026-03-21T17:21:05Z,2026-03-21T17:21:05Z,787a960d-3687-ba08-ca1d-f05831738bcf,787A960,f193f3a3-84ab-7fef-48ba-df79dc81aa6c,#9356,,1.12,EUR
KL202603234928,2026-03-23T07:45:00Z,FEE,PURCHASE_FEE_FIXED,2026-03-21T17:21:05Z,2026-03-21T17:21:05Z,787a960d-3687-ba08-ca1d-f05831738bcf,787A960,f193f3a3-84ab-7fef-48ba-df79dc81aa6c,#9356,,0.35,EUR
KL202603234928,2026-03-23T07:45:00Z,SALE,,2026-03-21T17:55:36Z,2026-03-21T17:55:36Z,924b7846-c89e-ea20-fbf6-3ca4e249932b,924B784,7ff1f5c8-a567-41ab-4dfa-13d8a2a48930,#9358,,228.00,EUR
KL202603234928,2026-03-23T07:45:00Z,FEE,PURCHASE_FEE_PERCENTAGE,2026-03-21T17:55:36Z,2026-03-21T17:55:36Z,924b7846-c89e-ea20-fbf6-3ca4e249932b,924B784,7ff1f5c8-a567-41ab-4dfa-13d8a2a48930,#9358,,7.96,EUR
KL202603234928,2026-03-23T07:45:00Z,FEE,PURCHASE_FEE_FIXED,2026-03-21T17:55:36Z,2026-03-21T17:55:36Z,924b7846-c89e-ea20-fbf6-3ca4e249932b,924B784,7ff1f5c8-a567-41ab-4dfa-13d8a2a48930,#9358,,0.35,EUR
KL202603234928,2026-03-23T07:45:00Z,SALE,,2026-03-21T18:07:24Z,2026-03-21T18:07:24Z,7cd7bfab-b73d-3fcd-b1fd-5b3b50737bd3,7CD7BFA,30debe31-8e19-93bb-0124-e87424b0383c,#9360,,81.95,EUR
KL202603234928,2026-03-23T07:45:00Z,FEE,PURCHASE_FEE_PERCENTAGE,2026-03-21T18:07:24Z,2026-03-21T18:07:24Z,7cd7bfab-b73d-3fcd-b1fd-5b3b50737bd3,7CD7BFA,30debe31-8e19-93bb-0124-e87424b0383c,#9360,,2.86,EUR
KL202603234928,2026-03-23T07:45:00Z,FEE,PURCHASE_FEE_FIXED,2026-03-21T18:07:24Z,2026-03-21T18:07:24Z,7cd7bfab-b73d-3fcd-b1fd-5b3b50737bd3,7CD7BFA,30debe31-8e19-93bb-0124-e87424b0383c,#9360,,0.35,EUR
KL202603234928,2026-03-23T07:45:00Z,SALE,,2026-03-21T18:52:14Z,2026-03-21T18:52:14Z,0d7dfcbd-a610-1a5d-41b0-32cef1601b91,0D7DFCB,2926c279-7341-0117-84ff-f0a5524bcdb6,#9367,,339.95,EUR
KL202603234928,2026-03-23T07:45:00Z,FEE,PURCHASE_FEE_PERCENTAGE,2026-03-21T18:52:14Z,2026-03-21T18:52:14Z,0d7dfcbd-a610-1a5d-41b0-32cef1601b91,0D7DFCB,2926c279-7341-0117-84ff-f0a5524bcdb6,#9367,,11.86,EUR
KL202603234928,2026-03-23T07:45:00Z,FEE,PURCHASE_FEE_FIXED,2026-03-21T18:52:14Z,2026-03-21T18:52:14Z,0d7dfcbd-a610-1a5d-41b0-32cef1601b91,0D7DFCB,2926c279-7341-0117-84ff-f0a5524bcdb6,#9367,,0.35,EUR
KL202603234928,2026-03-23T07:45:00Z,SALE,,2026-03-21T18:53:56Z,2026-03-21T18:53:56Z,61b231a6-8a5c-5c88-4df6-70625ee0d03d,61B231A,be28bcb6-ee34-f409-e0ef-40407728ba0f,#9368,,38.95,EUR
KL202603234928,2026-03-23T07:45:00Z,FEE,PURCHASE_FEE_PERCENTAGE,2026-03-21T18:53:56Z,2026-03-21T18:53:56Z,61b231a6-8a5c-5c88-4df6-70625ee0d03d,61B231A,be28bcb6-ee34-f409-e0ef-40407728ba0f,#9368,,1.36,EUR
KL202603234928,2026-03-23T07:45:00Z,FEE,PURCHASE_FEE_FIXED,2026-03-21T18:53:56Z,2026-03-21T18:53:56Z,61b231a6-8a5c-5c88-4df6-70625ee0d03d,61B231A,be28bcb6-ee34-f409-e0ef-40407728ba0f,#9368,,0.35,EUR
KL202603234928,2026-03-23T07:45:00Z,SALE,,2026-03-21T19:05:31Z,2026-03-21T19:05:31Z,6c279477-67b9-8f59-84e3-f730c9ca6aa1,6C27947,1b2b17ff-e3fb-4c8b-8e54-ba3b7a0ed2db,#9370,,147.00,EUR
KL202603234928,2026-03-23T07:45:00Z,FEE,PURCHASE_FEE_PERCENTAGE,2026-03-21T19:05:31Z,2026-03-21T19:05:31Z,6c279477-67b9-8f59-84e3-f730c9ca6aa1,6C27947,1b2b17ff-e3fb-4c8b-8e54-ba3b7a0ed2db,#9370,,5.13,EUR
KL202603234928,2026-03-23T07:45:00Z,FEE,PURCHASE_FEE_FIXED,2026-03-21T19:05:31Z,2026-03-21T19:05:31Z,6c279477-67b9-8f59-84e3-f730c9ca6aa1,6C27947,1b2b17ff-e3fb-4c8b-8e54-ba3b7a0ed2db,#9370,,0.35,EUR
KL202603234928,2026-03-23T07:45:00Z,SALE,,2026-03-21T19:13:48Z,2026-03-21T19:13:48Z,57a8b4d6-cce7-50a0-8fb7-8f22b24a6af3,57A8B4D,0e9781c1-1e21-8400-d071-200c9b4943b3,#9372,,40.15,EUR
KL202603234928,2026-03-23T07:45:00Z,FEE,PURCHASE_FEE_PERCENTAGE,2026-03-21T19:13:48Z,2026-03-21T19:13:48Z,57a8b4d6-cce7-50a0-8fb7-8f22b24a6af3,57A8B4D,0e9781c1-1e21-8400-d071-200c9b4943b3,#9372,,1.40,EUR
KL202603234928,2026-03-23T07:45:00Z,FEE,PURCHASE_FEE_FIXED,2026-03-21T19:13:48Z,2026-03-21T19:13:48Z,57a8b4d6-cce7-50a0-8fb7-8f22b24a6af3,57A8B4D,0e9781c1-1e21-8400-d071-200c9b4943b3,#9372,,0.35,EUR
KL202603234928,2026-03-23T07:45:00Z,SALE,,2026-03-21T19:53:14Z,2026-03-21T19:53:14Z,5961ce55-7bd4-2c3b-88a6-c240509fd3b3,5961CE5,fa2842b9-e677-2c16-1641-5e104e279cb8,#9382,,99.00,EUR
KL202603234928,2026-03-23T07:45:00Z,FEE,PURCHASE_FEE_PERCENTAGE,2026-03-21T19:53:14Z,2026-03-21T19:53:14Z,5961ce55-7bd4-2c3b-88a6-c240509fd3b3,5961CE5,fa2842b9-e677-2c16-1641-5e104e279cb8,#9382,,3.46,EUR
KL202603234928,2026-03-23T07:45:00Z,FEE,PURCHASE_FEE_FIXED,2026-03-21T19:53:14Z,2026-03-21T19:53:14Z,5961ce55-7bd4-2c3b-88a6-c240509fd3b3,5961CE5,fa2842b9-e677-2c16-1641-5e104e279cb8,#9382,,0.35,EUR
KL202603234928,2026-03-23T07:45:00Z,SALE,,2026-03-21T20:50:46Z,2026-03-21T20:50:46Z,bb67eda0-19a7-2ccb-e692-6393ec9bf827,BB67EDA,ba68fca3-94fb-57fd-043a-bfc8ab267581,#9391,,278.00,EUR
KL202603234928,2026-03-23T07:45:00Z,FEE,PURCHASE_FEE_PERCENTAGE,2026-03-21T20:50:46Z,2026-03-21T20:50:46Z,bb67eda0-19a7-2ccb-e692-6393ec9bf827,BB67EDA,ba68fca3-94fb-57fd-043a-bfc8ab267581,#9391,,9.70,EUR
KL202603234928,2026-03-23T07:45:00Z,FEE,PURCHASE_FEE_FIXED,2026-03-21T20:50:46Z,2026-03-21T20:50:46Z,bb67eda0-19a7-2ccb-e692-6393ec9bf827,BB67EDA,ba68fca3-94fb-57fd-043a-bfc8ab267581,#9391,,0.35,EUR
KL202603234928,2026-03-23T07:45:00Z,RETURN,,2026-03-21T20:50:46Z,2026-03-21T20:50:46Z,bb67eda0-19a7-2ccb-e692-6393ec9bf827,BB67EDA,,#9391,,278.00,EUR
KL202603234928,2026-03-23T07:45:00Z,SALE,,2026-03-21T20:58:02Z,2026-03-21T20:58:02Z,e1255d31-e072-4cc5-e0fc-eec5900773f8,E1255D3,f2e087bd-1dbf-bee6-4024-efc50edd3bda,#9393,,278.00,EUR
KL202603234928,2026-03-23T07:45:00Z,FEE,PURCHASE_FEE_PERCENTAGE,2026-03-21T20:58:02Z,2026-03-21T20:58:02Z,e1255d31-e072-4cc5-e0fc-eec5900773f8,E1255D3,f2e087bd-1dbf-bee6-4024-efc50edd3bda,#9393,,9.70,EUR
KL202603234928,2026-03-23T07:45:00Z,FEE,PURCHASE_FEE_FIXED,2026-03-21T20:58:02Z,2026-03-21T20:58:02Z,e1255d31-e072-4cc5-e0fc-eec5900773f8,E1255D3,f2e087bd-1dbf-bee6-4024-efc50edd3bda,#9393,,0.35,EUR
KL202603234928,2026-03-23T07:45:00Z,SALE,,2026-03-21T22:31:11Z,2026-03-21T22:31:11Z,06ef4d34-7ad4-3ff9-6e66-3255409e7f5d,06EF4D3,cc0dceef-e5a7-6baa-0b03-a64e5485bbcb,#9404,,138.00,EUR
KL202603234928,2026-03-23T07:45:00Z,FEE,PURCHASE_FEE_PERCENTAGE,2026-03-21T22:31:11Z,2026-03-21T22:31:11Z,06ef4d34-7ad4-3ff9-6e66-3255409e7f5d,06EF4D3,cc0dceef-e5a7-6baa-0b03-a64e5485bbcb,#9404,,4.82,EUR
KL202603234928,2026-03-23T07:45:00Z,FEE,PURCHASE_FEE_FIXED,2026-03-21T22:31:11Z,2026-03-21T22:31:11Z,06ef4d34-7ad4-3ff9-6e66-3255409e7f5d,06EF4D3,cc0dceef-e5a7-6baa-0b03-a64e5485bbcb,#9404,,0.35,EUR
KL202603234928,2026-03-23T07:45:00Z,SALE,,2026-03-21T22:57:15Z,2026-03-21T22:57:15Z,55dfd274-c807-ba50-b92a-09794a9d14af,55DFD27,800ddd60-90bb-a14d-0c7a-4c1f4527af6e,#9406,,375.00,EUR
KL202603234928,2026-03-23T07:45:00Z,FEE,PURCHASE_FEE_PERCENTAGE,2026-03-21T22:57:15Z,2026-03-21T22:57:15Z,55dfd274-c807-ba50-b92a-09794a9d14af,55DFD27,800ddd60-90bb-a14d-0c7a-4c1f4527af6e,#9406,,13.09,EUR
KL202603234928,2026-03-23T07:45:00Z,FEE,PURCHASE_FEE_FIXED,2026-03-21T22:57:15Z,2026-03-21T22:57:15Z,55dfd274-c807-ba50-b92a-09794a9d14af,55DFD27,800ddd60-90bb-a14d-0c7a-4c1f4527af6e,#9406,,0.35,EUR
KL202603234928,2026-03-23T07:45:00Z,RETURN,,2026-03-21T22:57:15Z,2026-03-21T22:57:15Z,55dfd274-c807-ba50-b92a-09794a9d14af,55DFD27,,#9406,,327.00,EUR
KL202603234928,2026-03-23T07:45:00Z,SALE,,2026-03-22T07:43:06Z,2026-03-22T07:43:06Z,95e5b6a0-b7a7-35c2-64ac-25c969649d4b,95E5B6A,7dc69a1b-0da9-86b6-7f9a-c4b729c297cd,#9413,,180.00,EUR
KL202603234928,2026-03-23T07:45:00Z,FEE,PURCHASE_FEE_PERCENTAGE,2026-03-22T07:43:06Z,2026-03-22T07:43:06Z,95e5b6a0-b7a7-35c2-64ac-25c969649d4b,95E5B6A,7dc69a1b-0da9-86b6-7f9a-c4b729c297cd,#9413,,6.28,EUR
KL202603234928,2026-03-23T07:45:00Z,FEE,PURCHASE_FEE_FIXED,2026-03-22T07:43:06Z,2026-03-22T07:43:06Z,95e5b6a0-b7a7-35c2-64ac-25c969649d4b,95E5B6A,7dc69a1b-0da9-86b6-7f9a-c4b729c297cd,#9413,,0.35,EUR
KL202603234928,2026-03-23T07:45:00Z,SALE,,2026-03-22T10:34:07Z,2026-03-22T10:34:07Z,53853d39-207d-947b-f820-06b3a527ecaf,53853D3,4887d872-6865-2644-5134-6f3647f528a6,#9423,,33.95,EUR
KL202603234928,2026-03-23T07:45:00Z,FEE,PURCHASE_FEE_PERCENTAGE,2026-03-22T10:34:07Z,2026-03-22T10:34:07Z,53853d39-207d-947b-f820-06b3a527ecaf,53853D3,4887d872-6865-2644-5134-6f3647f528a6,#9423,,1.18,EUR
KL202603234928,2026-03-23T07:45:00Z,FEE,PURCHASE_FEE_FIXED,2026-03-22T10:34:07Z,2026-03-22T10:34:07Z,53853d39-207d-947b-f820-06b3a527ecaf,53853D3,4887d872-6865-2644-5134-6f3647f528a6,#9423,,0.35,EUR
KL202603234928,2026-03-23T07:45:00Z,SALE,,2026-03-22T11:56:11Z,2026-03-22T11:56:11Z,2b1377a5-7580-8a57-eaad-919e76c3333e,2B1377A,1a224dce-0dc5-992a-933c-942d42ac5230,#9434,,73.95,EUR
KL202603234928,2026-03-23T07:45:00Z,FEE,PURCHASE_FEE_PERCENTAGE,2026-03-22T11:56:11Z,2026-03-22T11:56:11Z,2b1377a5-7580-8a57-eaad-919e76c3333e,2B1377A,1a224dce-0dc5-992a-933c-942d42ac5230,#9434,,2.58,EUR
KL202603234928,2026-03-23T07:45:00Z,FEE,PURCHASE_FEE_FIXED,2026-03-22T11:56:11Z,2026-03-22T11:56:11Z,2b1377a5-7580-8a57-eaad-919e76c3333e,2B1377A,1a224dce-0dc5-992a-933c-942d42ac5230,#9434,,0.35,EUR
KL202603234928,2026-03-23T07:45:00Z,SALE,,2026-03-22T12:56:25Z,2026-03-22T12:56:25Z,b6ce9ea8-101e-db60-81fc-16d08f829eca,B6CE9EA,1ac2fc13-9cae-d882-95ba-81af4c68978b,#9441,,61.95,EUR
KL202603234928,2026-03-23T07:45:00Z,FEE,PURCHASE_FEE_PERCENTAGE,2026-03-22T12:56:25Z,2026-03-22T12:56:25Z,b6ce9ea8-101e-db60-81fc-16d08f829eca,B6CE9EA,1ac2fc13-9cae-d882-95ba-81af4c68978b,#9441,,2.16,EUR
KL202603234928,2026-03-23T07:45:00Z,FEE,PURCHASE_FEE_FIXED,2026-03-22T12:56:25Z,2026-03-22T12:56:25Z,b6ce9ea8-101e-db60-81fc-16d08f829eca,B6CE9EA,1ac2fc13-9cae-d882-95ba-81af4c68978b,#9441,,0.35,EUR
KL202603234928,2026-03-23T07:45:00Z,SALE,,2026-03-22T13:54:24Z,2026-03-22T13:54:24Z,8777f2a0-54d6-9e2a-900a-993a4068ac9e,8777F2A,c2a24846-f2c3-4ba5-3bac-3425df9872f3,#9449,,133.00,EUR
KL202603234928,2026-03-23T07:45:00Z,FEE,PURCHASE_FEE_PERCENTAGE,2026-03-22T13:54:24Z,2026-03-22T13:54:24Z,8777f2a0-54d6-9e2a-900a-993a4068ac9e,8777F2A,c2a24846-f2c3-4ba5-3bac-3425df9872f3,#9449,,4.64,EUR
KL202603234928,2026-03-23T07:45:00Z,FEE,PURCHASE_FEE_FIXED,2026-03-22T13:54:24Z,2026-03-22T13:54:24Z,8777f2a0-54d6-9e2a-900a-993a4068ac9e,8777F2A,c2a24846-f2c3-4ba5-3bac-3425df9872f3,#9449,,0.35,EUR
KL202603234928,2026-03-23T07:45:00Z,SALE,,2026-03-22T18:11:17Z,2026-03-22T18:11:17Z,d309af00-81ab-9beb-9441-2720dad84576,D309AF0,be8972cf-86c9-d1a7-a2cd-ba457d0e9bae,#9475,,227.35,EUR
KL202603234928,2026-03-23T07:45:00Z,FEE,PURCHASE_FEE_PERCENTAGE,2026-03-22T18:11:17Z,2026-03-22T18:11:17Z,d309af00-81ab-9beb-9441-2720dad84576,D309AF0,be8972cf-86c9-d1a7-a2cd-ba457d0e9bae,#9475,,7.93,EUR
KL202603234928,2026-03-23T07:45:00Z,FEE,PURCHASE_FEE_FIXED,2026-03-22T18:11:17Z,2026-03-22T18:11:17Z,d309af00-81ab-9beb-9441-2720dad84576,D309AF0,be8972cf-86c9-d1a7-a2cd-ba457d0e9bae,#9475,,0.35,EUR
KL202603234928,2026-03-23T07:45:00Z,SALE,,2026-03-22T18:15:16Z,2026-03-22T18:15:16Z,9ce59336-a52a-aad6-bb72-91e21e489983,9CE5933,243e7771-c534-9952-36b5-57fd01f35ad4,#9476,,20.15,EUR
KL202603234928,2026-03-23T07:45:00Z,FEE,PURCHASE_FEE_PERCENTAGE,2026-03-22T18:15:16Z,2026-03-22T18:15:16Z,9ce59336-a52a-aad6-bb72-91e21e489983,9CE5933,243e7771-c534-9952-36b5-57fd01f35ad4,#9476,,0.70,EUR
KL202603234928,2026-03-23T07:45:00Z,FEE,PURCHASE_FEE_FIXED,2026-03-22T18:15:16Z,2026-03-22T18:15:16Z,9ce59336-a52a-aad6-bb72-91e21e489983,9CE5933,243e7771-c534-9952-36b5-57fd01f35ad4,#9476,,0.35,EUR
KL202603234928,2026-03-23T07:45:00Z,SALE,,2026-03-22T19:16:09Z,2026-03-22T19:16:09Z,8188e680-3c5e-389b-d3a2-18cf3f8dd6f4,8188E68,c22e6ee7-e845-8f2c-573a-263f7053a530,#9484,,249.00,EUR
KL202603234928,2026-03-23T07:45:00Z,FEE,PURCHASE_FEE_PERCENTAGE,2026-03-22T19:16:09Z,2026-03-22T19:16:09Z,8188e680-3c5e-389b-d3a2-18cf3f8dd6f4,8188E68,c22e6ee7-e845-8f2c-573a-263f7053a530,#9484,,8.69,EUR
KL202603234928,2026-03-23T07:45:00Z,FEE,PURCHASE_FEE_FIXED,2026-03-22T19:16:09Z,2026-03-22T19:16:09Z,8188e680-3c5e-389b-d3a2-18cf3f8dd6f4,8188E68,c22e6ee7-e845-8f2c-573a-263f7053a530,#9484,,0.35,EUR
KL202603234928,2026-03-23T07:45:00Z,SALE,,2026-03-22T20:34:42Z,2026-03-22T20:34:42Z,307dc9f7-2f6c-8511-5991-809a6acda98a,307DC9F,17b2f933-05d5-5a00-d003-8195d4d3c391,#9497,,32.15,EUR
KL202603234928,2026-03-23T07:45:00Z,FEE,PURCHASE_FEE_PERCENTAGE,2026-03-22T20:34:42Z,2026-03-22T20:34:42Z,307dc9f7-2f6c-8511-5991-809a6acda98a,307DC9F,17b2f933-05d5-5a00-d003-8195d4d3c391,#9497,,1.12,EUR
KL202603234928,2026-03-23T07:45:00Z,FEE,PURCHASE_FEE_FIXED,2026-03-22T20:34:42Z,2026-03-22T20:34:42Z,307dc9f7-2f6c-8511-5991-809a6acda98a,307DC9F,17b2f933-05d5-5a00-d003-8195d4d3c391,#9497,,0.35,EUR
KL202603234928,2026-03-23T07:45:00Z,SALE,,2026-03-22T22:05:38Z,2026-03-22T22:05:38Z,7a223d02-cc87-2e46-cf46-effbef9edeba,7A223D0,bc5c8e2a-24ad-6ff0-ff8f-e872ad171b61,#9504,,222.00,EUR
KL202603234928,2026-03-23T07:45:00Z,FEE,PURCHASE_FEE_PERCENTAGE,2026-03-22T22:05:38Z,2026-03-22T22:05:38Z,7a223d02-cc87-2e46-cf46-effbef9edeba,7A223D0,bc5c8e2a-24ad-6ff0-ff8f-e872ad171b61,#9504,,7.75,EUR
KL202603234928,2026-03-23T07:45:00Z,FEE,PURCHASE_FEE_FIXED,2026-03-22T22:05:38Z,2026-03-22T22:05:38Z,7a223d02-cc87-2e46-cf46-effbef9edeba,7A223D0,bc5c8e2a-24ad-6ff0-ff8f-e872ad171b61,#9504,,0.35,EUR
KL202603234928,2026-03-23T07:45:00Z,SALE,,2026-03-22T22:21:36Z,2026-03-22T22:21:36Z,b7165ff6-8681-602b-5c2d-2416cb3c6fd4,B7165FF,63cf192b-2bd1-a809-7020-c4b73484d236,#9506,,153.00,EUR
KL202603234928,2026-03-23T07:45:00Z,FEE,PURCHASE_FEE_PERCENTAGE,2026-03-22T22:21:36Z,2026-03-22T22:21:36Z,b7165ff6-8681-602b-5c2d-2416cb3c6fd4,B7165FF,63cf192b-2bd1-a809-7020-c4b73484d236,#9506,,5.34,EUR
KL202603234928,2026-03-23T07:45:00Z,FEE,PURCHASE_FEE_FIXED,2026-03-22T22:21:36Z,2026-03-22T22:21:36Z,b7165ff6-8681-602b-5c2d-2416cb3c6fd4,B7165FF,63cf192b-2bd1-a809-7020-c4b73484d236,#9506,,0.35,EUR
KL202603234928,2026-03-23T07:45:00Z,SALE,,2026-03-22T22:38:17Z,2026-03-22T22:38:17Z,582bae3c-2a12-c56d-cb93-56ee08b762d6,582BAE3,54669680-3368-35c5-53c2-799f2a7ad960,#9507,,73.95,EUR
KL202603234928,2026-03-23T07:45:00Z,FEE,PURCHASE_FEE_PERCENTAGE,2026-03-22T22:38:17Z,2026-03-22T22:38:17Z,582bae3c-2a12-c56d-cb93-56ee08b762d6,582BAE3,54669680-3368-35c5-53c2-799f2a7ad960,#9507,,2.58,EUR
KL202603234928,2026-03-23T07:45:00Z,FEE,PURCHASE_FEE_FIXED,2026-03-22T22:38:17Z,2026-03-22T22:38:17Z,582bae3c-2a12-c56d-cb93-56ee08b762d6,582BAE3,54669680-3368-35c5-53c2-799f2a7ad960,#9507,,0.35,EUR
KL202603234928,2026-03-23T07:45:00Z,SALE,,2026-03-22T23:23:20Z,2026-03-22T23:23:20Z,0bd52246-7069-7b09-0691-dc459f63e618,0BD5224,797f23aa-a0d7-f557-2fb5-ef08b6f692fb,#9512,,360.00,EUR
KL202603234928,2026-03-23T07:45:00Z,FEE,PURCHASE_FEE_PERCENTAGE,2026-03-22T23:23:20Z,2026-03-22T23:23:20Z,0bd52246-7069-7b09-0691-dc459f63e618,0BD5224,797f23aa-a0d7-f557-2fb5-ef08b6f692fb,#9512,,12.56,EUR
KL202603234928,2026-03-23T07:45:00Z,FEE,PURCHASE_FEE_FIXED,2026-03-22T23:23:20Z,2026-03-22T23:23:20Z,0bd52246-7069-7b09-0691-dc459f63e618,0BD5224,797f23aa-a0d7-f557-2fb5-ef08b6f692fb,#9512,,0.35,EUR
KL202603234928,2026-03-23T07:45:00Z,SALE,,2026-03-22T23:54:22Z,2026-03-22T23:54:22Z,7950eca4-1924-c7d2-3ef5-aa6e9194e02c,7950ECA,f4d21088-5976-e48b-c03f-9fdab3ec39e6,#9515,,31.95,EUR
KL202603234928,2026-03-23T07:45:00Z,FEE,PURCHASE_FEE_PERCENTAGE,2026-03-22T23:54:22Z,2026-03-22T23:54:22Z,7950eca4-1924-c7d2-3ef5-aa6e9194e02c,7950ECA,f4d21088-5976-e48b-c03f-9fdab3ec39e6,#9515,,1.12,EUR
KL202603234928,2026-03-23T07:45:00Z,FEE,PURCHASE_FEE_FIXED,2026-03-22T23:54:22Z,2026-03-22T23:54:22Z,7950eca4-1924-c7d2-3ef5-aa6e9194e02c,7950ECA,f4d21088-5976-e48b-c03f-9fdab3ec39e6,#9515,,0.35,EUR
KL202603234928,2026-03-23T07:45:00Z,HOLDBACK,ROLLING_RESERVE,,,,,,,,2000.00,EUR
KL202603301893,2026-03-30T07:45:00Z,SALE,,2026-03-23T04:03:55Z,2026-03-23T04:03:55Z,537f933e-958a-71e3-47c1-7567620b3bef,537F933,0cc345a1-e4dc-4a6a-1e49-7638122e3999,#9518,,81.95,EUR
KL202603301893,2026-03-30T07:45:00Z,FEE,PURCHASE_FEE_PERCENTAGE,2026-03-23T04:03:55Z,2026-03-23T04:03:55Z,537f933e-958a-71e3-47c1-7567620b3bef,537F933,0cc345a1-e4dc-4a6a-1e49-7638122e3999,#9518,,2.45,EUR
KL202603301893,2026-03-30T07:45:00Z,FEE,PURCHASE_FEE_FIXED,2026-03-23T04:03:55Z,2026-03-23T04:03:55Z,537f933e-958a-71e3-47c1-7567620b3bef,537F933,0cc345a1-e4dc-4a6a-1e49-7638122e3999,#9518,,0.35,EUR
KL202603301893,2026-03-30T07:45:00Z,SALE,,2026-03-23T11:18:00Z,2026-03-23T11:18:00Z,50a27e96-1d15-3e47-c82a-9d177ec3aaa0,50A27E9,36905d29-6524-b66f-807b-2409f9a1fb2b,#9534,,38.95,EUR
KL202603301893,2026-03-30T07:45:00Z,FEE,PURCHASE_FEE_PERCENTAGE,2026-03-23T11:18:00Z,2026-03-23T11:18:00Z,50a27e96-1d15-3e47-c82a-9d177ec3aaa0,50A27E9,36905d29-6524-b66f-807b-2409f9a1fb2b,#9534,,1.16,EUR
KL202603301893,2026-03-30T07:45:00Z,FEE,PURCHASE_FEE_FIXED,2026-03-23T11:18:00Z,2026-03-23T11:18:00Z,50a27e96-1d15-3e47-c82a-9d177ec3aaa0,50A27E9,36905d29-6524-b66f-807b-2409f9a1fb2b,#9534,,0.35,EUR
KL202603301893,2026-03-30T07:45:00Z,SALE,,2026-03-23T12:10:36Z,2026-03-23T12:10:36Z,4c38dfbb-e005-5b04-59be-c8e47c26fb62,4C38DFB,7e0cd4f7-de81-fafb-5b72-abeecbc88e61,#9539,,26.55,EUR
KL202603301893,2026-03-30T07:45:00Z,FEE,PURCHASE_FEE_PERCENTAGE,2026-03-23T12:10:36Z,2026-03-23T12:10:36Z,4c38dfbb-e005-5b04-59be-c8e47c26fb62,4C38DFB,7e0cd4f7-de81-fafb-5b72-abeecbc88e61,#9539,,0.79,EUR
KL202603301893,2026-03-30T07:45:00Z,FEE,PURCHASE_FEE_FIXED,2026-03-23T12:10:36Z,2026-03-23T12:10:36Z,4c38dfbb-e005-5b04-59be-c8e47c26fb62,4C38DFB,7e0cd4f7-de81-fafb-5b72-abeecbc88e61,#9539,,0.35,EUR
KL202603301893,2026-03-30T07:45:00Z,SALE,,2026-03-23T12:14:26Z,2026-03-23T12:14:26Z,5cc376b8-6fda-2485-dd87-aeaf61a639eb,5CC376B,a3c957fc-d3b9-11b5-c104-8e0f57008413,#9540,,102.00,EUR
KL202603301893,2026-03-30T07:45:00Z,FEE,PURCHASE_FEE_PERCENTAGE,2026-03-23T12:14:26Z,2026-03-23T12:14:26Z,5cc376b8-6fda-2485-dd87-aeaf61a639eb,5CC376B,a3c957fc-d3b9-11b5-c104-8e0f57008413,#9540,,3.05,EUR
KL202603301893,2026-03-30T07:45:00Z,FEE,PURCHASE_FEE_FIXED,2026-03-23T12:14:26Z,2026-03-23T12:14:26Z,5cc376b8-6fda-2485-dd87-aeaf61a639eb,5CC376B,a3c957fc-d3b9-11b5-c104-8e0f57008413,#9540,,0.35,EUR
KL202603301893,2026-03-30T07:45:00Z,SALE,,2026-03-23T13:09:14Z,2026-03-23T13:09:14Z,944c6202-0876-22f2-478b-34dda7e86e43,944C620,7fe35005-50a4-9cff-7306-b9b6a032d36e,#9543,,180.95,EUR
KL202603301893,2026-03-30T07:45:00Z,FEE,PURCHASE_FEE_PERCENTAGE,2026-03-23T13:09:14Z,2026-03-23T13:09:14Z,944c6202-0876-22f2-478b-34dda7e86e43,944C620,7fe35005-50a4-9cff-7306-b9b6a032d36e,#9543,,5.41,EUR
KL202603301893,2026-03-30T07:45:00Z,FEE,PURCHASE_FEE_FIXED,2026-03-23T13:09:14Z,2026-03-23T13:09:14Z,944c6202-0876-22f2-478b-34dda7e86e43,944C620,7fe35005-50a4-9cff-7306-b9b6a032d36e,#9543,,0.35,EUR
KL202603301893,2026-03-30T07:45:00Z,SALE,,2026-03-23T15:24:12Z,2026-03-23T15:24:12Z,1c53717e-2823-4bdd-ca4d-92a29a52991e,1C53717,68b9f9f0-2df8-2ea7-e910-f7d06b1b3408,#9553,,64.15,EUR
KL202603301893,2026-03-30T07:45:00Z,FEE,PURCHASE_FEE_PERCENTAGE,2026-03-23T15:24:12Z,2026-03-23T15:24:12Z,1c53717e-2823-4bdd-ca4d-92a29a52991e,1C53717,68b9f9f0-2df8-2ea7-e910-f7d06b1b3408,#9553,,1.92,EUR
KL202603301893,2026-03-30T07:45:00Z,FEE,PURCHASE_FEE_FIXED,2026-03-23T15:24:12Z,2026-03-23T15:24:12Z,1c53717e-2823-4bdd-ca4d-92a29a52991e,1C53717,68b9f9f0-2df8-2ea7-e910-f7d06b1b3408,#9553,,0.35,EUR
KL202603301893,2026-03-30T07:45:00Z,SALE,,2026-03-23T15:49:58Z,2026-03-23T15:49:58Z,78be019e-3cd2-debc-bef6-484422a071bd,78BE019,51926fbe-fd99-377a-47e7-0d41426b2fe3,#9556,,283.00,EUR
KL202603301893,2026-03-30T07:45:00Z,FEE,PURCHASE_FEE_PERCENTAGE,2026-03-23T15:49:58Z,2026-03-23T15:49:58Z,78be019e-3cd2-debc-bef6-484422a071bd,78BE019,51926fbe-fd99-377a-47e7-0d41426b2fe3,#9556,,8.46,EUR
KL202603301893,2026-03-30T07:45:00Z,FEE,PURCHASE_FEE_FIXED,2026-03-23T15:49:58Z,2026-03-23T15:49:58Z,78be019e-3cd2-debc-bef6-484422a071bd,78BE019,51926fbe-fd99-377a-47e7-0d41426b2fe3,#9556,,0.35,EUR
KL202603301893,2026-03-30T07:45:00Z,SALE,,2026-03-23T16:09:11Z,2026-03-23T16:09:11Z,37a488a7-8b67-8fc5-4972-0356e4374a4b,37A488A,2a94385a-600b-b5f6-c6bc-e4d590a93a58,#9558,,70.95,EUR
KL202603301893,2026-03-30T07:45:00Z,FEE,PURCHASE_FEE_PERCENTAGE,2026-03-23T16:09:11Z,2026-03-23T16:09:11Z,37a488a7-8b67-8fc5-4972-0356e4374a4b,37A488A,2a94385a-600b-b5f6-c6bc-e4d590a93a58,#9558,,2.12,EUR
KL202603301893,2026-03-30T07:45:00Z,FEE,PURCHASE_FEE_FIXED,2026-03-23T16:09:11Z,2026-03-23T16:09:11Z,37a488a7-8b67-8fc5-4972-0356e4374a4b,37A488A,2a94385a-600b-b5f6-c6bc-e4d590a93a58,#9558,,0.35,EUR
KL202603301893,2026-03-30T07:45:00Z,SALE,,2026-03-23T16:41:47Z,2026-03-23T16:41:47Z,59b4bf26-1d4f-bbba-63c9-c66ab9efaded,59B4BF2,d89c8b12-c5c1-972f-0b83-1174af843df7,#9564,,76.00,EUR
KL202603301893,2026-03-30T07:45:00Z,FEE,PURCHASE_FEE_PERCENTAGE,2026-03-23T16:41:47Z,2026-03-23T16:41:47Z,59b4bf26-1d4f-bbba-63c9-c66ab9efaded,59B4BF2,d89c8b12-c5c1-972f-0b83-1174af843df7,#9564,,2.27,EUR
KL202603301893,2026-03-30T07:45:00Z,FEE,PURCHASE_FEE_FIXED,2026-03-23T16:41:47Z,2026-03-23T16:41:47Z,59b4bf26-1d4f-bbba-63c9-c66ab9efaded,59B4BF2,d89c8b12-c5c1-972f-0b83-1174af843df7,#9564,,0.35,EUR
KL202603301893,2026-03-30T07:45:00Z,SALE,,2026-03-23T16:52:24Z,2026-03-23T16:52:24Z,75cf16d4-38c6-5ef1-9694-daa8912594ae,75CF16D,a6cbe065-add1-8046-54a5-840f793195c8,#9565,,134.40,EUR
KL202603301893,2026-03-30T07:45:00Z,FEE,PURCHASE_FEE_PERCENTAGE,2026-03-23T16:52:24Z,2026-03-23T16:52:24Z,75cf16d4-38c6-5ef1-9694-daa8912594ae,75CF16D,a6cbe065-add1-8046-54a5-840f793195c8,#9565,,4.02,EUR
KL202603301893,2026-03-30T07:45:00Z,FEE,PURCHASE_FEE_FIXED,2026-03-23T16:52:24Z,2026-03-23T16:52:24Z,75cf16d4-38c6-5ef1-9694-daa8912594ae,75CF16D,a6cbe065-add1-8046-54a5-840f793195c8,#9565,,0.35,EUR
KL202603301893,2026-03-30T07:45:00Z,SALE,,2026-03-23T19:03:59Z,2026-03-23T19:03:59Z,abb4249d-4a62-0258-a5a6-2b39b73c4159,ABB4249,f93133d0-b4f4-429d-4ea6-8ccf82bcca15,#9576,,76.15,EUR
KL202603301893,2026-03-30T07:45:00Z,FEE,PURCHASE_FEE_PERCENTAGE,2026-03-23T19:03:59Z,2026-03-23T19:03:59Z,abb4249d-4a62-0258-a5a6-2b39b73c4159,ABB4249,f93133d0-b4f4-429d-4ea6-8ccf82bcca15,#9576,,2.28,EUR
KL202603301893,2026-03-30T07:45:00Z,FEE,PURCHASE_FEE_FIXED,2026-03-23T19:03:59Z,2026-03-23T19:03:59Z,abb4249d-4a62-0258-a5a6-2b39b73c4159,ABB4249,f93133d0-b4f4-429d-4ea6-8ccf82bcca15,#9576,,0.35,EUR
KL202603301893,2026-03-30T07:45:00Z,SALE,,2026-03-23T19:41:29Z,2026-03-23T19:41:29Z,1aaeeaf7-b16a-6726-e6ae-f529bd15cf74,1AAEEAF,84ad0579-d24c-9cb5-f4ac-ead7ac11679f,#9585,,379.00,EUR
KL202603301893,2026-03-30T07:45:00Z,FEE,PURCHASE_FEE_PERCENTAGE,2026-03-23T19:41:29Z,2026-03-23T19:41:29Z,1aaeeaf7-b16a-6726-e6ae-f529bd15cf74,1AAEEAF,84ad0579-d24c-9cb5-f4ac-ead7ac11679f,#9585,,11.33,EUR
KL202603301893,2026-03-30T07:45:00Z,FEE,PURCHASE_FEE_FIXED,2026-03-23T19:41:29Z,2026-03-23T19:41:29Z,1aaeeaf7-b16a-6726-e6ae-f529bd15cf74,1AAEEAF,84ad0579-d24c-9cb5-f4ac-ead7ac11679f,#9585,,0.35,EUR
KL202603301893,2026-03-30T07:45:00Z,SALE,,2026-03-23T19:59:42Z,2026-03-23T19:59:42Z,d9f0c695-4f9a-8b3a-2c6a-346857ae7024,D9F0C69,c18d1e36-63a2-445b-e626-bd6bc69c51d9,#9589,,50.95,EUR
KL202603301893,2026-03-30T07:45:00Z,FEE,PURCHASE_FEE_PERCENTAGE,2026-03-23T19:59:42Z,2026-03-23T19:59:42Z,d9f0c695-4f9a-8b3a-2c6a-346857ae7024,D9F0C69,c18d1e36-63a2-445b-e626-bd6bc69c51d9,#9589,,1.52,EUR
KL202603301893,2026-03-30T07:45:00Z,FEE,PURCHASE_FEE_FIXED,2026-03-23T19:59:42Z,2026-03-23T19:59:42Z,d9f0c695-4f9a-8b3a-2c6a-346857ae7024,D9F0C69,c18d1e36-63a2-445b-e626-bd6bc69c51d9,#9589,,0.35,EUR
KL202603301893,2026-03-30T07:45:00Z,SALE,,2026-03-23T20:18:19Z,2026-03-23T20:18:19Z,a1d84eae-95a9-91d6-c547-06308604fb22,A1D84EA,c4c6f230-c8ec-aa15-f4bc-4bcc414882aa,#9591,,273.00,EUR
KL202603301893,2026-03-30T07:45:00Z,FEE,PURCHASE_FEE_PERCENTAGE,2026-03-23T20:18:19Z,2026-03-23T20:18:19Z,a1d84eae-95a9-91d6-c547-06308604fb22,A1D84EA,c4c6f230-c8ec-aa15-f4bc-4bcc414882aa,#9591,,8.16,EUR
KL202603301893,2026-03-30T07:45:00Z,FEE,PURCHASE_FEE_FIXED,2026-03-23T20:18:19Z,2026-03-23T20:18:19Z,a1d84eae-95a9-91d6-c547-06308604fb22,A1D84EA,c4c6f230-c8ec-aa15-f4bc-4bcc414882aa,#9591,,0.35,EUR
KL202603301893,2026-03-30T07:45:00Z,SALE,,2026-03-24T02:01:30Z,2026-03-24T02:01:30Z,032567cb-8003-a799-c18f-a5e2dbfa5d18,032567C,97292650-0eee-d757-0128-1fa23fcd2bfa,#9611,,150.00,EUR
KL202603301893,2026-03-30T07:45:00Z,FEE,PURCHASE_FEE_PERCENTAGE,2026-03-24T02:01:30Z,2026-03-24T02:01:30Z,032567cb-8003-a799-c18f-a5e2dbfa5d18,032567C,97292650-0eee-d757-0128-1fa23fcd2bfa,#9611,,4.49,EUR
KL202603301893,2026-03-30T07:45:00Z,FEE,PURCHASE_FEE_FIXED,2026-03-24T02:01:30Z,2026-03-24T02:01:30Z,032567cb-8003-a799-c18f-a5e2dbfa5d18,032567C,97292650-0eee-d757-0128-1fa23fcd2bfa,#9611,,0.35,EUR
KL202603301893,2026-03-30T07:45:00Z,SALE,,2026-03-24T03:51:36Z,2026-03-24T03:51:36Z,ef559ba9-8db3-d2b5-746a-21c9dfc29ad2,EF559BA,01649fb6-e657-d581-e99e-69f458a5e540,#9614,,249.00,EUR
KL202603301893,2026-03-30T07:45:00Z,FEE,PURCHASE_FEE_PERCENTAGE,2026-03-24T03:51:36Z,2026-03-24T03:51:36Z,ef559ba9-8db3-d2b5-746a-21c9dfc29ad2,EF559BA,01649fb6-e657-d581-e99e-69f458a5e540,#9614,,7.45,EUR
KL202603301893,2026-03-30T07:45:00Z,FEE,PURCHASE_FEE_FIXED,2026-03-24T03:51:36Z,2026-03-24T03:51:36Z,ef559ba9-8db3-d2b5-746a-21c9dfc29ad2,EF559BA,01649fb6-e657-d581-e99e-69f458a5e540,#9614,,0.35,EUR
KL202603301893,2026-03-30T07:45:00Z,SALE,,2026-03-24T06:28:39Z,2026-03-24T06:28:39Z,552b9a99-91cf-931f-151d-4c423fddb0d4,552B9A9,9871e9a5-e681-dfbb-666a-6a6d4174c3ac,#9617,,65.95,EUR
KL202603301893,2026-03-30T07:45:00Z,FEE,PURCHASE_FEE_PERCENTAGE,2026-03-24T06:28:39Z,2026-03-24T06:28:39Z,552b9a99-91cf-931f-151d-4c423fddb0d4,552B9A9,9871e9a5-e681-dfbb-666a-6a6d4174c3ac,#9617,,1.97,EUR
KL202603301893,2026-03-30T07:45:00Z,FEE,PURCHASE_FEE_FIXED,2026-03-24T06:28:39Z,2026-03-24T06:28:39Z,552b9a99-91cf-931f-151d-4c423fddb0d4,552B9A9,9871e9a5-e681-dfbb-666a-6a6d4174c3ac,#9617,,0.35,EUR
KL202603301893,2026-03-30T07:45:00Z,SALE,,2026-03-24T10:27:44Z,2026-03-24T10:27:44Z,bd4a5f7b-02f2-4e08-aef4-231d3817ade8,BD4A5F7,34547f75-f24f-c4eb-b624-5153da579bdc,#9629,,422.00,EUR
KL202603301893,2026-03-30T07:45:00Z,FEE,PURCHASE_FEE_PERCENTAGE,2026-03-24T10:27:44Z,2026-03-24T10:27:44Z,bd4a5f7b-02f2-4e08-aef4-231d3817ade8,BD4A5F7,34547f75-f24f-c4eb-b624-5153da579bdc,#9629,,12.62,EUR
KL202603301893,2026-03-30T07:45:00Z,FEE,PURCHASE_FEE_FIXED,2026-03-24T10:27:44Z,2026-03-24T10:27:44Z,bd4a5f7b-02f2-4e08-aef4-231d3817ade8,BD4A5F7,34547f75-f24f-c4eb-b624-5153da579bdc,#9629,,0.35,EUR
KL202603301893,2026-03-30T07:45:00Z,SALE,,2026-03-24T11:14:47Z,2026-03-24T11:14:47Z,811d246e-2530-e695-9e17-3a63c9819e86,811D246,dfb5487a-04e5-ea69-6265-3ed1b9e31c30,#9634,,46.95,EUR
KL202603301893,2026-03-30T07:45:00Z,FEE,PURCHASE_FEE_PERCENTAGE,2026-03-24T11:14:47Z,2026-03-24T11:14:47Z,811d246e-2530-e695-9e17-3a63c9819e86,811D246,dfb5487a-04e5-ea69-6265-3ed1b9e31c30,#9634,,1.40,EUR
KL202603301893,2026-03-30T07:45:00Z,FEE,PURCHASE_FEE_FIXED,2026-03-24T11:14:47Z,2026-03-24T11:14:47Z,811d246e-2530-e695-9e17-3a63c9819e86,811D246,dfb5487a-04e5-ea69-6265-3ed1b9e31c30,#9634,,0.35,EUR
KL202603301893,2026-03-30T07:45:00Z,SALE,,2026-03-24T18:38:30Z,2026-03-24T18:38:30Z,de4367cc-ae99-99dd-c66a-cef65ce17293,DE4367C,ab8a5ae1-c7e5-6dad-c222-4869ce5997df,#9673,,50.55,EUR
KL202603301893,2026-03-30T07:45:00Z,FEE,PURCHASE_FEE_PERCENTAGE,2026-03-24T18:38:30Z,2026-03-24T18:38:30Z,de4367cc-ae99-99dd-c66a-cef65ce17293,DE4367C,ab8a5ae1-c7e5-6dad-c222-4869ce5997df,#9673,,1.51,EUR
KL202603301893,2026-03-30T07:45:00Z,FEE,PURCHASE_FEE_FIXED,2026-03-24T18:38:30Z,2026-03-24T18:38:30Z,de4367cc-ae99-99dd-c66a-cef65ce17293,DE4367C,ab8a5ae1-c7e5-6dad-c222-4869ce5997df,#9673,,0.35,EUR
KL202603301893,2026-03-30T07:45:00Z,SALE,,2026-03-24T19:29:17Z,2026-03-24T19:29:17Z,b87190ab-45b2-f5da-bc4b-217543275bbf,B87190A,f1326209-d011-6115-af1f-3ec304e27dc9,#9677,,24.95,EUR
KL202603301893,2026-03-30T07:45:00Z,FEE,PURCHASE_FEE_PERCENTAGE,2026-03-24T19:29:17Z,2026-03-24T19:29:17Z,b87190ab-45b2-f5da-bc4b-217543275bbf,B87190A,f1326209-d011-6115-af1f-3ec304e27dc9,#9677,,0.75,EUR
KL202603301893,2026-03-30T07:45:00Z,FEE,PURCHASE_FEE_FIXED,2026-03-24T19:29:17Z,2026-03-24T19:29:17Z,b87190ab-45b2-f5da-bc4b-217543275bbf,B87190A,f1326209-d011-6115-af1f-3ec304e27dc9,#9677,,0.35,EUR
KL202603301893,2026-03-30T07:45:00Z,SALE,,2026-03-24T19:44:54Z,2026-03-24T19:44:54Z,d2246e96-b7a1-39e9-a27b-31742c2015c0,D2246E9,2206f67f-e93b-0357-1e2a-b78a68117994,#9679,,73.95,EUR
KL202603301893,2026-03-30T07:45:00Z,FEE,PURCHASE_FEE_PERCENTAGE,2026-03-24T19:44:54Z,2026-03-24T19:44:54Z,d2246e96-b7a1-39e9-a27b-31742c2015c0,D2246E9,2206f67f-e93b-0357-1e2a-b78a68117994,#9679,,2.21,EUR
KL202603301893,2026-03-30T07:45:00Z,FEE,PURCHASE_FEE_FIXED,2026-03-24T19:44:54Z,2026-03-24T19:44:54Z,d2246e96-b7a1-39e9-a27b-31742c2015c0,D2246E9,2206f67f-e93b-0357-1e2a-b78a68117994,#9679,,0.35,EUR
KL202603301893,2026-03-30T07:45:00Z,SALE,,2026-03-24T21:02:45Z,2026-03-24T21:02:45Z,f26b5a4e-dec4-b5b6-630b-1adc87e26692,F26B5A4,76865261-2a97-78b4-7689-8cd36f54d5c6,#9687,,258.00,EUR
KL202603301893,2026-03-30T07:45:00Z,FEE,PURCHASE_FEE_PERCENTAGE,2026-03-24T21:02:45Z,2026-03-24T21:02:45Z,f26b5a4e-dec4-b5b6-630b-1adc87e26692,F26B5A4,76865261-2a97-78b4-7689-8cd36f54d5c6,#9687,,7.71,EUR
KL202603301893,2026-03-30T07:45:00Z,FEE,PURCHASE_FEE_FIXED,2026-03-24T21:02:45Z,2026-03-24T21:02:45Z,f26b5a4e-dec4-b5b6-630b-1adc87e26692,F26B5A4,76865261-2a97-78b4-7689-8cd36f54d5c6,#9687,,0.35,EUR
KL202603301893,2026-03-30T07:45:00Z,SALE,,2026-03-24T21:19:26Z,2026-03-24T21:19:26Z,94aba3bb-2574-f85a-d1da-b41a51160891,94ABA3B,a7ec0845-9bdb-eb3a-61c9-ee7d41ba13c6,#9689,,73.95,EUR
KL202603301893,2026-03-30T07:45:00Z,FEE,PURCHASE_FEE_PERCENTAGE,2026-03-24T21:19:26Z,2026-03-24T21:19:26Z,94aba3bb-2574-f85a-d1da-b41a51160891,94ABA3B,a7ec0845-9bdb-eb3a-61c9-ee7d41ba13c6,#9689,,2.21,EUR
KL202603301893,2026-03-30T07:45:00Z,FEE,PURCHASE_FEE_FIXED,2026-03-24T21:19:26Z,2026-03-24T21:19:26Z,94aba3bb-2574-f85a-d1da-b41a51160891,94ABA3B,a7ec0845-9bdb-eb3a-61c9-ee7d41ba13c6,#9689,,0.35,EUR
KL202603301893,2026-03-30T07:45:00Z,SALE,,2026-03-24T22:22:58Z,2026-03-24T22:22:58Z,f0a55f11-e52d-00ac-6229-a484c72dea84,F0A55F1,cbbf72cd-2ec9-2255-b4cb-5f8b562bb663,#9692,,206.55,EUR
KL202603301893,2026-03-30T07:45:00Z,FEE,PURCHASE_FEE_PERCENTAGE,2026-03-24T22:22:58Z,2026-03-24T22:22:58Z,f0a55f11-e52d-00ac-6229-a484c72dea84,F0A55F1,cbbf72cd-2ec9-2255-b4cb-5f8b562bb663,#9692,,6.18,EUR
KL202603301893,2026-03-30T07:45:00Z,FEE,PURCHASE_FEE_FIXED,2026-03-24T22:22:58Z,2026-03-24T22:22:58Z,f0a55f11-e52d-00ac-6229-a484c72dea84,F0A55F1,cbbf72cd-2ec9-2255-b4cb-5f8b562bb663,#9692,,0.35,EUR
KL202603301893,2026-03-30T07:45:00Z,SALE,,2026-03-24T22:55:23Z,2026-03-24T22:55:23Z,bd40911d-3e3c-aa21-4eb0-9588ecaf105c,BD40911,bd6c170a-3625-4735-f9d7-171bd418c30d,#9697,,35.55,EUR
KL202603301893,2026-03-30T07:45:00Z,FEE,PURCHASE_FEE_PERCENTAGE,2026-03-24T22:55:23Z,2026-03-24T22:55:23Z,bd40911d-3e3c-aa21-4eb0-9588ecaf105c,BD40911,bd6c170a-3625-4735-f9d7-171bd418c30d,#9697,,1.06,EUR
KL202603301893,2026-03-30T07:45:00Z,FEE,PURCHASE_FEE_FIXED,2026-03-24T22:55:23Z,2026-03-24T22:55:23Z,bd40911d-3e3c-aa21-4eb0-9588ecaf105c,BD40911,bd6c170a-3625-4735-f9d7-171bd418c30d,#9697,,0.35,EUR
KL202603301893,2026-03-30T07:45:00Z,SALE,,2026-03-25T01:03:33Z,2026-03-25T01:03:33Z,37e2225a-b32e-ded7-3d77-c5d742fd3d87,37E2225,ce5f3977-a851-c722-bf4e-4106f7e55c02,#9701,,566.95,EUR
KL202603301893,2026-03-30T07:45:00Z,FEE,PURCHASE_FEE_PERCENTAGE,2026-03-25T01:03:33Z,2026-03-25T01:03:33Z,37e2225a-b32e-ded7-3d77-c5d742fd3d87,37E2225,ce5f3977-a851-c722-bf4e-4106f7e55c02,#9701,,16.95,EUR
KL202603301893,2026-03-30T07:45:00Z,FEE,PURCHASE_FEE_FIXED,2026-03-25T01:03:33Z,2026-03-25T01:03:33Z,37e2225a-b32e-ded7-3d77-c5d742fd3d87,37E2225,ce5f3977-a851-c722-bf4e-4106f7e55c02,#9701,,0.35,EUR
KL202603301893,2026-03-30T07:45:00Z,SALE,,2026-03-25T01:49:17Z,2026-03-25T01:49:17Z,f091a6dd-e6d5-6a3e-7d93-84f53f90711f,F091A6D,c8d225b2-2e92-9d4b-34bc-dba3e1c98994,#9702,,189.00,EUR
KL202603301893,2026-03-30T07:45:00Z,FEE,PURCHASE_FEE_PERCENTAGE,2026-03-25T01:49:17Z,2026-03-25T01:49:17Z,f091a6dd-e6d5-6a3e-7d93-84f53f90711f,F091A6D,c8d225b2-2e92-9d4b-34bc-dba3e1c98994,#9702,,5.65,EUR
KL202603301893,2026-03-30T07:45:00Z,FEE,PURCHASE_FEE_FIXED,2026-03-25T01:49:17Z,2026-03-25T01:49:17Z,f091a6dd-e6d5-6a3e-7d93-84f53f90711f,F091A6D,c8d225b2-2e92-9d4b-34bc-dba3e1c98994,#9702,,0.35,EUR
KL202603301893,2026-03-30T07:45:00Z,SALE,,2026-03-25T09:56:32Z,2026-03-25T09:56:32Z,a9f1dc18-8b19-2615-a083-c8a2abb87f26,A9F1DC1,2447741a-df34-1077-0c11-c27d2f49c0a3,#9715,,38.95,EUR
KL202603301893,2026-03-30T07:45:00Z,FEE,PURCHASE_FEE_PERCENTAGE,2026-03-25T09:56:32Z,2026-03-25T09:56:32Z,a9f1dc18-8b19-2615-a083-c8a2abb87f26,A9F1DC1,2447741a-df34-1077-0c11-c27d2f49c0a3,#9715,,1.16,EUR
KL202603301893,2026-03-30T07:45:00Z,FEE,PURCHASE_FEE_FIXED,2026-03-25T09:56:32Z,2026-03-25T09:56:32Z,a9f1dc18-8b19-2615-a083-c8a2abb87f26,A9F1DC1,2447741a-df34-1077-0c11-c27d2f49c0a3,#9715,,0.35,EUR
KL202603301893,2026-03-30T07:45:00Z,SALE,,2026-03-25T11:15:56Z,2026-03-25T11:15:56Z,7887cfbf-c352-0ba7-c404-cc4b00078ac7,7887CFB,74337eb7-3e51-cb21-9bcb-a542b8042890,#9725,,540.95,EUR
KL202603301893,2026-03-30T07:45:00Z,FEE,PURCHASE_FEE_PERCENTAGE,2026-03-25T11:15:56Z,2026-03-25T11:15:56Z,7887cfbf-c352-0ba7-c404-cc4b00078ac7,7887CFB,74337eb7-3e51-cb21-9bcb-a542b8042890,#9725,,16.17,EUR
KL202603301893,2026-03-30T07:45:00Z,FEE,PURCHASE_FEE_FIXED,2026-03-25T11:15:56Z,2026-03-25T11:15:56Z,7887cfbf-c352-0ba7-c404-cc4b00078ac7,7887CFB,74337eb7-3e51-cb21-9bcb-a542b8042890,#9725,,0.35,EUR
KL202603301893,2026-03-30T07:45:00Z,SALE,,2026-03-25T15:02:07Z,2026-03-25T15:02:07Z,197f32e2-e83e-b170-4f61-cf349c24c474,197F32E,e543694c-5bd3-10de-9c7f-85d7ce2d6884,#9745,,89.00,EUR
KL202603301893,2026-03-30T07:45:00Z,FEE,PURCHASE_FEE_PERCENTAGE,2026-03-25T15:02:07Z,2026-03-25T15:02:07Z,197f32e2-e83e-b170-4f61-cf349c24c474,197F32E,e543694c-5bd3-10de-9c7f-85d7ce2d6884,#9745,,2.66,EUR
KL202603301893,2026-03-30T07:45:00Z,FEE,PURCHASE_FEE_FIXED,2026-03-25T15:02:07Z,2026-03-25T15:02:07Z,197f32e2-e83e-b170-4f61-cf349c24c474,197F32E,e543694c-5bd3-10de-9c7f-85d7ce2d6884,#9745,,0.35,EUR
KL202603301893,2026-03-30T07:45:00Z,SALE,,2026-03-25T15:39:03Z,2026-03-25T15:39:03Z,fa2c107a-ac55-b6ca-3a1f-afe995551912,FA2C107,6fc5ab73-92c2-4c3a-9458-885bed013913,#9749,,40.95,EUR
KL202603301893,2026-03-30T07:45:00Z,FEE,PURCHASE_FEE_PERCENTAGE,2026-03-25T15:39:03Z,2026-03-25T15:39:03Z,fa2c107a-ac55-b6ca-3a1f-afe995551912,FA2C107,6fc5ab73-92c2-4c3a-9458-885bed013913,#9749,,1.22,EUR
KL202603301893,2026-03-30T07:45:00Z,FEE,PURCHASE_FEE_FIXED,2026-03-25T15:39:03Z,2026-03-25T15:39:03Z,fa2c107a-ac55-b6ca-3a1f-afe995551912,FA2C107,6fc5ab73-92c2-4c3a-9458-885bed013913,#9749,,0.35,EUR
KL202603301893,2026-03-30T07:45:00Z,SALE,,2026-03-25T16:39:08Z,2026-03-25T16:39:08Z,d4cda971-c3f5-f7b3-90f6-3542c2b79855,D4CDA97,8b692310-abfa-5df4-9431-be9ad5e4e8f3,#9758,,691.00,EUR
KL202603301893,2026-03-30T07:45:00Z,FEE,PURCHASE_FEE_PERCENTAGE,2026-03-25T16:39:08Z,2026-03-25T16:39:08Z,d4cda971-c3f5-f7b3-90f6-3542c2b79855,D4CDA97,8b692310-abfa-5df4-9431-be9ad5e4e8f3,#9758,,20.66,EUR
KL202603301893,2026-03-30T07:45:00Z,FEE,PURCHASE_FEE_FIXED,2026-03-25T16:39:08Z,2026-03-25T16:39:08Z,d4cda971-c3f5-f7b3-90f6-3542c2b79855,D4CDA97,8b692310-abfa-5df4-9431-be9ad5e4e8f3,#9758,,0.35,EUR
KL202603301893,2026-03-30T07:45:00Z,SALE,,2026-03-25T16:42:33Z,2026-03-25T16:42:33Z,87568d0e-44b5-2e62-b078-88dde0ccba7f,87568D0,8bd421d2-18ee-e836-5f4d-844045992635,#9759,,38.95,EUR
KL202603301893,2026-03-30T07:45:00Z,FEE,PURCHASE_FEE_PERCENTAGE,2026-03-25T16:42:33Z,2026-03-25T16:42:33Z,87568d0e-44b5-2e62-b078-88dde0ccba7f,87568D0,8bd421d2-18ee-e836-5f4d-844045992635,#9759,,1.16,EUR
KL202603301893,2026-03-30T07:45:00Z,FEE,PURCHASE_FEE_FIXED,2026-03-25T16:42:33Z,2026-03-25T16:42:33Z,87568d0e-44b5-2e62-b078-88dde0ccba7f,87568D0,8bd421d2-18ee-e836-5f4d-844045992635,#9759,,0.35,EUR
KL202603301893,2026-03-30T07:45:00Z,SALE,,2026-03-25T17:05:05Z,2026-03-25T17:05:05Z,4ab3eecf-bdce-a3f4-deb5-e61a66b8c532,4AB3EEC,1732a9f7-245d-1e7b-71bb-c3745e1081aa,#9760,,117.90,EUR
KL202603301893,2026-03-30T07:45:00Z,FEE,PURCHASE_FEE_PERCENTAGE,2026-03-25T17:05:05Z,2026-03-25T17:05:05Z,4ab3eecf-bdce-a3f4-deb5-e61a66b8c532,4AB3EEC,1732a9f7-245d-1e7b-71bb-c3745e1081aa,#9760,,3.53,EUR
KL202603301893,2026-03-30T07:45:00Z,FEE,PURCHASE_FEE_FIXED,2026-03-25T17:05:05Z,2026-03-25T17:05:05Z,4ab3eecf-bdce-a3f4-deb5-e61a66b8c532,4AB3EEC,1732a9f7-245d-1e7b-71bb-c3745e1081aa,#9760,,0.35,EUR
KL202603301893,2026-03-30T07:45:00Z,SALE,,2026-03-25T17:10:59Z,2026-03-25T17:10:59Z,0546491c-6ace-df3a-06c0-b480c08aba15,0546491,486a98ea-011a-369e-eddf-84d880df149c,#9761,,380.00,EUR
KL202603301893,2026-03-30T07:45:00Z,FEE,PURCHASE_FEE_PERCENTAGE,2026-03-25T17:10:59Z,2026-03-25T17:10:59Z,0546491c-6ace-df3a-06c0-b480c08aba15,0546491,486a98ea-011a-369e-eddf-84d880df149c,#9761,,11.36,EUR
KL202603301893,2026-03-30T07:45:00Z,FEE,PURCHASE_FEE_FIXED,2026-03-25T17:10:59Z,2026-03-25T17:10:59Z,0546491c-6ace-df3a-06c0-b480c08aba15,0546491,486a98ea-011a-369e-eddf-84d880df149c,#9761,,0.35,EUR
KL202603301893,2026-03-30T07:45:00Z,SALE,,2026-03-25T17:59:28Z,2026-03-25T17:59:28Z,fdef06f9-df41-0667-57ac-4d0e179286d1,FDEF06F,854d4d2d-ed81-9fbf-fa2f-78fffae88ea8,#9766,,46.95,EUR
KL202603301893,2026-03-30T07:45:00Z,FEE,PURCHASE_FEE_PERCENTAGE,2026-03-25T17:59:28Z,2026-03-25T17:59:28Z,fdef06f9-df41-0667-57ac-4d0e179286d1,FDEF06F,854d4d2d-ed81-9fbf-fa2f-78fffae88ea8,#9766,,1.40,EUR
KL202603301893,2026-03-30T07:45:00Z,FEE,PURCHASE_FEE_FIXED,2026-03-25T17:59:28Z,2026-03-25T17:59:28Z,fdef06f9-df41-0667-57ac-4d0e179286d1,FDEF06F,854d4d2d-ed81-9fbf-fa2f-78fffae88ea8,#9766,,0.35,EUR
KL202603301893,2026-03-30T07:45:00Z,SALE,,2026-03-25T18:35:25Z,2026-03-25T18:35:25Z,0c953e1b-f89b-eec3-422d-d6b1b696061b,0C953E1,22916c64-a9e5-eaef-c795-fe7cee0a0cd2,#9767,,26.55,EUR
KL202603301893,2026-03-30T07:45:00Z,FEE,PURCHASE_FEE_PERCENTAGE,2026-03-25T18:35:25Z,2026-03-25T18:35:25Z,0c953e1b-f89b-eec3-422d-d6b1b696061b,0C953E1,22916c64-a9e5-eaef-c795-fe7cee0a0cd2,#9767,,0.79,EUR
KL202603301893,2026-03-30T07:45:00Z,FEE,PURCHASE_FEE_FIXED,2026-03-25T18:35:25Z,2026-03-25T18:35:25Z,0c953e1b-f89b-eec3-422d-d6b1b696061b,0C953E1,22916c64-a9e5-eaef-c795-fe7cee0a0cd2,#9767,,0.35,EUR
KL202603301893,2026-03-30T07:45:00Z,SALE,,2026-03-25T20:23:18Z,2026-03-25T20:23:18Z,ed9435a4-e630-6580-b2fa-f03ace2459a6,ED9435A,571a80b4-82f1-9f86-044d-26a82c3bfc14,#9782,,290.95,EUR
KL202603301893,2026-03-30T07:45:00Z,FEE,PURCHASE_FEE_PERCENTAGE,2026-03-25T20:23:18Z,2026-03-25T20:23:18Z,ed9435a4-e630-6580-b2fa-f03ace2459a6,ED9435A,571a80b4-82f1-9f86-044d-26a82c3bfc14,#9782,,8.70,EUR
KL202603301893,2026-03-30T07:45:00Z,FEE,PURCHASE_FEE_FIXED,2026-03-25T20:23:18Z,2026-03-25T20:23:18Z,ed9435a4-e630-6580-b2fa-f03ace2459a6,ED9435A,571a80b4-82f1-9f86-044d-26a82c3bfc14,#9782,,0.35,EUR
KL202603301893,2026-03-30T07:45:00Z,SALE,,2026-03-25T20:57:37Z,2026-03-25T20:57:37Z,b0c3ed81-5604-9ba9-9560-f61aad9ecf90,B0C3ED8,50c98244-c8aa-03db-3113-852e83f21fbe,#9788,,119.00,EUR
KL202603301893,2026-03-30T07:45:00Z,FEE,PURCHASE_FEE_PERCENTAGE,2026-03-25T20:57:37Z,2026-03-25T20:57:37Z,b0c3ed81-5604-9ba9-9560-f61aad9ecf90,B0C3ED8,50c98244-c8aa-03db-3113-852e83f21fbe,#9788,,3.56,EUR
KL202603301893,2026-03-30T07:45:00Z,FEE,PURCHASE_FEE_FIXED,2026-03-25T20:57:37Z,2026-03-25T20:57:37Z,b0c3ed81-5604-9ba9-9560-f61aad9ecf90,B0C3ED8,50c98244-c8aa-03db-3113-852e83f21fbe,#9788,,0.35,EUR
KL202603301893,2026-03-30T07:45:00Z,SALE,,2026-03-25T21:04:30Z,2026-03-25T21:04:30Z,6d65c134-8844-f5e0-6d12-1f2ab9ab2784,6D65C13,83722c5a-8302-f633-de9a-80264c67c9e7,#9789,,99.00,EUR
KL202603301893,2026-03-30T07:45:00Z,FEE,PURCHASE_FEE_PERCENTAGE,2026-03-25T21:04:30Z,2026-03-25T21:04:30Z,6d65c134-8844-f5e0-6d12-1f2ab9ab2784,6D65C13,83722c5a-8302-f633-de9a-80264c67c9e7,#9789,,2.96,EUR
KL202603301893,2026-03-30T07:45:00Z,FEE,PURCHASE_FEE_FIXED,2026-03-25T21:04:30Z,2026-03-25T21:04:30Z,6d65c134-8844-f5e0-6d12-1f2ab9ab2784,6D65C13,83722c5a-8302-f633-de9a-80264c67c9e7,#9789,,0.35,EUR
KL202603301893,2026-03-30T07:45:00Z,SALE,,2026-03-26T00:17:47Z,2026-03-26T00:17:47Z,0d07327a-5e25-960a-9b06-842ac13f7a6c,0D07327,3ef56f95-28d8-a621-3595-ab73a45edb35,#9801,,38.95,EUR
KL202603301893,2026-03-30T07:45:00Z,FEE,PURCHASE_FEE_PERCENTAGE,2026-03-26T00:17:47Z,2026-03-26T00:17:47Z,0d07327a-5e25-960a-9b06-842ac13f7a6c,0D07327,3ef56f95-28d8-a621-3595-ab73a45edb35,#9801,,1.16,EUR
KL202603301893,2026-03-30T07:45:00Z,FEE,PURCHASE_FEE_FIXED,2026-03-26T00:17:47Z,2026-03-26T00:17:47Z,0d07327a-5e25-960a-9b06-842ac13f7a6c,0D07327,3ef56f95-28d8-a621-3595-ab73a45edb35,#9801,,0.35,EUR
KL202603301893,2026-03-30T07:45:00Z,SALE,,2026-03-26T00:58:42Z,2026-03-26T00:58:42Z,19011733-fc7c-614b-1b6c-47f5fc913137,1901173,78f575d9-282d-e8a0-4208-e75f750bdb26,#9803,,189.00,EUR
KL202603301893,2026-03-30T07:45:00Z,FEE,PURCHASE_FEE_PERCENTAGE,2026-03-26T00:58:42Z,2026-03-26T00:58:42Z,19011733-fc7c-614b-1b6c-47f5fc913137,1901173,78f575d9-282d-e8a0-4208-e75f750bdb26,#9803,,5.65,EUR
KL202603301893,2026-03-30T07:45:00Z,FEE,PURCHASE_FEE_FIXED,2026-03-26T00:58:42Z,2026-03-26T00:58:42Z,19011733-fc7c-614b-1b6c-47f5fc913137,1901173,78f575d9-282d-e8a0-4208-e75f750bdb26,#9803,,0.35,EUR
KL202603301893,2026-03-30T07:45:00Z,SALE,,2026-03-26T01:47:22Z,2026-03-26T01:47:22Z,3846547a-84aa-80a7-02cf-e10a96c61f09,3846547,9452223d-176a-87c6-c130-3f55d3ef96db,#9805,,119.00,EUR
KL202603301893,2026-03-30T07:45:00Z,FEE,PURCHASE_FEE_PERCENTAGE,2026-03-26T01:47:22Z,2026-03-26T01:47:22Z,3846547a-84aa-80a7-02cf-e10a96c61f09,3846547,9452223d-176a-87c6-c130-3f55d3ef96db,#9805,,3.56,EUR
KL202603301893,2026-03-30T07:45:00Z,FEE,PURCHASE_FEE_FIXED,2026-03-26T01:47:22Z,2026-03-26T01:47:22Z,3846547a-84aa-80a7-02cf-e10a96c61f09,3846547,9452223d-176a-87c6-c130-3f55d3ef96db,#9805,,0.35,EUR
KL202603301893,2026-03-30T07:45:00Z,SALE,,2026-03-26T02:06:32Z,2026-03-26T02:06:32Z,8133e112-f90d-a022-49ac-2db8a9c8229c,8133E11,446e10f2-72ce-0de2-cd5c-6da259441092,#9806,,33.95,EUR
KL202603301893,2026-03-30T07:45:00Z,FEE,PURCHASE_FEE_PERCENTAGE,2026-03-26T02:06:32Z,2026-03-26T02:06:32Z,8133e112-f90d-a022-49ac-2db8a9c8229c,8133E11,446e10f2-72ce-0de2-cd5c-6da259441092,#9806,,1.02,EUR
KL202603301893,2026-03-30T07:45:00Z,FEE,PURCHASE_FEE_FIXED,2026-03-26T02:06:32Z,2026-03-26T02:06:32Z,8133e112-f90d-a022-49ac-2db8a9c8229c,8133E11,446e10f2-72ce-0de2-cd5c-6da259441092,#9806,,0.35,EUR
KL202603301893,2026-03-30T07:45:00Z,SALE,,2026-03-26T06:29:34Z,2026-03-26T06:29:34Z,ee9c5f8e-27f8-92c7-406d-39c3a4fbc2d2,EE9C5F8,38ba289c-c4b9-7391-dd1a-af049e3e8109,#9810,,510.95,EUR
KL202603301893,2026-03-30T07:45:00Z,FEE,PURCHASE_FEE_PERCENTAGE,2026-03-26T06:29:34Z,2026-03-26T06:29:34Z,ee9c5f8e-27f8-92c7-406d-39c3a4fbc2d2,EE9C5F8,38ba289c-c4b9-7391-dd1a-af049e3e8109,#9810,,15.28,EUR
KL202603301893,2026-03-30T07:45:00Z,FEE,PURCHASE_FEE_FIXED,2026-03-26T06:29:34Z,2026-03-26T06:29:34Z,ee9c5f8e-27f8-92c7-406d-39c3a4fbc2d2,EE9C5F8,38ba289c-c4b9-7391-dd1a-af049e3e8109,#9810,,0.35,EUR
KL202603301893,2026-03-30T07:45:00Z,SALE,,2026-03-26T11:38:52Z,2026-03-26T11:38:52Z,502a725e-2b96-de7e-14b1-d3b0833033f2,502A725,94d9c933-4f71-066e-84fe-39715606fe01,#9824,,207.00,EUR
KL202603301893,2026-03-30T07:45:00Z,FEE,PURCHASE_FEE_PERCENTAGE,2026-03-26T11:38:52Z,2026-03-26T11:38:52Z,502a725e-2b96-de7e-14b1-d3b0833033f2,502A725,94d9c933-4f71-066e-84fe-39715606fe01,#9824,,6.19,EUR
KL202603301893,2026-03-30T07:45:00Z,FEE,PURCHASE_FEE_FIXED,2026-03-26T11:38:52Z,2026-03-26T11:38:52Z,502a725e-2b96-de7e-14b1-d3b0833033f2,502A725,94d9c933-4f71-066e-84fe-39715606fe01,#9824,,0.35,EUR
KL202603301893,2026-03-30T07:45:00Z,SALE,,2026-03-26T12:29:22Z,2026-03-26T12:29:22Z,81f645f2-0e25-4567-e2b7-6b4b9d8da404,81F645F,30458986-a443-b8dd-5fca-a783150c52d0,#9831,,239.00,EUR
KL202603301893,2026-03-30T07:45:00Z,FEE,PURCHASE_FEE_PERCENTAGE,2026-03-26T12:29:22Z,2026-03-26T12:29:22Z,81f645f2-0e25-4567-e2b7-6b4b9d8da404,81F645F,30458986-a443-b8dd-5fca-a783150c52d0,#9831,,7.15,EUR
KL202603301893,2026-03-30T07:45:00Z,FEE,PURCHASE_FEE_FIXED,2026-03-26T12:29:22Z,2026-03-26T12:29:22Z,81f645f2-0e25-4567-e2b7-6b4b9d8da404,81F645F,30458986-a443-b8dd-5fca-a783150c52d0,#9831,,0.35,EUR
KL202603301893,2026-03-30T07:45:00Z,SALE,,2026-03-26T13:21:57Z,2026-03-26T13:21:57Z,d480ba81-3e9c-2f74-69ec-128cc51d5c77,D480BA8,3abcd5b8-d3f4-bc5a-137b-07bd9b1a196d,#9839,,595.00,EUR
KL202603301893,2026-03-30T07:45:00Z,FEE,PURCHASE_FEE_PERCENTAGE,2026-03-26T13:21:57Z,2026-03-26T13:21:57Z,d480ba81-3e9c-2f74-69ec-128cc51d5c77,D480BA8,3abcd5b8-d3f4-bc5a-137b-07bd9b1a196d,#9839,,17.79,EUR
KL202603301893,2026-03-30T07:45:00Z,FEE,PURCHASE_FEE_FIXED,2026-03-26T13:21:57Z,2026-03-26T13:21:57Z,d480ba81-3e9c-2f74-69ec-128cc51d5c77,D480BA8,3abcd5b8-d3f4-bc5a-137b-07bd9b1a196d,#9839,,0.35,EUR
KL202603301893,2026-03-30T07:45:00Z,SALE,,2026-03-26T14:06:43Z,2026-03-26T14:06:43Z,0d016201-8779-47a4-92d9-2b042afa358b,0D01620,1a70dee5-4725-2c95-d3c6-b75285549620,#9843,,79.35,EUR
KL202603301893,2026-03-30T07:45:00Z,FEE,PURCHASE_FEE_PERCENTAGE,2026-03-26T14:06:43Z,2026-03-26T14:06:43Z,0d016201-8779-47a4-92d9-2b042afa358b,0D01620,1a70dee5-4725-2c95-d3c6-b75285549620,#9843,,2.37,EUR
KL202603301893,2026-03-30T07:45:00Z,FEE,PURCHASE_FEE_FIXED,2026-03-26T14:06:43Z,2026-03-26T14:06:43Z,0d016201-8779-47a4-92d9-2b042afa358b,0D01620,1a70dee5-4725-2c95-d3c6-b75285549620,#9843,,0.35,EUR
KL202603301893,2026-03-30T07:45:00Z,SALE,,2026-03-26T14:20:31Z,2026-03-26T14:20:31Z,ed6df68c-7e3b-d12a-fd62-8549846eaab7,ED6DF68,00557203-9b6e-4de5-d150-fac8a96b57e4,#9844,,62.95,EUR
KL202603301893,2026-03-30T07:45:00Z,FEE,PURCHASE_FEE_PERCENTAGE,2026-03-26T14:20:31Z,2026-03-26T14:20:31Z,ed6df68c-7e3b-d12a-fd62-8549846eaab7,ED6DF68,00557203-9b6e-4de5-d150-fac8a96b57e4,#9844,,1.88,EUR
KL202603301893,2026-03-30T07:45:00Z,FEE,PURCHASE_FEE_FIXED,2026-03-26T14:20:31Z,2026-03-26T14:20:31Z,ed6df68c-7e3b-d12a-fd62-8549846eaab7,ED6DF68,00557203-9b6e-4de5-d150-fac8a96b57e4,#9844,,0.35,EUR
KL202603301893,2026-03-30T07:45:00Z,SALE,,2026-03-26T15:42:23Z,2026-03-26T15:42:23Z,e7949ca9-e055-f8d6-493c-a2b65211118e,E7949CA,3825a110-41fa-2d99-b306-4862cc06b824,#9849,,450.95,EUR
KL202603301893,2026-03-30T07:45:00Z,FEE,PURCHASE_FEE_PERCENTAGE,2026-03-26T15:42:23Z,2026-03-26T15:42:23Z,e7949ca9-e055-f8d6-493c-a2b65211118e,E7949CA,3825a110-41fa-2d99-b306-4862cc06b824,#9849,,13.48,EUR
KL202603301893,2026-03-30T07:45:00Z,FEE,PURCHASE_FEE_FIXED,2026-03-26T15:42:23Z,2026-03-26T15:42:23Z,e7949ca9-e055-f8d6-493c-a2b65211118e,E7949CA,3825a110-41fa-2d99-b306-4862cc06b824,#9849,,0.35,EUR
KL202603301893,2026-03-30T07:45:00Z,SALE,,2026-03-26T17:31:00Z,2026-03-26T17:31:00Z,45f8c27d-2ecd-e449-f7e4-840cae0c274f,45F8C27,c98320a1-3620-5739-6a74-285214bb22f9,#9854,,374.00,EUR
KL202603301893,2026-03-30T07:45:00Z,FEE,PURCHASE_FEE_PERCENTAGE,2026-03-26T17:31:00Z,2026-03-26T17:31:00Z,45f8c27d-2ecd-e449-f7e4-840cae0c274f,45F8C27,c98320a1-3620-5739-6a74-285214bb22f9,#9854,,11.18,EUR
KL202603301893,2026-03-30T07:45:00Z,FEE,PURCHASE_FEE_FIXED,2026-03-26T17:31:00Z,2026-03-26T17:31:00Z,45f8c27d-2ecd-e449-f7e4-840cae0c274f,45F8C27,c98320a1-3620-5739-6a74-285214bb22f9,#9854,,0.35,EUR
KL202603301893,2026-03-30T07:45:00Z,SALE,,2026-03-26T17:37:11Z,2026-03-26T17:37:11Z,acaf112a-5eb6-0c5b-1396-d8c7d4ce3763,ACAF112,614606e6-6b8a-3a5e-a22e-2097ad9ae4bf,#9858,,189.00,EUR
KL202603301893,2026-03-30T07:45:00Z,FEE,PURCHASE_FEE_PERCENTAGE,2026-03-26T17:37:11Z,2026-03-26T17:37:11Z,acaf112a-5eb6-0c5b-1396-d8c7d4ce3763,ACAF112,614606e6-6b8a-3a5e-a22e-2097ad9ae4bf,#9858,,5.65,EUR
KL202603301893,2026-03-30T07:45:00Z,FEE,PURCHASE_FEE_FIXED,2026-03-26T17:37:11Z,2026-03-26T17:37:11Z,acaf112a-5eb6-0c5b-1396-d8c7d4ce3763,ACAF112,614606e6-6b8a-3a5e-a22e-2097ad9ae4bf,#9858,,0.35,EUR
KL202603301893,2026-03-30T07:45:00Z,SALE,,2026-03-26T21:23:54Z,2026-03-26T21:23:54Z,2db8fac3-1cfc-b79e-a026-009ce973e681,2DB8FAC,1b19b385-5e35-e1bf-7af3-b3983394bb3b,#9877,,58.95,EUR
KL202603301893,2026-03-30T07:45:00Z,FEE,PURCHASE_FEE_PERCENTAGE,2026-03-26T21:23:54Z,2026-03-26T21:23:54Z,2db8fac3-1cfc-b79e-a026-009ce973e681,2DB8FAC,1b19b385-5e35-e1bf-7af3-b3983394bb3b,#9877,,1.76,EUR
KL202603301893,2026-03-30T07:45:00Z,FEE,PURCHASE_FEE_FIXED,2026-03-26T21:23:54Z,2026-03-26T21:23:54Z,2db8fac3-1cfc-b79e-a026-009ce973e681,2DB8FAC,1b19b385-5e35-e1bf-7af3-b3983394bb3b,#9877,,0.35,EUR
KL202603301893,2026-03-30T07:45:00Z,SALE,,2026-03-26T23:31:15Z,2026-03-26T23:31:15Z,8cd871db-ae03-6a36-4eff-61278468836e,8CD871D,5ffbd272-35e1-ecee-19e9-388e5448affd,#9891,,101.95,EUR
KL202603301893,2026-03-30T07:45:00Z,FEE,PURCHASE_FEE_PERCENTAGE,2026-03-26T23:31:15Z,2026-03-26T23:31:15Z,8cd871db-ae03-6a36-4eff-61278468836e,8CD871D,5ffbd272-35e1-ecee-19e9-388e5448affd,#9891,,3.05,EUR
KL202603301893,2026-03-30T07:45:00Z,FEE,PURCHASE_FEE_FIXED,2026-03-26T23:31:15Z,2026-03-26T23:31:15Z,8cd871db-ae03-6a36-4eff-61278468836e,8CD871D,5ffbd272-35e1-ecee-19e9-388e5448affd,#9891,,0.35,EUR
KL202603301893,2026-03-30T07:45:00Z,SALE,,2026-03-27T01:19:31Z,2026-03-27T01:19:31Z,6d114f30-ee5e-8e4e-1755-558aabbb39e7,6D114F3,42f41ef0-e7cb-f0ab-bcb3-9249d79b9160,#9894,,597.00,EUR
KL202603301893,2026-03-30T07:45:00Z,FEE,PURCHASE_FEE_PERCENTAGE,2026-03-27T01:19:31Z,2026-03-27T01:19:31Z,6d114f30-ee5e-8e4e-1755-558aabbb39e7,6D114F3,42f41ef0-e7cb-f0ab-bcb3-9249d79b9160,#9894,,17.85,EUR
KL202603301893,2026-03-30T07:45:00Z,FEE,PURCHASE_FEE_FIXED,2026-03-27T01:19:31Z,2026-03-27T01:19:31Z,6d114f30-ee5e-8e4e-1755-558aabbb39e7,6D114F3,42f41ef0-e7cb-f0ab-bcb3-9249d79b9160,#9894,,0.35,EUR
KL202603301893,2026-03-30T07:45:00Z,SALE,,2026-03-27T03:56:58Z,2026-03-27T03:56:58Z,6853bb55-9731-fd3f-77bf-c64c746cd511,6853BB5,27ddc9f2-a142-81da-5c3f-d2cf65f2f740,#9897,,31.95,EUR
KL202603301893,2026-03-30T07:45:00Z,FEE,PURCHASE_FEE_PERCENTAGE,2026-03-27T03:56:58Z,2026-03-27T03:56:58Z,6853bb55-9731-fd3f-77bf-c64c746cd511,6853BB5,27ddc9f2-a142-81da-5c3f-d2cf65f2f740,#9897,,0.96,EUR
KL202603301893,2026-03-30T07:45:00Z,FEE,PURCHASE_FEE_FIXED,2026-03-27T03:56:58Z,2026-03-27T03:56:58Z,6853bb55-9731-fd3f-77bf-c64c746cd511,6853BB5,27ddc9f2-a142-81da-5c3f-d2cf65f2f740,#9897,,0.35,EUR
KL202603301893,2026-03-30T07:45:00Z,SALE,,2026-03-27T08:32:48Z,2026-03-27T08:32:48Z,95e2c1b6-f1b4-3ee1-e9c9-fb9d54859c3c,95E2C1B,1967c3d5-0098-a1e3-c685-85e35c098e77,#9905,,308.00,EUR
KL202603301893,2026-03-30T07:45:00Z,FEE,PURCHASE_FEE_PERCENTAGE,2026-03-27T08:32:48Z,2026-03-27T08:32:48Z,95e2c1b6-f1b4-3ee1-e9c9-fb9d54859c3c,95E2C1B,1967c3d5-0098-a1e3-c685-85e35c098e77,#9905,,9.21,EUR
KL202603301893,2026-03-30T07:45:00Z,FEE,PURCHASE_FEE_FIXED,2026-03-27T08:32:48Z,2026-03-27T08:32:48Z,95e2c1b6-f1b4-3ee1-e9c9-fb9d54859c3c,95E2C1B,1967c3d5-0098-a1e3-c685-85e35c098e77,#9905,,0.35,EUR
KL202603301893,2026-03-30T07:45:00Z,SALE,,2026-03-27T12:21:41Z,2026-03-27T12:21:41Z,ff9b16f1-c715-479a-586f-21b35a559404,FF9B16F,ed1169dd-6a8c-684d-0b95-3a724271580c,#9919,,26.55,EUR
KL202603301893,2026-03-30T07:45:00Z,FEE,PURCHASE_FEE_PERCENTAGE,2026-03-27T12:21:41Z,2026-03-27T12:21:41Z,ff9b16f1-c715-479a-586f-21b35a559404,FF9B16F,ed1169dd-6a8c-684d-0b95-3a724271580c,#9919,,0.79,EUR
KL202603301893,2026-03-30T07:45:00Z,FEE,PURCHASE_FEE_FIXED,2026-03-27T12:21:41Z,2026-03-27T12:21:41Z,ff9b16f1-c715-479a-586f-21b35a559404,FF9B16F,ed1169dd-6a8c-684d-0b95-3a724271580c,#9919,,0.35,EUR
KL202603301893,2026-03-30T07:45:00Z,SALE,,2026-03-27T13:03:24Z,2026-03-27T13:03:24Z,b692f6af-1539-b270-42f5-0814cd1d2803,B692F6A,f39518b9-400d-3121-232d-431d716e2daa,#9930,,89.00,EUR
KL202603301893,2026-03-30T07:45:00Z,FEE,PURCHASE_FEE_PERCENTAGE,2026-03-27T13:03:24Z,2026-03-27T13:03:24Z,b692f6af-1539-b270-42f5-0814cd1d2803,B692F6A,f39518b9-400d-3121-232d-431d716e2daa,#9930,,2.66,EUR
KL202603301893,2026-03-30T07:45:00Z,FEE,PURCHASE_FEE_FIXED,2026-03-27T13:03:24Z,2026-03-27T13:03:24Z,b692f6af-1539-b270-42f5-0814cd1d2803,B692F6A,f39518b9-400d-3121-232d-431d716e2daa,#9930,,0.35,EUR
KL202603301893,2026-03-30T07:45:00Z,SALE,,2026-03-27T13:33:23Z,2026-03-27T13:33:23Z,75facea2-26e1-edd3-f2cf-1f7b07f34dcf,75FACEA,85d89417-5afc-a980-cff5-36000dbc5c77,#9931,,89.10,EUR
KL202603301893,2026-03-30T07:45:00Z,FEE,PURCHASE_FEE_PERCENTAGE,2026-03-27T13:33:23Z,2026-03-27T13:33:23Z,75facea2-26e1-edd3-f2cf-1f7b07f34dcf,75FACEA,85d89417-5afc-a980-cff5-36000dbc5c77,#9931,,2.66,EUR
KL202603301893,2026-03-30T07:45:00Z,FEE,PURCHASE_FEE_FIXED,2026-03-27T13:33:23Z,2026-03-27T13:33:23Z,75facea2-26e1-edd3-f2cf-1f7b07f34dcf,75FACEA,85d89417-5afc-a980-cff5-36000dbc5c77,#9931,,0.35,EUR
KL202603301893,2026-03-30T07:45:00Z,SALE,,2026-03-27T13:46:54Z,2026-03-27T13:46:54Z,e6cc25a2-5c55-93a5-0d36-833153a0de83,E6CC25A,248efce5-2768-3e41-e144-6006f9c7ca51,#9932,,476.00,EUR
KL202603301893,2026-03-30T07:45:00Z,FEE,PURCHASE_FEE_PERCENTAGE,2026-03-27T13:46:54Z,2026-03-27T13:46:54Z,e6cc25a2-5c55-93a5-0d36-833153a0de83,E6CC25A,248efce5-2768-3e41-e144-6006f9c7ca51,#9932,,14.23,EUR
KL202603301893,2026-03-30T07:45:00Z,FEE,PURCHASE_FEE_FIXED,2026-03-27T13:46:54Z,2026-03-27T13:46:54Z,e6cc25a2-5c55-93a5-0d36-833153a0de83,E6CC25A,248efce5-2768-3e41-e144-6006f9c7ca51,#9932,,0.35,EUR
KL202603301893,2026-03-30T07:45:00Z,SALE,,2026-03-27T16:05:41Z,2026-03-27T16:05:41Z,ad467fbc-6e82-5ec0-8b79-026af76da20a,AD467FB,caee0402-67a0-f8cf-7265-cb0f1923586a,#9949,,138.00,EUR
KL202603301893,2026-03-30T07:45:00Z,FEE,PURCHASE_FEE_PERCENTAGE,2026-03-27T16:05:41Z,2026-03-27T16:05:41Z,ad467fbc-6e82-5ec0-8b79-026af76da20a,AD467FB,caee0402-67a0-f8cf-7265-cb0f1923586a,#9949,,4.13,EUR
KL202603301893,2026-03-30T07:45:00Z,FEE,PURCHASE_FEE_FIXED,2026-03-27T16:05:41Z,2026-03-27T16:05:41Z,ad467fbc-6e82-5ec0-8b79-026af76da20a,AD467FB,caee0402-67a0-f8cf-7265-cb0f1923586a,#9949,,0.35,EUR
KL202603301893,2026-03-30T07:45:00Z,SALE,,2026-03-27T17:35:36Z,2026-03-27T17:35:36Z,02fe14ce-fa42-5386-5755-48e5c771856f,02FE14C,9c8872a1-13ae-f30e-2a9e-1df8b802933e,#9955,,42.95,EUR
KL202603301893,2026-03-30T07:45:00Z,FEE,PURCHASE_FEE_PERCENTAGE,2026-03-27T17:35:36Z,2026-03-27T17:35:36Z,02fe14ce-fa42-5386-5755-48e5c771856f,02FE14C,9c8872a1-13ae-f30e-2a9e-1df8b802933e,#9955,,1.28,EUR
KL202603301893,2026-03-30T07:45:00Z,FEE,PURCHASE_FEE_FIXED,2026-03-27T17:35:36Z,2026-03-27T17:35:36Z,02fe14ce-fa42-5386-5755-48e5c771856f,02FE14C,9c8872a1-13ae-f30e-2a9e-1df8b802933e,#9955,,0.35,EUR
KL202603301893,2026-03-30T07:45:00Z,SALE,,2026-03-27T17:53:17Z,2026-03-27T17:53:17Z,0b81b303-d573-d2f4-3f79-b3b1feb20dfa,0B81B30,091f3a65-af3c-2cdc-b7d8-aedd372eaadd,#9960,,118.00,EUR
KL202603301893,2026-03-30T07:45:00Z,FEE,PURCHASE_FEE_PERCENTAGE,2026-03-27T17:53:17Z,2026-03-27T17:53:17Z,0b81b303-d573-d2f4-3f79-b3b1feb20dfa,0B81B30,091f3a65-af3c-2cdc-b7d8-aedd372eaadd,#9960,,3.53,EUR
KL202603301893,2026-03-30T07:45:00Z,FEE,PURCHASE_FEE_FIXED,2026-03-27T17:53:17Z,2026-03-27T17:53:17Z,0b81b303-d573-d2f4-3f79-b3b1feb20dfa,0B81B30,091f3a65-af3c-2cdc-b7d8-aedd372eaadd,#9960,,0.35,EUR
KL202603301893,2026-03-30T07:45:00Z,SALE,,2026-03-27T19:34:51Z,2026-03-27T19:34:51Z,90e6747c-9eaf-b6c6-f46a-efe6578d4f49,90E6747,2dc9d5df-8b1a-32e2-504d-66186e22d928,#9970,,265.00,EUR
KL202603301893,2026-03-30T07:45:00Z,FEE,PURCHASE_FEE_PERCENTAGE,2026-03-27T19:34:51Z,2026-03-27T19:34:51Z,90e6747c-9eaf-b6c6-f46a-efe6578d4f49,90E6747,2dc9d5df-8b1a-32e2-504d-66186e22d928,#9970,,7.92,EUR
KL202603301893,2026-03-30T07:45:00Z,FEE,PURCHASE_FEE_FIXED,2026-03-27T19:34:51Z,2026-03-27T19:34:51Z,90e6747c-9eaf-b6c6-f46a-efe6578d4f49,90E6747,2dc9d5df-8b1a-32e2-504d-66186e22d928,#9970,,0.35,EUR
KL202603301893,2026-03-30T07:45:00Z,SALE,,2026-03-27T20:01:56Z,2026-03-27T20:01:56Z,109933ee-f00c-5bcd-c739-2c80290fef8b,109933E,59ed9866-9de2-5484-c12c-a6e0bcb5f347,#9971,,168.00,EUR
KL202603301893,2026-03-30T07:45:00Z,FEE,PURCHASE_FEE_PERCENTAGE,2026-03-27T20:01:56Z,2026-03-27T20:01:56Z,109933ee-f00c-5bcd-c739-2c80290fef8b,109933E,59ed9866-9de2-5484-c12c-a6e0bcb5f347,#9971,,5.02,EUR
KL202603301893,2026-03-30T07:45:00Z,FEE,PURCHASE_FEE_FIXED,2026-03-27T20:01:56Z,2026-03-27T20:01:56Z,109933ee-f00c-5bcd-c739-2c80290fef8b,109933E,59ed9866-9de2-5484-c12c-a6e0bcb5f347,#9971,,0.35,EUR
KL202603301893,2026-03-30T07:45:00Z,SALE,,2026-03-27T20:40:19Z,2026-03-27T20:40:19Z,12c84173-355c-93e1-3fd3-d2da4358fd25,12C8417,7188abca-4916-08e4-4cf8-f966652d19bd,#9978,,76.15,EUR
KL202603301893,2026-03-30T07:45:00Z,FEE,PURCHASE_FEE_PERCENTAGE,2026-03-27T20:40:19Z,2026-03-27T20:40:19Z,12c84173-355c-93e1-3fd3-d2da4358fd25,12C8417,7188abca-4916-08e4-4cf8-f966652d19bd,#9978,,2.28,EUR
KL202603301893,2026-03-30T07:45:00Z,FEE,PURCHASE_FEE_FIXED,2026-03-27T20:40:19Z,2026-03-27T20:40:19Z,12c84173-355c-93e1-3fd3-d2da4358fd25,12C8417,7188abca-4916-08e4-4cf8-f966652d19bd,#9978,,0.35,EUR
KL202603301893,2026-03-30T07:45:00Z,SALE,,2026-03-27T20:51:55Z,2026-03-27T20:51:55Z,7a81495f-0067-7c32-c7aa-22e5a8f45d0b,7A81495,7eeaa813-19c5-0c04-5e86-7aaaa55e0cef,#9981,,85.00,EUR
KL202603301893,2026-03-30T07:45:00Z,FEE,PURCHASE_FEE_PERCENTAGE,2026-03-27T20:51:55Z,2026-03-27T20:51:55Z,7a81495f-0067-7c32-c7aa-22e5a8f45d0b,7A81495,7eeaa813-19c5-0c04-5e86-7aaaa55e0cef,#9981,,2.54,EUR
KL202603301893,2026-03-30T07:45:00Z,FEE,PURCHASE_FEE_FIXED,2026-03-27T20:51:55Z,2026-03-27T20:51:55Z,7a81495f-0067-7c32-c7aa-22e5a8f45d0b,7A81495,7eeaa813-19c5-0c04-5e86-7aaaa55e0cef,#9981,,0.35,EUR
KL202603301893,2026-03-30T07:45:00Z,SALE,,2026-03-28T00:27:34Z,2026-03-28T00:27:34Z,2d7761d1-f114-2b92-57ab-c86ce6f6ab97,2D7761D,ed13b405-77f5-a4c3-ad6e-21a47f5780d3,#9997,,76.00,EUR
KL202603301893,2026-03-30T07:45:00Z,FEE,PURCHASE_FEE_PERCENTAGE,2026-03-28T00:27:34Z,2026-03-28T00:27:34Z,2d7761d1-f114-2b92-57ab-c86ce6f6ab97,2D7761D,ed13b405-77f5-a4c3-ad6e-21a47f5780d3,#9997,,2.27,EUR
KL202603301893,2026-03-30T07:45:00Z,FEE,PURCHASE_FEE_FIXED,2026-03-28T00:27:34Z,2026-03-28T00:27:34Z,2d7761d1-f114-2b92-57ab-c86ce6f6ab97,2D7761D,ed13b405-77f5-a4c3-ad6e-21a47f5780d3,#9997,,0.35,EUR
KL202603301893,2026-03-30T07:45:00Z,SALE,,2026-03-28T08:36:53Z,2026-03-28T08:36:53Z,d562cebb-f511-f9f5-27c6-1f286f4f965b,D562CEB,22d371aa-64a7-240f-77d8-1d60f4b708b7,#10009,,26.55,EUR
KL202603301893,2026-03-30T07:45:00Z,FEE,PURCHASE_FEE_PERCENTAGE,2026-03-28T08:36:53Z,2026-03-28T08:36:53Z,d562cebb-f511-f9f5-27c6-1f286f4f965b,D562CEB,22d371aa-64a7-240f-77d8-1d60f4b708b7,#10009,,0.79,EUR
KL202603301893,2026-03-30T07:45:00Z,FEE,PURCHASE_FEE_FIXED,2026-03-28T08:36:53Z,2026-03-28T08:36:53Z,d562cebb-f511-f9f5-27c6-1f286f4f965b,D562CEB,22d371aa-64a7-240f-77d8-1d60f4b708b7,#10009,,0.35,EUR
KL202603301893,2026-03-30T07:45:00Z,SALE,,2026-03-28T08:44:44Z,2026-03-28T08:44:44Z,5c2f6d61-6d65-e8aa-6230-fadbe26ef5c9,5C2F6D6,16948faf-8218-ad59-355f-648bb2404d43,#10010,,33.95,EUR
KL202603301893,2026-03-30T07:45:00Z,FEE,PURCHASE_FEE_PERCENTAGE,2026-03-28T08:44:44Z,2026-03-28T08:44:44Z,5c2f6d61-6d65-e8aa-6230-fadbe26ef5c9,5C2F6D6,16948faf-8218-ad59-355f-648bb2404d43,#10010,,1.02,EUR
KL202603301893,2026-03-30T07:45:00Z,FEE,PURCHASE_FEE_FIXED,2026-03-28T08:44:44Z,2026-03-28T08:44:44Z,5c2f6d61-6d65-e8aa-6230-fadbe26ef5c9,5C2F6D6,16948faf-8218-ad59-355f-648bb2404d43,#10010,,0.35,EUR
KL202603301893,2026-03-30T07:45:00Z,SALE,,2026-03-28T11:57:31Z,2026-03-28T11:57:31Z,f01cd4c1-f4bb-1c48-c17c-12fefca025a2,F01CD4C,f0aa6bb4-0062-bab8-7faa-d73ebf34b8c3,#10026,,43.35,EUR
KL202603301893,2026-03-30T07:45:00Z,FEE,PURCHASE_FEE_PERCENTAGE,2026-03-28T11:57:31Z,2026-03-28T11:57:31Z,f01cd4c1-f4bb-1c48-c17c-12fefca025a2,F01CD4C,f0aa6bb4-0062-bab8-7faa-d73ebf34b8c3,#10026,,1.30,EUR
KL202603301893,2026-03-30T07:45:00Z,FEE,PURCHASE_FEE_FIXED,2026-03-28T11:57:31Z,2026-03-28T11:57:31Z,f01cd4c1-f4bb-1c48-c17c-12fefca025a2,F01CD4C,f0aa6bb4-0062-bab8-7faa-d73ebf34b8c3,#10026,,0.35,EUR
KL202603301893,2026-03-30T07:45:00Z,SALE,,2026-03-28T14:08:30Z,2026-03-28T14:08:30Z,c0888751-50fc-0074-a1b1-295f5ed1de9a,C088875,62a1dc0d-5243-4978-e262-8e43c6d50f8e,#10047,,56.95,EUR
KL202603301893,2026-03-30T07:45:00Z,FEE,PURCHASE_FEE_PERCENTAGE,2026-03-28T14:08:30Z,2026-03-28T14:08:30Z,c0888751-50fc-0074-a1b1-295f5ed1de9a,C088875,62a1dc0d-5243-4978-e262-8e43c6d50f8e,#10047,,1.70,EUR
KL202603301893,2026-03-30T07:45:00Z,FEE,PURCHASE_FEE_FIXED,2026-03-28T14:08:30Z,2026-03-28T14:08:30Z,c0888751-50fc-0074-a1b1-295f5ed1de9a,C088875,62a1dc0d-5243-4978-e262-8e43c6d50f8e,#10047,,0.35,EUR
KL202603301893,2026-03-30T07:45:00Z,SALE,,2026-03-28T14:26:42Z,2026-03-28T14:26:42Z,b4fb793e-67bc-5e2d-ef63-11fb951b4bba,B4FB793,fe611fe0-dfd7-234e-798d-07a45e399dab,#10049,,189.00,EUR
KL202603301893,2026-03-30T07:45:00Z,FEE,PURCHASE_FEE_PERCENTAGE,2026-03-28T14:26:42Z,2026-03-28T14:26:42Z,b4fb793e-67bc-5e2d-ef63-11fb951b4bba,B4FB793,fe611fe0-dfd7-234e-798d-07a45e399dab,#10049,,5.65,EUR
KL202603301893,2026-03-30T07:45:00Z,FEE,PURCHASE_FEE_FIXED,2026-03-28T14:26:42Z,2026-03-28T14:26:42Z,b4fb793e-67bc-5e2d-ef63-11fb951b4bba,B4FB793,fe611fe0-dfd7-234e-798d-07a45e399dab,#10049,,0.35,EUR
KL202603301893,2026-03-30T07:45:00Z,SALE,,2026-03-28T14:33:07Z,2026-03-28T14:33:07Z,bb4e2ec1-f396-981c-ef7b-138c1081977b,BB4E2EC,c99acc15-4e7b-3a93-8d57-247aa2f26249,#10050,,178.00,EUR
KL202603301893,2026-03-30T07:45:00Z,FEE,PURCHASE_FEE_PERCENTAGE,2026-03-28T14:33:07Z,2026-03-28T14:33:07Z,bb4e2ec1-f396-981c-ef7b-138c1081977b,BB4E2EC,c99acc15-4e7b-3a93-8d57-247aa2f26249,#10050,,5.32,EUR
KL202603301893,2026-03-30T07:45:00Z,FEE,PURCHASE_FEE_FIXED,2026-03-28T14:33:07Z,2026-03-28T14:33:07Z,bb4e2ec1-f396-981c-ef7b-138c1081977b,BB4E2EC,c99acc15-4e7b-3a93-8d57-247aa2f26249,#10050,,0.35,EUR
KL202603301893,2026-03-30T07:45:00Z,SALE,,2026-03-28T15:51:05Z,2026-03-28T15:51:05Z,78a0817d-295d-88a2-24e0-aa4ee030809e,78A0817,91bb0784-a960-e68f-8762-4ca38850bea8,#10061,,142.40,EUR
KL202603301893,2026-03-30T07:45:00Z,FEE,PURCHASE_FEE_PERCENTAGE,2026-03-28T15:51:05Z,2026-03-28T15:51:05Z,78a0817d-295d-88a2-24e0-aa4ee030809e,78A0817,91bb0784-a960-e68f-8762-4ca38850bea8,#10061,,4.26,EUR
KL202603301893,2026-03-30T07:45:00Z,FEE,PURCHASE_FEE_FIXED,2026-03-28T15:51:05Z,2026-03-28T15:51:05Z,78a0817d-295d-88a2-24e0-aa4ee030809e,78A0817,91bb0784-a960-e68f-8762-4ca38850bea8,#10061,,0.35,EUR
KL202603301893,2026-03-30T07:45:00Z,SALE,,2026-03-28T17:04:46Z,2026-03-28T17:04:46Z,c0eea703-5bd6-77ec-95bf-cd2829b43767,C0EEA70,b244dbe5-3a0a-3dc9-d002-50b7ea34f113,#10070,,247.00,EUR
KL202603301893,2026-03-30T07:45:00Z,FEE,PURCHASE_FEE_PERCENTAGE,2026-03-28T17:04:46Z,2026-03-28T17:04:46Z,c0eea703-5bd6-77ec-95bf-cd2829b43767,C0EEA70,b244dbe5-3a0a-3dc9-d002-50b7ea34f113,#10070,,7.39,EUR
KL202603301893,2026-03-30T07:45:00Z,FEE,PURCHASE_FEE_FIXED,2026-03-28T17:04:46Z,2026-03-28T17:04:46Z,c0eea703-5bd6-77ec-95bf-cd2829b43767,C0EEA70,b244dbe5-3a0a-3dc9-d002-50b7ea34f113,#10070,,0.35,EUR
KL202603301893,2026-03-30T07:45:00Z,SALE,,2026-03-28T17:59:06Z,2026-03-28T17:59:06Z,5b26ad91-be1c-d6f4-459f-9e1b9ed45f63,5B26AD9,b841d33c-4830-7935-fcfa-a57323468fc6,#10080,,36.95,EUR
KL202603301893,2026-03-30T07:45:00Z,FEE,PURCHASE_FEE_PERCENTAGE,2026-03-28T17:59:06Z,2026-03-28T17:59:06Z,5b26ad91-be1c-d6f4-459f-9e1b9ed45f63,5B26AD9,b841d33c-4830-7935-fcfa-a57323468fc6,#10080,,1.10,EUR
KL202603301893,2026-03-30T07:45:00Z,FEE,PURCHASE_FEE_FIXED,2026-03-28T17:59:06Z,2026-03-28T17:59:06Z,5b26ad91-be1c-d6f4-459f-9e1b9ed45f63,5B26AD9,b841d33c-4830-7935-fcfa-a57323468fc6,#10080,,0.35,EUR
KL202603301893,2026-03-30T07:45:00Z,SALE,,2026-03-28T18:28:47Z,2026-03-28T18:28:47Z,1ec175ce-2066-3884-4c7d-10bb3fbf83a3,1EC175C,0c8c356b-f6d6-5390-1629-bbf8fb678cf2,#10084,,50.95,EUR
KL202603301893,2026-03-30T07:45:00Z,FEE,PURCHASE_FEE_PERCENTAGE,2026-03-28T18:28:47Z,2026-03-28T18:28:47Z,1ec175ce-2066-3884-4c7d-10bb3fbf83a3,1EC175C,0c8c356b-f6d6-5390-1629-bbf8fb678cf2,#10084,,1.52,EUR
KL202603301893,2026-03-30T07:45:00Z,FEE,PURCHASE_FEE_FIXED,2026-03-28T18:28:47Z,2026-03-28T18:28:47Z,1ec175ce-2066-3884-4c7d-10bb3fbf83a3,1EC175C,0c8c356b-f6d6-5390-1629-bbf8fb678cf2,#10084,,0.35,EUR
KL202603301893,2026-03-30T07:45:00Z,SALE,,2026-03-28T19:01:52Z,2026-03-28T19:01:52Z,835c921d-5126-0560-6fa6-dd8d704b9713,835C921,2165e0bc-9382-da6b-e19b-4918ea0a16d8,#10091,,249.00,EUR
KL202603301893,2026-03-30T07:45:00Z,FEE,PURCHASE_FEE_PERCENTAGE,2026-03-28T19:01:52Z,2026-03-28T19:01:52Z,835c921d-5126-0560-6fa6-dd8d704b9713,835C921,2165e0bc-9382-da6b-e19b-4918ea0a16d8,#10091,,7.45,EUR
KL202603301893,2026-03-30T07:45:00Z,FEE,PURCHASE_FEE_FIXED,2026-03-28T19:01:52Z,2026-03-28T19:01:52Z,835c921d-5126-0560-6fa6-dd8d704b9713,835C921,2165e0bc-9382-da6b-e19b-4918ea0a16d8,#10091,,0.35,EUR
KL202603301893,2026-03-30T07:45:00Z,SALE,,2026-03-28T19:22:37Z,2026-03-28T19:22:37Z,4e1f5158-5696-66d1-9781-29668c16a6ee,4E1F515,b5fe5c70-ad57-a832-fc78-8cf0194660ea,#10093,,73.35,EUR
KL202603301893,2026-03-30T07:45:00Z,FEE,PURCHASE_FEE_PERCENTAGE,2026-03-28T19:22:37Z,2026-03-28T19:22:37Z,4e1f5158-5696-66d1-9781-29668c16a6ee,4E1F515,b5fe5c70-ad57-a832-fc78-8cf0194660ea,#10093,,2.19,EUR
KL202603301893,2026-03-30T07:45:00Z,FEE,PURCHASE_FEE_FIXED,2026-03-28T19:22:37Z,2026-03-28T19:22:37Z,4e1f5158-5696-66d1-9781-29668c16a6ee,4E1F515,b5fe5c70-ad57-a832-fc78-8cf0194660ea,#10093,,0.35,EUR
KL202603301893,2026-03-30T07:45:00Z,SALE,,2026-03-28T19:25:18Z,2026-03-28T19:25:18Z,2af17a2f-38ef-c37e-801f-9055322ae5f9,2AF17A2,ed43793d-6a42-8812-dd4a-577bbd09b5f2,#10094,,323.20,EUR
KL202603301893,2026-03-30T07:45:00Z,FEE,PURCHASE_FEE_PERCENTAGE,2026-03-28T19:25:18Z,2026-03-28T19:25:18Z,2af17a2f-38ef-c37e-801f-9055322ae5f9,2AF17A2,ed43793d-6a42-8812-dd4a-577bbd09b5f2,#10094,,9.66,EUR
KL202603301893,2026-03-30T07:45:00Z,FEE,PURCHASE_FEE_FIXED,2026-03-28T19:25:18Z,2026-03-28T19:25:18Z,2af17a2f-38ef-c37e-801f-9055322ae5f9,2AF17A2,ed43793d-6a42-8812-dd4a-577bbd09b5f2,#10094,,0.35,EUR
KL202603301893,2026-03-30T07:45:00Z,SALE,,2026-03-28T19:33:03Z,2026-03-28T19:33:03Z,ed7ad472-a5bf-a5f8-0596-e1fb94d810f2,ED7AD47,5970c2a1-3a16-ecb2-bee8-f8f4d43d7688,#10096,,67.35,EUR
KL202603301893,2026-03-30T07:45:00Z,FEE,PURCHASE_FEE_PERCENTAGE,2026-03-28T19:33:03Z,2026-03-28T19:33:03Z,ed7ad472-a5bf-a5f8-0596-e1fb94d810f2,ED7AD47,5970c2a1-3a16-ecb2-bee8-f8f4d43d7688,#10096,,2.01,EUR
KL202603301893,2026-03-30T07:45:00Z,FEE,PURCHASE_FEE_FIXED,2026-03-28T19:33:03Z,2026-03-28T19:33:03Z,ed7ad472-a5bf-a5f8-0596-e1fb94d810f2,ED7AD47,5970c2a1-3a16-ecb2-bee8-f8f4d43d7688,#10096,,0.35,EUR
KL202603301893,2026-03-30T07:45:00Z,SALE,,2026-03-28T20:40:39Z,2026-03-28T20:40:39Z,244acac8-adfb-5a62-788d-0e7939b75eaf,244ACAC,3ab91c27-3d72-33d5-69c7-ef7dd612786c,#10104,,67.05,EUR
KL202603301893,2026-03-30T07:45:00Z,FEE,PURCHASE_FEE_PERCENTAGE,2026-03-28T20:40:39Z,2026-03-28T20:40:39Z,244acac8-adfb-5a62-788d-0e7939b75eaf,244ACAC,3ab91c27-3d72-33d5-69c7-ef7dd612786c,#10104,,2.00,EUR
KL202603301893,2026-03-30T07:45:00Z,FEE,PURCHASE_FEE_FIXED,2026-03-28T20:40:39Z,2026-03-28T20:40:39Z,244acac8-adfb-5a62-788d-0e7939b75eaf,244ACAC,3ab91c27-3d72-33d5-69c7-ef7dd612786c,#10104,,0.35,EUR
KL202603301893,2026-03-30T07:45:00Z,SALE,,2026-03-28T21:21:00Z,2026-03-28T21:21:00Z,90bc5b92-753a-a156-f73a-d512c088d310,90BC5B9,93adadda-7ff8-9900-50b6-cca3914450d1,#10107,,38.95,EUR
KL202603301893,2026-03-30T07:45:00Z,FEE,PURCHASE_FEE_PERCENTAGE,2026-03-28T21:21:00Z,2026-03-28T21:21:00Z,90bc5b92-753a-a156-f73a-d512c088d310,90BC5B9,93adadda-7ff8-9900-50b6-cca3914450d1,#10107,,1.16,EUR
KL202603301893,2026-03-30T07:45:00Z,FEE,PURCHASE_FEE_FIXED,2026-03-28T21:21:00Z,2026-03-28T21:21:00Z,90bc5b92-753a-a156-f73a-d512c088d310,90BC5B9,93adadda-7ff8-9900-50b6-cca3914450d1,#10107,,0.35,EUR
KL202603301893,2026-03-30T07:45:00Z,SALE,,2026-03-28T21:34:35Z,2026-03-28T21:34:35Z,d59d7b8b-c7df-ae34-d76e-523d12986481,D59D7B8,05cfff9b-a54e-4a8b-1e83-bf366aaae190,#10110,,42.95,EUR
KL202603301893,2026-03-30T07:45:00Z,FEE,PURCHASE_FEE_PERCENTAGE,2026-03-28T21:34:35Z,2026-03-28T21:34:35Z,d59d7b8b-c7df-ae34-d76e-523d12986481,D59D7B8,05cfff9b-a54e-4a8b-1e83-bf366aaae190,#10110,,1.28,EUR
KL202603301893,2026-03-30T07:45:00Z,FEE,PURCHASE_FEE_FIXED,2026-03-28T21:34:35Z,2026-03-28T21:34:35Z,d59d7b8b-c7df-ae34-d76e-523d12986481,D59D7B8,05cfff9b-a54e-4a8b-1e83-bf366aaae190,#10110,,0.35,EUR
KL202603301893,2026-03-30T07:45:00Z,SALE,,2026-03-28T22:56:51Z,2026-03-28T22:56:51Z,65914831-adb6-b226-5a51-72b5dc87b312,6591483,6142cfcf-602d-e911-9fc3-ddf01cf3c2ef,#10119,,378.00,EUR
KL202603301893,2026-03-30T07:45:00Z,FEE,PURCHASE_FEE_PERCENTAGE,2026-03-28T22:56:51Z,2026-03-28T22:56:51Z,65914831-adb6-b226-5a51-72b5dc87b312,6591483,6142cfcf-602d-e911-9fc3-ddf01cf3c2ef,#10119,,11.30,EUR
KL202603301893,2026-03-30T07:45:00Z,FEE,PURCHASE_FEE_FIXED,2026-03-28T22:56:51Z,2026-03-28T22:56:51Z,65914831-adb6-b226-5a51-72b5dc87b312,6591483,6142cfcf-602d-e911-9fc3-ddf01cf3c2ef,#10119,,0.35,EUR
KL202603301893,2026-03-30T07:45:00Z,SALE,,2026-03-28T23:47:21Z,2026-03-28T23:47:21Z,2ae4b28d-e79a-4c52-4746-d20c45dff9d1,2AE4B28,b39e38d0-5644-5fb3-266b-30e1c819e8e4,#10123,,107.10,EUR
KL202603301893,2026-03-30T07:45:00Z,FEE,PURCHASE_FEE_PERCENTAGE,2026-03-28T23:47:21Z,2026-03-28T23:47:21Z,2ae4b28d-e79a-4c52-4746-d20c45dff9d1,2AE4B28,b39e38d0-5644-5fb3-266b-30e1c819e8e4,#10123,,3.20,EUR
KL202603301893,2026-03-30T07:45:00Z,FEE,PURCHASE_FEE_FIXED,2026-03-28T23:47:21Z,2026-03-28T23:47:21Z,2ae4b28d-e79a-4c52-4746-d20c45dff9d1,2AE4B28,b39e38d0-5644-5fb3-266b-30e1c819e8e4,#10123,,0.35,EUR
KL202603301893,2026-03-30T07:45:00Z,SALE,,2026-03-29T07:55:56Z,2026-03-29T07:55:56Z,9242b6c0-6195-9dce-c589-8dd233f3338b,9242B6C,4773475e-b299-eaf6-7a54-056dd361ee50,#10134,,96.00,EUR
KL202603301893,2026-03-30T07:45:00Z,FEE,PURCHASE_FEE_PERCENTAGE,2026-03-29T07:55:56Z,2026-03-29T07:55:56Z,9242b6c0-6195-9dce-c589-8dd233f3338b,9242B6C,4773475e-b299-eaf6-7a54-056dd361ee50,#10134,,2.87,EUR
KL202603301893,2026-03-30T07:45:00Z,FEE,PURCHASE_FEE_FIXED,2026-03-29T07:55:56Z,2026-03-29T07:55:56Z,9242b6c0-6195-9dce-c589-8dd233f3338b,9242B6C,4773475e-b299-eaf6-7a54-056dd361ee50,#10134,,0.35,EUR
KL202603301893,2026-03-30T07:45:00Z,SALE,,2026-03-29T08:18:57Z,2026-03-29T08:18:57Z,c3f0f020-1821-8221-6c99-9e829beb7e51,C3F0F02,e04fd93b-3748-a1e4-2240-0577846adafa,#10136,,267.95,EUR
KL202603301893,2026-03-30T07:45:00Z,FEE,PURCHASE_FEE_PERCENTAGE,2026-03-29T08:18:57Z,2026-03-29T08:18:57Z,c3f0f020-1821-8221-6c99-9e829beb7e51,C3F0F02,e04fd93b-3748-a1e4-2240-0577846adafa,#10136,,8.01,EUR
KL202603301893,2026-03-30T07:45:00Z,FEE,PURCHASE_FEE_FIXED,2026-03-29T08:18:57Z,2026-03-29T08:18:57Z,c3f0f020-1821-8221-6c99-9e829beb7e51,C3F0F02,e04fd93b-3748-a1e4-2240-0577846adafa,#10136,,0.35,EUR
KL202603301893,2026-03-30T07:45:00Z,SALE,,2026-03-29T10:55:55Z,2026-03-29T10:55:55Z,daac46b9-fd98-1e17-3d36-b24f0f66e948,DAAC46B,19c2e003-7b24-aa64-1cdd-112ef9f91f43,#10145,,99.00,EUR
KL202603301893,2026-03-30T07:45:00Z,FEE,PURCHASE_FEE_PERCENTAGE,2026-03-29T10:55:55Z,2026-03-29T10:55:55Z,daac46b9-fd98-1e17-3d36-b24f0f66e948,DAAC46B,19c2e003-7b24-aa64-1cdd-112ef9f91f43,#10145,,2.96,EUR
KL202603301893,2026-03-30T07:45:00Z,FEE,PURCHASE_FEE_FIXED,2026-03-29T10:55:55Z,2026-03-29T10:55:55Z,daac46b9-fd98-1e17-3d36-b24f0f66e948,DAAC46B,19c2e003-7b24-aa64-1cdd-112ef9f91f43,#10145,,0.35,EUR
KL202603301893,2026-03-30T07:45:00Z,SALE,,2026-03-29T14:13:24Z,2026-03-29T14:13:24Z,97f00671-1507-d808-a700-e1bba221f21e,97F0067,2251f544-43f5-ecf0-bac3-c6ceed77406e,#10168,,189.00,EUR
KL202603301893,2026-03-30T07:45:00Z,FEE,PURCHASE_FEE_PERCENTAGE,2026-03-29T14:13:24Z,2026-03-29T14:13:24Z,97f00671-1507-d808-a700-e1bba221f21e,97F0067,2251f544-43f5-ecf0-bac3-c6ceed77406e,#10168,,5.65,EUR
KL202603301893,2026-03-30T07:45:00Z,FEE,PURCHASE_FEE_FIXED,2026-03-29T14:13:24Z,2026-03-29T14:13:24Z,97f00671-1507-d808-a700-e1bba221f21e,97F0067,2251f544-43f5-ecf0-bac3-c6ceed77406e,#10168,,0.35,EUR
KL202603301893,2026-03-30T07:45:00Z,SALE,,2026-03-29T14:26:57Z,2026-03-29T14:26:57Z,a7a6cc72-0c05-383a-b5c5-73bb5c089464,A7A6CC7,17be775c-79ef-dfae-5e49-42dbccf2ecf0,#10170,,216.00,EUR
KL202603301893,2026-03-30T07:45:00Z,FEE,PURCHASE_FEE_PERCENTAGE,2026-03-29T14:26:57Z,2026-03-29T14:26:57Z,a7a6cc72-0c05-383a-b5c5-73bb5c089464,A7A6CC7,17be775c-79ef-dfae-5e49-42dbccf2ecf0,#10170,,6.46,EUR
KL202603301893,2026-03-30T07:45:00Z,FEE,PURCHASE_FEE_FIXED,2026-03-29T14:26:57Z,2026-03-29T14:26:57Z,a7a6cc72-0c05-383a-b5c5-73bb5c089464,A7A6CC7,17be775c-79ef-dfae-5e49-42dbccf2ecf0,#10170,,0.35,EUR
KL202603301893,2026-03-30T07:45:00Z,SALE,,2026-03-29T15:42:35Z,2026-03-29T15:42:35Z,1ecc1712-ef4d-3c39-acf4-d1375eb89c72,1ECC171,f80cf573-66f4-3c7e-3e89-57ba5177a647,#10179,,195.00,EUR
KL202603301893,2026-03-30T07:45:00Z,FEE,PURCHASE_FEE_PERCENTAGE,2026-03-29T15:42:35Z,2026-03-29T15:42:35Z,1ecc1712-ef4d-3c39-acf4-d1375eb89c72,1ECC171,f80cf573-66f4-3c7e-3e89-57ba5177a647,#10179,,5.83,EUR
KL202603301893,2026-03-30T07:45:00Z,FEE,PURCHASE_FEE_FIXED,2026-03-29T15:42:35Z,2026-03-29T15:42:35Z,1ecc1712-ef4d-3c39-acf4-d1375eb89c72,1ECC171,f80cf573-66f4-3c7e-3e89-57ba5177a647,#10179,,0.35,EUR
KL202603301893,2026-03-30T07:45:00Z,SALE,,2026-03-29T16:41:48Z,2026-03-29T16:41:48Z,a5d53ceb-96fd-345c-6bc4-b4b47e68ce80,A5D53CE,56a40cfe-91cf-5cf9-92fd-9fb7f8edc88d,#10189,,261.00,EUR
KL202603301893,2026-03-30T07:45:00Z,FEE,PURCHASE_FEE_PERCENTAGE,2026-03-29T16:41:48Z,2026-03-29T16:41:48Z,a5d53ceb-96fd-345c-6bc4-b4b47e68ce80,A5D53CE,56a40cfe-91cf-5cf9-92fd-9fb7f8edc88d,#10189,,7.80,EUR
KL202603301893,2026-03-30T07:45:00Z,FEE,PURCHASE_FEE_FIXED,2026-03-29T16:41:48Z,2026-03-29T16:41:48Z,a5d53ceb-96fd-345c-6bc4-b4b47e68ce80,A5D53CE,56a40cfe-91cf-5cf9-92fd-9fb7f8edc88d,#10189,,0.35,EUR
KL202603301893,2026-03-30T07:45:00Z,SALE,,2026-03-29T16:44:30Z,2026-03-29T16:44:30Z,1dd6ce2b-e374-46f8-adc9-7763d676183b,1DD6CE2,e00022bd-93f0-33ae-aa6c-bfff0eb3a1c1,#10192,,73.95,EUR
KL202603301893,2026-03-30T07:45:00Z,FEE,PURCHASE_FEE_PERCENTAGE,2026-03-29T16:44:30Z,2026-03-29T16:44:30Z,1dd6ce2b-e374-46f8-adc9-7763d676183b,1DD6CE2,e00022bd-93f0-33ae-aa6c-bfff0eb3a1c1,#10192,,2.21,EUR
KL202603301893,2026-03-30T07:45:00Z,FEE,PURCHASE_FEE_FIXED,2026-03-29T16:44:30Z,2026-03-29T16:44:30Z,1dd6ce2b-e374-46f8-adc9-7763d676183b,1DD6CE2,e00022bd-93f0-33ae-aa6c-bfff0eb3a1c1,#10192,,0.35,EUR
KL202603301893,2026-03-30T07:45:00Z,SALE,,2026-03-29T19:53:48Z,2026-03-29T19:53:48Z,9c156ea9-b746-7a61-fb3c-8af14cdd9ad4,9C156EA,3c3fdebc-cead-a8d8-15fc-a27167d41dd9,#10215,,41.95,EUR
KL202603301893,2026-03-30T07:45:00Z,FEE,PURCHASE_FEE_PERCENTAGE,2026-03-29T19:53:48Z,2026-03-29T19:53:48Z,9c156ea9-b746-7a61-fb3c-8af14cdd9ad4,9C156EA,3c3fdebc-cead-a8d8-15fc-a27167d41dd9,#10215,,1.25,EUR
KL202603301893,2026-03-30T07:45:00Z,FEE,PURCHASE_FEE_FIXED,2026-03-29T19:53:48Z,2026-03-29T19:53:48Z,9c156ea9-b746-7a61-fb3c-8af14cdd9ad4,9C156EA,3c3fdebc-cead-a8d8-15fc-a27167d41dd9,#10215,,0.35,EUR
KL202603301893,2026-03-30T07:45:00Z,SALE,,2026-03-29T20:01:34Z,2026-03-29T20:01:34Z,9e24d179-7ab0-7d5f-2d15-9ab40043061f,9E24D17,0c9a80b3-26fd-716a-a545-4cb4b3019ab1,#10216,,189.00,EUR
KL202603301893,2026-03-30T07:45:00Z,FEE,PURCHASE_FEE_PERCENTAGE,2026-03-29T20:01:34Z,2026-03-29T20:01:34Z,9e24d179-7ab0-7d5f-2d15-9ab40043061f,9E24D17,0c9a80b3-26fd-716a-a545-4cb4b3019ab1,#10216,,5.65,EUR
KL202603301893,2026-03-30T07:45:00Z,FEE,PURCHASE_FEE_FIXED,2026-03-29T20:01:34Z,2026-03-29T20:01:34Z,9e24d179-7ab0-7d5f-2d15-9ab40043061f,9E24D17,0c9a80b3-26fd-716a-a545-4cb4b3019ab1,#10216,,0.35,EUR
KL202603301893,2026-03-30T07:45:00Z,SALE,,2026-03-29T20:31:49Z,2026-03-29T20:31:49Z,5a384e83-43c1-3d68-61c9-717cd4289112,5A384E8,633f122c-1b1c-0ed5-3d7e-7b97e1dfa580,#10218,,150.00,EUR
KL202603301893,2026-03-30T07:45:00Z,FEE,PURCHASE_FEE_PERCENTAGE,2026-03-29T20:31:49Z,2026-03-29T20:31:49Z,5a384e83-43c1-3d68-61c9-717cd4289112,5A384E8,633f122c-1b1c-0ed5-3d7e-7b97e1dfa580,#10218,,4.49,EUR
KL202603301893,2026-03-30T07:45:00Z,FEE,PURCHASE_FEE_FIXED,2026-03-29T20:31:49Z,2026-03-29T20:31:49Z,5a384e83-43c1-3d68-61c9-717cd4289112,5A384E8,633f122c-1b1c-0ed5-3d7e-7b97e1dfa580,#10218,,0.35,EUR
KL202603301893,2026-03-30T07:45:00Z,SALE,,2026-03-29T21:12:58Z,2026-03-29T21:12:58Z,f20cdaa6-6453-1f61-75b2-64794a52803d,F20CDAA,4946f0dc-370c-e962-d575-e90fc0a4073c,#10222,,28.15,EUR
KL202603301893,2026-03-30T07:45:00Z,FEE,PURCHASE_FEE_PERCENTAGE,2026-03-29T21:12:58Z,2026-03-29T21:12:58Z,f20cdaa6-6453-1f61-75b2-64794a52803d,F20CDAA,4946f0dc-370c-e962-d575-e90fc0a4073c,#10222,,0.84,EUR
KL202603301893,2026-03-30T07:45:00Z,FEE,PURCHASE_FEE_FIXED,2026-03-29T21:12:58Z,2026-03-29T21:12:58Z,f20cdaa6-6453-1f61-75b2-64794a52803d,F20CDAA,4946f0dc-370c-e962-d575-e90fc0a4073c,#10222,,0.35,EUR
KL202603301893,2026-03-30T07:45:00Z,SALE,,2026-03-29T21:27:02Z,2026-03-29T21:27:02Z,e7859c5f-f388-6f49-10c9-40db8e1b1274,E7859C5,782c8c90-5115-4a4a-f9b8-f0b494a1774a,#10223,,362.00,EUR
KL202603301893,2026-03-30T07:45:00Z,FEE,PURCHASE_FEE_PERCENTAGE,2026-03-29T21:27:02Z,2026-03-29T21:27:02Z,e7859c5f-f388-6f49-10c9-40db8e1b1274,E7859C5,782c8c90-5115-4a4a-f9b8-f0b494a1774a,#10223,,10.82,EUR
KL202603301893,2026-03-30T07:45:00Z,FEE,PURCHASE_FEE_FIXED,2026-03-29T21:27:02Z,2026-03-29T21:27:02Z,e7859c5f-f388-6f49-10c9-40db8e1b1274,E7859C5,782c8c90-5115-4a4a-f9b8-f0b494a1774a,#10223,,0.35,EUR
