"Date","Time","TimeZone","Name","Type","Status","Currency","Gross","Fee","Net","From Email Address","To Email Address","Transaction ID","Reference Txn ID","Invoice Number","Balance","Balance Impact"
"01/03/2026","00:33:52","Europe/Berlin","Customer 73AEC","Express Checkout Payment","Completed","EUR","338.55","-8.78","329.77","buyer73aec@example.com","shop@nordlicht-outdoor.example","25D9C73AF73AEC","","7365","2169.99","Credit"
"01/03/2026","08:28:24","Europe/Berlin","Customer BF92F","Express Checkout Payment","Completed","EUR","286.00","-7.47","278.53","buyerbf92f@example.com","shop@nordlicht-outdoor.example","FA68DA665BF92F","","7376","2448.52","Credit"
"01/03/2026","09:44:38","Europe/Berlin","Customer FBDF3","Express Checkout Payment","Completed","EUR","230.95","-6.10","224.85","buyerfbdf3@example.com","shop@nordlicht-outdoor.example","D7C00F763FBDF3","","7382","2673.37","Credit"
"01/03/2026","10:22:09","Europe/Berlin","Customer CF307","Express Checkout Payment","Completed","EUR","724.00","-18.38","705.62","buyercf307@example.com","shop@nordlicht-outdoor.example","15FBA8C1A3CF307","","7387","3378.99","Credit"
"01/03/2026","11:26:12","Europe/Berlin","Customer 335DA","Express Checkout Payment","Completed","EUR","589.00","-15.02","573.98","buyer335da@example.com","shop@nordlicht-outdoor.example","7B7BCCD7D335DA","","7393","3952.97","Credit"
"01/03/2026","11:31:52","Europe/Berlin","Customer A1EC7","Express Checkout Payment","Completed","EUR","138.00","-3.79","134.21","buyera1ec7@example.com","shop@nordlicht-outdoor.example","125C9B5D35A1EC7","","7394","4087.18","Credit"
"01/03/2026","12:04:10","Europe/Berlin","Customer 6CB27","Express Checkout Payment","Completed","EUR","28.15","-1.05","27.10","buyer6cb27@example.com","shop@nordlicht-outdoor.example","3ED14740A6CB27","","7397","4114.28","Credit"
"01/03/2026","12:27:25","Europe/Berlin","Customer 46466","Express Checkout Payment","Completed","EUR","139.00","-3.81","135.19","buyer46466@example.com","shop@nordlicht-outdoor.example","11D4E2CA8A46466","","7398","4249.47","Credit"
"01/03/2026","12:31:06","Europe/Berlin","Customer 57B4B","Express Checkout Payment","Completed","EUR","570.00","-14.54","555.46","buyer57b4b@example.com","shop@nordlicht-outdoor.example","7527D51D357B4B","","7399","4804.93","Credit"
"01/03/2026","12:53:00","Europe/Berlin","Customer CFCAA","Express Checkout Payment","Completed","EUR","99.00","-2.82","96.18","buyercfcaa@example.com","shop@nordlicht-outdoor.example","F9533AB25CFCAA","","7400","4901.11","Credit"
"01/03/2026","13:52:24","Europe/Berlin","Customer 7F821","Express Checkout Payment","Completed","EUR","91.95","-2.64","89.31","buyer7f821@example.com","shop@nordlicht-outdoor.example","116F88815C7F821","","7403","4990.42","Credit"
"01/03/2026","15:14:21","Europe/Berlin","Customer 6BF6E","Express Checkout Payment","Completed","EUR","46.95","-1.52","45.43","buyer6bf6e@example.com","shop@nordlicht-outdoor.example","6855E9FF36BF6E","","7412","5035.85","Credit"
"01/03/2026","15:19:50","Europe/Berlin","Customer 9EA08","Express Checkout Payment","Completed","EUR","102.95","-2.91","100.04","buyer9ea08@example.com","shop@nordlicht-outdoor.example","1037C512D19EA08","","7413","5135.89","Credit"
"01/03/2026","15:38:55","Europe/Berlin","Customer 0110E","Express Checkout Payment","Completed","EUR","235.00","-6.20","228.80","buyer0110e@example.com","shop@nordlicht-outdoor.example","9007A69040110E","","7417","5364.69","Credit"
"01/03/2026","15:45:12","Europe/Berlin","Customer 3DE42","Express Checkout Payment","Completed","EUR","208.00","-5.53","202.47","buyer3de42@example.com","shop@nordlicht-outdoor.example","2AE6F172B3DE42","","7419","5567.16","Credit"
"01/03/2026","15:48:25","Europe/Berlin","Customer 4CBF3","Express Checkout Payment","Completed","EUR","99.00","-2.82","96.18","buyer4cbf3@example.com","shop@nordlicht-outdoor.example","15AEBD1D444CBF3","","7421","5663.34","Credit"
"01/03/2026","16:29:11","Europe/Berlin","Customer 0E944","Express Checkout Payment","Completed","EUR","68.95","-2.07","66.88","buyer0e944@example.com","shop@nordlicht-outdoor.example","160E51C60F0E944","","7426","5730.22","Credit"
"01/03/2026","18:14:48","Europe/Berlin","Customer ACE42","Express Checkout Payment","Completed","EUR","239.95","-6.32","233.63","buyerace42@example.com","shop@nordlicht-outdoor.example","26AA063D3ACE42","","7435","5963.85","Credit"
"01/03/2026","18:41:13","Europe/Berlin","Customer 9F420","Express Checkout Payment","Completed","EUR","218.00","-5.78","212.22","buyer9f420@example.com","shop@nordlicht-outdoor.example","43E772D519F420","","7439","6176.07","Credit"
"01/03/2026","19:00:47","Europe/Berlin","Customer AF334","Express Checkout Payment","Completed","EUR","72.95","-2.17","70.78","buyeraf334@example.com","shop@nordlicht-outdoor.example","4093C4E06AF334","","7441","6246.85","Credit"
"01/03/2026","20:11:54","Europe/Berlin","Customer BFC0B","Express Checkout Payment","Completed","EUR","28.95","-1.07","27.88","buyerbfc0b@example.com","shop@nordlicht-outdoor.example","7924A30A4BFC0B","","7453","6274.73","Credit"
"01/03/2026","20:28:01","Europe/Berlin","Customer BDBAA","Express Checkout Payment","Completed","EUR","249.95","-6.57","243.38","buyerbdbaa@example.com","shop@nordlicht-outdoor.example","99EC42BACBDBAA","","7457","6518.11","Credit"
"01/03/2026","20:37:51","Europe/Berlin","Customer F24EC","Express Checkout Payment","Completed","EUR","407.00","-10.48","396.52","buyerf24ec@example.com","shop@nordlicht-outdoor.example","E1B4F2EADF24EC","","7461","6914.63","Credit"
"01/03/2026","20:55:24","Europe/Berlin","Customer B27B2","Express Checkout Payment","Completed","EUR","112.00","-3.14","108.86","buyerb27b2@example.com","shop@nordlicht-outdoor.example","1513743B4CB27B2","","7468","7023.49","Credit"
"01/03/2026","20:58:20","Europe/Berlin","Customer 4AB1F","Express Checkout Payment","Completed","EUR","35.35","-1.23","34.12","buyer4ab1f@example.com","shop@nordlicht-outdoor.example","3FC99AC574AB1F","","7469","7057.61","Credit"
"01/03/2026","21:27:20","Europe/Berlin","Customer AD0BB","Express Checkout Payment","Completed","EUR","216.00","-5.73","210.27","buyerad0bb@example.com","shop@nordlicht-outdoor.example","622F99D43AD0BB","","7474","7267.88","Credit"
"01/03/2026","21:38:55","Europe/Berlin","Customer 56B93","Express Checkout Payment","Completed","EUR","643.00","-16.36","626.64","buyer56b93@example.com","shop@nordlicht-outdoor.example","12365BD5B456B93","","7476","7894.52","Credit"
"01/03/2026","22:16:46","Europe/Berlin","Customer 68FAB","Express Checkout Payment","Completed","EUR","66.95","-2.02","64.93","buyer68fab@example.com","shop@nordlicht-outdoor.example","2CDF4EC6768FAB","","7482","7959.45","Credit"
"02/03/2026","02:19:35","Europe/Berlin","Customer 7EF1F","Express Checkout Payment","Completed","EUR","183.00","-4.91","178.09","buyer7ef1f@example.com","shop@nordlicht-outdoor.example","5BE29F67D7EF1F","","7492","8137.54","Credit"
"02/03/2026","08:44:10","Europe/Berlin","Customer EB9B6","Express Checkout Payment","Completed","EUR","83.00","-2.42","80.58","buyereb9b6@example.com","shop@nordlicht-outdoor.example","EA312C328EB9B6","","7499","8218.12","Credit"
"02/03/2026","12:31:24","Europe/Berlin","Customer 509A5","Express Checkout Payment","Completed","EUR","306.00","-7.97","298.03","buyer509a5@example.com","shop@nordlicht-outdoor.example","1197AB311D509A5","","7505","8516.15","Credit"
"02/03/2026","14:42:27","Europe/Berlin","Customer DA069","Express Checkout Payment","Completed","EUR","73.95","-2.19","71.76","buyerda069@example.com","shop@nordlicht-outdoor.example","5B620CDF8DA069","","7510","8587.91","Credit"
"02/03/2026","15:55:39","Europe/Berlin","Customer D45DD","Express Checkout Payment","Completed","EUR","58.95","-1.82","57.13","buyerd45dd@example.com","shop@nordlicht-outdoor.example","8D9E07D13D45DD","","7516","8645.04","Credit"
"02/03/2026","16:04:24","Europe/Berlin","Customer 4756A","Express Checkout Payment","Completed","EUR","38.95","-1.32","37.63","buyer4756a@example.com","shop@nordlicht-outdoor.example","13BFB7361D4756A","","7518","8682.67","Credit"
"02/03/2026","16:52:31","Europe/Berlin","Customer 9227C","Express Checkout Payment","Completed","EUR","31.95","-1.15","30.80","buyer9227c@example.com","shop@nordlicht-outdoor.example","52965C8859227C","","7521","8713.47","Credit"
"02/03/2026","20:01:54","Europe/Berlin","Customer 324E0","Express Checkout Payment","Completed","EUR","118.00","-3.29","114.71","buyer324e0@example.com","shop@nordlicht-outdoor.example","14924C52AD324E0","","7536","8828.18","Credit"
"02/03/2026","20:18:51","Europe/Berlin","Customer D6B8C","Express Checkout Payment","Completed","EUR","60.65","-1.86","58.79","buyerd6b8c@example.com","shop@nordlicht-outdoor.example","4EAF5A293D6B8C","","7538","8886.97","Credit"
"02/03/2026","20:25:39","Europe/Berlin","Customer AA37A","Express Checkout Payment","Completed","EUR","33.95","-1.20","32.75","buyeraa37a@example.com","shop@nordlicht-outdoor.example","115B90AB86AA37A","","7539","8919.72","Credit"
"02/03/2026","22:47:14","Europe/Berlin","Customer F49F5","Express Checkout Payment","Completed","EUR","23.95","-0.95","23.00","buyerf49f5@example.com","shop@nordlicht-outdoor.example","D06EE2BF0F49F5","","7547","8942.72","Credit"
"03/03/2026","09:10:20","Europe/Berlin","Customer CBFC2","Express Checkout Payment","Completed","EUR","351.00","-9.09","341.91","buyercbfc2@example.com","shop@nordlicht-outdoor.example","24D5A5CF8CBFC2","","7556","9284.63","Credit"
"03/03/2026","09:18:31","Europe/Berlin","Customer 5595E","Express Checkout Payment","Completed","EUR","89.00","-2.57","86.43","buyer5595e@example.com","shop@nordlicht-outdoor.example","77F008A595595E","","7557","9371.06","Credit"
"03/03/2026","09:19:19","Europe/Berlin","Customer 5BB92","Express Checkout Payment","Completed","EUR","131.95","-3.64","128.31","buyer5bb92@example.com","shop@nordlicht-outdoor.example","6B08808C75BB92","","7558","9499.37","Credit"
"03/03/2026","10:12:15","Europe/Berlin","Customer 51BBB","Express Checkout Payment","Completed","EUR","222.00","-5.88","216.12","buyer51bbb@example.com","shop@nordlicht-outdoor.example","39F6FCE8751BBB","","7562","9715.49","Credit"
"03/03/2026","10:19:55","Europe/Berlin","Customer 0E95A","Express Checkout Payment","Completed","EUR","98.00","-2.79","95.21","buyer0e95a@example.com","shop@nordlicht-outdoor.example","11E696A55C0E95A","","7563","9810.70","Credit"
"03/03/2026","12:02:50","Europe/Berlin","Customer F55BA","Express Checkout Payment","Completed","EUR","339.30","-8.80","330.50","buyerf55ba@example.com","shop@nordlicht-outdoor.example","14F3ABDA69F55BA","","7572","10141.20","Credit"
"03/03/2026","12:18:54","Europe/Berlin","Customer 61460","Express Checkout Payment","Completed","EUR","37.25","-1.28","35.97","buyer61460@example.com","shop@nordlicht-outdoor.example","C64863D6261460","","7573","10177.17","Credit"
"03/03/2026","12:58:58","Europe/Berlin","Customer A2563","Express Checkout Payment","Completed","EUR","50.55","-1.61","48.94","buyera2563@example.com","shop@nordlicht-outdoor.example","B78102ABAA2563","","7575","10226.11","Credit"
"03/03/2026","13:20:49","Europe/Berlin","Customer 6AAFA","Express Checkout Payment","Completed","EUR","32.15","-1.15","31.00","buyer6aafa@example.com","shop@nordlicht-outdoor.example","13407BD17D6AAFA","","7577","10257.11","Credit"
"03/03/2026","13:31:22","Europe/Berlin","Customer 8BBF3","Express Checkout Payment","Completed","EUR","664.00","-16.88","647.12","buyer8bbf3@example.com","shop@nordlicht-outdoor.example","FD0A263A98BBF3","","7578","10904.23","Credit"
"03/03/2026","15:23:48","Europe/Berlin","Customer 84AEB","Express Checkout Payment","Completed","EUR","121.95","-3.39","118.56","buyer84aeb@example.com","shop@nordlicht-outdoor.example","14E1846AD784AEB","","7586","11022.79","Credit"
"03/03/2026","15:35:18","Europe/Berlin","Customer CAA5D","Express Checkout Payment","Completed","EUR","557.00","-14.22","542.78","buyercaa5d@example.com","shop@nordlicht-outdoor.example","2FD39425ACAA5D","","7588","11565.57","Credit"
"03/03/2026","15:44:36","Europe/Berlin","Customer 3502D","Express Checkout Payment","Completed","EUR","78.00","-2.29","75.71","buyer3502d@example.com","shop@nordlicht-outdoor.example","61DBA88FE3502D","","7589","11641.28","Credit"
"03/03/2026","15:57:56","Europe/Berlin","Customer 298D8","Express Checkout Payment","Completed","EUR","398.00","-10.26","387.74","buyer298d8@example.com","shop@nordlicht-outdoor.example","DA5B103BB298D8","","7590","12029.02","Credit"
"03/03/2026","16:30:02","Europe/Berlin","Customer 81541","Express Checkout Payment","Completed","EUR","23.95","-0.95","23.00","buyer81541@example.com","shop@nordlicht-outdoor.example","106B5583EE81541","","7595","12052.02","Credit"
"03/03/2026","17:47:13","Europe/Berlin","Customer 05372","Express Checkout Payment","Completed","EUR","128.00","-3.54","124.46","buyer05372@example.com","shop@nordlicht-outdoor.example","E0166F0A605372","","7601","12176.48","Credit"
"03/03/2026","18:44:30","Europe/Berlin","Customer F382B","Express Checkout Payment","Completed","EUR","31.05","-1.12","29.93","buyerf382b@example.com","shop@nordlicht-outdoor.example","408D55FB5F382B","","7605","12206.41","Credit"
"03/03/2026","19:21:35","Europe/Berlin","Customer 181CC","Express Checkout Payment","Completed","EUR","29.95","-1.10","28.85","buyer181cc@example.com","shop@nordlicht-outdoor.example","117AA4493C181CC","","7609","12235.26","Credit"
"03/03/2026","19:28:57","Europe/Berlin","Customer 13129","Express Checkout Payment","Completed","EUR","182.00","-4.88","177.12","buyer13129@example.com","shop@nordlicht-outdoor.example","DA92B02F013129","","7610","12412.38","Credit"
"03/03/2026","19:47:56","Europe/Berlin","Customer AD0BD","Express Checkout Payment","Completed","EUR","497.00","-12.73","484.27","buyerad0bd@example.com","shop@nordlicht-outdoor.example","9AAEE3A66AD0BD","","7612","12896.65","Credit"
"03/03/2026","19:51:02","Europe/Berlin","Customer C69C3","Express Checkout Payment","Completed","EUR","70.95","-2.12","68.83","buyerc69c3@example.com","shop@nordlicht-outdoor.example","BDB506832C69C3","","7613","12965.48","Credit"
"03/03/2026","20:23:35","Europe/Berlin","Customer 81F25","Express Checkout Payment","Completed","EUR","102.00","-2.89","99.11","buyer81f25@example.com","shop@nordlicht-outdoor.example","7B808CBE781F25","","7617","13064.59","Credit"
"03/03/2026","21:22:40","Europe/Berlin","Customer 1ADDD","Express Checkout Payment","Completed","EUR","189.00","-5.06","183.94","buyer1addd@example.com","shop@nordlicht-outdoor.example","CD9A69FC51ADDD","","7623","13248.53","Credit"
"03/03/2026","22:55:03","Europe/Berlin","Customer 04610","Express Checkout Payment","Completed","EUR","256.00","-6.72","249.28","buyer04610@example.com","shop@nordlicht-outdoor.example","A683084F304610","","7628","13497.81","Credit"
"03/03/2026","23:15:20","Europe/Berlin","Customer 5DECA","Express Checkout Payment","Completed","EUR","214.00","-5.68","208.32","buyer5deca@example.com","shop@nordlicht-outdoor.example","AF105E2AC5DECA","","7629","13706.13","Credit"
"04/03/2026","01:52:01","Europe/Berlin","Customer 67090","Express Checkout Payment","Completed","EUR","291.95","-7.62","284.33","buyer67090@example.com","shop@nordlicht-outdoor.example","2BDC185D367090","","7632","13990.46","Credit"
"04/03/2026","04:42:01","Europe/Berlin","Customer 9D13F","Express Checkout Payment","Completed","EUR","33.95","-1.20","32.75","buyer9d13f@example.com","shop@nordlicht-outdoor.example","9CE04BB709D13F","","7634","14023.21","Credit"
"04/03/2026","09:23:36","Europe/Berlin","Customer B06CF","Express Checkout Payment","Completed","EUR","213.00","-5.65","207.35","buyerb06cf@example.com","shop@nordlicht-outdoor.example","136D78D991B06CF","","7642","14230.56","Credit"
"04/03/2026","10:43:06","Europe/Berlin","Customer 440F4","Express Checkout Payment","Completed","EUR","548.00","-14.00","534.00","buyer440f4@example.com","shop@nordlicht-outdoor.example","7C385C9F2440F4","","7644","14764.56","Credit"
"04/03/2026","10:51:08","Europe/Berlin","Customer D2BEE","Express Checkout Payment","Completed","EUR","396.95","-10.23","386.72","buyerd2bee@example.com","shop@nordlicht-outdoor.example","722766C6AD2BEE","","7645","15151.28","Credit"
"04/03/2026","12:12:33","Europe/Berlin","Customer 61A30","Express Checkout Payment","Completed","EUR","38.95","-1.32","37.63","buyer61a30@example.com","shop@nordlicht-outdoor.example","32F2C2B2261A30","","7651","15188.91","Credit"
"04/03/2026","13:24:41","Europe/Berlin","Customer 71D6D","Express Checkout Payment","Completed","EUR","95.20","-2.72","92.48","buyer71d6d@example.com","shop@nordlicht-outdoor.example","C79C3492471D6D","","7662","15281.39","Credit"
"04/03/2026","13:35:54","Europe/Berlin","Customer 8F66C","Express Checkout Payment","Completed","EUR","329.00","-8.54","320.46","buyer8f66c@example.com","shop@nordlicht-outdoor.example","725B170F68F66C","","7664","15601.85","Credit"
"04/03/2026","14:44:14","Europe/Berlin","Customer 6B37E","Express Checkout Payment","Completed","EUR","23.95","-0.95","23.00","buyer6b37e@example.com","shop@nordlicht-outdoor.example","11B7F1577A6B37E","","7669","15624.85","Credit"
"04/03/2026","15:27:46","Europe/Berlin","Customer 4F9DA","Express Checkout Payment","Completed","EUR","809.10","-20.50","788.60","buyer4f9da@example.com","shop@nordlicht-outdoor.example","26EB3AC834F9DA","","7674","16413.45","Credit"
"04/03/2026","15:30:37","Europe/Berlin","Customer 04E97","Payment Refund","Completed","EUR","-34.00","0.87","-33.13","shop@nordlicht-outdoor.example","","3E4186B4804E97","7527D51D357B4B","7399","16380.32","Debit"
"04/03/2026","16:03:41","Europe/Berlin","Customer D01D3","Express Checkout Payment","Completed","EUR","165.95","-4.48","161.47","buyerd01d3@example.com","shop@nordlicht-outdoor.example","C423DC064D01D3","","7676","16541.79","Credit"
"04/03/2026","18:51:32","Europe/Berlin","Customer B26D3","Express Checkout Payment","Completed","EUR","73.95","-2.19","71.76","buyerb26d3@example.com","shop@nordlicht-outdoor.example","EC4C5FD5FB26D3","","7691","16613.55","Credit"
"04/03/2026","19:04:02","Europe/Berlin","Customer 1CECF","Express Checkout Payment","Completed","EUR","178.00","-4.78","173.22","buyer1cecf@example.com","shop@nordlicht-outdoor.example","EBB772BE81CECF","","7692","16786.77","Credit"
"04/03/2026","19:36:33","Europe/Berlin","Customer 72D83","Express Checkout Payment","Completed","EUR","578.00","-14.74","563.26","buyer72d83@example.com","shop@nordlicht-outdoor.example","1192BE64A672D83","","7693","17350.03","Credit"
"04/03/2026","20:22:48","Europe/Berlin","Customer 742E6","Express Checkout Payment","Completed","EUR","189.00","-5.06","183.94","buyer742e6@example.com","shop@nordlicht-outdoor.example","CD1B38A47742E6","","7696","17533.97","Credit"
"04/03/2026","20:42:38","Europe/Berlin","Customer 4C6C0","Express Checkout Payment","Completed","EUR","362.00","-9.36","352.64","buyer4c6c0@example.com","shop@nordlicht-outdoor.example","B674FDCFD4C6C0","","7698","17886.61","Credit"
"04/03/2026","23:22:15","Europe/Berlin","Customer 280D1","Express Checkout Payment","Completed","EUR","53.95","-1.69","52.26","buyer280d1@example.com","shop@nordlicht-outdoor.example","A23314084280D1","","7708","17938.87","Credit"
"04/03/2026","23:25:05","Europe/Berlin","Customer 58FE0","Express Checkout Payment","Completed","EUR","38.95","-1.32","37.63","buyer58fe0@example.com","shop@nordlicht-outdoor.example","E966324C558FE0","","7709","17976.50","Credit"
"04/03/2026","23:32:08","Europe/Berlin","Customer 89C94","Express Checkout Payment","Completed","EUR","324.95","-8.44","316.51","buyer89c94@example.com","shop@nordlicht-outdoor.example","40AC3085689C94","","7710","18293.01","Credit"
"05/03/2026","00:24:11","Europe/Berlin","Customer 28B81","Express Checkout Payment","Completed","EUR","139.00","-3.81","135.19","buyer28b81@example.com","shop@nordlicht-outdoor.example","13B159607E28B81","","7711","18428.20","Credit"
"05/03/2026","08:38:57","Europe/Berlin","Customer 1AEDB","Express Checkout Payment","Completed","EUR","41.95","-1.39","40.56","buyer1aedb@example.com","shop@nordlicht-outdoor.example","97331B9491AEDB","","7726","18468.76","Credit"
"05/03/2026","09:30:07","Europe/Berlin","Customer 6F0CF","Express Checkout Payment","Completed","EUR","45.45","-1.48","43.97","buyer6f0cf@example.com","shop@nordlicht-outdoor.example","1388D805716F0CF","","7729","18512.73","Credit"
"05/03/2026","11:51:14","Europe/Berlin","Customer 72CA9","Express Checkout Payment","Completed","EUR","121.95","-3.39","118.56","buyer72ca9@example.com","shop@nordlicht-outdoor.example","15EB113FB372CA9","","7735","18631.29","Credit"
"05/03/2026","12:14:50","Europe/Berlin","Customer 9AC30","Express Checkout Payment","Completed","EUR","33.95","-1.20","32.75","buyer9ac30@example.com","shop@nordlicht-outdoor.example","FB7C9A00C9AC30","","7738","18664.04","Credit"
"05/03/2026","13:03:45","Europe/Berlin","Customer 367DD","Express Checkout Payment","Completed","EUR","73.95","-2.19","71.76","buyer367dd@example.com","shop@nordlicht-outdoor.example","CA9A187EE367DD","","7743","18735.80","Credit"
"05/03/2026","13:06:33","Europe/Berlin","Customer E62DF","Express Checkout Payment","Completed","EUR","23.95","-0.95","23.00","buyere62df@example.com","shop@nordlicht-outdoor.example","158B4A3EDFE62DF","","7744","18758.80","Credit"
"05/03/2026","14:58:16","Europe/Berlin","Customer 14A6D","Express Checkout Payment","Completed","EUR","435.00","-11.18","423.82","buyer14a6d@example.com","shop@nordlicht-outdoor.example","121435A45714A6D","","7750","19182.62","Credit"
"05/03/2026","15:16:18","Europe/Berlin","Customer F51B6","Express Checkout Payment","Completed","EUR","249.00","-6.55","242.45","buyerf51b6@example.com","shop@nordlicht-outdoor.example","7BF9E59C2F51B6","","7751","19425.07","Credit"
"05/03/2026","15:26:26","Europe/Berlin","Customer 62425","Express Checkout Payment","Completed","EUR","247.00","-6.50","240.50","buyer62425@example.com","shop@nordlicht-outdoor.example","FD254A59F62425","","7753","19665.57","Credit"
"05/03/2026","17:35:26","Europe/Berlin","Customer D81AD","Express Checkout Payment","Completed","EUR","151.20","-4.11","147.09","buyerd81ad@example.com","shop@nordlicht-outdoor.example","1094796342D81AD","","7767","19812.66","Credit"
"05/03/2026","19:09:45","Europe/Berlin","Customer 77F7B","Express Checkout Payment","Completed","EUR","50.95","-1.62","49.33","buyer77f7b@example.com","shop@nordlicht-outdoor.example","138374E8D577F7B","","7773","19861.99","Credit"
"05/03/2026","19:14:47","Europe/Berlin","Customer A678A","Express Checkout Payment","Completed","EUR","278.00","-7.27","270.73","buyera678a@example.com","shop@nordlicht-outdoor.example","E7F11501EA678A","","7775","20132.72","Credit"
"05/03/2026","20:13:44","Europe/Berlin","Customer D2E09","Express Checkout Payment","Completed","EUR","122.40","-3.40","119.00","buyerd2e09@example.com","shop@nordlicht-outdoor.example","90FF453F5D2E09","","7777","20251.72","Credit"
"05/03/2026","20:14:16","Europe/Berlin","Customer 4C030","Express Checkout Payment","Completed","EUR","88.00","-2.54","85.46","buyer4c030@example.com","shop@nordlicht-outdoor.example","7CC5AACA04C030","","7778","20337.18","Credit"
"05/03/2026","20:57:08","Europe/Berlin","Customer 73C9C","Express Checkout Payment","Completed","EUR","38.95","-1.32","37.63","buyer73c9c@example.com","shop@nordlicht-outdoor.example","104A4A4BC173C9C","","7781","20374.81","Credit"
"05/03/2026","23:59:43","Europe/Berlin","Customer 0D965","Express Checkout Payment","Completed","EUR","106.00","-2.99","103.01","buyer0d965@example.com","shop@nordlicht-outdoor.example","12CB4C72CF0D965","","7794","20477.82","Credit"
"06/03/2026","07:42:26","Europe/Berlin","Customer 45103","Express Checkout Payment","Completed","EUR","146.70","-4.00","142.70","buyer45103@example.com","shop@nordlicht-outdoor.example","D6393CD5D45103","","7797","20620.52","Credit"
"06/03/2026","08:57:47","Europe/Berlin","Customer 8BD1D","Express Checkout Payment","Completed","EUR","38.95","-1.32","37.63","buyer8bd1d@example.com","shop@nordlicht-outdoor.example","78725CCDD8BD1D","","7802","20658.15","Credit"
"06/03/2026","09:00:00","Europe/Berlin","Bank Account","General Withdrawal","Completed","EUR","-20158.15","0.00","-20158.15","shop@nordlicht-outdoor.example","","WD5735975064666","","","500.00","Debit"
"06/03/2026","09:08:40","Europe/Berlin","Customer 1574B","Express Checkout Payment","Completed","EUR","42.95","-1.42","41.53","buyer1574b@example.com","shop@nordlicht-outdoor.example","10F9E555E61574B","","7804","541.53","Credit"
"06/03/2026","09:42:32","Europe/Berlin","Customer 58C5D","Express Checkout Payment","Completed","EUR","49.95","-1.59","48.36","buyer58c5d@example.com","shop@nordlicht-outdoor.example","11D425659558C5D","","7805","589.89","Credit"
"06/03/2026","12:06:57","Europe/Berlin","Customer 6EE6C","Express Checkout Payment","Completed","EUR","99.00","-2.82","96.18","buyer6ee6c@example.com","shop@nordlicht-outdoor.example","11D99C47156EE6C","","7810","686.07","Credit"
"06/03/2026","12:36:05","Europe/Berlin","Customer F3894","Express Checkout Payment","Completed","EUR","207.00","-5.50","201.50","buyerf3894@example.com","shop@nordlicht-outdoor.example","9C0D5DA84F3894","","7813","887.57","Credit"
"06/03/2026","12:44:50","Europe/Berlin","Customer 91049","Express Checkout Payment","Completed","EUR","68.95","-2.07","66.88","buyer91049@example.com","shop@nordlicht-outdoor.example","12D046A2E391049","","7814","954.45","Credit"
"06/03/2026","14:29:04","Europe/Berlin","Customer 76103","Express Checkout Payment","Completed","EUR","68.95","-2.07","66.88","buyer76103@example.com","shop@nordlicht-outdoor.example","F5C82DE6C76103","","7820","1021.33","Credit"
"06/03/2026","15:18:22","Europe/Berlin","Customer F971D","Express Checkout Payment","Completed","EUR","33.95","-1.20","32.75","buyerf971d@example.com","shop@nordlicht-outdoor.example","86A1DA2C0F971D","","7824","1054.08","Credit"
"06/03/2026","15:32:48","Europe/Berlin","Customer 3F74B","Express Checkout Payment","Completed","EUR","103.95","-2.94","101.01","buyer3f74b@example.com","shop@nordlicht-outdoor.example","84526550E3F74B","","7827","1155.09","Credit"
"06/03/2026","16:10:06","Europe/Berlin","Customer 666F2","Payment Refund","Completed","EUR","-249.00","6.45","-242.55","shop@nordlicht-outdoor.example","","D8DA96A1D666F2","24D5A5CF8CBFC2","7556","912.54","Debit"
"06/03/2026","16:21:05","Europe/Berlin","Customer 901D8","Express Checkout Payment","Completed","EUR","108.00","-3.04","104.96","buyer901d8@example.com","shop@nordlicht-outdoor.example","105AAD1133901D8","","7830","1017.50","Credit"
"06/03/2026","17:35:35","Europe/Berlin","Customer FE5D9","Express Checkout Payment","Completed","EUR","532.00","-13.60","518.40","buyerfe5d9@example.com","shop@nordlicht-outdoor.example","6D4B054FAFE5D9","","7834","1535.90","Credit"
"06/03/2026","18:15:00","Europe/Berlin","Customer D42AF","Express Checkout Payment","Completed","EUR","109.00","-3.06","105.94","buyerd42af@example.com","shop@nordlicht-outdoor.example","2FC22F693D42AF","","7837","1641.84","Credit"
"06/03/2026","19:19:09","Europe/Berlin","Customer 8CDAD","Express Checkout Payment","Completed","EUR","197.00","-5.26","191.74","buyer8cdad@example.com","shop@nordlicht-outdoor.example","10D17C9A858CDAD","","7844","1833.58","Credit"
"06/03/2026","20:13:19","Europe/Berlin","Customer 86ABD","Express Checkout Payment","Completed","EUR","556.00","-14.19","541.81","buyer86abd@example.com","shop@nordlicht-outdoor.example","D4CC9E02B86ABD","","7848","2375.39","Credit"
"06/03/2026","20:49:24","Europe/Berlin","Customer 7345D","Express Checkout Payment","Completed","EUR","73.95","-2.19","71.76","buyer7345d@example.com","shop@nordlicht-outdoor.example","8E18EEE5E7345D","","7851","2447.15","Credit"
"06/03/2026","21:41:03","Europe/Berlin","Customer 91168","Express Checkout Payment","Completed","EUR","279.00","-7.30","271.70","buyer91168@example.com","shop@nordlicht-outdoor.example","3617EDC9691168","","7855","2718.85","Credit"
"06/03/2026","22:28:19","Europe/Berlin","Customer 5F54C","Express Checkout Payment","Completed","EUR","31.95","-1.15","30.80","buyer5f54c@example.com","shop@nordlicht-outdoor.example","13C8A85B535F54C","","7860","2749.65","Credit"
"07/03/2026","03:19:22","Europe/Berlin","Customer 43EE4","Express Checkout Payment","Completed","EUR","67.95","-2.04","65.91","buyer43ee4@example.com","shop@nordlicht-outdoor.example","7917313D143EE4","","7867","2815.56","Credit"
"07/03/2026","05:13:23","Europe/Berlin","Customer C6192","Express Checkout Payment","Completed","EUR","252.00","-6.62","245.38","buyerc6192@example.com","shop@nordlicht-outdoor.example","138ABBE8E5C6192","","7870","3060.94","Credit"
"07/03/2026","06:18:16","Europe/Berlin","Customer 30653","Express Checkout Payment","Completed","EUR","242.00","-6.38","235.62","buyer30653@example.com","shop@nordlicht-outdoor.example","1415EECB2B30653","","7871","3296.56","Credit"
"07/03/2026","07:15:11","Europe/Berlin","Customer FBFDE","Express Checkout Payment","Completed","EUR","24.15","-0.95","23.20","buyerfbfde@example.com","shop@nordlicht-outdoor.example","11F05F642BFBFDE","","7872","3319.76","Credit"
"07/03/2026","09:17:30","Europe/Berlin","Customer 038A2","Express Checkout Payment","Completed","EUR","33.95","-1.20","32.75","buyer038a2@example.com","shop@nordlicht-outdoor.example","102AFC159D038A2","","7879","3352.51","Credit"
"07/03/2026","09:31:36","Europe/Berlin","Customer 267FE","Express Checkout Payment","Completed","EUR","33.95","-1.20","32.75","buyer267fe@example.com","shop@nordlicht-outdoor.example","9D11A852F267FE","","7881","3385.26","Credit"
"07/03/2026","11:29:09","Europe/Berlin","Customer D1B04","Express Checkout Payment","Completed","EUR","250.95","-6.60","244.35","buyerd1b04@example.com","shop@nordlicht-outdoor.example","3FFF576C3D1B04","","7893","3629.61","Credit"
"07/03/2026","12:56:57","Europe/Berlin","Customer DE698","Express Checkout Payment","Completed","EUR","33.95","-1.20","32.75","buyerde698@example.com","shop@nordlicht-outdoor.example","1325337F7EDE698","","7900","3662.36","Credit"
"07/03/2026","13:52:01","Europe/Berlin","Customer F25A9","Express Checkout Payment","Completed","EUR","89.00","-2.57","86.43","buyerf25a9@example.com","shop@nordlicht-outdoor.example","78FA875EBF25A9","","7911","3748.79","Credit"
"07/03/2026","13:54:55","Europe/Berlin","Customer 1C295","Express Checkout Payment","Completed","EUR","188.00","-5.03","182.97","buyer1c295@example.com","shop@nordlicht-outdoor.example","BACF393B81C295","","7913","3931.76","Credit"
"07/03/2026","14:08:02","Europe/Berlin","Customer 17549","Express Checkout Payment","Completed","EUR","226.00","-5.98","220.02","buyer17549@example.com","shop@nordlicht-outdoor.example","50FC47E7D17549","","7915","4151.78","Credit"
"07/03/2026","14:12:41","Europe/Berlin","Customer D2D77","Express Checkout Payment","Completed","EUR","52.95","-1.67","51.28","buyerd2d77@example.com","shop@nordlicht-outdoor.example","1393EBB31AD2D77","","7917","4203.06","Credit"
"07/03/2026","14:34:55","Europe/Berlin","Customer 3B162","Express Checkout Payment","Completed","EUR","498.00","-12.75","485.25","buyer3b162@example.com","shop@nordlicht-outdoor.example","13FE1733483B162","","7920","4688.31","Credit"
"07/03/2026","14:41:30","Europe/Berlin","Customer 9FCEE","Express Checkout Payment","Completed","EUR","106.00","-2.99","103.01","buyer9fcee@example.com","shop@nordlicht-outdoor.example","138F54CD5C9FCEE","","7921","4791.32","Credit"
"07/03/2026","14:53:50","Europe/Berlin","Customer 3B331","Express Checkout Payment","Completed","EUR","119.00","-3.31","115.69","buyer3b331@example.com","shop@nordlicht-outdoor.example","1166E8C2213B331","","7924","4907.01","Credit"
"07/03/2026","14:57:30","Europe/Berlin","Customer 330D0","Express Checkout Payment","Completed","EUR","38.95","-1.32","37.63","buyer330d0@example.com","shop@nordlicht-outdoor.example","FF7A6EE65330D0","","7925","4944.64","Credit"
"07/03/2026","16:19:44","Europe/Berlin","Customer 113D1","Express Checkout Payment","Completed","EUR","119.00","-3.31","115.69","buyer113d1@example.com","shop@nordlicht-outdoor.example","A46375577113D1","","7931","5060.33","Credit"
"07/03/2026","16:27:22","Europe/Berlin","Customer 2B1AC","Express Checkout Payment","Completed","EUR","340.20","-8.82","331.38","buyer2b1ac@example.com","shop@nordlicht-outdoor.example","1257A5E96E2B1AC","","7932","5391.71","Credit"
"07/03/2026","17:05:32","Europe/Berlin","Customer AC0C7","Express Checkout Payment","Completed","EUR","76.00","-2.24","73.76","buyerac0c7@example.com","shop@nordlicht-outdoor.example","131EE60067AC0C7","","7937","5465.47","Credit"
"07/03/2026","17:12:30","Europe/Berlin","Customer 9B47A","Express Checkout Payment","Completed","EUR","99.00","-2.82","96.18","buyer9b47a@example.com","shop@nordlicht-outdoor.example","A88B351B69B47A","","7939","5561.65","Credit"
"07/03/2026","17:31:28","Europe/Berlin","Customer 4591A","Express Checkout Payment","Completed","EUR","283.00","-7.40","275.60","buyer4591a@example.com","shop@nordlicht-outdoor.example","117AA8130B4591A","","7941","5837.25","Credit"
"07/03/2026","17:38:37","Europe/Berlin","Customer 16106","Payment Refund","Completed","EUR","-235.00","5.85","-229.15","shop@nordlicht-outdoor.example","","A661E71A016106","9007A69040110E","7417","5608.10","Debit"
"07/03/2026","19:46:57","Europe/Berlin","Customer 46381","Express Checkout Payment","Completed","EUR","581.00","-14.82","566.18","buyer46381@example.com","shop@nordlicht-outdoor.example","E7B2723A846381","","7955","6174.28","Credit"
"07/03/2026","19:50:57","Europe/Berlin","Customer 53C59","Express Checkout Payment","Completed","EUR","147.00","-4.01","142.99","buyer53c59@example.com","shop@nordlicht-outdoor.example","5FAC1D92A53C59","","7956","6317.27","Credit"
"07/03/2026","20:41:50","Europe/Berlin","Customer 53732","Express Checkout Payment","Completed","EUR","1113.00","-28.06","1084.94","buyer53732@example.com","shop@nordlicht-outdoor.example","161C3229F153732","","7964","7402.21","Credit"
"07/03/2026","21:03:05","Europe/Berlin","Customer 44073","Express Checkout Payment","Completed","EUR","49.95","-1.59","48.36","buyer44073@example.com","shop@nordlicht-outdoor.example","A34E9A71644073","","7965","7450.57","Credit"
"07/03/2026","21:21:04","Europe/Berlin","Customer 6E395","Express Checkout Payment","Completed","EUR","38.95","-1.32","37.63","buyer6e395@example.com","shop@nordlicht-outdoor.example","38F36484F6E395","","7967","7488.20","Credit"
"07/03/2026","22:02:10","Europe/Berlin","Customer 64D2D","Express Checkout Payment","Completed","EUR","400.95","-10.33","390.62","buyer64d2d@example.com","shop@nordlicht-outdoor.example","6EA91B1B764D2D","","7969","7878.82","Credit"
"07/03/2026","22:43:04","Europe/Berlin","Customer DE38F","Express Checkout Payment","Completed","EUR","109.95","-3.09","106.86","buyerde38f@example.com","shop@nordlicht-outdoor.example","F416BD1FCDE38F","","7972","7985.68","Credit"
"07/03/2026","22:50:46","Europe/Berlin","Customer A2B6B","Express Checkout Payment","Completed","EUR","357.00","-9.24","347.76","buyera2b6b@example.com","shop@nordlicht-outdoor.example","1074F05543A2B6B","","7974","8333.44","Credit"
"07/03/2026","22:53:53","Europe/Berlin","Customer 42914","Express Checkout Payment","Completed","EUR","42.95","-1.42","41.53","buyer42914@example.com","shop@nordlicht-outdoor.example","F3C75A2C042914","","7975","8374.97","Credit"
"08/03/2026","10:03:41","Europe/Berlin","Customer DC118","Express Checkout Payment","Completed","EUR","55.35","-1.73","53.62","buyerdc118@example.com","shop@nordlicht-outdoor.example","100F1F57EEDC118","","7989","8428.59","Credit"
"08/03/2026","10:13:40","Europe/Berlin","Customer 0225A","Express Checkout Payment","Completed","EUR","33.95","-1.20","32.75","buyer0225a@example.com","shop@nordlicht-outdoor.example","AF64659660225A","","7991","8461.34","Credit"
"08/03/2026","11:09:56","Europe/Berlin","Customer 00212","Express Checkout Payment","Completed","EUR","52.95","-1.67","51.28","buyer00212@example.com","shop@nordlicht-outdoor.example","1043F4AB1300212","","7997","8512.62","Credit"
"08/03/2026","11:12:22","Europe/Berlin","Customer D5DB5","Express Checkout Payment","Completed","EUR","49.95","-1.59","48.36","buyerd5db5@example.com","shop@nordlicht-outdoor.example","F29FC596AD5DB5","","7998","8560.98","Credit"
"08/03/2026","11:24:36","Europe/Berlin","Customer 6480E","Express Checkout Payment","Completed","EUR","145.95","-3.98","141.97","buyer6480e@example.com","shop@nordlicht-outdoor.example","85DF7C2DC6480E","","8000","8702.95","Credit"
"08/03/2026","13:12:20","Europe/Berlin","Customer DF988","Express Checkout Payment","Completed","EUR","68.95","-2.07","66.88","buyerdf988@example.com","shop@nordlicht-outdoor.example","10D318DE38DF988","","8008","8769.83","Credit"
"08/03/2026","14:36:57","Europe/Berlin","Customer CBC3E","Express Checkout Payment","Completed","EUR","141.30","-3.87","137.43","buyercbc3e@example.com","shop@nordlicht-outdoor.example","8C842C20FCBC3E","","8021","8907.26","Credit"
"08/03/2026","14:44:13","Europe/Berlin","Customer 56F9C","Express Checkout Payment","Completed","EUR","61.95","-1.89","60.06","buyer56f9c@example.com","shop@nordlicht-outdoor.example","1421F7DC9056F9C","","8024","8967.32","Credit"
"08/03/2026","15:49:46","Europe/Berlin","Customer A8D71","Express Checkout Payment","Completed","EUR","139.00","-3.81","135.19","buyera8d71@example.com","shop@nordlicht-outdoor.example","8210A64ADA8D71","","8030","9102.51","Credit"
"08/03/2026","16:06:01","Europe/Berlin","Customer DEAE2","Express Checkout Payment","Completed","EUR","514.00","-13.15","500.85","buyerdeae2@example.com","shop@nordlicht-outdoor.example","10F6245405DEAE2","","8032","9603.36","Credit"
"08/03/2026","16:14:58","Europe/Berlin","Customer 2FAC8","Express Checkout Payment","Completed","EUR","235.00","-6.20","228.80","buyer2fac8@example.com","shop@nordlicht-outdoor.example","12471D16472FAC8","","8034","9832.16","Credit"
"08/03/2026","17:16:58","Europe/Berlin","Customer B8AC6","Express Checkout Payment","Completed","EUR","133.00","-3.66","129.34","buyerb8ac6@example.com","shop@nordlicht-outdoor.example","13FA10A905B8AC6","","8039","9961.50","Credit"
"08/03/2026","18:44:08","Europe/Berlin","Customer 142AD","Express Checkout Payment","Completed","EUR","60.95","-1.87","59.08","buyer142ad@example.com","shop@nordlicht-outdoor.example","2CA1ED4D3142AD","","8042","10020.58","Credit"
"08/03/2026","19:34:41","Europe/Berlin","Customer 76C54","Express Checkout Payment","Completed","EUR","467.00","-11.98","455.02","buyer76c54@example.com","shop@nordlicht-outdoor.example","649F8ECCB76C54","","8049","10475.60","Credit"
"08/03/2026","19:46:34","Europe/Berlin","Customer BCD86","Express Checkout Payment","Completed","EUR","537.00","-13.72","523.28","buyerbcd86@example.com","shop@nordlicht-outdoor.example","72AECF29EBCD86","","8051","10998.88","Credit"
"08/03/2026","19:53:28","Europe/Berlin","Customer E0CE0","Express Checkout Payment","Completed","EUR","257.00","-6.75","250.25","buyere0ce0@example.com","shop@nordlicht-outdoor.example","61C813163E0CE0","","8052","11249.13","Credit"
"08/03/2026","19:59:45","Europe/Berlin","Customer 86355","Express Checkout Payment","Completed","EUR","728.95","-18.50","710.45","buyer86355@example.com","shop@nordlicht-outdoor.example","12E46BB59186355","","8053","11959.58","Credit"
"08/03/2026","20:00:58","Europe/Berlin","Customer C2560","Express Checkout Payment","Completed","EUR","139.00","-3.81","135.19","buyerc2560@example.com","shop@nordlicht-outdoor.example","B662E7F77C2560","","8054","12094.77","Credit"
"08/03/2026","20:14:28","Europe/Berlin","Customer E3F37","Express Checkout Payment","Completed","EUR","407.15","-10.49","396.66","buyere3f37@example.com","shop@nordlicht-outdoor.example","ACE7D8C59E3F37","","8057","12491.43","Credit"
"08/03/2026","20:26:55","Europe/Berlin","Customer ED923","Express Checkout Payment","Completed","EUR","143.00","-3.91","139.09","buyered923@example.com","shop@nordlicht-outdoor.example","10B58C585DED923","","8060","12630.52","Credit"
"08/03/2026","20:28:16","Europe/Berlin","Customer 4654E","Express Checkout Payment","Completed","EUR","191.95","-5.13","186.82","buyer4654e@example.com","shop@nordlicht-outdoor.example","11AC46E3D04654E","","8061","12817.34","Credit"
"08/03/2026","22:26:55","Europe/Berlin","Customer B68AA","Express Checkout Payment","Completed","EUR","109.00","-3.06","105.94","buyerb68aa@example.com","shop@nordlicht-outdoor.example","A96D37D34B68AA","","8068","12923.28","Credit"
"09/03/2026","03:09:52","Europe/Berlin","Customer 84EA5","Express Checkout Payment","Completed","EUR","91.95","-2.64","89.31","buyer84ea5@example.com","shop@nordlicht-outdoor.example","D2E3EBD8584EA5","","8073","13012.59","Credit"
"09/03/2026","06:17:30","Europe/Berlin","Customer 83508","Express Checkout Payment","Completed","EUR","118.00","-3.29","114.71","buyer83508@example.com","shop@nordlicht-outdoor.example","1633BD70EC83508","","8075","13127.30","Credit"
"09/03/2026","09:07:42","Europe/Berlin","Customer 68496","Express Checkout Payment","Completed","EUR","90.00","-2.59","87.41","buyer68496@example.com","shop@nordlicht-outdoor.example","113486771468496","","8078","13214.71","Credit"
"09/03/2026","09:18:35","Europe/Berlin","Customer 2E890","Express Checkout Payment","Completed","EUR","119.00","-3.31","115.69","buyer2e890@example.com","shop@nordlicht-outdoor.example","B269218642E890","","8080","13330.40","Credit"
"09/03/2026","10:54:57","Europe/Berlin","Customer E69AC","Express Checkout Payment","Completed","EUR","49.95","-1.59","48.36","buyere69ac@example.com","shop@nordlicht-outdoor.example","8DDDC6372E69AC","","8085","13378.76","Credit"
"09/03/2026","11:15:43","Europe/Berlin","Customer 01467","Express Checkout Payment","Completed","EUR","23.95","-0.95","23.00","buyer01467@example.com","shop@nordlicht-outdoor.example","971C9AB3401467","","8087","13401.76","Credit"
"09/03/2026","11:33:56","Europe/Berlin","Customer 8D6A2","Express Checkout Payment","Completed","EUR","23.95","-0.95","23.00","buyer8d6a2@example.com","shop@nordlicht-outdoor.example","C10B092AE8D6A2","","8090","13424.76","Credit"
"09/03/2026","12:36:45","Europe/Berlin","Customer 07B0E","Express Checkout Payment","Completed","EUR","558.00","-14.24","543.76","buyer07b0e@example.com","shop@nordlicht-outdoor.example","BD7CB502B07B0E","","8096","13968.52","Credit"
"09/03/2026","15:34:16","Europe/Berlin","Customer 13943","Express Checkout Payment","Completed","EUR","89.00","-2.57","86.43","buyer13943@example.com","shop@nordlicht-outdoor.example","54D321E2513943","","8106","14054.95","Credit"
"09/03/2026","16:13:20","Europe/Berlin","Customer 9AC81","Express Checkout Payment","Completed","EUR","119.00","-3.31","115.69","buyer9ac81@example.com","shop@nordlicht-outdoor.example","71C3CDD239AC81","","8110","14170.64","Credit"
"09/03/2026","17:01:19","Europe/Berlin","Customer D7BAE","Express Checkout Payment","Completed","EUR","67.95","-2.04","65.91","buyerd7bae@example.com","shop@nordlicht-outdoor.example","89F561F08D7BAE","","8112","14236.55","Credit"
"09/03/2026","17:22:25","Europe/Berlin","Customer 7466B","Express Checkout Payment","Completed","EUR","186.00","-4.98","181.02","buyer7466b@example.com","shop@nordlicht-outdoor.example","3BDDBCB6F7466B","","8114","14417.57","Credit"
"09/03/2026","17:28:30","Europe/Berlin","Customer 5D1E2","Express Checkout Payment","Completed","EUR","300.00","-7.82","292.18","buyer5d1e2@example.com","shop@nordlicht-outdoor.example","15806A36F85D1E2","","8115","14709.75","Credit"
"09/03/2026","19:43:19","Europe/Berlin","Customer 8326B","Express Checkout Payment","Completed","EUR","313.00","-8.14","304.86","buyer8326b@example.com","shop@nordlicht-outdoor.example","BBB4834058326B","","8127","15014.61","Credit"
"09/03/2026","20:03:29","Europe/Berlin","Customer FA0B8","Express Checkout Payment","Completed","EUR","271.80","-7.12","264.68","buyerfa0b8@example.com","shop@nordlicht-outdoor.example","50EBC8844FA0B8","","8129","15279.29","Credit"
"09/03/2026","20:59:05","Europe/Berlin","Customer 2A0D4","Express Checkout Payment","Completed","EUR","307.00","-7.99","299.01","buyer2a0d4@example.com","shop@nordlicht-outdoor.example","32A4CC8BE2A0D4","","8134","15578.30","Credit"
"10/03/2026","05:33:27","Europe/Berlin","Customer 23112","Payment Refund","Completed","EUR","-338.55","8.43","-330.12","shop@nordlicht-outdoor.example","","D8CE6D96823112","25D9C73AF73AEC","7365","15248.18","Debit"
"10/03/2026","05:38:33","Europe/Berlin","Customer 8C43D","Express Checkout Payment","Completed","EUR","31.95","-1.15","30.80","buyer8c43d@example.com","shop@nordlicht-outdoor.example","801724BCD8C43D","","8144","15278.98","Credit"
"10/03/2026","06:33:42","Europe/Berlin","Customer BB27A","Express Checkout Payment","Completed","EUR","120.95","-3.36","117.59","buyerbb27a@example.com","shop@nordlicht-outdoor.example","27A84D68BBB27A","","8147","15396.57","Credit"
"10/03/2026","08:04:15","Europe/Berlin","Customer DA925","Express Checkout Payment","Completed","EUR","113.00","-3.16","109.84","buyerda925@example.com","shop@nordlicht-outdoor.example","8B4D719CBDA925","","8150","15506.41","Credit"
"10/03/2026","09:32:22","Europe/Berlin","Customer DA0B6","Express Checkout Payment","Completed","EUR","27.45","-1.03","26.42","buyerda0b6@example.com","shop@nordlicht-outdoor.example","B4B98F9D4DA0B6","","8152","15532.83","Credit"
"10/03/2026","09:52:55","Europe/Berlin","Customer 311E5","Express Checkout Payment","Completed","EUR","276.00","-7.22","268.78","buyer311e5@example.com","shop@nordlicht-outdoor.example","4D7C78C20311E5","","8153","15801.61","Credit"
"10/03/2026","10:28:46","Europe/Berlin","Customer EFB30","Express Checkout Payment","Completed","EUR","79.00","-2.32","76.68","buyerefb30@example.com","shop@nordlicht-outdoor.example","7E2C60647EFB30","","8155","15878.29","Credit"
"10/03/2026","10:38:10","Europe/Berlin","Customer 4E2D6","Express Checkout Payment","Completed","EUR","219.00","-5.80","213.20","buyer4e2d6@example.com","shop@nordlicht-outdoor.example","D16E85E504E2D6","","8156","16091.49","Credit"
"10/03/2026","13:43:40","Europe/Berlin","Customer 7C9E7","Express Checkout Payment","Completed","EUR","534.00","-13.65","520.35","buyer7c9e7@example.com","shop@nordlicht-outdoor.example","1590C5A24C7C9E7","","8181","16611.84","Credit"
"10/03/2026","14:53:30","Europe/Berlin","Customer 3780A","Express Checkout Payment","Completed","EUR","417.00","-10.73","406.27","buyer3780a@example.com","shop@nordlicht-outdoor.example","6701826763780A","","8189","17018.11","Credit"
"10/03/2026","14:57:23","Europe/Berlin","Customer ACEE8","Express Checkout Payment","Completed","EUR","450.95","-11.58","439.37","buyeracee8@example.com","shop@nordlicht-outdoor.example","14A8702C18ACEE8","","8190","17457.48","Credit"
"10/03/2026","16:16:08","Europe/Berlin","Customer C6497","Express Checkout Payment","Completed","EUR","427.00","-10.98","416.02","buyerc6497@example.com","shop@nordlicht-outdoor.example","1315CE5B00C6497","","8195","17873.50","Credit"
"10/03/2026","17:17:55","Europe/Berlin","Customer 72BD0","Express Checkout Payment","Completed","EUR","73.95","-2.19","71.76","buyer72bd0@example.com","shop@nordlicht-outdoor.example","7E30B32D572BD0","","8204","17945.26","Credit"
"10/03/2026","18:24:32","Europe/Berlin","Customer 013CB","Express Checkout Payment","Completed","EUR","38.95","-1.32","37.63","buyer013cb@example.com","shop@nordlicht-outdoor.example","F6ADC752C013CB","","8212","17982.89","Credit"
"10/03/2026","19:11:23","Europe/Berlin","Customer 4F8D1","Express Checkout Payment","Completed","EUR","543.00","-13.87","529.13","buyer4f8d1@example.com","shop@nordlicht-outdoor.example","E1D1BDE1C4F8D1","","8216","18512.02","Credit"
"10/03/2026","19:22:56","Europe/Berlin","Customer 0DFD5","Express Checkout Payment","Completed","EUR","38.95","-1.32","37.63","buyer0dfd5@example.com","shop@nordlicht-outdoor.example","6FD2AEA2A0DFD5","","8219","18549.65","Credit"
"10/03/2026","20:07:16","Europe/Berlin","Customer 3048A","Express Checkout Payment","Completed","EUR","73.95","-2.19","71.76","buyer3048a@example.com","shop@nordlicht-outdoor.example","CCEFB341E3048A","","8226","18621.41","Credit"
"10/03/2026","20:15:44","Europe/Berlin","Customer 4ED9D","Express Checkout Payment","Completed","EUR","139.00","-3.81","135.19","buyer4ed9d@example.com","shop@nordlicht-outdoor.example","11C3F9A3F04ED9D","","8227","18756.60","Credit"
"10/03/2026","20:17:55","Europe/Berlin","Customer 97F55","Express Checkout Payment","Completed","EUR","160.00","-4.33","155.67","buyer97f55@example.com","shop@nordlicht-outdoor.example","BCA34FC2C97F55","","8229","18912.27","Credit"
"10/03/2026","21:20:03","Europe/Berlin","Customer D93C6","Express Checkout Payment","Completed","EUR","35.35","-1.23","34.12","buyerd93c6@example.com","shop@nordlicht-outdoor.example","CFE7D10CDD93C6","","8233","18946.39","Credit"
"10/03/2026","21:41:36","Europe/Berlin","Customer B3A1C","Express Checkout Payment","Completed","EUR","239.00","-6.30","232.70","buyerb3a1c@example.com","shop@nordlicht-outdoor.example","45742DF5BB3A1C","","8235","19179.09","Credit"
"10/03/2026","22:34:20","Europe/Berlin","Customer 1489D","Express Checkout Payment","Completed","EUR","29.95","-1.10","28.85","buyer1489d@example.com","shop@nordlicht-outdoor.example","306C00AD11489D","","8239","19207.94","Credit"
"10/03/2026","22:48:02","Europe/Berlin","Customer 5DCA0","Express Checkout Payment","Completed","EUR","289.00","-7.55","281.45","buyer5dca0@example.com","shop@nordlicht-outdoor.example","8745675ED5DCA0","","8240","19489.39","Credit"
"10/03/2026","23:01:04","Europe/Berlin","Customer A100F","Express Checkout Payment","Completed","EUR","278.00","-7.27","270.73","buyera100f@example.com","shop@nordlicht-outdoor.example","F4836BA02A100F","","8242","19760.12","Credit"
"10/03/2026","23:46:49","Europe/Berlin","Customer 04419","Express Checkout Payment","Completed","EUR","249.00","-6.55","242.45","buyer04419@example.com","shop@nordlicht-outdoor.example","136BA80B6604419","","8243","20002.57","Credit"
"11/03/2026","06:09:18","Europe/Berlin","Customer A7B36","Express Checkout Payment","Completed","EUR","249.00","-6.55","242.45","buyera7b36@example.com","shop@nordlicht-outdoor.example","CA27E5D7BA7B36","","8253","20245.02","Credit"
"11/03/2026","08:57:24","Europe/Berlin","Customer 88FD2","Express Checkout Payment","Completed","EUR","29.95","-1.10","28.85","buyer88fd2@example.com","shop@nordlicht-outdoor.example","7D00A487388FD2","","8258","20273.87","Credit"
"11/03/2026","09:17:55","Europe/Berlin","Customer 702E8","Express Checkout Payment","Completed","EUR","95.20","-2.72","92.48","buyer702e8@example.com","shop@nordlicht-outdoor.example","145EDBDEBC702E8","","8260","20366.35","Credit"
"11/03/2026","09:19:43","Europe/Berlin","Customer 05956","Express Checkout Payment","Completed","EUR","475.00","-12.18","462.82","buyer05956@example.com","shop@nordlicht-outdoor.example","B351F7C8705956","","8261","20829.17","Credit"
"11/03/2026","09:22:43","Europe/Berlin","Customer D35D7","Express Checkout Payment","Completed","EUR","139.00","-3.81","135.19","buyerd35d7@example.com","shop@nordlicht-outdoor.example","1444F7A22CD35D7","","8263","20964.36","Credit"
"11/03/2026","09:24:03","Europe/Berlin","Customer 6D64B","Express Checkout Payment","Completed","EUR","431.00","-11.08","419.92","buyer6d64b@example.com","shop@nordlicht-outdoor.example","D4556165F6D64B","","8264","21384.28","Credit"
"11/03/2026","11:16:20","Europe/Berlin","Customer 7EB94","Express Checkout Payment","Completed","EUR","194.00","-5.18","188.82","buyer7eb94@example.com","shop@nordlicht-outdoor.example","48B99C54D7EB94","","8270","21573.10","Credit"
"11/03/2026","11:49:43","Europe/Berlin","Customer 938F4","Express Checkout Payment","Completed","EUR","28.95","-1.07","27.88","buyer938f4@example.com","shop@nordlicht-outdoor.example","3E5DAEE8A938F4","","8272","21600.98","Credit"
"11/03/2026","12:00:49","Europe/Berlin","Customer 33A39","Express Checkout Payment","Completed","EUR","81.95","-2.39","79.56","buyer33a39@example.com","shop@nordlicht-outdoor.example","81EC4D63333A39","","8274","21680.54","Credit"
"11/03/2026","12:17:30","Europe/Berlin","Customer 5F148","Express Checkout Payment","Completed","EUR","688.00","-17.48","670.52","buyer5f148@example.com","shop@nordlicht-outdoor.example","B821942385F148","","8276","22351.06","Credit"
"11/03/2026","12:40:07","Europe/Berlin","Customer 62914","Express Checkout Payment","Completed","EUR","223.00","-5.90","217.10","buyer62914@example.com","shop@nordlicht-outdoor.example","35FF850A362914","","8277","22568.16","Credit"
"11/03/2026","14:19:37","Europe/Berlin","Customer 29483","Express Checkout Payment","Completed","EUR","425.00","-10.93","414.07","buyer29483@example.com","shop@nordlicht-outdoor.example","CF7F6D79529483","","8289","22982.23","Credit"
"11/03/2026","16:47:17","Europe/Berlin","Customer EB687","Express Checkout Payment","Completed","EUR","189.00","-5.06","183.94","buyereb687@example.com","shop@nordlicht-outdoor.example","445FD9F80EB687","","8294","23166.17","Credit"
"11/03/2026","16:57:56","Europe/Berlin","Customer 9F762","Express Checkout Payment","Completed","EUR","63.95","-1.94","62.01","buyer9f762@example.com","shop@nordlicht-outdoor.example","1362EF6E009F762","","8295","23228.18","Credit"
"11/03/2026","19:35:48","Europe/Berlin","Customer 6CE7C","Express Checkout Payment","Completed","EUR","367.00","-9.49","357.51","buyer6ce7c@example.com","shop@nordlicht-outdoor.example","B670605E56CE7C","","8311","23585.69","Credit"
"11/03/2026","20:22:43","Europe/Berlin","Customer FCF1F","Express Checkout Payment","Completed","EUR","232.95","-6.15","226.80","buyerfcf1f@example.com","shop@nordlicht-outdoor.example","15F8A33EBBFCF1F","","8318","23812.49","Credit"
"11/03/2026","20:42:17","Europe/Berlin","Customer FC643","Express Checkout Payment","Completed","EUR","498.00","-12.75","485.25","buyerfc643@example.com","shop@nordlicht-outdoor.example","2CAC2443CFC643","","8321","24297.74","Credit"
"11/03/2026","20:54:54","Europe/Berlin","Customer CF432","Express Checkout Payment","Completed","EUR","329.00","-8.54","320.46","buyercf432@example.com","shop@nordlicht-outdoor.example","EAB67B120CF432","","8322","24618.20","Credit"
"11/03/2026","21:32:59","Europe/Berlin","Customer 4E48D","Express Checkout Payment","Completed","EUR","101.95","-2.89","99.06","buyer4e48d@example.com","shop@nordlicht-outdoor.example","10755847304E48D","","8326","24717.26","Credit"
"12/03/2026","05:18:26","Europe/Berlin","Customer 3813F","Payment Refund","Completed","EUR","-17.10","0.52","-16.58","shop@nordlicht-outdoor.example","","2FA53AB3A3813F","4EAF5A293D6B8C","7538","24700.68","Debit"
"12/03/2026","07:09:26","Europe/Berlin","Customer F76FC","Payment Refund","Completed","EUR","-91.95","2.29","-89.66","shop@nordlicht-outdoor.example","","389EC8F36F76FC","D2E3EBD8584EA5","8073","24611.02","Debit"
"12/03/2026","08:47:58","Europe/Berlin","Customer 01CFC","Express Checkout Payment","Completed","EUR","302.00","-7.87","294.13","buyer01cfc@example.com","shop@nordlicht-outdoor.example","154EDA932D01CFC","","8339","24905.15","Credit"
"12/03/2026","09:48:19","Europe/Berlin","Customer C9FF6","Express Checkout Payment","Completed","EUR","164.15","-4.44","159.71","buyerc9ff6@example.com","shop@nordlicht-outdoor.example","1576C9E8B2C9FF6","","8344","25064.86","Credit"
"12/03/2026","11:05:40","Europe/Berlin","Customer 929A5","Express Checkout Payment","Completed","EUR","207.90","-5.53","202.37","buyer929a5@example.com","shop@nordlicht-outdoor.example","DC49B2928929A5","","8347","25267.23","Credit"
"12/03/2026","11:32:36","Europe/Berlin","Customer 0A732","Express Checkout Payment","Completed","EUR","120.00","-3.34","116.66","buyer0a732@example.com","shop@nordlicht-outdoor.example","D21D49D090A732","","8348","25383.89","Credit"
"12/03/2026","11:44:25","Europe/Berlin","Customer FEDAB","Express Checkout Payment","Completed","EUR","189.00","-5.06","183.94","buyerfedab@example.com","shop@nordlicht-outdoor.example","94B73F24EFEDAB","","8350","25567.83","Credit"
"12/03/2026","13:33:48","Europe/Berlin","Customer 67E3A","Express Checkout Payment","Completed","EUR","228.00","-6.03","221.97","buyer67e3a@example.com","shop@nordlicht-outdoor.example","1276ACD0EC67E3A","","8359","25789.80","Credit"
"12/03/2026","13:50:20","Europe/Berlin","Customer 0423E","Express Checkout Payment","Completed","EUR","487.00","-12.48","474.52","buyer0423e@example.com","shop@nordlicht-outdoor.example","13FB28AAAC0423E","","8360","26264.32","Credit"
"12/03/2026","14:39:29","Europe/Berlin","Customer 36689","Express Checkout Payment","Completed","EUR","227.00","-6.00","221.00","buyer36689@example.com","shop@nordlicht-outdoor.example","4214675EE36689","","8362","26485.32","Credit"
"12/03/2026","14:39:37","Europe/Berlin","Customer 6EBE5","Express Checkout Payment","Completed","EUR","23.95","-0.95","23.00","buyer6ebe5@example.com","shop@nordlicht-outdoor.example","898B8930A6EBE5","","8361","26508.32","Credit"
"12/03/2026","15:19:51","Europe/Berlin","Customer 83684","Payment Refund","Completed","EUR","-80.76","2.30","-78.46","shop@nordlicht-outdoor.example","","E41D4E50783684","11E696A55C0E95A","7563","26429.86","Debit"
"12/03/2026","16:24:14","Europe/Berlin","Customer FEE26","Express Checkout Payment","Completed","EUR","31.95","-1.15","30.80","buyerfee26@example.com","shop@nordlicht-outdoor.example","414EC0CB7FEE26","","8365","26460.66","Credit"
"12/03/2026","17:21:06","Europe/Berlin","Customer 4426D","Express Checkout Payment","Completed","EUR","102.00","-2.89","99.11","buyer4426d@example.com","shop@nordlicht-outdoor.example","DC7F698F44426D","","8367","26559.77","Credit"
"12/03/2026","18:58:17","Europe/Berlin","Customer E6C2E","Express Checkout Payment","Completed","EUR","109.00","-3.06","105.94","buyere6c2e@example.com","shop@nordlicht-outdoor.example","115BF6EEBCE6C2E","","8371","26665.71","Credit"
"12/03/2026","20:30:54","Europe/Berlin","Customer 91911","Express Checkout Payment","Completed","EUR","126.00","-3.49","122.51","buyer91911@example.com","shop@nordlicht-outdoor.example","BC214AECF91911","","8381","26788.22","Credit"
"12/03/2026","21:08:54","Europe/Berlin","Customer 31BC6","Express Checkout Payment","Completed","EUR","31.95","-1.15","30.80","buyer31bc6@example.com","shop@nordlicht-outdoor.example","9FD52592531BC6","","8386","26819.02","Credit"
"12/03/2026","23:36:05","Europe/Berlin","Customer 08CC4","Payment Refund","Completed","EUR","-329.00","8.39","-320.61","shop@nordlicht-outdoor.example","","73536A05708CC4","1192BE64A672D83","7693","26498.41","Debit"
"12/03/2026","23:52:08","Europe/Berlin","Customer C835C","Express Checkout Payment","Completed","EUR","208.00","-5.53","202.47","buyerc835c@example.com","shop@nordlicht-outdoor.example","728E3C91CC835C","","8395","26700.88","Credit"
"13/03/2026","06:26:37","Europe/Berlin","Customer 0861B","Payment Refund","Completed","EUR","-109.00","2.71","-106.29","shop@nordlicht-outdoor.example","","2441FCE370861B","A96D37D34B68AA","8068","26594.59","Debit"
"13/03/2026","07:28:59","Europe/Berlin","Customer 87470","Express Checkout Payment","Completed","EUR","218.00","-5.78","212.22","buyer87470@example.com","shop@nordlicht-outdoor.example","118B87D70487470","","8405","26806.81","Credit"
"13/03/2026","08:10:03","Europe/Berlin","Customer 1598C","Express Checkout Payment","Completed","EUR","200.70","-5.35","195.35","buyer1598c@example.com","shop@nordlicht-outdoor.example","3B7BBE47A1598C","","8407","27002.16","Credit"
"13/03/2026","09:00:00","Europe/Berlin","Bank Account","General Withdrawal","Completed","EUR","-26502.16","0.00","-26502.16","shop@nordlicht-outdoor.example","","WD8741997352053","","","500.00","Debit"
"13/03/2026","09:44:52","Europe/Berlin","Customer 0BD14","Express Checkout Payment","Completed","EUR","156.00","-4.23","151.77","buyer0bd14@example.com","shop@nordlicht-outdoor.example","120F50C8180BD14","","8413","651.77","Credit"
"13/03/2026","10:22:19","Europe/Berlin","Customer 6ED20","Express Checkout Payment","Completed","EUR","118.00","-3.29","114.71","buyer6ed20@example.com","shop@nordlicht-outdoor.example","2F6BC08276ED20","","8415","766.48","Credit"
"13/03/2026","10:47:10","Europe/Berlin","Customer DDA32","Express Checkout Payment","Completed","EUR","114.00","-3.19","110.81","buyerdda32@example.com","shop@nordlicht-outdoor.example","A8E293C2ADDA32","","8416","877.29","Credit"
"13/03/2026","11:05:07","Europe/Berlin","Customer 22BE3","Express Checkout Payment","Completed","EUR","66.95","-2.02","64.93","buyer22be3@example.com","shop@nordlicht-outdoor.example","137B4EF49422BE3","","8418","942.22","Credit"
"13/03/2026","11:23:22","Europe/Berlin","Customer 98475","Express Checkout Payment","Completed","EUR","66.15","-2.00","64.15","buyer98475@example.com","shop@nordlicht-outdoor.example","15907C6E8298475","","8419","1006.37","Credit"
"13/03/2026","12:49:05","Europe/Berlin","Customer 2D4E5","Express Checkout Payment","Completed","EUR","165.95","-4.48","161.47","buyer2d4e5@example.com","shop@nordlicht-outdoor.example","70FD4DB262D4E5","","8427","1167.84","Credit"
"13/03/2026","14:10:27","Europe/Berlin","Customer 8D35C","Express Checkout Payment","Completed","EUR","33.95","-1.20","32.75","buyer8d35c@example.com","shop@nordlicht-outdoor.example","108BE61A1F8D35C","","8434","1200.59","Credit"
"13/03/2026","15:40:10","Europe/Berlin","Customer F7FAC","Express Checkout Payment","Completed","EUR","24.15","-0.95","23.20","buyerf7fac@example.com","shop@nordlicht-outdoor.example","D6697DD16F7FAC","","8438","1223.79","Credit"
"13/03/2026","16:15:10","Europe/Berlin","Customer 1E005","Express Checkout Payment","Completed","EUR","231.30","-6.11","225.19","buyer1e005@example.com","shop@nordlicht-outdoor.example","111344662B1E005","","8443","1448.98","Credit"
"13/03/2026","17:44:35","Europe/Berlin","Customer 47854","Express Checkout Payment","Completed","EUR","216.00","-5.73","210.27","buyer47854@example.com","shop@nordlicht-outdoor.example","BB66840AE47854","","8453","1659.25","Credit"
"13/03/2026","18:04:12","Europe/Berlin","Customer 24694","Express Checkout Payment","Completed","EUR","236.00","-6.23","229.77","buyer24694@example.com","shop@nordlicht-outdoor.example","1372FC7BE624694","","8455","1889.02","Credit"
"13/03/2026","18:57:04","Europe/Berlin","Customer 0F8BA","Express Checkout Payment","Completed","EUR","46.95","-1.52","45.43","buyer0f8ba@example.com","shop@nordlicht-outdoor.example","10F0BFFC750F8BA","","8462","1934.45","Credit"
"13/03/2026","19:25:50","Europe/Berlin","Customer 3E01A","Payment Refund","Completed","EUR","-589.00","14.67","-574.33","shop@nordlicht-outdoor.example","","BFACD7F513E01A","7B7BCCD7D335DA","7393","1360.12","Debit"
"13/03/2026","20:02:23","Europe/Berlin","Customer E091E","Express Checkout Payment","Completed","EUR","20.15","-0.85","19.30","buyere091e@example.com","shop@nordlicht-outdoor.example","50A3AB186E091E","","8470","1379.42","Credit"
"13/03/2026","20:15:51","Europe/Berlin","Customer B52FC","Express Checkout Payment","Completed","EUR","81.95","-2.39","79.56","buyerb52fc@example.com","shop@nordlicht-outdoor.example","680D75461B52FC","","8471","1458.98","Credit"
"13/03/2026","21:05:55","Europe/Berlin","Customer 63688","Express Checkout Payment","Completed","EUR","385.00","-9.94","375.06","buyer63688@example.com","shop@nordlicht-outdoor.example","1237B1C6D763688","","8475","1834.04","Credit"
"13/03/2026","21:18:29","Europe/Berlin","Customer CA46A","Payment Refund","Completed","EUR","-13.12","0.45","-12.67","shop@nordlicht-outdoor.example","","7470F000CCA46A","C64863D6261460","7573","1821.37","Debit"
"13/03/2026","21:34:31","Europe/Berlin","Customer DBCBE","Express Checkout Payment","Completed","EUR","78.00","-2.29","75.71","buyerdbcbe@example.com","shop@nordlicht-outdoor.example","DEA93B511DBCBE","","8478","1897.08","Credit"
"13/03/2026","23:39:56","Europe/Berlin","Customer 0B0C2","Express Checkout Payment","Completed","EUR","99.00","-2.82","96.18","buyer0b0c2@example.com","shop@nordlicht-outdoor.example","3F8DCCF550B0C2","","8486","1993.26","Credit"
"14/03/2026","04:26:39","Europe/Berlin","Customer 754CC","Express Checkout Payment","Completed","EUR","766.00","-19.42","746.58","buyer754cc@example.com","shop@nordlicht-outdoor.example","C2B3C302A754CC","","8491","2739.84","Credit"
"14/03/2026","06:31:04","Europe/Berlin","Customer 816A5","Express Checkout Payment","Completed","EUR","69.95","-2.09","67.86","buyer816a5@example.com","shop@nordlicht-outdoor.example","E8BC1336A816A5","","8493","2807.70","Credit"
"14/03/2026","09:00:38","Europe/Berlin","Customer 27D1C","Express Checkout Payment","Completed","EUR","582.00","-14.84","567.16","buyer27d1c@example.com","shop@nordlicht-outdoor.example","E18BEC10527D1C","","8501","3374.86","Credit"
"14/03/2026","09:16:31","Europe/Berlin","Customer F6D55","Express Checkout Payment","Completed","EUR","979.00","-24.73","954.27","buyerf6d55@example.com","shop@nordlicht-outdoor.example","B7F776684F6D55","","8502","4329.13","Credit"
"14/03/2026","09:43:54","Europe/Berlin","Customer BEB08","Express Checkout Payment","Completed","EUR","57.95","-1.79","56.16","buyerbeb08@example.com","shop@nordlicht-outdoor.example","12DF24ECC9BEB08","","8505","4385.29","Credit"
"14/03/2026","10:16:29","Europe/Berlin","Customer 1A6E5","Express Checkout Payment","Completed","EUR","189.00","-5.06","183.94","buyer1a6e5@example.com","shop@nordlicht-outdoor.example","CED2C2CF81A6E5","","8510","4569.23","Credit"
"14/03/2026","10:28:24","Europe/Berlin","Customer 2F078","Express Checkout Payment","Completed","EUR","76.95","-2.27","74.68","buyer2f078@example.com","shop@nordlicht-outdoor.example","88816F6D32F078","","8512","4643.91","Credit"
"14/03/2026","11:03:46","Europe/Berlin","Customer 630F1","Express Checkout Payment","Completed","EUR","452.00","-11.60","440.40","buyer630f1@example.com","shop@nordlicht-outdoor.example","9F3A692D1630F1","","8515","5084.31","Credit"
"14/03/2026","12:21:37","Europe/Berlin","Customer 3CAA3","Express Checkout Payment","Completed","EUR","125.95","-3.49","122.46","buyer3caa3@example.com","shop@nordlicht-outdoor.example","10944C46DA3CAA3","","8518","5206.77","Credit"
"14/03/2026","13:25:00","Europe/Berlin","Customer C3DAC","Express Checkout Payment","Completed","EUR","816.00","-20.67","795.33","buyerc3dac@example.com","shop@nordlicht-outdoor.example","5D75BAC52C3DAC","","8526","6002.10","Credit"
"14/03/2026","14:17:31","Europe/Berlin","Customer C031D","Express Checkout Payment","Completed","EUR","33.95","-1.20","32.75","buyerc031d@example.com","shop@nordlicht-outdoor.example","D9A45812FC031D","","8532","6034.85","Credit"
"14/03/2026","14:31:13","Europe/Berlin","Customer 8A619","Express Checkout Payment","Completed","EUR","114.00","-3.19","110.81","buyer8a619@example.com","shop@nordlicht-outdoor.example","15F7EB2CE58A619","","8533","6145.66","Credit"
"14/03/2026","14:57:19","Europe/Berlin","Customer 0080A","Express Checkout Payment","Completed","EUR","217.00","-5.75","211.25","buyer0080a@example.com","shop@nordlicht-outdoor.example","4B073C9BD0080A","","8538","6356.91","Credit"
"14/03/2026","15:00:29","Europe/Berlin","Customer 550D2","Express Checkout Payment","Completed","EUR","33.95","-1.20","32.75","buyer550d2@example.com","shop@nordlicht-outdoor.example","954530F58550D2","","8539","6389.66","Credit"
"14/03/2026","15:31:42","Europe/Berlin","Customer D0042","Express Checkout Payment","Completed","EUR","89.00","-2.57","86.43","buyerd0042@example.com","shop@nordlicht-outdoor.example","66B778A16D0042","","8540","6476.09","Credit"
"14/03/2026","15:52:21","Europe/Berlin","Customer 2AD40","Express Checkout Payment","Completed","EUR","429.95","-11.06","418.89","buyer2ad40@example.com","shop@nordlicht-outdoor.example","A7E4CEDB02AD40","","8542","6894.98","Credit"
"14/03/2026","15:56:32","Europe/Berlin","Customer B36F7","Payment Refund","Completed","EUR","-5.22","0.18","-5.04","shop@nordlicht-outdoor.example","","CE22161C4B36F7","1325337F7EDE698","7900","6889.94","Debit"
"14/03/2026","16:36:27","Europe/Berlin","Customer 0E184","Express Checkout Payment","Completed","EUR","99.00","-2.82","96.18","buyer0e184@example.com","shop@nordlicht-outdoor.example","2AA0F445D0E184","","8545","6986.12","Credit"
"14/03/2026","17:04:58","Europe/Berlin","Customer 21DF9","Express Checkout Payment","Completed","EUR","259.00","-6.80","252.20","buyer21df9@example.com","shop@nordlicht-outdoor.example","138DADD32221DF9","","8549","7238.32","Credit"
"14/03/2026","17:25:41","Europe/Berlin","Customer B9177","Express Checkout Payment","Completed","EUR","38.95","-1.32","37.63","buyerb9177@example.com","shop@nordlicht-outdoor.example","1450DC48C3B9177","","8553","7275.95","Credit"
"14/03/2026","18:22:43","Europe/Berlin","Customer 4D206","Express Checkout Payment","Completed","EUR","170.10","-4.59","165.51","buyer4d206@example.com","shop@nordlicht-outdoor.example","14C2D3E87C4D206","","8561","7441.46","Credit"
"14/03/2026","18:48:55","Europe/Berlin","Customer 448D9","Express Checkout Payment","Completed","EUR","126.00","-3.49","122.51","buyer448d9@example.com","shop@nordlicht-outdoor.example","12E91AA9B7448D9","","8563","7563.97","Credit"
"14/03/2026","19:21:52","Europe/Berlin","Customer EBF72","Express Checkout Payment","Completed","EUR","341.95","-8.86","333.09","buyerebf72@example.com","shop@nordlicht-outdoor.example","60792C068EBF72","","8566","7897.06","Credit"
"14/03/2026","19:33:46","Europe/Berlin","Customer BAB94","Express Checkout Payment","Completed","EUR","48.95","-1.57","47.38","buyerbab94@example.com","shop@nordlicht-outdoor.example","10FA919DD5BAB94","","8568","7944.44","Credit"
"14/03/2026","20:01:47","Europe/Berlin","Customer 81B2E","Express Checkout Payment","Completed","EUR","50.95","-1.62","49.33","buyer81b2e@example.com","shop@nordlicht-outdoor.example","F970B193D81B2E","","8572","7993.77","Credit"
"14/03/2026","21:11:15","Europe/Berlin","Customer CB5CD","Express Checkout Payment","Completed","EUR","88.00","-2.54","85.46","buyercb5cd@example.com","shop@nordlicht-outdoor.example","313C59534CB5CD","","8584","8079.23","Credit"
"14/03/2026","21:22:37","Europe/Berlin","Customer 6C8B9","Express Checkout Payment","Completed","EUR","33.95","-1.20","32.75","buyer6c8b9@example.com","shop@nordlicht-outdoor.example","9E44328F26C8B9","","8587","8111.98","Credit"
"14/03/2026","21:23:49","Europe/Berlin","Customer 92A91","Express Checkout Payment","Completed","EUR","118.00","-3.29","114.71","buyer92a91@example.com","shop@nordlicht-outdoor.example","F86C0F27E92A91","","8589","8226.69","Credit"
"14/03/2026","22:12:13","Europe/Berlin","Customer 609E3","Express Checkout Payment","Completed","EUR","61.95","-1.89","60.06","buyer609e3@example.com","shop@nordlicht-outdoor.example","F0CA65E93609E3","","8598","8286.75","Credit"
"14/03/2026","22:38:47","Europe/Berlin","Customer C32D0","Express Checkout Payment","Completed","EUR","207.00","-5.50","201.50","buyerc32d0@example.com","shop@nordlicht-outdoor.example","77EBAB095C32D0","","8600","8488.25","Credit"
"15/03/2026","00:30:46","Europe/Berlin","Customer 3B68F","Express Checkout Payment","Completed","EUR","33.95","-1.20","32.75","buyer3b68f@example.com","shop@nordlicht-outdoor.example","1581CA9ADC3B68F","","8605","8521.00","Credit"
"15/03/2026","09:06:02","Europe/Berlin","Customer 9EACD","Express Checkout Payment","Completed","EUR","81.90","-2.39","79.51","buyer9eacd@example.com","shop@nordlicht-outdoor.example","8ED9FEF4B9EACD","","8622","8600.51","Credit"
"15/03/2026","09:19:49","Europe/Berlin","Customer 1AEFE","Express Checkout Payment","Completed","EUR","76.95","-2.27","74.68","buyer1aefe@example.com","shop@nordlicht-outdoor.example","1498022F2C1AEFE","","8624","8675.19","Credit"
"15/03/2026","09:38:56","Europe/Berlin","Customer B193C","Express Checkout Payment","Completed","EUR","307.00","-7.99","299.01","buyerb193c@example.com","shop@nordlicht-outdoor.example","B06912D75B193C","","8626","8974.20","Credit"
"15/03/2026","09:47:47","Europe/Berlin","Customer A8C4E","Express Checkout Payment","Completed","EUR","33.95","-1.20","32.75","buyera8c4e@example.com","shop@nordlicht-outdoor.example","10201D7FB6A8C4E","","8627","9006.95","Credit"
"15/03/2026","09:56:42","Europe/Berlin","Customer FC2E2","Express Checkout Payment","Completed","EUR","178.95","-4.81","174.14","buyerfc2e2@example.com","shop@nordlicht-outdoor.example","B9E061EEDFC2E2","","8628","9181.09","Credit"
"15/03/2026","12:28:14","Europe/Berlin","Customer 903B8","Express Checkout Payment","Completed","EUR","308.00","-8.02","299.98","buyer903b8@example.com","shop@nordlicht-outdoor.example","868FD1358903B8","","8654","9481.07","Credit"
"15/03/2026","13:10:23","Europe/Berlin","Customer 65E70","Express Checkout Payment","Completed","EUR","230.95","-6.10","224.85","buyer65e70@example.com","shop@nordlicht-outdoor.example","14949CC68765E70","","8661","9705.92","Credit"
"15/03/2026","13:21:54","Europe/Berlin","Customer 345CE","Express Checkout Payment","Completed","EUR","100.95","-2.86","98.09","buyer345ce@example.com","shop@nordlicht-outdoor.example","75ECEBE1E345CE","","8663","9804.01","Credit"
"15/03/2026","13:54:37","Europe/Berlin","Customer 464C2","Express Checkout Payment","Completed","EUR","139.00","-3.81","135.19","buyer464c2@example.com","shop@nordlicht-outdoor.example","25E21C946464C2","","8668","9939.20","Credit"
"15/03/2026","15:02:11","Europe/Berlin","Customer 46927","Express Checkout Payment","Completed","EUR","423.00","-10.88","412.12","buyer46927@example.com","shop@nordlicht-outdoor.example","A66BDC78A46927","","8676","10351.32","Credit"
"15/03/2026","15:09:09","Europe/Berlin","Customer F54D6","Express Checkout Payment","Completed","EUR","109.00","-3.06","105.94","buyerf54d6@example.com","shop@nordlicht-outdoor.example","32B0EBBCDF54D6","","8677","10457.26","Credit"
"15/03/2026","15:26:08","Europe/Berlin","Customer 1011E","Express Checkout Payment","Completed","EUR","76.95","-2.27","74.68","buyer1011e@example.com","shop@nordlicht-outdoor.example","10C4D4E1971011E","","8683","10531.94","Credit"
"15/03/2026","15:48:26","Europe/Berlin","Customer 87D05","Express Checkout Payment","Completed","EUR","62.95","-1.92","61.03","buyer87d05@example.com","shop@nordlicht-outdoor.example","143D070E8D87D05","","8688","10592.97","Credit"
"15/03/2026","16:40:47","Europe/Berlin","Customer 3644B","Express Checkout Payment","Completed","EUR","447.00","-11.48","435.52","buyer3644b@example.com","shop@nordlicht-outdoor.example","10DC682CDC3644B","","8694","11028.49","Credit"
"15/03/2026","17:14:39","Europe/Berlin","Customer F8B24","Express Checkout Payment","Completed","EUR","31.95","-1.15","30.80","buyerf8b24@example.com","shop@nordlicht-outdoor.example","158EAF9446F8B24","","8698","11059.29","Credit"
"15/03/2026","18:21:53","Europe/Berlin","Customer F5E81","Express Checkout Payment","Completed","EUR","253.95","-6.67","247.28","buyerf5e81@example.com","shop@nordlicht-outdoor.example","39CD56507F5E81","","8708","11306.57","Credit"
"15/03/2026","18:30:44","Europe/Berlin","Customer EB205","Express Checkout Payment","Completed","EUR","392.00","-10.11","381.89","buyereb205@example.com","shop@nordlicht-outdoor.example","EBF53FB2DEB205","","8710","11688.46","Credit"
"15/03/2026","18:50:58","Europe/Berlin","Customer 6C82E","Express Checkout Payment","Completed","EUR","208.00","-5.53","202.47","buyer6c82e@example.com","shop@nordlicht-outdoor.example","F9FC74FE86C82E","","8714","11890.93","Credit"
"15/03/2026","19:01:51","Europe/Berlin","Customer 203EC","Express Checkout Payment","Completed","EUR","229.00","-6.05","222.95","buyer203ec@example.com","shop@nordlicht-outdoor.example","ABFC43704203EC","","8715","12113.88","Credit"
"15/03/2026","19:25:04","Europe/Berlin","Customer A8239","Express Checkout Payment","Completed","EUR","109.00","-3.06","105.94","buyera8239@example.com","shop@nordlicht-outdoor.example","847A278EFA8239","","8716","12219.82","Credit"
"15/03/2026","19:34:11","Europe/Berlin","Customer 8B775","Express Checkout Payment","Completed","EUR","258.00","-6.77","251.23","buyer8b775@example.com","shop@nordlicht-outdoor.example","8C88E45AC8B775","","8718","12471.05","Credit"
"15/03/2026","19:41:18","Europe/Berlin","Customer 8F89B","Express Checkout Payment","Completed","EUR","227.00","-6.00","221.00","buyer8f89b@example.com","shop@nordlicht-outdoor.example","69F6C32A08F89B","","8721","12692.05","Credit"
"15/03/2026","20:23:02","Europe/Berlin","Customer 8848E","Express Checkout Payment","Completed","EUR","222.30","-5.89","216.41","buyer8848e@example.com","shop@nordlicht-outdoor.example","BCA822B728848E","","8725","12908.46","Credit"
"15/03/2026","20:34:53","Europe/Berlin","Customer 07D33","Express Checkout Payment","Completed","EUR","412.80","-10.63","402.17","buyer07d33@example.com","shop@nordlicht-outdoor.example","FC89FD44307D33","","8730","13310.63","Credit"
"15/03/2026","21:27:48","Europe/Berlin","Customer C4DDC","Express Checkout Payment","Completed","EUR","89.00","-2.57","86.43","buyerc4ddc@example.com","shop@nordlicht-outdoor.example","12BB799069C4DDC","","8740","13397.06","Credit"
"15/03/2026","21:59:23","Europe/Berlin","Customer 4F83C","Express Checkout Payment","Completed","EUR","102.00","-2.89","99.11","buyer4f83c@example.com","shop@nordlicht-outdoor.example","A3C89CAAC4F83C","","8742","13496.17","Credit"
"15/03/2026","22:27:19","Europe/Berlin","Customer BEBEC","Express Checkout Payment","Completed","EUR","116.00","-3.24","112.76","buyerbebec@example.com","shop@nordlicht-outdoor.example","14437751FBBEBEC","","8745","13608.93","Credit"
"15/03/2026","23:07:21","Europe/Berlin","Customer AEA93","Express Checkout Payment","Completed","EUR","89.00","-2.57","86.43","buyeraea93@example.com","shop@nordlicht-outdoor.example","1410E29686AEA93","","8750","13695.36","Credit"
"16/03/2026","01:50:21","Europe/Berlin","Customer 4FB69","Express Checkout Payment","Completed","EUR","274.00","-7.17","266.83","buyer4fb69@example.com","shop@nordlicht-outdoor.example","2FA967A604FB69","","8755","13962.19","Credit"
"16/03/2026","07:58:30","Europe/Berlin","Customer 68ACC","Express Checkout Payment","Completed","EUR","80.10","-2.34","77.76","buyer68acc@example.com","shop@nordlicht-outdoor.example","97764F74668ACC","","8773","14039.95","Credit"
"16/03/2026","09:10:02","Europe/Berlin","Customer D5200","Express Checkout Payment","Completed","EUR","135.00","-3.71","131.29","buyerd5200@example.com","shop@nordlicht-outdoor.example","8068ABDABD5200","","8777","14171.24","Credit"
"16/03/2026","09:11:38","Europe/Berlin","Customer B0401","Express Checkout Payment","Completed","EUR","38.95","-1.32","37.63","buyerb0401@example.com","shop@nordlicht-outdoor.example","15DF1D176BB0401","","8778","14208.87","Credit"
"16/03/2026","09:38:50","Europe/Berlin","Customer 15F63","Express Checkout Payment","Completed","EUR","66.95","-2.02","64.93","buyer15f63@example.com","shop@nordlicht-outdoor.example","11038C822015F63","","8781","14273.80","Credit"
"16/03/2026","11:31:55","Europe/Berlin","Customer 05EDF","Express Checkout Payment","Completed","EUR","249.00","-6.55","242.45","buyer05edf@example.com","shop@nordlicht-outdoor.example","3A879566C05EDF","","8789","14516.25","Credit"
"16/03/2026","12:37:16","Europe/Berlin","Customer B622B","Express Checkout Payment","Completed","EUR","163.00","-4.41","158.59","buyerb622b@example.com","shop@nordlicht-outdoor.example","E877E6546B622B","","8797","14674.84","Credit"
"16/03/2026","12:50:56","Europe/Berlin","Customer A70F7","Express Checkout Payment","Completed","EUR","288.00","-7.52","280.48","buyera70f7@example.com","shop@nordlicht-outdoor.example","BFAAB100EA70F7","","8798","14955.32","Credit"
"16/03/2026","12:55:30","Europe/Berlin","Customer 47CAD","Express Checkout Payment","Completed","EUR","23.95","-0.95","23.00","buyer47cad@example.com","shop@nordlicht-outdoor.example","269460E1847CAD","","8799","14978.32","Credit"
"16/03/2026","13:19:04","Europe/Berlin","Customer 24498","Express Checkout Payment","Completed","EUR","498.00","-12.75","485.25","buyer24498@example.com","shop@nordlicht-outdoor.example","7F8DCC8D824498","","8801","15463.57","Credit"
"16/03/2026","13:46:10","Europe/Berlin","Customer E2C90","Express Checkout Payment","Completed","EUR","325.00","-8.44","316.56","buyere2c90@example.com","shop@nordlicht-outdoor.example","134942B1A8E2C90","","8804","15780.13","Credit"
"16/03/2026","14:38:35","Europe/Berlin","Customer 5686D","Express Checkout Payment","Completed","EUR","270.95","-7.10","263.85","buyer5686d@example.com","shop@nordlicht-outdoor.example","B83AEC3205686D","","8810","16043.98","Credit"
"16/03/2026","15:55:30","Europe/Berlin","Customer E37D4","Express Checkout Payment","Completed","EUR","139.00","-3.81","135.19","buyere37d4@example.com","shop@nordlicht-outdoor.example","11F6804D3DE37D4","","8818","16179.17","Credit"
"16/03/2026","16:37:50","Europe/Berlin","Customer CE455","Express Checkout Payment","Completed","EUR","151.20","-4.11","147.09","buyerce455@example.com","shop@nordlicht-outdoor.example","15873C941CCE455","","8822","16326.26","Credit"
"16/03/2026","16:42:35","Europe/Berlin","Customer AF735","Express Checkout Payment","Completed","EUR","79.65","-2.33","77.32","buyeraf735@example.com","shop@nordlicht-outdoor.example","CE4C35F0EAF735","","8824","16403.58","Credit"
"16/03/2026","19:34:48","Europe/Berlin","Customer 1F7A6","Express Checkout Payment","Completed","EUR","377.00","-9.74","367.26","buyer1f7a6@example.com","shop@nordlicht-outdoor.example","CBE31F54B1F7A6","","8842","16770.84","Credit"
"16/03/2026","20:50:03","Europe/Berlin","Customer 4C6DA","Express Checkout Payment","Completed","EUR","198.00","-5.28","192.72","buyer4c6da@example.com","shop@nordlicht-outdoor.example","7B92227B84C6DA","","8852","16963.56","Credit"
"16/03/2026","20:59:14","Europe/Berlin","Customer F4900","Express Checkout Payment","Completed","EUR","109.00","-3.06","105.94","buyerf4900@example.com","shop@nordlicht-outdoor.example","E784015A5F4900","","8854","17069.50","Credit"
"16/03/2026","21:18:21","Europe/Berlin","Customer F93FD","Express Checkout Payment","Completed","EUR","201.95","-5.38","196.57","buyerf93fd@example.com","shop@nordlicht-outdoor.example","F737CC3FAF93FD","","8858","17266.07","Credit"
"16/03/2026","22:29:46","Europe/Berlin","Customer DEDF9","Payment Refund","Completed","EUR","-8.93","0.35","-8.58","shop@nordlicht-outdoor.example","","8FC5C9BC1DEDF9","106B5583EE81541","7595","17257.49","Debit"
"16/03/2026","22:49:33","Europe/Berlin","Customer 5F45D","Express Checkout Payment","Completed","EUR","307.00","-7.99","299.01","buyer5f45d@example.com","shop@nordlicht-outdoor.example","DE4D711155F45D","","8869","17556.50","Credit"
"16/03/2026","23:04:36","Europe/Berlin","Customer C9CA8","Payment Refund","Completed","EUR","-259.00","6.45","-252.55","shop@nordlicht-outdoor.example","","41CC4519AC9CA8","138DADD32221DF9","8549","17303.95","Debit"
"16/03/2026","23:13:10","Europe/Berlin","Customer 84A3F","Payment Refund","Completed","EUR","-119.00","2.96","-116.04","shop@nordlicht-outdoor.example","","129B31279A84A3F","71C3CDD239AC81","8110","17187.91","Debit"
"16/03/2026","23:36:43","Europe/Berlin","Customer CA88A","Express Checkout Payment","Completed","EUR","23.95","-0.95","23.00","buyerca88a@example.com","shop@nordlicht-outdoor.example","945E86014CA88A","","8872","17210.91","Credit"
"17/03/2026","00:09:04","Europe/Berlin","Customer 35FB0","Express Checkout Payment","Completed","EUR","89.00","-2.57","86.43","buyer35fb0@example.com","shop@nordlicht-outdoor.example","5BD01886335FB0","","8874","17297.34","Credit"
"17/03/2026","03:34:30","Europe/Berlin","Customer FB07B","Express Checkout Payment","Completed","EUR","99.00","-2.82","96.18","buyerfb07b@example.com","shop@nordlicht-outdoor.example","61F5DDE8EFB07B","","8875","17393.52","Credit"
"17/03/2026","04:39:43","Europe/Berlin","Customer AFB2B","Express Checkout Payment","Completed","EUR","488.00","-12.50","475.50","buyerafb2b@example.com","shop@nordlicht-outdoor.example","10BAFAA962AFB2B","","8877","17869.02","Credit"
"17/03/2026","05:14:15","Europe/Berlin","Customer F61EC","Payment Refund","Completed","EUR","-88.00","2.19","-85.81","shop@nordlicht-outdoor.example","","14CFC6CC03F61EC","7CC5AACA04C030","7778","17783.21","Debit"
"17/03/2026","08:16:26","Europe/Berlin","Customer 24925","Express Checkout Payment","Completed","EUR","240.00","-6.33","233.67","buyer24925@example.com","shop@nordlicht-outdoor.example","DBA17A8B624925","","8879","18016.88","Credit"
"17/03/2026","09:09:37","Europe/Berlin","Customer BECE2","Express Checkout Payment","Completed","EUR","205.00","-5.45","199.55","buyerbece2@example.com","shop@nordlicht-outdoor.example","9405DCD89BECE2","","8882","18216.43","Credit"
"17/03/2026","09:11:49","Europe/Berlin","Customer 316EC","Express Checkout Payment","Completed","EUR","128.00","-3.54","124.46","buyer316ec@example.com","shop@nordlicht-outdoor.example","2A9228DEF316EC","","8883","18340.89","Credit"
"17/03/2026","10:48:12","Europe/Berlin","Customer E52F4","Payment Refund","Completed","EUR","-125.10","3.38","-121.72","shop@nordlicht-outdoor.example","","BAB42B067E52F4","1576C9E8B2C9FF6","8344","18219.17","Debit"
"17/03/2026","11:20:29","Europe/Berlin","Customer 5D43B","Express Checkout Payment","Completed","EUR","579.95","-14.79","565.16","buyer5d43b@example.com","shop@nordlicht-outdoor.example","14A7E91B515D43B","","8891","18784.33","Credit"
"17/03/2026","11:39:25","Europe/Berlin","Customer 18EA8","Express Checkout Payment","Completed","EUR","37.95","-1.29","36.66","buyer18ea8@example.com","shop@nordlicht-outdoor.example","6402D0B2518EA8","","8893","18820.99","Credit"
"17/03/2026","12:42:15","Europe/Berlin","Customer 3602F","Payment Refund","Completed","EUR","-146.70","3.65","-143.05","shop@nordlicht-outdoor.example","","AFDE5E22B3602F","D6393CD5D45103","7797","18677.94","Debit"
"17/03/2026","13:09:22","Europe/Berlin","Customer 2E7C7","Express Checkout Payment","Completed","EUR","100.00","-2.84","97.16","buyer2e7c7@example.com","shop@nordlicht-outdoor.example","E73AFEEAD2E7C7","","8898","18775.10","Credit"
"17/03/2026","13:20:53","Europe/Berlin","Customer 447AF","Express Checkout Payment","Completed","EUR","201.95","-5.38","196.57","buyer447af@example.com","shop@nordlicht-outdoor.example","11B9CE6277447AF","","8899","18971.67","Credit"
"17/03/2026","13:49:33","Europe/Berlin","Customer 699BA","Express Checkout Payment","Completed","EUR","240.00","-6.33","233.67","buyer699ba@example.com","shop@nordlicht-outdoor.example","6E245E106699BA","","8900","19205.34","Credit"
"17/03/2026","13:54:01","Europe/Berlin","Customer 0B926","Express Checkout Payment","Completed","EUR","164.15","-4.44","159.71","buyer0b926@example.com","shop@nordlicht-outdoor.example","FF970F5A90B926","","8903","19365.05","Credit"
"17/03/2026","13:55:59","Europe/Berlin","Customer D43E5","Express Checkout Payment","Completed","EUR","76.95","-2.27","74.68","buyerd43e5@example.com","shop@nordlicht-outdoor.example","CE5724A16D43E5","","8904","19439.73","Credit"
"17/03/2026","14:18:29","Europe/Berlin","Customer A0A62","Express Checkout Payment","Completed","EUR","274.00","-7.17","266.83","buyera0a62@example.com","shop@nordlicht-outdoor.example","5DC3EF561A0A62","","8908","19706.56","Credit"
"17/03/2026","14:20:02","Europe/Berlin","Customer 3540C","Express Checkout Payment","Completed","EUR","23.95","-0.95","23.00","buyer3540c@example.com","shop@nordlicht-outdoor.example","69D570AAB3540C","","8909","19729.56","Credit"
"17/03/2026","14:49:54","Europe/Berlin","Customer 441BE","Express Checkout Payment","Completed","EUR","96.00","-2.74","93.26","buyer441be@example.com","shop@nordlicht-outdoor.example","DA3158F2B441BE","","8912","19822.82","Credit"
"17/03/2026","15:06:24","Europe/Berlin","Customer E205B","Express Checkout Payment","Completed","EUR","232.00","-6.13","225.87","buyere205b@example.com","shop@nordlicht-outdoor.example","9D673686DE205B","","8913","20048.69","Credit"
"17/03/2026","17:49:05","Europe/Berlin","Customer E64BF","Express Checkout Payment","Completed","EUR","67.95","-2.04","65.91","buyere64bf@example.com","shop@nordlicht-outdoor.example","1149AA64EEE64BF","","8928","20114.60","Credit"
"17/03/2026","18:29:44","Europe/Berlin","Customer AC7E5","Express Checkout Payment","Completed","EUR","571.95","-14.59","557.36","buyerac7e5@example.com","shop@nordlicht-outdoor.example","38440B092AC7E5","","8941","20671.96","Credit"
"17/03/2026","18:36:16","Europe/Berlin","Customer 97855","Express Checkout Payment","Completed","EUR","23.95","-0.95","23.00","buyer97855@example.com","shop@nordlicht-outdoor.example","12CB3643DD97855","","8942","20694.96","Credit"
"17/03/2026","19:04:11","Europe/Berlin","Customer 911B6","Express Checkout Payment","Completed","EUR","126.00","-3.49","122.51","buyer911b6@example.com","shop@nordlicht-outdoor.example","81F813006911B6","","8945","20817.47","Credit"
"17/03/2026","19:18:45","Europe/Berlin","Customer 19070","Express Checkout Payment","Completed","EUR","60.15","-1.85","58.30","buyer19070@example.com","shop@nordlicht-outdoor.example","448D555B019070","","8949","20875.77","Credit"
"17/03/2026","20:08:06","Europe/Berlin","Customer 9EE5E","Express Checkout Payment","Completed","EUR","122.55","-3.40","119.15","buyer9ee5e@example.com","shop@nordlicht-outdoor.example","995BFF8349EE5E","","8955","20994.92","Credit"
"17/03/2026","20:10:32","Europe/Berlin","Customer 9C393","Express Checkout Payment","Completed","EUR","224.10","-5.93","218.17","buyer9c393@example.com","shop@nordlicht-outdoor.example","13E17746689C393","","8956","21213.09","Credit"
"17/03/2026","20:15:00","Europe/Berlin","Customer 3D3ED","Express Checkout Payment","Completed","EUR","29.95","-1.10","28.85","buyer3d3ed@example.com","shop@nordlicht-outdoor.example","84EEC22EA3D3ED","","8958","21241.94","Credit"
"17/03/2026","21:19:57","Europe/Berlin","Customer 12C3F","Express Checkout Payment","Completed","EUR","104.00","-2.94","101.06","buyer12c3f@example.com","shop@nordlicht-outdoor.example","13413932FD12C3F","","8963","21343.00","Credit"
"17/03/2026","21:26:08","Europe/Berlin","Customer 5147B","Express Checkout Payment","Completed","EUR","317.15","-8.25","308.90","buyer5147b@example.com","shop@nordlicht-outdoor.example","1143F7AAD85147B","","8965","21651.90","Credit"
"17/03/2026","21:36:03","Europe/Berlin","Customer 86842","Payment Refund","Completed","EUR","-207.00","5.15","-201.85","shop@nordlicht-outdoor.example","","7B0E047CC86842","9C0D5DA84F3894","7813","21450.05","Debit"
"18/03/2026","00:04:21","Europe/Berlin","Customer A1E1D","Express Checkout Payment","Completed","EUR","62.95","-1.92","61.03","buyera1e1d@example.com","shop@nordlicht-outdoor.example","B8F966F30A1E1D","","8973","21511.08","Credit"
"18/03/2026","00:39:35","Europe/Berlin","Customer F63F0","Express Checkout Payment","Completed","EUR","755.00","-19.15","735.85","buyerf63f0@example.com","shop@nordlicht-outdoor.example","9881E00E8F63F0","","8974","22246.93","Credit"
"18/03/2026","08:15:07","Europe/Berlin","Customer A0644","Express Checkout Payment","Completed","EUR","28.95","-1.07","27.88","buyera0644@example.com","shop@nordlicht-outdoor.example","7EAD389F8A0644","","8978","22274.81","Credit"
"18/03/2026","09:13:45","Europe/Berlin","Customer D1079","Express Checkout Payment","Completed","EUR","67.95","-2.04","65.91","buyerd1079@example.com","shop@nordlicht-outdoor.example","5ADAF5CDDD1079","","8987","22340.72","Credit"
"18/03/2026","09:26:18","Europe/Berlin","Customer E0F57","Express Checkout Payment","Completed","EUR","196.00","-5.23","190.77","buyere0f57@example.com","shop@nordlicht-outdoor.example","2C2C735DFE0F57","","8988","22531.49","Credit"
"18/03/2026","09:46:23","Europe/Berlin","Customer 284AD","Express Checkout Payment","Completed","EUR","29.95","-1.10","28.85","buyer284ad@example.com","shop@nordlicht-outdoor.example","1222EBA7BE284AD","","8990","22560.34","Credit"
"18/03/2026","12:08:36","Europe/Berlin","Customer DFFDB","Express Checkout Payment","Completed","EUR","23.95","-0.95","23.00","buyerdffdb@example.com","shop@nordlicht-outdoor.example","E1669892ADFFDB","","8999","22583.34","Credit"
"18/03/2026","12:10:45","Europe/Berlin","Customer 1DC0E","Express Checkout Payment","Completed","EUR","76.95","-2.27","74.68","buyer1dc0e@example.com","shop@nordlicht-outdoor.example","F8FED1ED11DC0E","","9001","22658.02","Credit"
"18/03/2026","12:22:17","Europe/Berlin","Customer 756EA","Payment Refund","Completed","EUR","-89.00","2.48","-86.52","shop@nordlicht-outdoor.example","","656A0CBA8756EA","2F6BC08276ED20","8415","22571.50","Debit"
"18/03/2026","13:12:17","Europe/Berlin","Customer B98B3","Express Checkout Payment","Completed","EUR","33.95","-1.20","32.75","buyerb98b3@example.com","shop@nordlicht-outdoor.example","9846841FFB98B3","","9007","22604.25","Credit"
"18/03/2026","13:27:33","Europe/Berlin","Customer A0CB9","Express Checkout Payment","Completed","EUR","325.25","-8.45","316.80","buyera0cb9@example.com","shop@nordlicht-outdoor.example","FDC6AEB33A0CB9","","9008","22921.05","Credit"
"18/03/2026","13:37:25","Europe/Berlin","Customer 9C6E2","Express Checkout Payment","Completed","EUR","319.95","-8.32","311.63","buyer9c6e2@example.com","shop@nordlicht-outdoor.example","1340BF3B6A9C6E2","","9010","23232.68","Credit"
"18/03/2026","13:48:17","Europe/Berlin","Customer C64BF","Express Checkout Payment","Completed","EUR","505.00","-12.92","492.08","buyerc64bf@example.com","shop@nordlicht-outdoor.example","AF9B64E3EC64BF","","9012","23724.76","Credit"
"18/03/2026","14:54:28","Europe/Berlin","Customer 88A53","Express Checkout Payment","Completed","EUR","146.00","-3.99","142.01","buyer88a53@example.com","shop@nordlicht-outdoor.example","B3CCE565188A53","","9013","23866.77","Credit"
"18/03/2026","15:05:16","Europe/Berlin","Customer C5A02","Express Checkout Payment","Completed","EUR","498.00","-12.75","485.25","buyerc5a02@example.com","shop@nordlicht-outdoor.example","925368DC8C5A02","","9015","24352.02","Credit"
"18/03/2026","16:53:28","Europe/Berlin","Customer 6E50F","Express Checkout Payment","Completed","EUR","62.55","-1.91","60.64","buyer6e50f@example.com","shop@nordlicht-outdoor.example","1606AED1AA6E50F","","9024","24412.66","Credit"
"18/03/2026","17:18:33","Europe/Berlin","Customer 5BC5B","Express Checkout Payment","Completed","EUR","972.80","-24.57","948.23","buyer5bc5b@example.com","shop@nordlicht-outdoor.example","35D9A596C5BC5B","","9028","25360.89","Credit"
"18/03/2026","17:55:52","Europe/Berlin","Customer B09F6","Express Checkout Payment","Completed","EUR","116.00","-3.24","112.76","buyerb09f6@example.com","shop@nordlicht-outdoor.example","3CDAD7203B09F6","","9030","25473.65","Credit"
"18/03/2026","18:07:10","Europe/Berlin","Customer A2EEB","Express Checkout Payment","Completed","EUR","47.95","-1.54","46.41","buyera2eeb@example.com","shop@nordlicht-outdoor.example","31C1D666DA2EEB","","9031","25520.06","Credit"
"18/03/2026","18:14:10","Europe/Berlin","Customer 10003","Express Checkout Payment","Completed","EUR","665.00","-16.91","648.09","buyer10003@example.com","shop@nordlicht-outdoor.example","97EB8264E10003","","9033","26168.15","Credit"
"18/03/2026","18:24:32","Europe/Berlin","Customer 07A2A","Express Checkout Payment","Completed","EUR","263.20","-6.90","256.30","buyer07a2a@example.com","shop@nordlicht-outdoor.example","1264D70FB707A2A","","9034","26424.45","Credit"
"18/03/2026","18:26:11","Europe/Berlin","Customer BCB26","Express Checkout Payment","Completed","EUR","327.00","-8.49","318.51","buyerbcb26@example.com","shop@nordlicht-outdoor.example","15D2FFEEF4BCB26","","9035","26742.96","Credit"
"18/03/2026","18:31:48","Europe/Berlin","Customer 2A357","Express Checkout Payment","Completed","EUR","335.00","-8.69","326.31","buyer2a357@example.com","shop@nordlicht-outdoor.example","DE770B2EA2A357","","9037","27069.27","Credit"
"18/03/2026","18:56:07","Europe/Berlin","Customer 492C3","Express Checkout Payment","Completed","EUR","281.00","-7.35","273.65","buyer492c3@example.com","shop@nordlicht-outdoor.example","FCA663EED492C3","","9042","27342.92","Credit"
"18/03/2026","19:15:31","Europe/Berlin","Customer 3B395","Express Checkout Payment","Completed","EUR","286.00","-7.47","278.53","buyer3b395@example.com","shop@nordlicht-outdoor.example","5D96A610E3B395","","9045","27621.45","Credit"
"18/03/2026","19:55:01","Europe/Berlin","Customer 4145E","Express Checkout Payment","Completed","EUR","42.95","-1.42","41.53","buyer4145e@example.com","shop@nordlicht-outdoor.example","154B00065C4145E","","9053","27662.98","Credit"
"18/03/2026","19:58:18","Europe/Berlin","Customer 453C1","Express Checkout Payment","Completed","EUR","101.95","-2.89","99.06","buyer453c1@example.com","shop@nordlicht-outdoor.example","312F49952453C1","","9054","27762.04","Credit"
"18/03/2026","20:05:58","Europe/Berlin","Customer 91E14","Express Checkout Payment","Completed","EUR","98.10","-2.79","95.31","buyer91e14@example.com","shop@nordlicht-outdoor.example","DFE9279F691E14","","9056","27857.35","Credit"
"18/03/2026","21:28:56","Europe/Berlin","Customer 97C3F","Express Checkout Payment","Completed","EUR","482.95","-12.38","470.57","buyer97c3f@example.com","shop@nordlicht-outdoor.example","4113A21C897C3F","","9064","28327.92","Credit"
"18/03/2026","21:33:36","Europe/Berlin","Customer 982B3","Express Checkout Payment","Completed","EUR","189.00","-5.06","183.94","buyer982b3@example.com","shop@nordlicht-outdoor.example","DEFA10AB7982B3","","9065","28511.86","Credit"
"18/03/2026","21:45:59","Europe/Berlin","Customer 4C048","Express Checkout Payment","Completed","EUR","118.00","-3.29","114.71","buyer4c048@example.com","shop@nordlicht-outdoor.example","4939D475E4C048","","9066","28626.57","Credit"
"18/03/2026","21:54:09","Europe/Berlin","Customer CD218","Express Checkout Payment","Completed","EUR","91.00","-2.62","88.38","buyercd218@example.com","shop@nordlicht-outdoor.example","143821AA20CD218","","9067","28714.95","Credit"
"18/03/2026","22:48:43","Europe/Berlin","Customer 91D5E","Express Checkout Payment","Completed","EUR","96.00","-2.74","93.26","buyer91d5e@example.com","shop@nordlicht-outdoor.example","12F94AA99091D5E","","9077","28808.21","Credit"
"18/03/2026","23:58:15","Europe/Berlin","Customer 6F539","Payment Refund","Completed","EUR","-35.35","0.88","-34.47","shop@nordlicht-outdoor.example","","3FCF33C116F539","3FC99AC574AB1F","7469","28773.74","Debit"
"19/03/2026","00:27:52","Europe/Berlin","Customer 04A6E","Express Checkout Payment","Completed","EUR","108.00","-3.04","104.96","buyer04a6e@example.com","shop@nordlicht-outdoor.example","C004C373D04A6E","","9082","28878.70","Credit"
"19/03/2026","06:34:11","Europe/Berlin","Customer 65D8C","Payment Refund","Completed","EUR","-78.00","1.94","-76.06","shop@nordlicht-outdoor.example","","106B7246D865D8C","DEA93B511DBCBE","8478","28802.64","Debit"
"19/03/2026","08:24:12","Europe/Berlin","Customer 603AF","Express Checkout Payment","Completed","EUR","60.15","-1.85","58.30","buyer603af@example.com","shop@nordlicht-outdoor.example","DEC3EE3B9603AF","","9091","28860.94","Credit"
"19/03/2026","08:44:00","Europe/Berlin","Customer A0A3C","Express Checkout Payment","Completed","EUR","656.00","-16.68","639.32","buyera0a3c@example.com","shop@nordlicht-outdoor.example","151C75AD92A0A3C","","9092","29500.26","Credit"
"19/03/2026","09:20:16","Europe/Berlin","Customer E507B","Express Checkout Payment","Completed","EUR","313.00","-8.14","304.86","buyere507b@example.com","shop@nordlicht-outdoor.example","E63DC70C7E507B","","9096","29805.12","Credit"
"19/03/2026","10:47:05","Europe/Berlin","Customer 6A677","Express Checkout Payment","Completed","EUR","267.00","-7.00","260.00","buyer6a677@example.com","shop@nordlicht-outdoor.example","D73E123C66A677","","9102","30065.12","Credit"
"19/03/2026","10:52:55","Europe/Berlin","Customer 16EFD","Express Checkout Payment","Completed","EUR","79.20","-2.32","76.88","buyer16efd@example.com","shop@nordlicht-outdoor.example","81FF4BEE716EFD","","9104","30142.00","Credit"
"19/03/2026","11:28:41","Europe/Berlin","Customer 07D86","Express Checkout Payment","Completed","EUR","143.00","-3.91","139.09","buyer07d86@example.com","shop@nordlicht-outdoor.example","11D369D28807D86","","9106","30281.09","Credit"
"19/03/2026","15:03:08","Europe/Berlin","Customer 9D08D","Express Checkout Payment","Completed","EUR","223.00","-5.90","217.10","buyer9d08d@example.com","shop@nordlicht-outdoor.example","7F166E8389D08D","","9121","30498.19","Credit"
"19/03/2026","15:29:58","Europe/Berlin","Customer 959B1","Express Checkout Payment","Completed","EUR","259.20","-6.80","252.40","buyer959b1@example.com","shop@nordlicht-outdoor.example","E5A139B9D959B1","","9125","30750.59","Credit"
"19/03/2026","16:22:22","Europe/Berlin","Customer 5C28F","Express Checkout Payment","Completed","EUR","497.00","-12.73","484.27","buyer5c28f@example.com","shop@nordlicht-outdoor.example","380A8307E5C28F","","9129","31234.86","Credit"
"19/03/2026","17:05:46","Europe/Berlin","Customer 65B88","Express Checkout Payment","Completed","EUR","49.95","-1.59","48.36","buyer65b88@example.com","shop@nordlicht-outdoor.example","CC569644F65B88","","9132","31283.22","Credit"
"19/03/2026","18:21:53","Europe/Berlin","Customer 35991","Express Checkout Payment","Completed","EUR","42.95","-1.42","41.53","buyer35991@example.com","shop@nordlicht-outdoor.example","108D4F7EB935991","","9137","31324.75","Credit"
"19/03/2026","18:57:32","Europe/Berlin","Customer 70C2C","Express Checkout Payment","Completed","EUR","89.00","-2.57","86.43","buyer70c2c@example.com","shop@nordlicht-outdoor.example","67ED1A01970C2C","","9142","31411.18","Credit"
"19/03/2026","18:59:32","Europe/Berlin","Customer 020DA","Express Checkout Payment","Completed","EUR","166.00","-4.48","161.52","buyer020da@example.com","shop@nordlicht-outdoor.example","8D395A078020DA","","9143","31572.70","Credit"
"19/03/2026","20:19:07","Europe/Berlin","Customer 4D456","Express Checkout Payment","Completed","EUR","65.95","-1.99","63.96","buyer4d456@example.com","shop@nordlicht-outdoor.example","10CC07D54F4D456","","9152","31636.66","Credit"
"19/03/2026","21:30:01","Europe/Berlin","Customer ED3F6","Express Checkout Payment","Completed","EUR","89.00","-2.57","86.43","buyered3f6@example.com","shop@nordlicht-outdoor.example","15DBABDEF5ED3F6","","9162","31723.09","Credit"
"19/03/2026","21:46:26","Europe/Berlin","Customer A950C","Express Checkout Payment","Completed","EUR","223.00","-5.90","217.10","buyera950c@example.com","shop@nordlicht-outdoor.example","36736730EA950C","","9164","31940.19","Credit"
"19/03/2026","21:47:27","Europe/Berlin","Customer 99FEC","Express Checkout Payment","Completed","EUR","137.00","-3.76","133.24","buyer99fec@example.com","shop@nordlicht-outdoor.example","3DE6D585099FEC","","9165","32073.43","Credit"
"19/03/2026","23:49:57","Europe/Berlin","Customer 1551F","Express Checkout Payment","Completed","EUR","201.95","-5.38","196.57","buyer1551f@example.com","shop@nordlicht-outdoor.example","B37CC8F331551F","","9173","32270.00","Credit"
"20/03/2026","00:37:16","Europe/Berlin","Customer E7C43","Express Checkout Payment","Completed","EUR","148.00","-4.04","143.96","buyere7c43@example.com","shop@nordlicht-outdoor.example","69FB27C15E7C43","","9174","32413.96","Credit"
"20/03/2026","04:18:15","Europe/Berlin","Customer BCEDA","Express Checkout Payment","Completed","EUR","279.00","-7.30","271.70","buyerbceda@example.com","shop@nordlicht-outdoor.example","12C71368CEBCEDA","","9177","32685.66","Credit"
"20/03/2026","08:40:49","Europe/Berlin","Customer 03D57","Express Checkout Payment","Completed","EUR","99.00","-2.82","96.18","buyer03d57@example.com","shop@nordlicht-outdoor.example","104B65FE2F03D57","","9191","32781.84","Credit"
"20/03/2026","09:00:00","Europe/Berlin","Bank Account","General Withdrawal","Completed","EUR","-32281.84","0.00","-32281.84","shop@nordlicht-outdoor.example","","WD8437989683853","","","500.00","Debit"
"20/03/2026","09:27:12","Europe/Berlin","Customer E59D8","Express Checkout Payment","Completed","EUR","33.95","-1.20","32.75","buyere59d8@example.com","shop@nordlicht-outdoor.example","843C23749E59D8","","9197","532.75","Credit"
"20/03/2026","10:13:45","Europe/Berlin","Customer 2EA40","Express Checkout Payment","Completed","EUR","65.95","-1.99","63.96","buyer2ea40@example.com","shop@nordlicht-outdoor.example","5C33FA8C42EA40","","9202","596.71","Credit"
"20/03/2026","10:59:14","Europe/Berlin","Customer 7BD58","Express Checkout Payment","Completed","EUR","498.00","-12.75","485.25","buyer7bd58@example.com","shop@nordlicht-outdoor.example","64C3F5DA07BD58","","9204","1081.96","Credit"
"20/03/2026","11:41:52","Europe/Berlin","Customer 494E2","Express Checkout Payment","Completed","EUR","29.95","-1.10","28.85","buyer494e2@example.com","shop@nordlicht-outdoor.example","11A991BB40494E2","","9207","1110.81","Credit"
"20/03/2026","11:57:41","Europe/Berlin","Customer BCC37","Express Checkout Payment","Completed","EUR","92.15","-2.64","89.51","buyerbcc37@example.com","shop@nordlicht-outdoor.example","934D6A386BCC37","","9210","1200.32","Credit"
"20/03/2026","12:12:44","Europe/Berlin","Customer 44242","Express Checkout Payment","Completed","EUR","279.00","-7.30","271.70","buyer44242@example.com","shop@nordlicht-outdoor.example","8B2E4585344242","","9215","1472.02","Credit"
"20/03/2026","12:21:55","Europe/Berlin","Customer AAEBE","Payment Refund","Completed","EUR","-89.00","2.26","-86.74","shop@nordlicht-outdoor.example","","5159FAF8FAAEBE","15FBA8C1A3CF307","7387","1385.28","Debit"
"20/03/2026","13:17:39","Europe/Berlin","Customer D30A7","Express Checkout Payment","Completed","EUR","198.00","-5.28","192.72","buyerd30a7@example.com","shop@nordlicht-outdoor.example","14ECCD2F97D30A7","","9218","1578.00","Credit"
"20/03/2026","14:27:25","Europe/Berlin","Customer 3C6BE","Express Checkout Payment","Completed","EUR","76.00","-2.24","73.76","buyer3c6be@example.com","shop@nordlicht-outdoor.example","BA2EDB8F93C6BE","","9223","1651.76","Credit"
"20/03/2026","14:46:46","Europe/Berlin","Customer C24CB","Express Checkout Payment","Completed","EUR","33.95","-1.20","32.75","buyerc24cb@example.com","shop@nordlicht-outdoor.example","6779AFF22C24CB","","9227","1684.51","Credit"
"20/03/2026","15:24:14","Europe/Berlin","Customer F98E8","Express Checkout Payment","Completed","EUR","29.95","-1.10","28.85","buyerf98e8@example.com","shop@nordlicht-outdoor.example","10B99270F7F98E8","","9230","1713.36","Credit"
"20/03/2026","15:32:06","Europe/Berlin","Customer A70B2","Express Checkout Payment","Completed","EUR","65.95","-1.99","63.96","buyera70b2@example.com","shop@nordlicht-outdoor.example","5FB1D0CEBA70B2","","9231","1777.32","Credit"
"20/03/2026","15:40:36","Europe/Berlin","Customer A838C","Express Checkout Payment","Completed","EUR","89.00","-2.57","86.43","buyera838c@example.com","shop@nordlicht-outdoor.example","89E11A9D0A838C","","9232","1863.75","Credit"
"20/03/2026","15:47:59","Europe/Berlin","Customer 06BA5","Express Checkout Payment","Completed","EUR","109.60","-3.08","106.52","buyer06ba5@example.com","shop@nordlicht-outdoor.example","2866B5B2706BA5","","9233","1970.27","Credit"
"20/03/2026","16:49:03","Europe/Berlin","Customer D745F","Express Checkout Payment","Completed","EUR","117.00","-3.26","113.74","buyerd745f@example.com","shop@nordlicht-outdoor.example","100E4094C0D745F","","9242","2084.01","Credit"
"20/03/2026","17:14:37","Europe/Berlin","Customer AA816","Express Checkout Payment","Completed","EUR","31.95","-1.15","30.80","buyeraa816@example.com","shop@nordlicht-outdoor.example","AC49D23A0AA816","","9243","2114.81","Credit"
"20/03/2026","18:15:47","Europe/Berlin","Customer A206C","Express Checkout Payment","Completed","EUR","190.00","-5.08","184.92","buyera206c@example.com","shop@nordlicht-outdoor.example","95458D8D1A206C","","9248","2299.73","Credit"
"20/03/2026","18:22:45","Europe/Berlin","Customer 0EC05","Express Checkout Payment","Completed","EUR","139.00","-3.81","135.19","buyer0ec05@example.com","shop@nordlicht-outdoor.example","106BC3723F0EC05","","9250","2434.92","Credit"
"20/03/2026","18:47:42","Europe/Berlin","Customer 7BA25","Express Checkout Payment","Completed","EUR","128.00","-3.54","124.46","buyer7ba25@example.com","shop@nordlicht-outdoor.example","116EF7A79F7BA25","","9257","2559.38","Credit"
"20/03/2026","19:27:10","Europe/Berlin","Customer B88D9","Express Checkout Payment","Completed","EUR","95.20","-2.72","92.48","buyerb88d9@example.com","shop@nordlicht-outdoor.example","A61EEAF62B88D9","","9261","2651.86","Credit"
"20/03/2026","19:39:59","Europe/Berlin","Customer 576B9","Express Checkout Payment","Completed","EUR","119.00","-3.31","115.69","buyer576b9@example.com","shop@nordlicht-outdoor.example","878C41C93576B9","","9263","2767.55","Credit"
"20/03/2026","20:03:09","Europe/Berlin","Customer 64447","Express Checkout Payment","Completed","EUR","87.20","-2.52","84.68","buyer64447@example.com","shop@nordlicht-outdoor.example","1040F2639964447","","9265","2852.23","Credit"
"20/03/2026","21:56:26","Europe/Berlin","Customer BCE34","Express Checkout Payment","Completed","EUR","54.95","-1.72","53.23","buyerbce34@example.com","shop@nordlicht-outdoor.example","546A99F03BCE34","","9276","2905.46","Credit"
"20/03/2026","22:55:41","Europe/Berlin","Customer 551CE","Express Checkout Payment","Completed","EUR","220.95","-5.85","215.10","buyer551ce@example.com","shop@nordlicht-outdoor.example","117B150C2D551CE","","9283","3120.56","Credit"
"21/03/2026","02:54:46","Europe/Berlin","Customer 27297","Payment Refund","Completed","EUR","-256.00","6.37","-249.63","shop@nordlicht-outdoor.example","","4003CC48427297","A683084F304610","7628","2870.93","Debit"
"21/03/2026","05:39:29","Europe/Berlin","Customer DB634","Payment Refund","Completed","EUR","-99.00","2.47","-96.53","shop@nordlicht-outdoor.example","","15F8C2B878DB634","3F8DCCF550B0C2","8486","2774.40","Debit"
"21/03/2026","08:27:03","Europe/Berlin","Customer E9436","Express Checkout Payment","Completed","EUR","42.95","-1.42","41.53","buyere9436@example.com","shop@nordlicht-outdoor.example","14CCA54687E9436","","9297","2815.93","Credit"
"21/03/2026","09:13:42","Europe/Berlin","Customer EF2AC","Express Checkout Payment","Completed","EUR","31.95","-1.15","30.80","buyeref2ac@example.com","shop@nordlicht-outdoor.example","A674440C3EF2AC","","9299","2846.73","Credit"
"21/03/2026","09:19:00","Europe/Berlin","Customer 87E73","Express Checkout Payment","Completed","EUR","23.95","-0.95","23.00","buyer87e73@example.com","shop@nordlicht-outdoor.example","11FE73FE3987E73","","9301","2869.73","Credit"
"21/03/2026","09:24:36","Europe/Berlin","Customer F38C0","Express Checkout Payment","Completed","EUR","102.00","-2.89","99.11","buyerf38c0@example.com","shop@nordlicht-outdoor.example","C35001174F38C0","","9302","2968.84","Credit"
"21/03/2026","09:49:12","Europe/Berlin","Customer D06E1","Express Checkout Payment","Completed","EUR","31.95","-1.15","30.80","buyerd06e1@example.com","shop@nordlicht-outdoor.example","8A9574EFDD06E1","","9303","2999.64","Credit"
"21/03/2026","10:46:53","Europe/Berlin","Customer B1C0F","Express Checkout Payment","Completed","EUR","277.95","-7.27","270.68","buyerb1c0f@example.com","shop@nordlicht-outdoor.example","15B1F62CF0B1C0F","","9309","3270.32","Credit"
"21/03/2026","11:04:32","Europe/Berlin","Customer A81E8","Express Checkout Payment","Completed","EUR","52.95","-1.67","51.28","buyera81e8@example.com","shop@nordlicht-outdoor.example","372FE219AA81E8","","9310","3321.60","Credit"
"21/03/2026","11:32:30","Europe/Berlin","Customer E7DFD","Express Checkout Payment","Completed","EUR","189.00","-5.06","183.94","buyere7dfd@example.com","shop@nordlicht-outdoor.example","D7C6780DBE7DFD","","9315","3505.54","Credit"
"21/03/2026","12:14:25","Europe/Berlin","Customer B213D","Express Checkout Payment","Completed","EUR","33.95","-1.20","32.75","buyerb213d@example.com","shop@nordlicht-outdoor.example","26D6C2472B213D","","9320","3538.29","Credit"
"21/03/2026","12:25:59","Europe/Berlin","Customer 1A5F3","Express Checkout Payment","Completed","EUR","50.55","-1.61","48.94","buyer1a5f3@example.com","shop@nordlicht-outdoor.example","11D06C3D371A5F3","","9321","3587.23","Credit"
"21/03/2026","12:40:25","Europe/Berlin","Customer 2F8D7","Express Checkout Payment","Completed","EUR","38.95","-1.32","37.63","buyer2f8d7@example.com","shop@nordlicht-outdoor.example","1352AF4B682F8D7","","9323","3624.86","Credit"
"21/03/2026","12:56:53","Europe/Berlin","Customer 209A0","Express Checkout Payment","Completed","EUR","379.95","-9.81","370.14","buyer209a0@example.com","shop@nordlicht-outdoor.example","1627EA81B6209A0","","9324","3995.00","Credit"
"21/03/2026","13:32:23","Europe/Berlin","Customer 432D8","Express Checkout Payment","Completed","EUR","617.00","-15.71","601.29","buyer432d8@example.com","shop@nordlicht-outdoor.example","2D8BA1FF9432D8","","9331","4596.29","Credit"
"21/03/2026","13:35:04","Europe/Berlin","Customer 731D7","Express Checkout Payment","Completed","EUR","153.00","-4.16","148.84","buyer731d7@example.com","shop@nordlicht-outdoor.example","CE8680A35731D7","","9332","4745.13","Credit"
"21/03/2026","13:50:59","Europe/Berlin","Customer 5357C","Express Checkout Payment","Completed","EUR","89.00","-2.57","86.43","buyer5357c@example.com","shop@nordlicht-outdoor.example","FA319BD995357C","","9335","4831.56","Credit"
"21/03/2026","14:25:58","Europe/Berlin","Customer ADEF7","Express Checkout Payment","Completed","EUR","190.40","-5.09","185.31","buyeradef7@example.com","shop@nordlicht-outdoor.example","42395E8BFADEF7","","9341","5016.87","Credit"
"21/03/2026","14:32:00","Europe/Berlin","Customer A318F","Express Checkout Payment","Completed","EUR","33.95","-1.20","32.75","buyera318f@example.com","shop@nordlicht-outdoor.example","528D45839A318F","","9344","5049.62","Credit"
"21/03/2026","14:35:31","Europe/Berlin","Customer C5208","Express Checkout Payment","Completed","EUR","313.00","-8.14","304.86","buyerc5208@example.com","shop@nordlicht-outdoor.example","4DD0A1A79C5208","","9345","5354.48","Credit"
"21/03/2026","15:18:31","Europe/Berlin","Customer 95DF5","Express Checkout Payment","Completed","EUR","58.95","-1.82","57.13","buyer95df5@example.com","shop@nordlicht-outdoor.example","E75967B1195DF5","","9349","5411.61","Credit"
"21/03/2026","17:12:45","Europe/Berlin","Customer 8FD8E","Express Checkout Payment","Completed","EUR","116.00","-3.24","112.76","buyer8fd8e@example.com","shop@nordlicht-outdoor.example","2BEBE9E948FD8E","","9355","5524.37","Credit"
"21/03/2026","18:06:52","Europe/Berlin","Customer 97287","Express Checkout Payment","Completed","EUR","62.95","-1.92","61.03","buyer97287@example.com","shop@nordlicht-outdoor.example","D438A6DAD97287","","9359","5585.40","Credit"
"21/03/2026","19:01:13","Europe/Berlin","Customer CB20A","Payment Refund","Completed","EUR","-67.95","1.69","-66.26","shop@nordlicht-outdoor.example","","BBE880F52CB20A","89F561F08D7BAE","8112","5519.14","Debit"
"21/03/2026","19:02:58","Europe/Berlin","Customer 6E90B","Express Checkout Payment","Completed","EUR","145.80","-3.98","141.82","buyer6e90b@example.com","shop@nordlicht-outdoor.example","53AB137656E90B","","9369","5660.96","Credit"
"21/03/2026","19:20:37","Europe/Berlin","Customer E01EF","Express Checkout Payment","Completed","EUR","279.00","-7.30","271.70","buyere01ef@example.com","shop@nordlicht-outdoor.example","8088AA529E01EF","","9375","5932.66","Credit"
"21/03/2026","19:25:50","Europe/Berlin","Customer DEAC6","Express Checkout Payment","Completed","EUR","146.40","-4.00","142.40","buyerdeac6@example.com","shop@nordlicht-outdoor.example","391988168DEAC6","","9377","6075.06","Credit"
"21/03/2026","19:33:02","Europe/Berlin","Customer 1AC3D","Express Checkout Payment","Completed","EUR","159.00","-4.31","154.69","buyer1ac3d@example.com","shop@nordlicht-outdoor.example","6A83DF9F21AC3D","","9379","6229.75","Credit"
"21/03/2026","19:49:37","Europe/Berlin","Customer 7B7B4","Payment Refund","Completed","EUR","-28.95","0.72","-28.23","shop@nordlicht-outdoor.example","","27F4778747B7B4","3E5DAEE8A938F4","8272","6201.52","Debit"
"21/03/2026","19:59:04","Europe/Berlin","Customer 041EE","Express Checkout Payment","Completed","EUR","114.00","-3.19","110.81","buyer041ee@example.com","shop@nordlicht-outdoor.example","5486D4493041EE","","9383","6312.33","Credit"
"21/03/2026","20:24:40","Europe/Berlin","Customer 99429","Express Checkout Payment","Completed","EUR","38.95","-1.32","37.63","buyer99429@example.com","shop@nordlicht-outdoor.example","2A57927F599429","","9385","6349.96","Credit"
"21/03/2026","20:25:49","Europe/Berlin","Customer 8151E","Express Checkout Payment","Completed","EUR","189.00","-5.06","183.94","buyer8151e@example.com","shop@nordlicht-outdoor.example","12FD579A288151E","","9387","6533.90","Credit"
"21/03/2026","20:48:01","Europe/Berlin","Customer 074F0","Express Checkout Payment","Completed","EUR","412.00","-10.61","401.39","buyer074f0@example.com","shop@nordlicht-outdoor.example","243967FD8074F0","","9389","6935.29","Credit"
"21/03/2026","21:53:08","Europe/Berlin","Customer 86653","Express Checkout Payment","Completed","EUR","227.70","-6.02","221.68","buyer86653@example.com","shop@nordlicht-outdoor.example","1571A3762986653","","9397","7156.97","Credit"
"21/03/2026","21:56:47","Europe/Berlin","Customer 5A6F1","Express Checkout Payment","Completed","EUR","89.00","-2.57","86.43","buyer5a6f1@example.com","shop@nordlicht-outdoor.example","15564A27ED5A6F1","","9400","7243.40","Credit"
"22/03/2026","02:46:00","Europe/Berlin","Customer 39ED1","Payment Refund","Completed","EUR","-189.00","5.00","-184.00","shop@nordlicht-outdoor.example","","6E1C399FE39ED1","36736730EA950C","9164","7059.40","Debit"
"22/03/2026","04:11:08","Europe/Berlin","Customer A4F14","Payment Refund","Completed","EUR","-498.00","12.72","-485.28","shop@nordlicht-outdoor.example","","2C02FAA61A4F14","E1D1BDE1C4F8D1","8216","6574.12","Debit"
"22/03/2026","09:17:18","Europe/Berlin","Customer C7C09","Express Checkout Payment","Completed","EUR","76.15","-2.25","73.90","buyerc7c09@example.com","shop@nordlicht-outdoor.example","D4ACE1C71C7C09","","9418","6648.02","Credit"
"22/03/2026","10:11:23","Europe/Berlin","Customer 54079","Express Checkout Payment","Completed","EUR","33.95","-1.20","32.75","buyer54079@example.com","shop@nordlicht-outdoor.example","44B6F241954079","","9422","6680.77","Credit"
"22/03/2026","10:35:55","Europe/Berlin","Customer DE3E6","Express Checkout Payment","Completed","EUR","33.95","-1.20","32.75","buyerde3e6@example.com","shop@nordlicht-outdoor.example","51C79E5A4DE3E6","","9424","6713.52","Credit"
"22/03/2026","11:11:51","Europe/Berlin","Customer 91667","Express Checkout Payment","Completed","EUR","36.95","-1.27","35.68","buyer91667@example.com","shop@nordlicht-outdoor.example","10213ABE1991667","","9431","6749.20","Credit"
"22/03/2026","12:05:39","Europe/Berlin","Customer 790C1","Express Checkout Payment","Completed","EUR","388.00","-10.01","377.99","buyer790c1@example.com","shop@nordlicht-outdoor.example","107F26248F790C1","","9437","7127.19","Credit"
"22/03/2026","12:25:06","Europe/Berlin","Customer ADB4F","Express Checkout Payment","Completed","EUR","99.00","-2.82","96.18","buyeradb4f@example.com","shop@nordlicht-outdoor.example","3CAE3ECB3ADB4F","","9439","7223.37","Credit"
"22/03/2026","12:41:42","Europe/Berlin","Customer B4488","Express Checkout Payment","Completed","EUR","28.95","-1.07","27.88","buyerb4488@example.com","shop@nordlicht-outdoor.example","CF9E54BA8B4488","","9440","7251.25","Credit"
"22/03/2026","13:07:53","Europe/Berlin","Customer ED415","Express Checkout Payment","Completed","EUR","329.00","-8.54","320.46","buyered415@example.com","shop@nordlicht-outdoor.example","2778CB2E5ED415","","9443","7571.71","Credit"
"22/03/2026","13:47:23","Europe/Berlin","Customer 622E8","Express Checkout Payment","Completed","EUR","1345.00","-33.84","1311.16","buyer622e8@example.com","shop@nordlicht-outdoor.example","26EF5E5F4622E8","","9447","8882.87","Credit"
"22/03/2026","13:56:10","Europe/Berlin","Customer F202A","Express Checkout Payment","Completed","EUR","49.95","-1.59","48.36","buyerf202a@example.com","shop@nordlicht-outdoor.example","42DCC21ABF202A","","9450","8931.23","Credit"
"22/03/2026","14:53:24","Europe/Berlin","Customer BD3C0","Express Checkout Payment","Completed","EUR","46.95","-1.52","45.43","buyerbd3c0@example.com","shop@nordlicht-outdoor.example","12077EA10FBD3C0","","9453","8976.66","Credit"
"22/03/2026","14:56:21","Europe/Berlin","Customer 1899B","Express Checkout Payment","Completed","EUR","212.15","-5.63","206.52","buyer1899b@example.com","shop@nordlicht-outdoor.example","4B091092A1899B","","9454","9183.18","Credit"
"22/03/2026","17:00:54","Europe/Berlin","Customer 6B51D","Express Checkout Payment","Completed","EUR","158.00","-4.28","153.72","buyer6b51d@example.com","shop@nordlicht-outdoor.example","13FDAB32BB6B51D","","9467","9336.90","Credit"
"22/03/2026","18:25:23","Europe/Berlin","Customer 534B3","Express Checkout Payment","Completed","EUR","183.95","-4.93","179.02","buyer534b3@example.com","shop@nordlicht-outdoor.example","556DA31BC534B3","","9478","9515.92","Credit"
"22/03/2026","18:35:08","Europe/Berlin","Customer 1CF59","Express Checkout Payment","Completed","EUR","99.00","-2.82","96.18","buyer1cf59@example.com","shop@nordlicht-outdoor.example","614D9B7A81CF59","","9480","9612.10","Credit"
"22/03/2026","19:26:09","Europe/Berlin","Customer A7D18","Express Checkout Payment","Completed","EUR","98.00","-2.79","95.21","buyera7d18@example.com","shop@nordlicht-outdoor.example","96E985207A7D18","","9487","9707.31","Credit"
"22/03/2026","19:29:29","Europe/Berlin","Customer 0DBDE","Express Checkout Payment","Completed","EUR","87.20","-2.52","84.68","buyer0dbde@example.com","shop@nordlicht-outdoor.example","B988944B80DBDE","","9488","9791.99","Credit"
"22/03/2026","19:41:30","Europe/Berlin","Customer 35C83","Express Checkout Payment","Completed","EUR","745.00","-18.90","726.10","buyer35c83@example.com","shop@nordlicht-outdoor.example","CE4ED152435C83","","9490","10518.09","Credit"
"22/03/2026","20:25:46","Europe/Berlin","Customer B6DD6","Express Checkout Payment","Completed","EUR","189.00","-5.06","183.94","buyerb6dd6@example.com","shop@nordlicht-outdoor.example","1237A16AF8B6DD6","","9495","10702.03","Credit"
"22/03/2026","20:46:39","Europe/Berlin","Customer 3A04C","Express Checkout Payment","Completed","EUR","138.00","-3.79","134.21","buyer3a04c@example.com","shop@nordlicht-outdoor.example","8BB86C3163A04C","","9498","10836.24","Credit"
"22/03/2026","21:36:59","Europe/Berlin","Customer 68E56","Express Checkout Payment","Completed","EUR","107.10","-3.02","104.08","buyer68e56@example.com","shop@nordlicht-outdoor.example","159B59C6E368E56","","9501","10940.32","Credit"
"22/03/2026","22:46:38","Europe/Berlin","Customer E5E77","Express Checkout Payment","Completed","EUR","103.00","-2.91","100.09","buyere5e77@example.com","shop@nordlicht-outdoor.example","BF646315CE5E77","","9508","11040.41","Credit"
"22/03/2026","22:52:06","Europe/Berlin","Customer A7C71","Express Checkout Payment","Completed","EUR","38.95","-1.32","37.63","buyera7c71@example.com","shop@nordlicht-outdoor.example","CA9BAD799A7C71","","9509","11078.04","Credit"
"23/03/2026","04:01:08","Europe/Berlin","Customer 331CE","Express Checkout Payment","Completed","EUR","67.95","-2.04","65.91","buyer331ce@example.com","shop@nordlicht-outdoor.example","13C6F4AC38331CE","","9517","11143.95","Credit"
"23/03/2026","07:02:27","Europe/Berlin","Customer 63D20","Express Checkout Payment","Completed","EUR","561.00","-14.32","546.68","buyer63d20@example.com","shop@nordlicht-outdoor.example","135CFA5E6863D20","","9521","11690.63","Credit"
"23/03/2026","08:20:20","Europe/Berlin","Customer DAC09","Express Checkout Payment","Completed","EUR","81.00","-2.37","78.63","buyerdac09@example.com","shop@nordlicht-outdoor.example","C7EF80980DAC09","","9524","11769.26","Credit"
"23/03/2026","08:41:19","Europe/Berlin","Customer 9FF20","Express Checkout Payment","Completed","EUR","444.00","-11.41","432.59","buyer9ff20@example.com","shop@nordlicht-outdoor.example","AFA12AD0D9FF20","","9525","12201.85","Credit"
"23/03/2026","09:46:16","Europe/Berlin","Customer 5FB7F","Express Checkout Payment","Completed","EUR","121.95","-3.39","118.56","buyer5fb7f@example.com","shop@nordlicht-outdoor.example","10E4CEE54E5FB7F","","9531","12320.41","Credit"
"23/03/2026","11:26:26","Europe/Berlin","Customer 62F90","Express Checkout Payment","Completed","EUR","33.95","-1.20","32.75","buyer62f90@example.com","shop@nordlicht-outdoor.example","10D396DE8462F90","","9535","12353.16","Credit"
"23/03/2026","11:58:11","Europe/Berlin","Customer 387A7","Express Checkout Payment","Completed","EUR","42.95","-1.42","41.53","buyer387a7@example.com","shop@nordlicht-outdoor.example","ED9112FC3387A7","","9538","12394.69","Credit"
"23/03/2026","13:22:49","Europe/Berlin","Customer F25BD","Express Checkout Payment","Completed","EUR","302.40","-7.88","294.52","buyerf25bd@example.com","shop@nordlicht-outdoor.example","108122E52DF25BD","","9546","12689.21","Credit"
"23/03/2026","13:25:59","Europe/Berlin","Customer 9290C","Express Checkout Payment","Completed","EUR","130.00","-3.59","126.41","buyer9290c@example.com","shop@nordlicht-outdoor.example","DD34D44D19290C","","9547","12815.62","Credit"
"23/03/2026","14:30:59","Europe/Berlin","Customer 0A3E2","Express Checkout Payment","Completed","EUR","189.00","-5.06","183.94","buyer0a3e2@example.com","shop@nordlicht-outdoor.example","FB3D699D30A3E2","","9549","12999.56","Credit"
"23/03/2026","15:18:31","Europe/Berlin","Customer F6CD5","Express Checkout Payment","Completed","EUR","42.95","-1.42","41.53","buyerf6cd5@example.com","shop@nordlicht-outdoor.example","14D5992BF7F6CD5","","9552","13041.09","Credit"
"23/03/2026","16:15:45","Europe/Berlin","Customer 1E2FF","Express Checkout Payment","Completed","EUR","79.20","-2.32","76.88","buyer1e2ff@example.com","shop@nordlicht-outdoor.example","14A6028F741E2FF","","9559","13117.97","Credit"
"23/03/2026","16:24:31","Europe/Berlin","Customer 8BEB3","Express Checkout Payment","Completed","EUR","343.00","-8.89","334.11","buyer8beb3@example.com","shop@nordlicht-outdoor.example","C5B496DDE8BEB3","","9560","13452.08","Credit"
"23/03/2026","17:19:36","Europe/Berlin","Customer 2645B","Payment Refund","Completed","EUR","-67.41","1.73","-65.68","shop@nordlicht-outdoor.example","","AA794063F2645B","CF7F6D79529483","8289","13386.40","Debit"
"23/03/2026","18:02:12","Europe/Berlin","Customer 420AC","Express Checkout Payment","Completed","EUR","28.15","-1.05","27.10","buyer420ac@example.com","shop@nordlicht-outdoor.example","FB322EE76420AC","","9569","13413.50","Credit"
"23/03/2026","19:08:11","Europe/Berlin","Customer 8B251","Express Checkout Payment","Completed","EUR","123.00","-3.41","119.59","buyer8b251@example.com","shop@nordlicht-outdoor.example","89E152C298B251","","9578","13533.09","Credit"
"23/03/2026","19:43:47","Europe/Berlin","Customer 57147","Express Checkout Payment","Completed","EUR","31.95","-1.15","30.80","buyer57147@example.com","shop@nordlicht-outdoor.example","A8515C68857147","","9586","13563.89","Credit"
"23/03/2026","20:19:22","Europe/Berlin","Customer A1DA6","Express Checkout Payment","Completed","EUR","110.95","-3.11","107.84","buyera1da6@example.com","shop@nordlicht-outdoor.example","1279B1922EA1DA6","","9592","13671.73","Credit"
"23/03/2026","21:06:47","Europe/Berlin","Customer 592F3","Express Checkout Payment","Completed","EUR","189.00","-5.06","183.94","buyer592f3@example.com","shop@nordlicht-outdoor.example","C4A0A515F592F3","","9601","13855.67","Credit"
"23/03/2026","21:19:02","Europe/Berlin","Customer EAF58","Express Checkout Payment","Completed","EUR","114.40","-3.20","111.20","buyereaf58@example.com","shop@nordlicht-outdoor.example","117270CC6CEAF58","","9604","13966.87","Credit"
"23/03/2026","21:57:14","Europe/Berlin","Customer AFA33","Express Checkout Payment","Completed","EUR","442.00","-11.36","430.64","buyerafa33@example.com","shop@nordlicht-outdoor.example","32AD503DBAFA33","","9606","14397.51","Credit"
"24/03/2026","00:27:03","Europe/Berlin","Customer E6C4C","Express Checkout Payment","Completed","EUR","137.15","-3.77","133.38","buyere6c4c@example.com","shop@nordlicht-outdoor.example","80822EB84E6C4C","","9610","14530.89","Credit"
"24/03/2026","04:18:44","Europe/Berlin","Customer 38EA9","Payment Refund","Completed","EUR","-65.95","1.64","-64.31","shop@nordlicht-outdoor.example","","C6FB61CF638EA9","10CC07D54F4D456","9152","14466.58","Debit"
"24/03/2026","06:37:06","Europe/Berlin","Customer B44FC","Payment Refund","Completed","EUR","-148.00","3.69","-144.31","shop@nordlicht-outdoor.example","","89A602024B44FC","69FB27C15E7C43","9174","14322.27","Debit"
"24/03/2026","07:33:36","Europe/Berlin","Customer 0D081","Express Checkout Payment","Completed","EUR","31.95","-1.15","30.80","buyer0d081@example.com","shop@nordlicht-outdoor.example","73FD4336F0D081","","9621","14353.07","Credit"
"24/03/2026","09:26:37","Europe/Berlin","Customer 0A1E0","Express Checkout Payment","Completed","EUR","38.95","-1.32","37.63","buyer0a1e0@example.com","shop@nordlicht-outdoor.example","34C14669C0A1E0","","9625","14390.70","Credit"
"24/03/2026","09:41:26","Europe/Berlin","Customer 7779D","Express Checkout Payment","Completed","EUR","64.15","-1.95","62.20","buyer7779d@example.com","shop@nordlicht-outdoor.example","13590F88897779D","","9626","14452.90","Credit"
"24/03/2026","10:53:21","Europe/Berlin","Customer 84A0E","Express Checkout Payment","Completed","EUR","189.00","-5.06","183.94","buyer84a0e@example.com","shop@nordlicht-outdoor.example","7B011604684A0E","","9633","14636.84","Credit"
"24/03/2026","11:22:11","Europe/Berlin","Customer 4DDF8","Express Checkout Payment","Completed","EUR","33.95","-1.20","32.75","buyer4ddf8@example.com","shop@nordlicht-outdoor.example","D8A303D1A4DDF8","","9635","14669.59","Credit"
"24/03/2026","11:33:56","Europe/Berlin","Customer 39885","Express Checkout Payment","Completed","EUR","140.95","-3.86","137.09","buyer39885@example.com","shop@nordlicht-outdoor.example","15C48C375939885","","9638","14806.68","Credit"
"24/03/2026","11:40:53","Europe/Berlin","Customer ACB59","Express Checkout Payment","Completed","EUR","112.80","-3.16","109.64","buyeracb59@example.com","shop@nordlicht-outdoor.example","579063D43ACB59","","9639","14916.32","Credit"
"24/03/2026","11:42:00","Europe/Berlin","Customer 57931","Payment Refund","Completed","EUR","-45.00","0.00","-45.00","shop@nordlicht-outdoor.example","","9HX24596444157931","","9232","14871.32","Debit"
"24/03/2026","12:00:13","Europe/Berlin","Customer A089F","Payment Refund","Completed","EUR","-64.00","1.63","-62.37","shop@nordlicht-outdoor.example","","FD5BCF111A089F","E18BEC10527D1C","8501","14808.95","Debit"
"24/03/2026","12:02:51","Europe/Berlin","Customer 0FEE1","Express Checkout Payment","Completed","EUR","33.95","-1.20","32.75","buyer0fee1@example.com","shop@nordlicht-outdoor.example","13A2C4D9C20FEE1","","9643","14841.70","Credit"
"24/03/2026","13:52:35","Europe/Berlin","Customer E0F38","Express Checkout Payment","Completed","EUR","89.00","-2.57","86.43","buyere0f38@example.com","shop@nordlicht-outdoor.example","11219BC106E0F38","","9646","14928.13","Credit"
"24/03/2026","14:31:54","Europe/Berlin","Customer 58D2A","Express Checkout Payment","Completed","EUR","433.75","-11.15","422.60","buyer58d2a@example.com","shop@nordlicht-outdoor.example","34566087758D2A","","9650","15350.73","Credit"
"24/03/2026","16:47:55","Europe/Berlin","Customer 79665","Payment Refund","Completed","EUR","-109.60","2.73","-106.87","shop@nordlicht-outdoor.example","","A4A4B528479665","2866B5B2706BA5","9233","15243.86","Debit"
"24/03/2026","17:18:17","Europe/Berlin","Customer 9C5F0","Express Checkout Payment","Completed","EUR","24.15","-0.95","23.20","buyer9c5f0@example.com","shop@nordlicht-outdoor.example","7087C61A29C5F0","","9666","15267.06","Credit"
"24/03/2026","19:56:42","Europe/Berlin","Customer 2EB52","Payment Refund","Completed","EUR","-6.80","0.22","-6.58","shop@nordlicht-outdoor.example","","78EFACDBF2EB52","10F0BFFC750F8BA","8462","15260.48","Debit"
"24/03/2026","20:11:34","Europe/Berlin","Customer B43D8","Express Checkout Payment","Completed","EUR","109.80","-3.08","106.72","buyerb43d8@example.com","shop@nordlicht-outdoor.example","12C4C78AD7B43D8","","9681","15367.20","Credit"
"24/03/2026","20:21:18","Europe/Berlin","Customer 9AF30","Express Checkout Payment","Completed","EUR","139.00","-3.81","135.19","buyer9af30@example.com","shop@nordlicht-outdoor.example","7897E55C29AF30","","9683","15502.39","Credit"
"24/03/2026","20:41:10","Europe/Berlin","Customer D2F0E","Express Checkout Payment","Completed","EUR","263.20","-6.90","256.30","buyerd2f0e@example.com","shop@nordlicht-outdoor.example","9F5DB2EE3D2F0E","","9684","15758.69","Credit"
"24/03/2026","22:28:31","Europe/Berlin","Customer E2740","Express Checkout Payment","Completed","EUR","146.00","-3.99","142.01","buyere2740@example.com","shop@nordlicht-outdoor.example","FBDF5E9E4E2740","","9694","15900.70","Credit"
"24/03/2026","23:26:00","Europe/Berlin","Customer 2A68A","Payment Refund","Completed","EUR","-247.00","6.15","-240.85","shop@nordlicht-outdoor.example","","15F5C586B22A68A","FD254A59F62425","7753","15659.85","Debit"
"25/03/2026","04:02:46","Europe/Berlin","Customer 7B9BC","Express Checkout Payment","Completed","EUR","162.95","-4.41","158.54","buyer7b9bc@example.com","shop@nordlicht-outdoor.example","105809832C7B9BC","","9704","15818.39","Credit"
"25/03/2026","07:39:16","Europe/Berlin","Customer 6735B","Express Checkout Payment","Completed","EUR","129.75","-3.58","126.17","buyer6735b@example.com","shop@nordlicht-outdoor.example","420D3CE686735B","","9708","15944.56","Credit"
"25/03/2026","10:18:39","Europe/Berlin","Customer 035B0","Express Checkout Payment","Completed","EUR","328.00","-8.52","319.48","buyer035b0@example.com","shop@nordlicht-outdoor.example","B6D56A827035B0","","9718","16264.04","Credit"
"25/03/2026","10:40:18","Europe/Berlin","Customer 84F46","Express Checkout Payment","Completed","EUR","176.80","-4.75","172.05","buyer84f46@example.com","shop@nordlicht-outdoor.example","7615F28A984F46","","9722","16436.09","Credit"
"25/03/2026","11:27:28","Europe/Berlin","Customer 19059","Express Checkout Payment","Completed","EUR","58.95","-1.82","57.13","buyer19059@example.com","shop@nordlicht-outdoor.example","1266C45ABA19059","","9726","16493.22","Credit"
"25/03/2026","11:37:18","Europe/Berlin","Customer 608EB","Express Checkout Payment","Completed","EUR","33.95","-1.20","32.75","buyer608eb@example.com","shop@nordlicht-outdoor.example","7FBF683B2608EB","","9729","16525.97","Credit"
"25/03/2026","12:46:24","Europe/Berlin","Customer 2412C","Express Checkout Payment","Completed","EUR","20.15","-0.85","19.30","buyer2412c@example.com","shop@nordlicht-outdoor.example","F51A89EF62412C","","9734","16545.27","Credit"
"25/03/2026","13:01:23","Europe/Berlin","Customer 9ADBE","Express Checkout Payment","Completed","EUR","345.00","-8.94","336.06","buyer9adbe@example.com","shop@nordlicht-outdoor.example","C7D1C11DC9ADBE","","9736","16881.33","Credit"
"25/03/2026","15:07:22","Europe/Berlin","Customer 6A84B","Express Checkout Payment","Completed","EUR","50.95","-1.62","49.33","buyer6a84b@example.com","shop@nordlicht-outdoor.example","AD926B6FA6A84B","","9746","16930.66","Credit"
"25/03/2026","15:18:15","Europe/Berlin","Customer 0CD0F","Express Checkout Payment","Completed","EUR","189.00","-5.06","183.94","buyer0cd0f@example.com","shop@nordlicht-outdoor.example","A8A1890C40CD0F","","9748","17114.60","Credit"
"25/03/2026","17:11:32","Europe/Berlin","Customer 9105C","Express Checkout Payment","Completed","EUR","76.15","-2.25","73.90","buyer9105c@example.com","shop@nordlicht-outdoor.example","356C296399105C","","9762","17188.50","Credit"
"25/03/2026","17:17:35","Europe/Berlin","Customer 683CE","Express Checkout Payment","Completed","EUR","38.95","-1.32","37.63","buyer683ce@example.com","shop@nordlicht-outdoor.example","11C1DA697E683CE","","9764","17226.13","Credit"
"25/03/2026","19:53:44","Europe/Berlin","Customer 788D1","Express Checkout Payment","Completed","EUR","359.00","-9.29","349.71","buyer788d1@example.com","shop@nordlicht-outdoor.example","11AE27D3B6788D1","","9778","17575.84","Credit"
"25/03/2026","20:19:27","Europe/Berlin","Customer 81446","Express Checkout Payment","Completed","EUR","879.30","-22.24","857.06","buyer81446@example.com","shop@nordlicht-outdoor.example","7DF2714A981446","","9781","18432.90","Credit"
"25/03/2026","20:32:06","Europe/Berlin","Customer 36A2A","Express Checkout Payment","Completed","EUR","47.35","-1.53","45.82","buyer36a2a@example.com","shop@nordlicht-outdoor.example","4E5D3D14B36A2A","","9785","18478.72","Credit"
"25/03/2026","21:34:41","Europe/Berlin","Customer 77479","Express Checkout Payment","Completed","EUR","23.95","-0.95","23.00","buyer77479@example.com","shop@nordlicht-outdoor.example","D1A9B250A77479","","9793","18501.72","Credit"
"25/03/2026","21:51:50","Europe/Berlin","Customer B4952","Express Checkout Payment","Completed","EUR","154.80","-4.20","150.60","buyerb4952@example.com","shop@nordlicht-outdoor.example","501AF2295B4952","","9795","18652.32","Credit"
"25/03/2026","21:56:53","Europe/Berlin","Customer C40F8","Payment Refund","Completed","EUR","-12.24","0.41","-11.83","shop@nordlicht-outdoor.example","","C5F4CBDC8C40F8","104A4A4BC173C9C","7781","18640.49","Debit"
"25/03/2026","22:29:51","Europe/Berlin","Customer 34D2B","Express Checkout Payment","Completed","EUR","220.00","-5.83","214.17","buyer34d2b@example.com","shop@nordlicht-outdoor.example","809CA3A2234D2B","","9796","18854.66","Credit"
"25/03/2026","23:01:58","Europe/Berlin","Customer 48898","Express Checkout Payment","Completed","EUR","113.00","-3.16","109.84","buyer48898@example.com","shop@nordlicht-outdoor.example","6C8C3454848898","","9798","18964.50","Credit"
"26/03/2026","03:26:42","Europe/Berlin","Customer 9EE93","Express Checkout Payment","Completed","EUR","68.95","-2.07","66.88","buyer9ee93@example.com","shop@nordlicht-outdoor.example","119BA377FF9EE93","","9808","19031.38","Credit"
"26/03/2026","07:56:47","Europe/Berlin","Customer 2A11B","Express Checkout Payment","Completed","EUR","136.95","-3.76","133.19","buyer2a11b@example.com","shop@nordlicht-outdoor.example","8FB0445272A11B","","9811","19164.57","Credit"
"26/03/2026","09:08:17","Europe/Berlin","Customer 0713F","Express Checkout Payment","Completed","EUR","257.95","-6.77","251.18","buyer0713f@example.com","shop@nordlicht-outdoor.example","A9448E5710713F","","9813","19415.75","Credit"
"26/03/2026","09:16:58","Europe/Berlin","Customer 89169","Express Checkout Payment","Completed","EUR","73.95","-2.19","71.76","buyer89169@example.com","shop@nordlicht-outdoor.example","45544388289169","","9815","19487.51","Credit"
"26/03/2026","10:04:39","Europe/Berlin","Customer 5A4C9","Express Checkout Payment","Completed","EUR","42.95","-1.42","41.53","buyer5a4c9@example.com","shop@nordlicht-outdoor.example","15039F54B85A4C9","","9818","19529.04","Credit"
"26/03/2026","10:07:10","Europe/Berlin","Customer E3DF1","Express Checkout Payment","Completed","EUR","197.00","-5.26","191.74","buyere3df1@example.com","shop@nordlicht-outdoor.example","5A8FE8D4FE3DF1","","9819","19720.78","Credit"
"26/03/2026","10:19:07","Europe/Berlin","Customer A1D4C","Payment Refund","Completed","EUR","-29.00","0.87","-28.13","shop@nordlicht-outdoor.example","","73325F7CBA1D4C","7917313D143EE4","7867","19692.65","Debit"
"26/03/2026","10:23:20","Europe/Berlin","Customer 05E2E","Express Checkout Payment","Completed","EUR","342.00","-8.87","333.13","buyer05e2e@example.com","shop@nordlicht-outdoor.example","1000DF629B05E2E","","9820","20025.78","Credit"
"26/03/2026","10:39:11","Europe/Berlin","Customer 9366B","Express Checkout Payment","Completed","EUR","747.00","-18.95","728.05","buyer9366b@example.com","shop@nordlicht-outdoor.example","D2AB199849366B","","9821","20753.83","Credit"
"26/03/2026","11:56:51","Europe/Berlin","Customer 913BB","Express Checkout Payment","Completed","EUR","128.00","-3.54","124.46","buyer913bb@example.com","shop@nordlicht-outdoor.example","EEED1891D913BB","","9827","20878.29","Credit"
"26/03/2026","12:41:35","Europe/Berlin","Customer 81252","Express Checkout Payment","Completed","EUR","23.95","-0.95","23.00","buyer81252@example.com","shop@nordlicht-outdoor.example","10E033CD7B81252","","9835","20901.29","Credit"
"26/03/2026","13:23:07","Europe/Berlin","Customer 01E2D","Express Checkout Payment","Completed","EUR","338.00","-8.77","329.23","buyer01e2d@example.com","shop@nordlicht-outdoor.example","C8B7270D701E2D","","9840","21230.52","Credit"
"26/03/2026","14:58:26","Europe/Berlin","Customer 1C17F","Express Checkout Payment","Completed","EUR","225.60","-5.97","219.63","buyer1c17f@example.com","shop@nordlicht-outdoor.example","6DEC96C451C17F","","9847","21450.15","Credit"
"26/03/2026","16:16:15","Europe/Berlin","Customer 2369F","Payment Refund","Completed","EUR","-90.72","2.43","-88.29","shop@nordlicht-outdoor.example","","135ED5CC9D2369F","CED2C2CF81A6E5","8510","21361.86","Debit"
"26/03/2026","16:44:56","Europe/Berlin","Customer 97CBD","Express Checkout Payment","Completed","EUR","33.95","-1.20","32.75","buyer97cbd@example.com","shop@nordlicht-outdoor.example","161698BA0497CBD","","9852","21394.61","Credit"
"26/03/2026","17:23:21","Europe/Berlin","Customer 2277E","Express Checkout Payment","Completed","EUR","469.00","-12.03","456.97","buyer2277e@example.com","shop@nordlicht-outdoor.example","996A406482277E","","9853","21851.58","Credit"
"26/03/2026","17:31:51","Europe/Berlin","Customer B4606","Express Checkout Payment","Completed","EUR","56.15","-1.75","54.40","buyerb4606@example.com","shop@nordlicht-outdoor.example","4AD9F1668B4606","","9855","21905.98","Credit"
"26/03/2026","18:36:40","Europe/Berlin","Customer 17746","Express Checkout Payment","Completed","EUR","29.95","-1.10","28.85","buyer17746@example.com","shop@nordlicht-outdoor.example","108A1F085317746","","9863","21934.83","Credit"
"26/03/2026","19:14:29","Europe/Berlin","Customer F33D6","Express Checkout Payment","Completed","EUR","114.00","-3.19","110.81","buyerf33d6@example.com","shop@nordlicht-outdoor.example","A5D0873A6F33D6","","9865","22045.64","Credit"
"26/03/2026","19:24:22","Europe/Berlin","Customer DF0D4","Express Checkout Payment","Completed","EUR","28.15","-1.05","27.10","buyerdf0d4@example.com","shop@nordlicht-outdoor.example","10321D8A27DF0D4","","9866","22072.74","Credit"
"26/03/2026","19:57:17","Europe/Berlin","Customer 910A0","Express Checkout Payment","Completed","EUR","73.95","-2.19","71.76","buyer910a0@example.com","shop@nordlicht-outdoor.example","B9E28F4E3910A0","","9869","22144.50","Credit"
"26/03/2026","20:05:22","Europe/Berlin","Customer A4D8C","Express Checkout Payment","Completed","EUR","41.95","-1.39","40.56","buyera4d8c@example.com","shop@nordlicht-outdoor.example","122E1317ADA4D8C","","9870","22185.06","Credit"
"26/03/2026","20:38:29","Europe/Berlin","Customer EC74B","Express Checkout Payment","Completed","EUR","29.95","-1.10","28.85","buyerec74b@example.com","shop@nordlicht-outdoor.example","158C007539EC74B","","9873","22213.91","Credit"
"26/03/2026","21:29:57","Europe/Berlin","Customer 356FE","Express Checkout Payment","Completed","EUR","151.95","-4.13","147.82","buyer356fe@example.com","shop@nordlicht-outdoor.example","B7F16A329356FE","","9879","22361.73","Credit"
"26/03/2026","22:24:08","Europe/Berlin","Customer 5713E","Express Checkout Payment","Completed","EUR","86.00","-2.49","83.51","buyer5713e@example.com","shop@nordlicht-outdoor.example","B8F8A29295713E","","9886","22445.24","Credit"
"26/03/2026","22:48:30","Europe/Berlin","Customer EA6DD","Express Checkout Payment","Completed","EUR","101.95","-2.89","99.06","buyerea6dd@example.com","shop@nordlicht-outdoor.example","12D690E5B5EA6DD","","9889","22544.30","Credit"
"27/03/2026","02:40:57","Europe/Berlin","Customer 71398","Express Checkout Payment","Completed","EUR","150.95","-4.11","146.84","buyer71398@example.com","shop@nordlicht-outdoor.example","72A5A655471398","","9895","22691.14","Credit"
"27/03/2026","02:59:16","Europe/Berlin","Customer CE821","Payment Refund","Completed","EUR","-278.00","7.06","-270.94","shop@nordlicht-outdoor.example","","563B33805CE821","12E46BB59186355","8053","22420.20","Debit"
"27/03/2026","03:25:58","Europe/Berlin","Customer 3D084","Express Checkout Payment","Completed","EUR","90.00","-2.59","87.41","buyer3d084@example.com","shop@nordlicht-outdoor.example","124F2EF3E43D084","","9896","22507.61","Credit"
"27/03/2026","03:26:00","Europe/Berlin","Customer FBA5F","Payment Refund","Completed","EUR","-80.10","2.08","-78.02","shop@nordlicht-outdoor.example","","C9769DF1CFBA5F","1143F7AAD85147B","8965","22429.59","Debit"
"27/03/2026","04:42:52","Europe/Berlin","Customer FA1EA","Payment Refund","Completed","EUR","-313.00","7.79","-305.21","shop@nordlicht-outdoor.example","","BCBE44117FA1EA","BBB4834058326B","8127","22124.38","Debit"
"27/03/2026","06:55:06","Europe/Berlin","Customer 37B0D","Express Checkout Payment","Completed","EUR","38.95","-1.32","37.63","buyer37b0d@example.com","shop@nordlicht-outdoor.example","70701F3F437B0D","","9902","22162.01","Credit"
"27/03/2026","09:00:00","Europe/Berlin","Bank Account","General Withdrawal","Completed","EUR","-21662.01","0.00","-21662.01","shop@nordlicht-outdoor.example","","WD7697826941182","","","500.00","Debit"
"27/03/2026","09:37:43","Europe/Berlin","Customer 8EC0D","Express Checkout Payment","Completed","EUR","173.00","-4.66","168.34","buyer8ec0d@example.com","shop@nordlicht-outdoor.example","4E87EF9888EC0D","","9911","668.34","Credit"
"27/03/2026","10:17:56","Europe/Berlin","Customer 81377","Express Checkout Payment","Completed","EUR","611.00","-15.56","595.44","buyer81377@example.com","shop@nordlicht-outdoor.example","A551D74EA81377","","9913","1263.78","Credit"
"27/03/2026","10:37:21","Europe/Berlin","Customer C9872","Express Checkout Payment","Completed","EUR","28.95","-1.07","27.88","buyerc9872@example.com","shop@nordlicht-outdoor.example","B63979517C9872","","9914","1291.66","Credit"
"27/03/2026","10:46:43","Europe/Berlin","Customer 66B15","Express Checkout Payment","Completed","EUR","199.20","-5.31","193.89","buyer66b15@example.com","shop@nordlicht-outdoor.example","6FBBE086F66B15","","9915","1485.55","Credit"
"27/03/2026","12:47:02","Europe/Berlin","Customer 8CEE4","Express Checkout Payment","Completed","EUR","32.15","-1.15","31.00","buyer8cee4@example.com","shop@nordlicht-outdoor.example","94D2B2D1A8CEE4","","9926","1516.55","Credit"
"27/03/2026","12:55:17","Europe/Berlin","Customer 183FD","Express Checkout Payment","Completed","EUR","257.00","-6.75","250.25","buyer183fd@example.com","shop@nordlicht-outdoor.example","5DCBAEFAC183FD","","9928","1766.80","Credit"
"27/03/2026","13:15:02","Europe/Berlin","Customer E2F34","Payment Refund","Completed","EUR","-28.95","0.72","-28.23","shop@nordlicht-outdoor.example","","1038AA873AE2F34","7EAD389F8A0644","8978","1738.57","Debit"
"27/03/2026","13:57:00","Europe/Berlin","Customer 214C4","Express Checkout Payment","Completed","EUR","73.95","-2.19","71.76","buyer214c4@example.com","shop@nordlicht-outdoor.example","B08248F81214C4","","9935","1810.33","Credit"
"27/03/2026","16:41:38","Europe/Berlin","Customer 4BE82","Express Checkout Payment","Completed","EUR","33.95","-1.20","32.75","buyer4be82@example.com","shop@nordlicht-outdoor.example","1545C9B5054BE82","","9951","1843.08","Credit"
"27/03/2026","17:01:49","Europe/Berlin","Customer 871C7","Express Checkout Payment","Completed","EUR","76.15","-2.25","73.90","buyer871c7@example.com","shop@nordlicht-outdoor.example","133247EC0E871C7","","9952","1916.98","Credit"
"27/03/2026","17:38:47","Europe/Berlin","Customer 69D8A","Express Checkout Payment","Completed","EUR","86.55","-2.51","84.04","buyer69d8a@example.com","shop@nordlicht-outdoor.example","62501689069D8A","","9957","2001.02","Credit"
"27/03/2026","17:59:12","Europe/Berlin","Customer 8BFEB","Express Checkout Payment","Completed","EUR","337.60","-8.76","328.84","buyer8bfeb@example.com","shop@nordlicht-outdoor.example","15005DCC088BFEB","","9962","2329.86","Credit"
"27/03/2026","18:00:26","Europe/Berlin","Customer A5D64","Payment Refund","Completed","EUR","-158.00","3.93","-154.07","shop@nordlicht-outdoor.example","","159677A45FA5D64","13FDAB32BB6B51D","9467","2175.79","Debit"
"27/03/2026","18:12:39","Europe/Berlin","Customer 72B8D","Express Checkout Payment","Completed","EUR","37.95","-1.29","36.66","buyer72b8d@example.com","shop@nordlicht-outdoor.example","6A60ED6F972B8D","","9963","2212.45","Credit"
"27/03/2026","19:03:21","Europe/Berlin","Customer D8B6E","Payment Refund","Completed","EUR","-33.26","0.85","-32.41","shop@nordlicht-outdoor.example","","4E60F9FE8D8B6E","9F3A692D1630F1","8515","2180.04","Debit"
"27/03/2026","19:27:50","Europe/Berlin","Customer CD806","Payment Refund","Completed","EUR","-279.00","7.26","-271.74","shop@nordlicht-outdoor.example","","5ED211946CD806","868FD1358903B8","8654","1908.30","Debit"
"27/03/2026","19:30:27","Europe/Berlin","Customer 09974","Express Checkout Payment","Completed","EUR","123.00","-3.41","119.59","buyer09974@example.com","shop@nordlicht-outdoor.example","70782502709974","","9968","2027.89","Credit"
"27/03/2026","19:31:08","Europe/Berlin","Customer 9EF39","Express Checkout Payment","Completed","EUR","50.55","-1.61","48.94","buyer9ef39@example.com","shop@nordlicht-outdoor.example","B6CA1E9F79EF39","","9969","2076.83","Credit"
"27/03/2026","20:35:22","Europe/Berlin","Customer DB450","Express Checkout Payment","Completed","EUR","204.00","-5.43","198.57","buyerdb450@example.com","shop@nordlicht-outdoor.example","548C015A6DB450","","9975","2275.40","Credit"
"27/03/2026","21:48:38","Europe/Berlin","Customer DD303","Express Checkout Payment","Completed","EUR","378.95","-9.79","369.16","buyerdd303@example.com","shop@nordlicht-outdoor.example","5104D914CDD303","","9985","2644.56","Credit"
"27/03/2026","21:56:26","Europe/Berlin","Customer 501D7","Express Checkout Payment","Completed","EUR","283.00","-7.40","275.60","buyer501d7@example.com","shop@nordlicht-outdoor.example","A6EB825F3501D7","","9986","2920.16","Credit"
"27/03/2026","22:17:25","Europe/Berlin","Customer C07E4","Express Checkout Payment","Completed","EUR","99.00","-2.82","96.18","buyerc07e4@example.com","shop@nordlicht-outdoor.example","3D75D74D4C07E4","","9988","3016.34","Credit"
"27/03/2026","22:18:29","Europe/Berlin","Customer D83F4","Payment Refund","Completed","EUR","-24.84","0.76","-24.08","shop@nordlicht-outdoor.example","","8AB2D1385D83F4","448D555B019070","8949","2992.26","Debit"
"27/03/2026","22:56:15","Europe/Berlin","Customer F6761","Express Checkout Payment","Completed","EUR","90.00","-2.59","87.41","buyerf6761@example.com","shop@nordlicht-outdoor.example","495E57D95F6761","","9991","3079.67","Credit"
"27/03/2026","23:16:31","Europe/Berlin","Customer 89692","Express Checkout Payment","Completed","EUR","76.95","-2.27","74.68","buyer89692@example.com","shop@nordlicht-outdoor.example","138C70665E89692","","9992","3154.35","Credit"
"27/03/2026","23:21:58","Europe/Berlin","Customer E74E8","Express Checkout Payment","Completed","EUR","89.00","-2.57","86.43","buyere74e8@example.com","shop@nordlicht-outdoor.example","FB12EE12CE74E8","","9993","3240.78","Credit"
"28/03/2026","00:11:55","Europe/Berlin","Customer D3E8E","Payment Refund","Completed","EUR","-23.37","0.71","-22.66","shop@nordlicht-outdoor.example","","1271CB9B67D3E8E","F0CA65E93609E3","8598","3218.12","Debit"
"28/03/2026","01:31:34","Europe/Berlin","Customer 4E33C","Payment Refund","Completed","EUR","-297.00","7.70","-289.30","shop@nordlicht-outdoor.example","","F8EF1FEB14E33C","DE770B2EA2A357","9037","2928.82","Debit"
"28/03/2026","02:28:21","Europe/Berlin","Customer C53E6","Express Checkout Payment","Completed","EUR","92.15","-2.64","89.51","buyerc53e6@example.com","shop@nordlicht-outdoor.example","CC47CBE26C53E6","","9998","3018.33","Credit"
"28/03/2026","02:36:58","Europe/Berlin","Customer 058A0","Express Checkout Payment","Completed","EUR","33.95","-1.20","32.75","buyer058a0@example.com","shop@nordlicht-outdoor.example","126343D414058A0","","9999","3051.08","Credit"
"28/03/2026","06:28:19","Europe/Berlin","Customer 67EB9","Payment Refund","Completed","EUR","-89.00","2.43","-86.57","shop@nordlicht-outdoor.example","","7D351C78C67EB9","FBDF5E9E4E2740","9694","2964.51","Debit"
"28/03/2026","06:42:09","Europe/Berlin","Customer 069A5","Express Checkout Payment","Completed","EUR","131.20","-3.62","127.58","buyer069a5@example.com","shop@nordlicht-outdoor.example","C23BFD8D5069A5","","10002","3092.09","Credit"
"28/03/2026","07:26:48","Europe/Berlin","Customer 77332","Express Checkout Payment","Completed","EUR","146.15","-3.99","142.16","buyer77332@example.com","shop@nordlicht-outdoor.example","161224E70577332","","10004","3234.25","Credit"
"28/03/2026","08:30:07","Europe/Berlin","Customer 14494","Express Checkout Payment","Completed","EUR","327.00","-8.49","318.51","buyer14494@example.com","shop@nordlicht-outdoor.example","7940DB46414494","","10008","3552.76","Credit"
"28/03/2026","10:21:23","Europe/Berlin","Customer 24B90","Express Checkout Payment","Completed","EUR","95.20","-2.72","92.48","buyer24b90@example.com","shop@nordlicht-outdoor.example","10EF97629724B90","","10019","3645.24","Credit"
"28/03/2026","11:35:31","Europe/Berlin","Customer DBA4D","Express Checkout Payment","Completed","EUR","111.20","-3.12","108.08","buyerdba4d@example.com","shop@nordlicht-outdoor.example","A20376A70DBA4D","","10024","3753.32","Credit"
"28/03/2026","12:00:34","Europe/Berlin","Customer B171B","Express Checkout Payment","Completed","EUR","167.00","-4.51","162.49","buyerb171b@example.com","shop@nordlicht-outdoor.example","3FEC52525B171B","","10027","3915.81","Credit"
"28/03/2026","12:11:27","Europe/Berlin","Customer 36445","Express Checkout Payment","Completed","EUR","314.55","-8.18","306.37","buyer36445@example.com","shop@nordlicht-outdoor.example","9A70164D136445","","10028","4222.18","Credit"
"28/03/2026","12:51:08","Europe/Berlin","Customer 1CA38","Express Checkout Payment","Completed","EUR","81.95","-2.39","79.56","buyer1ca38@example.com","shop@nordlicht-outdoor.example","AA2069EF11CA38","","10032","4301.74","Credit"
"28/03/2026","13:51:15","Europe/Berlin","Customer BB8CE","Express Checkout Payment","Completed","EUR","284.00","-7.42","276.58","buyerbb8ce@example.com","shop@nordlicht-outdoor.example","137E06F3C1BB8CE","","10045","4578.32","Credit"
"28/03/2026","14:46:28","Europe/Berlin","Customer 843F2","Express Checkout Payment","Completed","EUR","244.00","-6.43","237.57","buyer843f2@example.com","shop@nordlicht-outdoor.example","87E887F4E843F2","","10052","4815.89","Credit"
"28/03/2026","14:47:55","Europe/Berlin","Customer 13356","Express Checkout Payment","Completed","EUR","101.95","-2.89","99.06","buyer13356@example.com","shop@nordlicht-outdoor.example","294598FE513356","","10054","4914.95","Credit"
"28/03/2026","15:11:47","Europe/Berlin","Customer 57C55","Express Checkout Payment","Completed","EUR","393.00","-10.14","382.86","buyer57c55@example.com","shop@nordlicht-outdoor.example","15F437BF8157C55","","10056","5297.81","Credit"
"28/03/2026","16:23:29","Europe/Berlin","Customer A41B2","Express Checkout Payment","Completed","EUR","31.95","-1.15","30.80","buyera41b2@example.com","shop@nordlicht-outdoor.example","DB5E1BF19A41B2","","10064","5328.61","Credit"
"28/03/2026","17:11:55","Europe/Berlin","Customer 4B7D7","Express Checkout Payment","Completed","EUR","204.95","-5.45","199.50","buyer4b7d7@example.com","shop@nordlicht-outdoor.example","14A8E432DE4B7D7","","10071","5528.11","Credit"
"28/03/2026","17:32:10","Europe/Berlin","Customer 356FE","Express Checkout Payment","Completed","EUR","201.95","-5.38","196.57","buyer356fe@example.com","shop@nordlicht-outdoor.example","AAE960098356FE","","10073","5724.68","Credit"
"28/03/2026","17:40:27","Europe/Berlin","Customer 394E2","Express Checkout Payment","Completed","EUR","379.95","-9.81","370.14","buyer394e2@example.com","shop@nordlicht-outdoor.example","B34C51C9B394E2","","10075","6094.82","Credit"
"28/03/2026","17:45:43","Europe/Berlin","Customer 2BFF6","Express Checkout Payment","Completed","EUR","23.95","-0.95","23.00","buyer2bff6@example.com","shop@nordlicht-outdoor.example","67E2105E02BFF6","","10078","6117.82","Credit"
"28/03/2026","18:16:16","Europe/Berlin","Customer E8495","Express Checkout Payment","Completed","EUR","60.95","-1.87","59.08","buyere8495@example.com","shop@nordlicht-outdoor.example","860BBFA0FE8495","","10082","6176.90","Credit"
"28/03/2026","18:47:49","Europe/Berlin","Customer CD2C8","Express Checkout Payment","Completed","EUR","28.95","-1.07","27.88","buyercd2c8@example.com","shop@nordlicht-outdoor.example","8FAEF1E02CD2C8","","10089","6204.78","Credit"
"28/03/2026","19:50:02","Europe/Berlin","Customer A03DD","Express Checkout Payment","Completed","EUR","224.10","-5.93","218.17","buyera03dd@example.com","shop@nordlicht-outdoor.example","8F5DBE475A03DD","","10098","6422.95","Credit"
"28/03/2026","20:46:14","Europe/Berlin","Customer 1476C","Express Checkout Payment","Completed","EUR","144.00","-3.94","140.06","buyer1476c@example.com","shop@nordlicht-outdoor.example","139E7FFD311476C","","10105","6563.01","Credit"
"28/03/2026","22:11:56","Europe/Berlin","Customer 0D65B","Express Checkout Payment","Completed","EUR","204.30","-5.44","198.86","buyer0d65b@example.com","shop@nordlicht-outdoor.example","144EFD945B0D65B","","10115","6761.87","Credit"
"28/03/2026","22:49:57","Europe/Berlin","Customer 6F4BB","Express Checkout Payment","Completed","EUR","54.95","-1.72","53.23","buyer6f4bb@example.com","shop@nordlicht-outdoor.example","10DEA993C26F4BB","","10117","6815.10","Credit"
"29/03/2026","03:46:35","Europe/Berlin","Customer 94221","Payment Refund","Completed","EUR","-138.00","3.44","-134.56","shop@nordlicht-outdoor.example","","114CBC426994221","8BB86C3163A04C","9498","6680.54","Debit"
"29/03/2026","05:34:20","Europe/Berlin","Customer B9EA2","Payment Refund","Completed","EUR","-99.00","2.47","-96.53","shop@nordlicht-outdoor.example","","B9D3EE459B9EA2","61F5DDE8EFB07B","8875","6584.01","Debit"
"29/03/2026","08:10:46","Europe/Berlin","Customer 6D27B","Express Checkout Payment","Completed","EUR","73.95","-2.19","71.76","buyer6d27b@example.com","shop@nordlicht-outdoor.example","15932D13616D27B","","10135","6655.77","Credit"
"29/03/2026","11:02:11","Europe/Berlin","Customer DE56F","Express Checkout Payment","Completed","EUR","137.75","-3.78","133.97","buyerde56f@example.com","shop@nordlicht-outdoor.example","27A2179FCDE56F","","10146","6789.74","Credit"
"29/03/2026","11:07:49","Europe/Berlin","Customer 6155F","Express Checkout Payment","Completed","EUR","38.95","-1.32","37.63","buyer6155f@example.com","shop@nordlicht-outdoor.example","399B5C6396155F","","10147","6827.37","Credit"
"29/03/2026","13:35:39","Europe/Berlin","Customer AA830","Express Checkout Payment","Completed","EUR","196.00","-5.23","190.77","buyeraa830@example.com","shop@nordlicht-outdoor.example","D60DA2A56AA830","","10159","7018.14","Credit"
"29/03/2026","13:39:53","Europe/Berlin","Customer 7E939","Express Checkout Payment","Completed","EUR","421.00","-10.83","410.17","buyer7e939@example.com","shop@nordlicht-outdoor.example","B221984D87E939","","10161","7428.31","Credit"
"29/03/2026","13:46:41","Europe/Berlin","Customer 3EDA6","Express Checkout Payment","Completed","EUR","29.95","-1.10","28.85","buyer3eda6@example.com","shop@nordlicht-outdoor.example","27E3463C83EDA6","","10164","7457.16","Credit"
"29/03/2026","14:41:51","Europe/Berlin","Customer 5B5EE","Express Checkout Payment","Completed","EUR","218.00","-5.78","212.22","buyer5b5ee@example.com","shop@nordlicht-outdoor.example","CD310F9F85B5EE","","10173","7669.38","Credit"
"29/03/2026","15:22:15","Europe/Berlin","Customer 90451","Payment Refund","Completed","EUR","-38.92","1.07","-37.85","shop@nordlicht-outdoor.example","","125829F60F90451","1444F7A22CD35D7","8263","7631.53","Debit"
"29/03/2026","15:33:25","Europe/Berlin","Customer CCA0E","Express Checkout Payment","Completed","EUR","76.95","-2.27","74.68","buyercca0e@example.com","shop@nordlicht-outdoor.example","D735BCD6CCCA0E","","10177","7706.21","Credit"
"29/03/2026","15:59:56","Europe/Berlin","Customer 58078","Express Checkout Payment","Completed","EUR","210.00","-5.58","204.42","buyer58078@example.com","shop@nordlicht-outdoor.example","1119FECB1A58078","","10182","7910.63","Credit"
"29/03/2026","16:07:38","Europe/Berlin","Customer D70D7","Express Checkout Payment","Completed","EUR","56.25","-1.75","54.50","buyerd70d7@example.com","shop@nordlicht-outdoor.example","10DEA9DE26D70D7","","10183","7965.13","Credit"
"29/03/2026","18:01:03","Europe/Berlin","Customer E92CD","Express Checkout Payment","Completed","EUR","95.20","-2.72","92.48","buyere92cd@example.com","shop@nordlicht-outdoor.example","117E0AE98FE92CD","","10196","8057.61","Credit"
"29/03/2026","18:11:01","Europe/Berlin","Customer DD740","Express Checkout Payment","Completed","EUR","124.00","-3.44","120.56","buyerdd740@example.com","shop@nordlicht-outdoor.example","262493748DD740","","10197","8178.17","Credit"
"29/03/2026","18:53:45","Europe/Berlin","Customer 995FE","Express Checkout Payment","Completed","EUR","128.95","-3.56","125.39","buyer995fe@example.com","shop@nordlicht-outdoor.example","110BEAA0F0995FE","","10203","8303.56","Credit"
"29/03/2026","19:00:47","Europe/Berlin","Customer 89530","Express Checkout Payment","Completed","EUR","279.00","-7.30","271.70","buyer89530@example.com","shop@nordlicht-outdoor.example","64CB83F5A89530","","10207","8575.26","Credit"
"29/03/2026","19:21:41","Europe/Berlin","Customer E33FA","Express Checkout Payment","Completed","EUR","99.00","-2.82","96.18","buyere33fa@example.com","shop@nordlicht-outdoor.example","48C0F0C69E33FA","","10210","8671.44","Credit"
"29/03/2026","21:44:03","Europe/Berlin","Customer 76FBC","Express Checkout Payment","Completed","EUR","62.95","-1.92","61.03","buyer76fbc@example.com","shop@nordlicht-outdoor.example","869D0749076FBC","","10225","8732.47","Credit"
"29/03/2026","22:33:41","Europe/Berlin","Customer D27CE","Express Checkout Payment","Completed","EUR","189.00","-5.06","183.94","buyerd27ce@example.com","shop@nordlicht-outdoor.example","47CC506E0D27CE","","10229","8916.41","Credit"
"29/03/2026","22:35:43","Europe/Berlin","Customer B71DF","Express Checkout Payment","Completed","EUR","453.60","-11.64","441.96","buyerb71df@example.com","shop@nordlicht-outdoor.example","118A9B3603B71DF","","10231","9358.37","Credit"
"29/03/2026","22:52:27","Europe/Berlin","Customer 99BDE","Express Checkout Payment","Completed","EUR","173.00","-4.66","168.34","buyer99bde@example.com","shop@nordlicht-outdoor.example","8DA72A78D99BDE","","10234","9526.71","Credit"
"30/03/2026","00:08:37","Europe/Berlin","Customer 3D77A","Payment Refund","Completed","EUR","-31.95","0.80","-31.15","shop@nordlicht-outdoor.example","","141FB5F97E3D77A","9FD52592531BC6","8386","9495.56","Debit"
"30/03/2026","02:49:21","Europe/Berlin","Customer 7420D","Express Checkout Payment","Completed","EUR","39.95","-1.34","38.61","buyer7420d@example.com","shop@nordlicht-outdoor.example","5D01339CE7420D","","10237","9534.17","Credit"
"30/03/2026","04:31:03","Europe/Berlin","Customer 73FB7","Express Checkout Payment","Completed","EUR","31.95","-1.15","30.80","buyer73fb7@example.com","shop@nordlicht-outdoor.example","14B2F2394773FB7","","10239","9564.97","Credit"
"30/03/2026","10:05:34","Europe/Berlin","Customer 071F4","Express Checkout Payment","Completed","EUR","101.95","-2.89","99.06","buyer071f4@example.com","shop@nordlicht-outdoor.example","1277B6231C071F4","","10253","9664.03","Credit"
"30/03/2026","10:13:28","Europe/Berlin","Customer 43228","Express Checkout Payment","Completed","EUR","285.95","-7.47","278.48","buyer43228@example.com","shop@nordlicht-outdoor.example","DAF706C3743228","","10254","9942.51","Credit"
"30/03/2026","11:00:15","Europe/Berlin","Customer A3148","Express Checkout Payment","Completed","EUR","358.00","-9.26","348.74","buyera3148@example.com","shop@nordlicht-outdoor.example","2A7225300A3148","","10256","10291.25","Credit"
"30/03/2026","11:25:04","Europe/Berlin","Customer 6100E","Express Checkout Payment","Completed","EUR","38.95","-1.32","37.63","buyer6100e@example.com","shop@nordlicht-outdoor.example","9B52389606100E","","10257","10328.88","Credit"
"30/03/2026","12:17:02","Europe/Berlin","Customer 37BE7","Payment Refund","Completed","EUR","-14.24","0.42","-13.82","shop@nordlicht-outdoor.example","","8FB44861637BE7","D4ACE1C71C7C09","9418","10315.06","Debit"
"30/03/2026","12:20:58","Europe/Berlin","Customer 0E230","Payment Refund","Completed","EUR","-95.20","2.37","-92.83","shop@nordlicht-outdoor.example","","49A2FFE9C0E230","10EF97629724B90","10019","10222.23","Debit"
"30/03/2026","15:19:30","Europe/Berlin","Customer 57094","Express Checkout Payment","Completed","EUR","221.40","-5.86","215.54","buyer57094@example.com","shop@nordlicht-outdoor.example","3A2614DE557094","","10274","10437.77","Credit"
"30/03/2026","16:46:29","Europe/Berlin","Customer 2E194","Payment Refund","Completed","EUR","-11.31","0.40","-10.91","shop@nordlicht-outdoor.example","","CA949D1782E194","6779AFF22C24CB","9227","10426.86","Debit"
"30/03/2026","18:26:14","Europe/Berlin","Customer FBA39","Express Checkout Payment","Completed","EUR","303.00","-7.89","295.11","buyerfba39@example.com","shop@nordlicht-outdoor.example","111A999F63FBA39","","10284","10721.97","Credit"
"30/03/2026","18:48:49","Europe/Berlin","Customer 1B45E","Express Checkout Payment","Completed","EUR","35.35","-1.23","34.12","buyer1b45e@example.com","shop@nordlicht-outdoor.example","EA28DA6191B45E","","10285","10756.09","Credit"
"30/03/2026","19:14:19","Europe/Berlin","Customer 8BB63","Express Checkout Payment","Completed","EUR","189.00","-5.06","183.94","buyer8bb63@example.com","shop@nordlicht-outdoor.example","12F34D0E228BB63","","10287","10940.03","Credit"
"30/03/2026","22:01:33","Europe/Berlin","Customer C0773","Express Checkout Payment","Completed","EUR","133.00","-3.66","129.34","buyerc0773@example.com","shop@nordlicht-outdoor.example","485CEEBEEC0773","","10305","11069.37","Credit"
"30/03/2026","22:41:12","Europe/Berlin","Customer 5D18D","Express Checkout Payment","Completed","EUR","776.70","-19.69","757.01","buyer5d18d@example.com","shop@nordlicht-outdoor.example","10781A92E95D18D","","10315","11826.38","Credit"
"30/03/2026","22:59:16","Europe/Berlin","Customer 1937C","Express Checkout Payment","Completed","EUR","68.95","-2.07","66.88","buyer1937c@example.com","shop@nordlicht-outdoor.example","14E972B6771937C","","10316","11893.26","Credit"
"30/03/2026","23:28:41","Europe/Berlin","Customer D0251","Express Checkout Payment","Completed","EUR","179.00","-4.81","174.19","buyerd0251@example.com","shop@nordlicht-outdoor.example","149B60F224D0251","","10318","12067.45","Credit"
"31/03/2026","02:03:05","Europe/Berlin","Customer 5A8BC","Express Checkout Payment","Completed","EUR","338.00","-8.77","329.23","buyer5a8bc@example.com","shop@nordlicht-outdoor.example","132E2855735A8BC","","10321","12396.68","Credit"
"31/03/2026","03:04:35","Europe/Berlin","Customer 3D1D7","Express Checkout Payment","Completed","EUR","23.95","-0.95","23.00","buyer3d1d7@example.com","shop@nordlicht-outdoor.example","11A851DAE23D1D7","","10324","12419.68","Credit"
"31/03/2026","05:31:52","Europe/Berlin","Customer 76442","Express Checkout Payment","Completed","EUR","33.95","-1.20","32.75","buyer76442@example.com","shop@nordlicht-outdoor.example","16008646B176442","","10325","12452.43","Credit"
"31/03/2026","05:44:01","Europe/Berlin","Customer 86DB3","Express Checkout Payment","Completed","EUR","253.00","-6.65","246.35","buyer86db3@example.com","shop@nordlicht-outdoor.example","42B04B9E586DB3","","10326","12698.78","Credit"
"31/03/2026","05:59:19","Europe/Berlin","Customer D4723","Express Checkout Payment","Completed","EUR","115.20","-3.22","111.98","buyerd4723@example.com","shop@nordlicht-outdoor.example","BEE58D5BDD4723","","10327","12810.76","Credit"
"31/03/2026","06:53:34","Europe/Berlin","Customer 90491","Express Checkout Payment","Completed","EUR","122.40","-3.40","119.00","buyer90491@example.com","shop@nordlicht-outdoor.example","152A96665C90491","","10329","12929.76","Credit"
"31/03/2026","07:23:10","Europe/Berlin","Customer 71672","Express Checkout Payment","Completed","EUR","112.00","-3.14","108.86","buyer71672@example.com","shop@nordlicht-outdoor.example","10D1BBE7F571672","","10332","13038.62","Credit"
"31/03/2026","07:35:42","Europe/Berlin","Customer 03BEF","Express Checkout Payment","Completed","EUR","617.60","-15.73","601.87","buyer03bef@example.com","shop@nordlicht-outdoor.example","E5DB6791303BEF","","10334","13640.49","Credit"
"31/03/2026","08:31:19","Europe/Berlin","Customer A5F3D","Express Checkout Payment","Completed","EUR","283.00","-7.40","275.60","buyera5f3d@example.com","shop@nordlicht-outdoor.example","DA67B9A7BA5F3D","","10336","13916.09","Credit"
"31/03/2026","09:00:00","Europe/Berlin","Bank Account","General Withdrawal","Completed","EUR","-13416.09","0.00","-13416.09","shop@nordlicht-outdoor.example","","WD3120589140949","","","500.00","Debit"
"31/03/2026","09:23:39","Europe/Berlin","Customer 84775","Express Checkout Payment","Completed","EUR","368.00","-9.51","358.49","buyer84775@example.com","shop@nordlicht-outdoor.example","97F30040484775","","10341","858.49","Credit"
"31/03/2026","10:29:38","Europe/Berlin","Customer D5462","Express Checkout Payment","Completed","EUR","307.80","-8.01","299.79","buyerd5462@example.com","shop@nordlicht-outdoor.example","62A2C4909D5462","","10343","1158.28","Credit"
"31/03/2026","11:28:47","Europe/Berlin","Customer C021B","Express Checkout Payment","Completed","EUR","261.95","-6.87","255.08","buyerc021b@example.com","shop@nordlicht-outdoor.example","27912743CC021B","","10346","1413.36","Credit"
"31/03/2026","12:05:29","Europe/Berlin","Customer E169C","Express Checkout Payment","Completed","EUR","264.00","-6.92","257.08","buyere169c@example.com","shop@nordlicht-outdoor.example","8FD3FF6D2E169C","","10348","1670.44","Credit"
"31/03/2026","12:25:32","Europe/Berlin","Customer F05B3","Payment Refund","Completed","EUR","-25.20","0.73","-24.47","shop@nordlicht-outdoor.example","","67588128EF05B3","124F2EF3E43D084","9896","1645.97","Debit"
"31/03/2026","13:30:05","Europe/Berlin","Customer 49BA8","Express Checkout Payment","Completed","EUR","478.00","-12.25","465.75","buyer49ba8@example.com","shop@nordlicht-outdoor.example","1345FBC2BE49BA8","","10354","2111.72","Credit"
"31/03/2026","13:30:33","Europe/Berlin","Customer 8BF62","Express Checkout Payment","Completed","EUR","329.00","-8.54","320.46","buyer8bf62@example.com","shop@nordlicht-outdoor.example","86C4290608BF62","","10355","2432.18","Credit"
"31/03/2026","14:41:24","Europe/Berlin","Customer 2E5DF","Express Checkout Payment","Completed","EUR","123.00","-3.41","119.59","buyer2e5df@example.com","shop@nordlicht-outdoor.example","F7BDC33E42E5DF","","10362","2551.77","Credit"
"31/03/2026","16:00:20","Europe/Berlin","Customer 2F0D4","Express Checkout Payment","Completed","EUR","31.95","-1.15","30.80","buyer2f0d4@example.com","shop@nordlicht-outdoor.example","87693C1C72F0D4","","10367","2582.57","Credit"
"31/03/2026","16:53:30","Europe/Berlin","Customer 76AD6","Express Checkout Payment","Completed","EUR","88.00","-2.54","85.46","buyer76ad6@example.com","shop@nordlicht-outdoor.example","14AD87309076AD6","","10371","2668.03","Credit"
"31/03/2026","18:07:36","Europe/Berlin","Customer CF7F9","Express Checkout Payment","Completed","EUR","174.40","-4.69","169.71","buyercf7f9@example.com","shop@nordlicht-outdoor.example","C1934FBCFCF7F9","","10374","2837.74","Credit"
"31/03/2026","18:56:07","Europe/Berlin","Customer 0F8FD","Express Checkout Payment","Completed","EUR","173.00","-4.66","168.34","buyer0f8fd@example.com","shop@nordlicht-outdoor.example","401354C180F8FD","","10378","3006.08","Credit"
"31/03/2026","19:34:54","Europe/Berlin","Customer 5E9F0","Express Checkout Payment","Completed","EUR","73.95","-2.19","71.76","buyer5e9f0@example.com","shop@nordlicht-outdoor.example","74D71CDCE5E9F0","","10386","3077.84","Credit"
"31/03/2026","21:17:01","Europe/Berlin","Customer 5D59B","Express Checkout Payment","Completed","EUR","73.95","-2.19","71.76","buyer5d59b@example.com","shop@nordlicht-outdoor.example","5C3BFD6015D59B","","10398","3149.60","Credit"
"31/03/2026","21:27:13","Europe/Berlin","Customer E2A3F","Express Checkout Payment","Completed","EUR","375.00","-9.69","365.31","buyere2a3f@example.com","shop@nordlicht-outdoor.example","9F78C42F7E2A3F","","10400","3514.91","Credit"
"31/03/2026","21:33:37","Europe/Berlin","Customer AEE06","Express Checkout Payment","Completed","EUR","306.00","-7.97","298.03","buyeraee06@example.com","shop@nordlicht-outdoor.example","11240EB2A3AEE06","","10401","3812.94","Credit"
"31/03/2026","21:52:52","Europe/Berlin","Customer AFF85","Express Checkout Payment","Completed","EUR","182.00","-4.88","177.12","buyeraff85@example.com","shop@nordlicht-outdoor.example","2A72D6DFFAFF85","","10402","3990.06","Credit"
"31/03/2026","22:04:42","Europe/Berlin","Customer 9F06B","Express Checkout Payment","Completed","EUR","79.20","-2.32","76.88","buyer9f06b@example.com","shop@nordlicht-outdoor.example","4011A58159F06B","","10404","4066.94","Credit"
"31/03/2026","23:29:06","Europe/Berlin","Customer 1A05F","Express Checkout Payment","Completed","EUR","675.00","-17.16","657.84","buyer1a05f@example.com","shop@nordlicht-outdoor.example","5108F35AB1A05F","","10408","4724.78","Credit"
"31/03/2026","23:55:41","Europe/Berlin","Customer A34C1","Express Checkout Payment","Completed","EUR","245.00","-6.45","238.55","buyera34c1@example.com","shop@nordlicht-outdoor.example","101EADB695A34C1","","10410","4963.33","Credit"
