Transaction Date,Type,Order,Card Brand,Card Source,Payout Status,Payout Date,Available On,Amount,Fee,Net
2026-03-01 00:18:03,charge,#7364,visa,apple_pay,paid,2026-03-03,2026-03-03,157.00,2.60,154.40
2026-03-01 00:44:34,charge,#7366,visa,apple_pay,paid,2026-03-03,2026-03-03,173.00,2.84,170.16
2026-03-01 03:54:54,charge,#7371,master,online,paid,2026-03-03,2026-03-03,307.00,4.86,302.14
2026-03-01 06:30:55,refund,#5497,visa,online,paid,2026-03-03,2026-03-03,-34.20,0.00,-34.20
2026-03-01 08:08:13,charge,#7375,visa,apple_pay,paid,2026-03-03,2026-03-03,69.95,1.30,68.65
2026-03-01 08:46:27,charge,#7377,visa,online,paid,2026-03-03,2026-03-03,677.00,10.40,666.60
2026-03-01 09:05:06,charge,#7378,visa,online,paid,2026-03-03,2026-03-03,689.00,10.58,678.42
2026-03-01 09:13:43,charge,#7379,master,online,paid,2026-03-03,2026-03-03,217.00,3.50,213.50
2026-03-01 09:31:48,charge,#7381,master,apple_pay,paid,2026-03-03,2026-03-03,123.00,2.10,120.90
2026-03-01 09:59:20,charge,#7383,visa,apple_pay,paid,2026-03-03,2026-03-03,42.95,0.89,42.06
2026-03-01 10:16:12,charge,#7386,master,apple_pay,paid,2026-03-03,2026-03-03,99.00,1.74,97.26
2026-03-01 10:40:16,charge,#7388,master,online,paid,2026-03-03,2026-03-03,100.95,1.76,99.19
2026-03-01 11:00:31,charge,#7390,visa,online,paid,2026-03-03,2026-03-03,388.00,6.07,381.93
2026-03-01 11:11:42,charge,#7391,visa,online,paid,2026-03-03,2026-03-03,57.15,1.11,56.04
2026-03-01 11:14:09,charge,#7392,master,online,paid,2026-03-03,2026-03-03,105.95,1.84,104.11
2026-03-01 11:33:20,charge,#7395,american_express,online,paid,2026-03-03,2026-03-03,68.95,2.25,66.70
2026-03-01 12:16:40,refund,#7168,master,online,paid,2026-03-03,2026-03-03,-98.28,0.00,-98.28
2026-03-01 13:05:59,charge,#7401,master,online,paid,2026-03-03,2026-03-03,264.95,4.22,260.73
2026-03-01 14:04:06,charge,#7404,visa,google_pay,paid,2026-03-03,2026-03-03,109.00,1.88,107.12
2026-03-01 14:22:21,charge,#7405,master,online,paid,2026-03-03,2026-03-03,62.95,1.19,61.76
2026-03-01 14:30:59,charge,#7406,visa,online,paid,2026-03-03,2026-03-03,131.95,2.23,129.72
2026-03-01 14:33:52,charge,#7407,visa,online,paid,2026-03-03,2026-03-03,507.00,7.86,499.14
2026-03-01 15:00:32,charge,#7408,master,online,paid,2026-03-03,2026-03-03,23.95,0.61,23.34
2026-03-01 15:05:45,charge,#7409,visa,online,paid,2026-03-03,2026-03-03,128.00,2.17,125.83
2026-03-01 15:10:53,charge,#7410,master,online,paid,2026-03-03,2026-03-03,272.70,4.34,268.36
2026-03-01 15:14:06,charge,#7411,master,online,paid,2026-03-03,2026-03-03,61.95,1.18,60.77
2026-03-01 15:23:04,charge,#7414,visa,apple_pay,paid,2026-03-03,2026-03-03,53.95,1.06,52.89
2026-03-01 15:46:05,charge,#7420,master,online,paid,2026-03-03,2026-03-03,23.95,0.61,23.34
2026-03-01 15:50:15,charge,#7422,master,apple_pay,paid,2026-03-03,2026-03-03,193.00,3.14,189.86
2026-03-01 15:51:31,charge,#7423,visa,online,paid,2026-03-03,2026-03-03,29.95,0.70,29.25
2026-03-01 16:32:49,charge,#7427,master,apple_pay,paid,2026-03-03,2026-03-03,76.00,1.39,74.61
2026-03-01 17:12:30,refund,#6616,visa,online,paid,2026-03-03,2026-03-03,-237.15,0.00,-237.15
2026-03-01 17:45:20,charge,#7430,visa,apple_pay,paid,2026-03-03,2026-03-03,406.00,6.34,399.66
2026-03-01 17:54:20,charge,#7432,visa,online,paid,2026-03-03,2026-03-03,437.00,6.80,430.20
2026-03-01 17:54:50,charge,#7433,master,apple_pay,paid,2026-03-03,2026-03-03,874.00,13.36,860.64
2026-03-01 18:23:03,charge,#7436,master,apple_pay,paid,2026-03-03,2026-03-03,329.00,5.18,323.82
2026-03-01 18:25:54,refund,#5335,master,apple_pay,paid,2026-03-03,2026-03-03,-89.00,0.00,-89.00
2026-03-01 18:36:01,charge,#7438,master,online,paid,2026-03-03,2026-03-03,262.00,4.18,257.82
2026-03-01 19:00:42,charge,#7440,visa,online,paid,2026-03-03,2026-03-03,31.95,0.73,31.22
2026-03-01 19:09:13,charge,#7442,visa,google_pay,paid,2026-03-03,2026-03-03,119.00,2.04,116.96
2026-03-01 19:13:00,charge,#7445,visa,online,paid,2026-03-03,2026-03-03,102.00,1.78,100.22
2026-03-01 19:13:37,charge,#7446,visa,online,paid,2026-03-03,2026-03-03,427.00,6.66,420.34
2026-03-01 19:39:45,charge,#7449,master,online,paid,2026-03-03,2026-03-03,438.00,6.82,431.18
2026-03-01 19:43:49,charge,#7450,visa,online,paid,2026-03-03,2026-03-03,23.95,0.61,23.34
2026-03-01 20:05:59,charge,#7452,visa,online,paid,2026-03-03,2026-03-03,122.00,2.08,119.92
2026-03-01 20:16:20,charge,#7454,master,google_pay,paid,2026-03-03,2026-03-03,239.00,3.84,235.16
2026-03-01 20:21:30,charge,#7455,visa,online,paid,2026-03-03,2026-03-03,158.00,2.62,155.38
2026-03-01 20:21:55,charge,#7456,visa,online,paid,2026-03-03,2026-03-03,113.00,1.94,111.06
2026-03-01 20:33:38,charge,#7458,master,online,paid,2026-03-03,2026-03-03,23.95,0.61,23.34
2026-03-01 20:34:53,charge,#7459,master,online,paid,2026-03-03,2026-03-03,62.95,1.19,61.76
2026-03-01 20:35:57,charge,#7460,visa,apple_pay,paid,2026-03-03,2026-03-03,279.00,4.44,274.56
2026-03-01 20:41:35,charge,#7463,visa,online,paid,2026-03-03,2026-03-03,168.00,2.77,165.23
2026-03-01 20:44:18,charge,#7464,visa,apple_pay,paid,2026-03-03,2026-03-03,836.00,12.79,823.21
2026-03-01 20:45:08,charge,#7465,master,apple_pay,paid,2026-03-03,2026-03-03,183.00,3.00,180.00
2026-03-01 20:46:29,charge,#7466,master,online,paid,2026-03-03,2026-03-03,187.95,3.07,184.88
2026-03-01 20:49:37,charge,#7467,master,online,paid,2026-03-03,2026-03-03,153.00,2.54,150.46
2026-03-01 21:05:30,charge,#7470,visa,online,paid,2026-03-03,2026-03-03,33.95,0.76,33.19
2026-03-01 21:05:53,refund,#5252,master,online,paid,2026-03-03,2026-03-03,-178.00,0.00,-178.00
2026-03-01 21:14:46,charge,#7471,master,online,paid,2026-03-03,2026-03-03,239.00,3.84,235.16
2026-03-01 21:28:07,charge,#7475,master,apple_pay,paid,2026-03-03,2026-03-03,23.95,0.61,23.34
2026-03-01 21:43:56,charge,#7478,visa,online,paid,2026-03-03,2026-03-03,23.95,0.61,23.34
2026-03-01 21:48:10,charge,#7479,visa,online,paid,2026-03-03,2026-03-03,89.00,1.58,87.42
2026-03-01 22:38:31,charge,#7483,master,online,paid,2026-03-03,2026-03-03,48.15,0.97,47.18
2026-03-01 23:07:39,charge,#7486,master,online,paid,2026-03-03,2026-03-03,136.80,2.30,134.50
2026-03-01 23:30:47,charge,#7487,visa,apple_pay,paid,2026-03-03,2026-03-03,42.95,0.89,42.06
2026-03-01 23:54:03,charge,#7488,visa,online,paid,2026-03-03,2026-03-03,571.00,8.82,562.18
2026-03-02 00:46:49,refund,#6664,master,online,paid,2026-03-04,2026-03-04,-299.00,0.00,-299.00
2026-03-02 01:11:23,charge,#7491,visa,apple_pay,paid,2026-03-04,2026-03-04,218.00,3.52,214.48
2026-03-02 01:46:05,refund,#5386,visa,online,paid,2026-03-04,2026-03-04,-30.10,0.00,-30.10
2026-03-02 05:40:32,charge,#7493,master,online,paid,2026-03-04,2026-03-04,418.00,6.52,411.48
2026-03-02 06:35:56,charge,#7494,visa,google_pay,paid,2026-03-04,2026-03-04,329.00,5.18,323.82
2026-03-02 07:17:10,charge,#7496,visa,online,paid,2026-03-04,2026-03-04,516.00,7.99,508.01
2026-03-02 07:56:27,charge,#7497,master,online,paid,2026-03-04,2026-03-04,368.00,5.77,362.23
2026-03-02 08:33:04,charge,#7498,master,online,paid,2026-03-04,2026-03-04,308.00,4.87,303.13
2026-03-02 12:16:41,charge,#7504,american_express,online,paid,2026-03-04,2026-03-04,208.00,6.28,201.72
2026-03-02 12:37:38,charge,#7506,visa,online,paid,2026-03-04,2026-03-04,105.95,1.84,104.11
2026-03-02 12:41:11,charge,#7507,visa,online,paid,2026-03-04,2026-03-04,109.00,1.88,107.12
2026-03-02 14:42:10,charge,#7509,visa,apple_pay,paid,2026-03-04,2026-03-04,458.00,7.12,450.88
2026-03-02 15:34:21,charge,#7514,master,online,paid,2026-03-04,2026-03-04,247.95,3.97,243.98
2026-03-02 15:53:04,charge,#7515,master,online,paid,2026-03-04,2026-03-04,29.95,0.70,29.25
2026-03-02 15:57:30,charge,#7517,visa,online,paid,2026-03-04,2026-03-04,291.00,4.62,286.38
2026-03-02 16:25:41,charge,#7520,master,online,paid,2026-03-04,2026-03-04,57.00,1.10,55.90
2026-03-02 17:07:39,charge,#7522,visa,apple_pay,paid,2026-03-04,2026-03-04,119.00,2.04,116.96
2026-03-02 17:11:45,refund,#6575,american_express,online,paid,2026-03-04,2026-03-04,-99.00,0.00,-99.00
2026-03-02 17:57:19,charge,#7525,visa,online,paid,2026-03-04,2026-03-04,504.00,7.81,496.19
2026-03-02 18:01:15,charge,#7526,visa,online,paid,2026-03-04,2026-03-04,259.95,4.15,255.80
2026-03-02 19:01:09,charge,#7528,master,online,paid,2026-03-04,2026-03-04,31.95,0.73,31.22
2026-03-02 19:01:28,charge,#7529,visa,online,paid,2026-03-04,2026-03-04,109.00,1.88,107.12
2026-03-02 19:35:37,charge,#7530,visa,online,paid,2026-03-04,2026-03-04,278.00,4.42,273.58
2026-03-02 19:52:13,charge,#7532,visa,online,paid,2026-03-04,2026-03-04,224.00,3.61,220.39
2026-03-02 20:41:52,charge,#7540,visa,online,paid,2026-03-04,2026-03-04,73.95,1.36,72.59
2026-03-02 20:44:26,charge,#7541,master,online,paid,2026-03-04,2026-03-04,98.00,1.72,96.28
2026-03-02 22:12:17,charge,#7543,visa,online,paid,2026-03-04,2026-03-04,99.00,1.74,97.26
2026-03-02 22:36:06,charge,#7546,master,online,paid,2026-03-04,2026-03-04,38.95,0.83,38.12
2026-03-03 00:32:58,charge,#7549,master,apple_pay,paid,2026-03-05,2026-03-05,38.95,0.83,38.12
2026-03-03 01:44:53,charge,#7551,visa,online,paid,2026-03-05,2026-03-05,378.00,5.92,372.08
2026-03-03 02:10:05,refund,#6180,visa,online,paid,2026-03-05,2026-03-05,-76.95,0.00,-76.95
2026-03-03 02:47:11,charge,#7552,visa,online,paid,2026-03-05,2026-03-05,101.95,1.78,100.17
2026-03-03 03:13:54,charge,#7553,american_express,online,paid,2026-03-05,2026-03-05,189.00,5.73,183.27
2026-03-03 04:57:15,refund,#6680,visa,online,paid,2026-03-05,2026-03-05,-27.20,0.00,-27.20
2026-03-03 09:00:50,charge,#7554,master,apple_pay,paid,2026-03-05,2026-03-05,178.00,2.92,175.08
2026-03-03 09:05:27,charge,#7555,master,online,paid,2026-03-05,2026-03-05,58.95,1.13,57.82
2026-03-03 09:50:21,charge,#7560,visa,apple_pay,paid,2026-03-05,2026-03-05,266.00,4.24,261.76
2026-03-03 09:53:21,charge,#7560,visa,apple_pay,paid,2026-03-05,2026-03-05,266.00,4.24,261.76
2026-03-03 09:58:29,charge,#7561,master,apple_pay,paid,2026-03-05,2026-03-05,29.95,0.70,29.25
2026-03-03 10:36:28,charge,#7564,master,google_pay,paid,2026-03-05,2026-03-05,138.00,2.32,135.68
2026-03-03 11:36:21,charge,#7565,american_express,online,paid,2026-03-05,2026-03-05,31.95,1.18,30.77
2026-03-03 11:42:33,charge,#7567,visa,google_pay,paid,2026-03-05,2026-03-05,38.95,0.83,38.12
2026-03-03 11:56:18,charge,#7569,master,online,paid,2026-03-05,2026-03-05,89.00,1.58,87.42
2026-03-03 12:42:09,charge,#7574,master,apple_pay,paid,2026-03-05,2026-03-05,74.00,1.36,72.64
2026-03-03 13:05:40,charge,#7576,visa,online,paid,2026-03-05,2026-03-05,144.00,2.41,141.59
2026-03-03 13:43:04,charge,#7579,master,google_pay,paid,2026-03-05,2026-03-05,495.00,7.68,487.32
2026-03-03 13:53:11,charge,#7580,master,google_pay,paid,2026-03-05,2026-03-05,338.00,5.32,332.68
2026-03-03 14:42:15,charge,#7583,visa,online,paid,2026-03-05,2026-03-05,131.95,2.23,129.72
2026-03-03 16:04:13,charge,#7591,master,online,paid,2026-03-05,2026-03-05,29.95,0.70,29.25
2026-03-03 16:36:15,charge,#7596,visa,apple_pay,paid,2026-03-05,2026-03-05,30.45,0.71,29.74
2026-03-03 17:00:24,charge,#7598,master,online,paid,2026-03-05,2026-03-05,49.95,1.00,48.95
2026-03-03 17:16:57,charge,#7599,visa,google_pay,paid,2026-03-05,2026-03-05,181.60,2.97,178.63
2026-03-03 17:24:21,charge,#7600,american_express,online,paid,2026-03-05,2026-03-05,103.95,3.26,100.69
2026-03-03 17:39:06,refund,#5595,visa,online,paid,2026-03-05,2026-03-05,-182.00,0.00,-182.00
2026-03-03 18:08:32,charge,#7602,master,online,paid,2026-03-05,2026-03-05,83.70,1.51,82.19
2026-03-03 18:22:22,refund,#7190,american_express,online,paid,2026-03-05,2026-03-05,-207.00,0.00,-207.00
2026-03-03 18:24:58,charge,#7604,visa,online,paid,2026-03-05,2026-03-05,617.00,9.50,607.50
2026-03-03 19:02:49,charge,#7607,visa,online,paid,2026-03-05,2026-03-05,38.95,0.83,38.12
2026-03-03 19:11:46,charge,#7608,master,online,paid,2026-03-05,2026-03-05,579.95,8.95,571.00
2026-03-03 20:20:44,charge,#7615,visa,online,paid,2026-03-05,2026-03-05,99.95,1.75,98.20
2026-03-03 20:21:48,charge,#7616,visa,online,paid,2026-03-05,2026-03-05,196.00,3.19,192.81
2026-03-03 20:57:47,charge,#7620,visa,apple_pay,paid,2026-03-05,2026-03-05,33.95,0.76,33.19
2026-03-03 21:20:34,charge,#7622,visa,online,paid,2026-03-05,2026-03-05,33.95,0.76,33.19
2026-03-03 21:27:25,charge,#7624,master,google_pay,paid,2026-03-05,2026-03-05,98.00,1.72,96.28
2026-03-03 22:01:08,charge,#7625,visa,apple_pay,paid,2026-03-05,2026-03-05,156.95,2.60,154.35
2026-03-03 22:36:26,charge,#7626,master,online,paid,2026-03-05,2026-03-05,31.95,0.73,31.22
2026-03-03 22:51:12,charge,#7627,master,online,paid,2026-03-05,2026-03-05,529.00,8.18,520.82
2026-03-03 23:03:13,refund,#5636,visa,online,paid,2026-03-05,2026-03-05,-79.00,0.00,-79.00
2026-03-03 23:22:04,charge,#7630,visa,online,paid,2026-03-05,2026-03-05,173.00,2.84,170.16
2026-03-04 03:21:59,charge,#7633,visa,online,paid,2026-03-06,2026-03-06,77.95,1.42,76.53
2026-03-04 06:25:25,charge,#7635,visa,google_pay,paid,2026-03-06,2026-03-06,249.00,3.98,245.02
2026-03-04 07:51:02,charge,#7637,master,apple_pay,paid,2026-03-06,2026-03-06,88.00,1.57,86.43
2026-03-04 08:52:36,charge,#7641,visa,google_pay,paid,2026-03-06,2026-03-06,201.95,3.28,198.67
2026-03-04 10:30:25,charge,#7643,visa,online,paid,2026-03-06,2026-03-06,23.95,0.61,23.34
2026-03-04 11:28:33,charge,#7647,master,online,paid,2026-03-06,2026-03-06,152.80,2.54,150.26
2026-03-04 11:57:45,refund,#6971,master,online,paid,2026-03-06,2026-03-06,-29.00,0.00,-29.00
2026-03-04 12:07:38,charge,#7649,master,apple_pay,paid,2026-03-06,2026-03-06,119.00,2.04,116.96
2026-03-04 12:08:27,charge,#7650,visa,online,paid,2026-03-06,2026-03-06,33.95,0.76,33.19
2026-03-04 12:20:21,charge,#7652,visa,apple_pay,paid,2026-03-06,2026-03-06,673.00,10.34,662.66
2026-03-04 12:38:24,charge,#7655,visa,online,paid,2026-03-06,2026-03-06,68.95,1.28,67.67
2026-03-04 12:39:54,charge,#7656,visa,online,paid,2026-03-06,2026-03-06,487.00,7.56,479.44
2026-03-04 12:51:35,charge,#7658,master,online,paid,2026-03-06,2026-03-06,313.00,4.94,308.06
2026-03-04 13:15:51,charge,#7659,master,online,paid,2026-03-06,2026-03-06,33.95,0.76,33.19
2026-03-04 13:21:19,charge,#7661,visa,apple_pay,paid,2026-03-06,2026-03-06,228.00,3.67,224.33
2026-03-04 13:35:38,charge,#7663,visa,apple_pay,paid,2026-03-06,2026-03-06,23.95,0.61,23.34
2026-03-04 13:48:12,charge,#7665,visa,online,paid,2026-03-06,2026-03-06,31.95,0.73,31.22
2026-03-04 13:55:46,charge,#7666,visa,online,paid,2026-03-06,2026-03-06,31.95,0.73,31.22
2026-03-04 14:23:12,charge,#7667,american_express,online,paid,2026-03-06,2026-03-06,29.95,1.12,28.83
2026-03-04 14:27:16,charge,#7668,visa,google_pay,paid,2026-03-06,2026-03-06,336.00,5.29,330.71
2026-03-04 14:51:13,charge,#7670,american_express,online,paid,2026-03-06,2026-03-06,38.95,1.38,37.57
2026-03-04 15:18:43,charge,#7672,visa,online,paid,2026-03-06,2026-03-06,31.95,0.73,31.22
2026-03-04 16:26:29,charge,#7677,master,online,paid,2026-03-06,2026-03-06,506.00,7.84,498.16
2026-03-04 16:35:46,charge,#7678,american_express,online,paid,2026-03-06,2026-03-06,123.00,3.82,119.18
2026-03-04 16:50:35,charge,#7679,visa,online,paid,2026-03-06,2026-03-06,143.00,2.40,140.60
2026-03-04 16:57:59,charge,#7680,visa,online,paid,2026-03-06,2026-03-06,33.95,0.76,33.19
2026-03-04 17:07:22,charge,#7681,visa,online,paid,2026-03-06,2026-03-06,174.00,2.86,171.14
2026-03-04 17:09:59,charge,#7682,visa,online,paid,2026-03-06,2026-03-06,73.95,1.36,72.59
2026-03-04 17:18:35,charge,#7683,master,online,paid,2026-03-06,2026-03-06,278.00,4.42,273.58
2026-03-04 17:44:59,charge,#7685,visa,online,paid,2026-03-06,2026-03-06,250.20,4.00,246.20
2026-03-04 18:02:21,charge,#7686,visa,online,paid,2026-03-06,2026-03-06,61.95,1.18,60.77
2026-03-04 18:21:45,charge,#7687,master,online,paid,2026-03-06,2026-03-06,282.00,4.48,277.52
2026-03-04 18:22:53,charge,#7688,visa,online,paid,2026-03-06,2026-03-06,76.00,1.39,74.61
2026-03-04 18:29:59,charge,#7689,visa,online,paid,2026-03-06,2026-03-06,42.95,0.89,42.06
2026-03-04 18:33:23,charge,#7690,master,google_pay,paid,2026-03-06,2026-03-06,162.00,2.68,159.32
2026-03-04 19:32:52,refund,#6239,master,online,paid,2026-03-06,2026-03-06,-9.86,0.00,-9.86
2026-03-04 19:52:27,charge,#7694,visa,online,paid,2026-03-06,2026-03-06,19.00,0.54,18.46
2026-03-04 20:32:14,charge,#7697,master,google_pay,paid,2026-03-06,2026-03-06,358.00,5.62,352.38
2026-03-04 20:50:59,charge,#7699,american_express,online,paid,2026-03-06,2026-03-06,119.15,3.71,115.44
2026-03-04 21:20:09,charge,#7702,visa,online,paid,2026-03-06,2026-03-06,31.95,0.73,31.22
2026-03-04 21:40:53,charge,#7704,visa,online,paid,2026-03-06,2026-03-06,302.00,4.78,297.22
2026-03-04 21:47:36,refund,#6952,visa,online,paid,2026-03-06,2026-03-06,-80.78,0.00,-80.78
2026-03-04 21:57:58,charge,#7706,master,google_pay,paid,2026-03-06,2026-03-06,614.00,9.46,604.54
2026-03-05 04:02:46,refund,#5643,american_express,online,paid,2026-03-09,2026-03-09,-90.00,0.00,-90.00
2026-03-05 04:07:22,charge,#7715,master,online,paid,2026-03-09,2026-03-09,23.95,0.61,23.34
2026-03-05 05:41:43,charge,#7716,visa,google_pay,paid,2026-03-09,2026-03-09,453.60,7.05,446.55
2026-03-05 07:05:04,refund,#5671,visa,online,paid,2026-03-09,2026-03-09,-29.95,0.00,-29.95
2026-03-05 07:12:47,charge,#7717,visa,online,paid,2026-03-09,2026-03-09,28.95,0.68,28.27
2026-03-05 07:20:40,charge,#7718,visa,online,paid,2026-03-09,2026-03-09,57.95,1.12,56.83
2026-03-05 07:23:12,charge,#7720,visa,online,paid,2026-03-09,2026-03-09,390.00,6.10,383.90
2026-03-05 07:30:45,charge,#7721,master,apple_pay,paid,2026-03-09,2026-03-09,498.00,7.72,490.28
2026-03-05 07:36:47,charge,#7722,master,online,paid,2026-03-09,2026-03-09,249.00,3.98,245.02
2026-03-05 07:44:59,charge,#7723,master,online,paid,2026-03-09,2026-03-09,39.95,0.85,39.10
2026-03-05 08:10:21,charge,#7724,master,online,paid,2026-03-09,2026-03-09,33.95,0.76,33.19
2026-03-05 08:17:43,charge,#7725,master,apple_pay,paid,2026-03-09,2026-03-09,138.00,2.32,135.68
2026-03-05 09:14:17,charge,#7727,master,google_pay,paid,2026-03-09,2026-03-09,400.00,6.25,393.75
2026-03-05 09:38:57,charge,#7730,master,online,paid,2026-03-09,2026-03-09,178.00,2.92,175.08
2026-03-05 09:49:50,charge,#7731,visa,apple_pay,paid,2026-03-09,2026-03-09,216.00,3.49,212.51
2026-03-05 09:58:28,charge,#7732,visa,apple_pay,paid,2026-03-09,2026-03-09,109.00,1.88,107.12
2026-03-05 10:05:32,charge,#7733,master,online,paid,2026-03-09,2026-03-09,42.95,0.89,42.06
2026-03-05 10:06:49,charge,#7734,visa,online,paid,2026-03-09,2026-03-09,341.00,5.36,335.64
2026-03-05 11:29:27,refund,#6985,master,online,paid,2026-03-09,2026-03-09,-384.00,0.00,-384.00
2026-03-05 11:59:39,charge,#7736,visa,online,paid,2026-03-09,2026-03-09,123.00,2.10,120.90
2026-03-05 12:18:28,charge,#7739,visa,apple_pay,paid,2026-03-09,2026-03-09,42.95,0.89,42.06
2026-03-05 12:19:08,charge,#7740,visa,google_pay,paid,2026-03-09,2026-03-09,72.00,1.33,70.67
2026-03-05 12:50:21,refund,#7560,visa,apple_pay,paid,2026-03-09,2026-03-09,-266.00,0.00,-266.00
2026-03-05 12:57:24,charge,#7742,american_express,apple_pay,paid,2026-03-09,2026-03-09,250.20,7.51,242.69
2026-03-05 13:24:22,charge,#7745,visa,online,paid,2026-03-09,2026-03-09,208.00,3.37,204.63
2026-03-05 14:11:20,charge,#7746,visa,google_pay,paid,2026-03-09,2026-03-09,93.00,1.64,91.36
2026-03-05 14:17:38,charge,#7747,master,online,paid,2026-03-09,2026-03-09,33.95,0.76,33.19
2026-03-05 14:33:12,charge,#7749,master,online,paid,2026-03-09,2026-03-09,38.95,0.83,38.12
2026-03-05 15:24:59,charge,#7752,visa,online,paid,2026-03-09,2026-03-09,28.95,0.68,28.27
2026-03-05 15:40:20,charge,#7756,master,online,paid,2026-03-09,2026-03-09,99.00,1.74,97.26
2026-03-05 16:27:11,charge,#7762,master,google_pay,paid,2026-03-09,2026-03-09,138.00,2.32,135.68
2026-03-05 16:31:42,charge,#7763,master,online,paid,2026-03-09,2026-03-09,119.00,2.04,116.96
2026-03-05 17:16:30,charge,#7765,visa,apple_pay,paid,2026-03-09,2026-03-09,89.00,1.58,87.42
2026-03-05 17:34:27,charge,#7766,master,online,paid,2026-03-09,2026-03-09,178.00,2.92,175.08
2026-03-05 18:09:17,charge,#7768,visa,online,paid,2026-03-09,2026-03-09,266.00,4.24,261.76
2026-03-05 18:31:18,charge,#7769,visa,google_pay,paid,2026-03-09,2026-03-09,100.00,1.75,98.25
2026-03-05 19:10:09,charge,#7774,visa,online,paid,2026-03-09,2026-03-09,311.00,4.92,306.08
2026-03-05 19:27:12,charge,#7776,visa,online,paid,2026-03-09,2026-03-09,39.95,0.85,39.10
2026-03-05 20:20:00,charge,#7779,visa,apple_pay,paid,2026-03-09,2026-03-09,323.00,5.10,317.90
2026-03-05 21:32:35,charge,#7783,visa,apple_pay,paid,2026-03-09,2026-03-09,29.95,0.70,29.25
2026-03-05 21:43:12,charge,#7785,master,online,paid,2026-03-09,2026-03-09,28.95,0.68,28.27
2026-03-05 21:50:48,refund,#6917,visa,online,paid,2026-03-09,2026-03-09,-66.95,0.00,-66.95
2026-03-05 22:10:22,charge,#7787,visa,online,paid,2026-03-09,2026-03-09,163.00,2.70,160.30
2026-03-05 22:10:57,charge,#7788,visa,online,paid,2026-03-09,2026-03-09,240.95,3.86,237.09
2026-03-05 22:11:14,charge,#7789,visa,online,paid,2026-03-09,2026-03-09,368.00,5.77,362.23
2026-03-05 22:57:24,charge,#7791,visa,online,paid,2026-03-09,2026-03-09,575.00,8.88,566.12
2026-03-05 23:05:02,refund,#6087,master,online,paid,2026-03-09,2026-03-09,-370.95,0.00,-370.95
2026-03-05 23:52:00,charge,#7793,american_express,online,paid,2026-03-09,2026-03-09,329.00,9.79,319.21
2026-03-06 00:16:48,charge,#7795,american_express,apple_pay,paid,2026-03-10,2026-03-10,154.00,4.72,149.28
2026-03-06 01:08:35,refund,#6803,american_express,online,paid,2026-03-10,2026-03-10,-33.95,0.00,-33.95
2026-03-06 01:47:59,refund,#7133,master,online,paid,2026-03-10,2026-03-10,-249.00,0.00,-249.00
2026-03-06 08:02:40,charge,#7798,visa,online,paid,2026-03-10,2026-03-10,38.95,0.83,38.12
2026-03-06 08:12:10,charge,#7800,master,online,paid,2026-03-10,2026-03-10,42.95,0.89,42.06
2026-03-06 09:03:48,charge,#7803,visa,online,paid,2026-03-10,2026-03-10,410.00,6.40,403.60
2026-03-06 11:14:05,charge,#7808,master,online,paid,2026-03-10,2026-03-10,32.15,0.73,31.42
2026-03-06 12:28:37,charge,#7812,visa,online,paid,2026-03-10,2026-03-10,203.00,3.30,199.70
2026-03-06 13:17:17,charge,#7815,visa,online,paid,2026-03-10,2026-03-10,31.05,0.72,30.33
2026-03-06 13:28:45,charge,#7816,master,online,paid,2026-03-10,2026-03-10,302.40,4.79,297.61
2026-03-06 13:41:04,charge,#7817,visa,online,paid,2026-03-10,2026-03-10,98.00,1.72,96.28
2026-03-06 14:16:57,refund,#7496,visa,online,paid,2026-03-10,2026-03-10,-516.00,0.00,-516.00
2026-03-06 14:17:22,refund,#6225,visa,online,paid,2026-03-10,2026-03-10,-189.00,0.00,-189.00
2026-03-06 14:33:06,charge,#7821,american_express,online,paid,2026-03-10,2026-03-10,503.95,14.86,489.09
2026-03-06 14:50:33,charge,#7822,visa,online,paid,2026-03-10,2026-03-10,99.00,1.74,97.26
2026-03-06 15:05:26,charge,#7823,visa,online,paid,2026-03-10,2026-03-10,197.00,3.20,193.80
2026-03-06 15:27:13,charge,#7825,master,online,paid,2026-03-10,2026-03-10,38.95,0.83,38.12
2026-03-06 15:29:59,charge,#7826,master,online,paid,2026-03-10,2026-03-10,179.00,2.94,176.06
2026-03-06 15:54:43,charge,#7829,visa,online,paid,2026-03-10,2026-03-10,114.00,1.96,112.04
2026-03-06 16:40:36,charge,#7831,american_express,apple_pay,paid,2026-03-10,2026-03-10,367.00,10.89,356.11
2026-03-06 16:59:41,charge,#7832,master,online,paid,2026-03-10,2026-03-10,838.00,12.82,825.18
2026-03-06 17:00:56,charge,#7833,visa,online,paid,2026-03-10,2026-03-10,249.00,3.98,245.02
2026-03-06 17:57:14,charge,#7836,master,apple_pay,paid,2026-03-10,2026-03-10,46.95,0.95,46.00
2026-03-06 17:59:27,refund,#7029,visa,apple_pay,paid,2026-03-10,2026-03-10,-352.75,0.00,-352.75
2026-03-06 18:17:43,charge,#7838,master,online,paid,2026-03-10,2026-03-10,157.00,2.60,154.40
2026-03-06 18:21:49,charge,#7839,visa,online,paid,2026-03-10,2026-03-10,150.95,2.51,148.44
2026-03-06 18:31:01,charge,#7841,american_express,online,paid,2026-03-10,2026-03-10,33.95,1.23,32.72
2026-03-06 18:37:51,charge,#7842,visa,google_pay,paid,2026-03-10,2026-03-10,26.55,0.65,25.90
2026-03-06 19:09:01,charge,#7843,visa,online,paid,2026-03-10,2026-03-10,329.00,5.18,323.82
2026-03-06 19:45:11,charge,#7845,visa,online,paid,2026-03-10,2026-03-10,89.00,1.58,87.42
2026-03-06 19:45:26,charge,#7846,visa,online,paid,2026-03-10,2026-03-10,79.20,1.44,77.76
2026-03-06 19:58:20,charge,#7847,master,online,paid,2026-03-10,2026-03-10,61.95,1.18,60.77
2026-03-06 20:24:43,charge,#7849,visa,online,paid,2026-03-10,2026-03-10,128.00,2.17,125.83
2026-03-06 21:15:18,charge,#7853,visa,online,paid,2026-03-10,2026-03-10,353.00,5.54,347.46
2026-03-06 21:40:27,charge,#7854,master,apple_pay,paid,2026-03-10,2026-03-10,356.00,5.59,350.41
2026-03-06 22:07:58,charge,#7857,visa,online,paid,2026-03-10,2026-03-10,109.00,1.88,107.12
2026-03-06 22:18:31,charge,#7858,visa,apple_pay,paid,2026-03-10,2026-03-10,39.15,0.84,38.31
2026-03-06 22:23:14,charge,#7859,master,online,paid,2026-03-10,2026-03-10,416.00,6.49,409.51
2026-03-06 22:35:34,charge,#7862,master,online,paid,2026-03-10,2026-03-10,68.95,1.28,67.67
2026-03-06 23:26:32,charge,#7864,master,online,paid,2026-03-10,2026-03-10,86.00,1.54,84.46
2026-03-07 01:43:39,refund,#7464,visa,apple_pay,paid,2026-03-10,2026-03-10,-836.00,0.00,-836.00
2026-03-07 03:02:18,charge,#7865,master,online,paid,2026-03-10,2026-03-10,189.00,3.08,185.92
2026-03-07 03:03:19,charge,#7866,master,online,paid,2026-03-10,2026-03-10,89.00,1.58,87.42
2026-03-07 03:42:13,charge,#7868,master,online,paid,2026-03-10,2026-03-10,153.00,2.54,150.46
2026-03-07 07:35:01,charge,#7874,master,online,paid,2026-03-10,2026-03-10,78.00,1.42,76.58
2026-03-07 09:13:52,charge,#7876,visa,apple_pay,paid,2026-03-10,2026-03-10,189.00,3.08,185.92
2026-03-07 09:15:22,charge,#7877,master,online,paid,2026-03-10,2026-03-10,79.00,1.44,77.56
2026-03-07 09:16:39,charge,#7878,master,online,paid,2026-03-10,2026-03-10,33.95,0.76,33.19
2026-03-07 09:27:45,charge,#7880,visa,online,paid,2026-03-10,2026-03-10,289.95,4.60,285.35
2026-03-07 09:41:38,charge,#7882,visa,online,paid,2026-03-10,2026-03-10,134.00,2.26,131.74
2026-03-07 09:58:50,charge,#7884,master,online,paid,2026-03-10,2026-03-10,62.95,1.19,61.76
2026-03-07 10:05:32,charge,#7885,american_express,google_pay,paid,2026-03-10,2026-03-10,29.00,1.09,27.91
2026-03-07 10:15:48,charge,#7886,master,online,paid,2026-03-10,2026-03-10,256.00,4.09,251.91
2026-03-07 10:33:54,charge,#7887,master,online,paid,2026-03-10,2026-03-10,388.00,6.07,381.93
2026-03-07 11:20:51,charge,#7891,master,online,paid,2026-03-10,2026-03-10,76.00,1.39,74.61
2026-03-07 11:51:45,refund,#6988,visa,online,paid,2026-03-10,2026-03-10,-207.00,0.00,-207.00
2026-03-07 11:54:05,charge,#7894,visa,online,paid,2026-03-10,2026-03-10,79.00,1.44,77.56
2026-03-07 12:10:44,charge,#7895,master,online,paid,2026-03-10,2026-03-10,108.00,1.87,106.13
2026-03-07 12:21:02,charge,#7897,visa,google_pay,paid,2026-03-10,2026-03-10,426.00,6.64,419.36
2026-03-07 12:41:24,charge,#7898,visa,apple_pay,paid,2026-03-10,2026-03-10,246.05,3.94,242.11
2026-03-07 12:46:18,charge,#7899,visa,online,paid,2026-03-10,2026-03-10,77.00,1.40,75.60
2026-03-07 13:09:53,charge,#7903,master,online,paid,2026-03-10,2026-03-10,28.95,0.68,28.27
2026-03-07 13:33:14,charge,#7908,visa,google_pay,paid,2026-03-10,2026-03-10,154.00,2.56,151.44
2026-03-07 13:54:42,charge,#7912,master,online,paid,2026-03-10,2026-03-10,33.95,0.76,33.19
2026-03-07 13:56:43,charge,#7914,master,online,paid,2026-03-10,2026-03-10,233.00,3.74,229.26
2026-03-07 14:26:36,charge,#7919,master,online,paid,2026-03-10,2026-03-10,29.95,0.70,29.25
2026-03-07 14:48:24,charge,#7923,visa,online,paid,2026-03-10,2026-03-10,23.95,0.61,23.34
2026-03-07 15:26:15,charge,#7927,visa,online,paid,2026-03-10,2026-03-10,925.95,14.14,911.81
2026-03-07 15:57:17,charge,#7929,visa,apple_pay,paid,2026-03-10,2026-03-10,122.00,2.08,119.92
2026-03-07 16:48:36,charge,#7934,visa,online,paid,2026-03-10,2026-03-10,587.00,9.06,577.94
2026-03-07 16:58:46,charge,#7935,master,online,paid,2026-03-10,2026-03-10,291.95,4.63,287.32
2026-03-07 17:02:53,charge,#7936,master,online,paid,2026-03-10,2026-03-10,239.00,3.84,235.16
2026-03-07 17:08:50,charge,#7938,master,apple_pay,paid,2026-03-10,2026-03-10,128.00,2.17,125.83
2026-03-07 18:16:40,charge,#7944,visa,online,paid,2026-03-10,2026-03-10,370.00,5.80,364.20
2026-03-07 18:27:58,charge,#7945,visa,google_pay,paid,2026-03-10,2026-03-10,68.95,1.28,67.67
2026-03-07 19:19:21,charge,#7952,visa,online,paid,2026-03-10,2026-03-10,406.95,6.35,400.60
2026-03-07 19:34:24,charge,#7954,visa,online,paid,2026-03-10,2026-03-10,567.00,8.76,558.24
2026-03-07 20:10:12,charge,#7958,master,apple_pay,paid,2026-03-10,2026-03-10,637.00,9.80,627.20
2026-03-07 20:16:57,charge,#7959,visa,online,paid,2026-03-10,2026-03-10,338.95,5.33,333.62
2026-03-07 20:24:41,charge,#7961,master,online,paid,2026-03-10,2026-03-10,180.95,2.96,177.99
2026-03-07 20:34:12,charge,#7962,visa,google_pay,paid,2026-03-10,2026-03-10,191.00,3.12,187.88
2026-03-07 21:05:31,charge,#7966,american_express,apple_pay,paid,2026-03-10,2026-03-10,199.20,6.03,193.17
2026-03-07 21:48:39,charge,#7968,visa,apple_pay,paid,2026-03-10,2026-03-10,89.00,1.58,87.42
2026-03-07 22:02:50,charge,#7970,visa,online,paid,2026-03-10,2026-03-10,99.00,1.74,97.26
2026-03-07 23:11:52,charge,#7976,visa,online,paid,2026-03-10,2026-03-10,395.00,6.18,388.82
2026-03-07 23:36:00,refund,#7626,master,online,paid,2026-03-10,2026-03-10,-31.95,0.00,-31.95
2026-03-07 23:39:41,charge,#7977,visa,online,paid,2026-03-10,2026-03-10,88.00,1.57,86.43
2026-03-08 00:45:33,charge,#7978,visa,online,paid,2026-03-10,2026-03-10,81.95,1.48,80.47
2026-03-08 01:13:02,refund,#7243,visa,online,paid,2026-03-10,2026-03-10,-107.10,0.00,-107.10
2026-03-08 02:40:26,refund,#7333,visa,online,paid,2026-03-10,2026-03-10,-67.05,0.00,-67.05
2026-03-08 04:54:54,refund,#6879,visa,online,paid,2026-03-10,2026-03-10,-15.66,0.00,-15.66
2026-03-08 08:17:16,charge,#7981,visa,online,paid,2026-03-10,2026-03-10,649.80,10.00,639.80
2026-03-08 08:32:12,charge,#7982,visa,online,paid,2026-03-10,2026-03-10,182.70,2.99,179.71
2026-03-08 09:13:48,charge,#7984,master,apple_pay,paid,2026-03-10,2026-03-10,98.00,1.72,96.28
2026-03-08 09:32:37,charge,#7985,visa,online,paid,2026-03-10,2026-03-10,63.95,1.21,62.74
2026-03-08 09:35:33,charge,#7986,master,google_pay,paid,2026-03-10,2026-03-10,143.00,2.40,140.60
2026-03-08 09:43:30,charge,#7987,visa,online,paid,2026-03-10,2026-03-10,103.00,1.80,101.20
2026-03-08 10:09:47,charge,#7990,master,online,paid,2026-03-10,2026-03-10,38.95,0.83,38.12
2026-03-08 10:17:40,charge,#7992,american_express,online,paid,2026-03-10,2026-03-10,33.95,1.23,32.72
2026-03-08 10:23:03,charge,#7993,visa,online,paid,2026-03-10,2026-03-10,595.00,9.18,585.82
2026-03-08 11:07:08,charge,#7995,master,online,paid,2026-03-10,2026-03-10,326.00,5.14,320.86
2026-03-08 11:09:34,charge,#7996,visa,apple_pay,paid,2026-03-10,2026-03-10,239.00,3.84,235.16
2026-03-08 11:16:22,charge,#7999,master,online,paid,2026-03-10,2026-03-10,189.00,3.08,185.92
2026-03-08 12:08:54,charge,#8002,visa,apple_pay,paid,2026-03-10,2026-03-10,200.00,3.25,196.75
2026-03-08 12:21:18,charge,#8005,master,online,paid,2026-03-10,2026-03-10,211.00,3.42,207.58
2026-03-08 12:48:39,charge,#8006,master,online,paid,2026-03-10,2026-03-10,119.00,2.04,116.96
2026-03-08 13:20:29,charge,#8010,master,online,paid,2026-03-10,2026-03-10,67.95,1.27,66.68
2026-03-08 13:22:10,charge,#8011,visa,online,paid,2026-03-10,2026-03-10,177.00,2.90,174.10
2026-03-08 13:28:22,charge,#8012,master,online,paid,2026-03-10,2026-03-10,158.00,2.62,155.38
2026-03-08 13:34:06,charge,#8014,visa,apple_pay,paid,2026-03-10,2026-03-10,243.00,3.90,239.10
2026-03-08 13:43:47,charge,#8015,master,apple_pay,paid,2026-03-10,2026-03-10,81.95,1.48,80.47
2026-03-08 13:44:36,charge,#8016,master,online,paid,2026-03-10,2026-03-10,407.00,6.36,400.64
2026-03-08 13:49:16,charge,#8018,visa,google_pay,paid,2026-03-10,2026-03-10,29.00,0.68,28.32
2026-03-08 13:53:37,charge,#8019,visa,online,paid,2026-03-10,2026-03-10,23.95,0.61,23.34
2026-03-08 14:25:23,charge,#8020,master,online,paid,2026-03-10,2026-03-10,234.00,3.76,230.24
2026-03-08 14:33:28,refund,#7252,visa,apple_pay,paid,2026-03-10,2026-03-10,-33.95,0.00,-33.95
2026-03-08 14:40:04,charge,#8022,master,apple_pay,paid,2026-03-10,2026-03-10,119.00,2.04,116.96
2026-03-08 14:41:51,charge,#8023,master,apple_pay,paid,2026-03-10,2026-03-10,116.00,1.99,114.01
2026-03-08 14:59:41,charge,#8026,visa,google_pay,paid,2026-03-10,2026-03-10,188.00,3.07,184.93
2026-03-08 15:28:00,charge,#8028,visa,online,paid,2026-03-10,2026-03-10,979.20,14.94,964.26
2026-03-08 15:49:58,charge,#8029,american_express,apple_pay,paid,2026-03-10,2026-03-10,111.95,3.50,108.45
2026-03-08 16:36:15,charge,#8036,visa,google_pay,paid,2026-03-10,2026-03-10,249.00,3.98,245.02
2026-03-08 17:46:13,charge,#8040,visa,google_pay,paid,2026-03-10,2026-03-10,467.00,7.26,459.74
2026-03-08 19:03:50,charge,#8043,visa,apple_pay,paid,2026-03-10,2026-03-10,238.00,3.82,234.18
2026-03-08 19:12:38,charge,#8044,visa,online,paid,2026-03-10,2026-03-10,118.00,2.02,115.98
2026-03-08 19:14:43,charge,#8045,visa,online,paid,2026-03-10,2026-03-10,89.00,1.58,87.42
2026-03-08 19:16:21,charge,#8046,visa,apple_pay,paid,2026-03-10,2026-03-10,72.95,1.34,71.61
2026-03-08 19:27:32,charge,#8047,visa,online,paid,2026-03-10,2026-03-10,39.15,0.84,38.31
2026-03-08 19:31:31,charge,#8048,visa,online,paid,2026-03-10,2026-03-10,28.95,0.68,28.27
2026-03-08 19:37:45,charge,#8050,visa,apple_pay,paid,2026-03-10,2026-03-10,128.00,2.17,125.83
2026-03-08 19:59:59,refund,#7598,master,online,paid,2026-03-10,2026-03-10,-49.95,0.00,-49.95
2026-03-08 20:10:25,charge,#8056,visa,online,paid,2026-03-10,2026-03-10,31.95,0.73,31.22
2026-03-08 20:22:51,charge,#8059,visa,apple_pay,paid,2026-03-10,2026-03-10,110.95,1.91,109.04
2026-03-08 20:33:25,charge,#8062,master,online,paid,2026-03-10,2026-03-10,36.15,0.79,35.36
2026-03-08 21:09:29,charge,#8065,master,online,paid,2026-03-10,2026-03-10,68.95,1.28,67.67
2026-03-08 22:05:02,charge,#8066,visa,apple_pay,paid,2026-03-10,2026-03-10,135.00,2.28,132.72
2026-03-08 22:29:44,charge,#8069,visa,online,paid,2026-03-10,2026-03-10,189.00,3.08,185.92
2026-03-08 22:48:27,charge,#8070,visa,apple_pay,paid,2026-03-10,2026-03-10,691.00,10.62,680.38
2026-03-08 23:34:10,charge,#8071,master,online,paid,2026-03-10,2026-03-10,60.95,1.16,59.79
2026-03-09 01:37:17,charge,#8072,american_express,apple_pay,paid,2026-03-11,2026-03-11,61.95,2.05,59.90
2026-03-09 04:49:18,refund,#6305,master,online,paid,2026-03-11,2026-03-11,-34.68,0.00,-34.68
2026-03-09 06:28:13,charge,#8076,master,apple_pay,paid,2026-03-11,2026-03-11,253.00,4.04,248.96
2026-03-09 06:56:53,refund,#6700,visa,online,paid,2026-03-11,2026-03-11,-39.69,0.00,-39.69
2026-03-09 06:59:48,charge,#8077,master,online,paid,2026-03-11,2026-03-11,61.95,1.18,60.77
2026-03-09 09:20:58,charge,#8081,visa,online,paid,2026-03-11,2026-03-11,378.00,5.92,372.08
2026-03-09 09:23:06,charge,#8082,master,online,paid,2026-03-11,2026-03-11,128.00,2.17,125.83
2026-03-09 09:32:39,charge,#8083,visa,apple_pay,paid,2026-03-11,2026-03-11,96.95,1.70,95.25
2026-03-09 09:42:38,charge,#8084,visa,online,paid,2026-03-11,2026-03-11,597.95,9.22,588.73
2026-03-09 10:59:10,charge,#8086,visa,google_pay,paid,2026-03-11,2026-03-11,280.00,4.45,275.55
2026-03-09 11:23:56,charge,#8088,visa,online,paid,2026-03-11,2026-03-11,170.10,2.80,167.30
2026-03-09 12:00:59,charge,#8093,master,apple_pay,paid,2026-03-11,2026-03-11,719.00,11.04,707.96
2026-03-09 12:19:38,charge,#8094,visa,online,paid,2026-03-11,2026-03-11,168.95,2.78,166.17
2026-03-09 12:23:44,charge,#8095,master,online,paid,2026-03-11,2026-03-11,133.00,2.24,130.76
2026-03-09 12:40:44,charge,#8097,master,online,paid,2026-03-11,2026-03-11,131.40,2.22,129.18
2026-03-09 12:41:42,charge,#8098,visa,online,paid,2026-03-11,2026-03-11,746.00,11.44,734.56
2026-03-09 12:47:31,charge,#8099,visa,online,paid,2026-03-11,2026-03-11,73.95,1.36,72.59
2026-03-09 14:13:46,refund,#7174,visa,online,paid,2026-03-11,2026-03-11,-225.00,0.00,-225.00
2026-03-09 15:01:02,charge,#8103,master,apple_pay,paid,2026-03-11,2026-03-11,89.00,1.58,87.42
2026-03-09 15:07:45,charge,#8104,master,online,paid,2026-03-11,2026-03-11,189.00,3.08,185.92
2026-03-09 15:30:24,charge,#8105,american_express,online,paid,2026-03-11,2026-03-11,158.40,4.84,153.56
2026-03-09 16:17:04,charge,#8111,american_express,online,paid,2026-03-11,2026-03-11,109.00,3.41,105.59
2026-03-09 16:30:57,refund,#6238,master,online,paid,2026-03-11,2026-03-11,-64.00,0.00,-64.00
2026-03-09 17:01:58,charge,#8113,visa,online,paid,2026-03-11,2026-03-11,38.95,0.83,38.12
2026-03-09 17:32:31,charge,#8116,visa,apple_pay,paid,2026-03-11,2026-03-11,79.00,1.44,77.56
2026-03-09 17:43:47,charge,#8117,visa,online,paid,2026-03-11,2026-03-11,38.95,0.83,38.12
2026-03-09 18:02:12,charge,#8119,master,google_pay,paid,2026-03-11,2026-03-11,175.95,2.89,173.06
2026-03-09 18:10:52,charge,#8120,visa,online,paid,2026-03-11,2026-03-11,23.95,0.61,23.34
2026-03-09 18:21:24,charge,#8121,visa,online,paid,2026-03-11,2026-03-11,277.00,4.40,272.60
2026-03-09 18:27:12,charge,#8122,visa,apple_pay,paid,2026-03-11,2026-03-11,252.00,4.03,247.97
2026-03-09 19:04:59,charge,#8123,master,online,paid,2026-03-11,2026-03-11,42.95,0.89,42.06
2026-03-09 19:09:23,charge,#8125,american_express,apple_pay,paid,2026-03-11,2026-03-11,42.95,1.50,41.45
2026-03-09 19:45:23,charge,#8128,visa,online,paid,2026-03-11,2026-03-11,73.95,1.36,72.59
2026-03-09 20:34:01,charge,#8131,visa,online,paid,2026-03-11,2026-03-11,118.00,2.02,115.98
2026-03-09 20:34:18,charge,#8132,american_express,online,paid,2026-03-11,2026-03-11,111.95,3.50,108.45
2026-03-09 20:46:01,refund,#6241,master,online,paid,2026-03-11,2026-03-11,-109.00,0.00,-109.00
2026-03-09 20:56:56,charge,#8133,visa,online,paid,2026-03-11,2026-03-11,234.00,3.76,230.24
2026-03-09 21:03:49,charge,#8135,master,apple_pay,paid,2026-03-11,2026-03-11,147.00,2.46,144.54
2026-03-09 21:14:14,charge,#8136,visa,online,paid,2026-03-11,2026-03-11,33.95,0.76,33.19
2026-03-09 21:33:01,charge,#8137,master,online,paid,2026-03-11,2026-03-11,70.95,1.31,69.64
2026-03-09 21:57:15,charge,#8139,master,apple_pay,paid,2026-03-11,2026-03-11,28.95,0.68,28.27
2026-03-09 22:06:19,charge,#8140,visa,online,paid,2026-03-11,2026-03-11,306.40,4.85,301.55
2026-03-09 23:16:52,refund,#6062,master,online,paid,2026-03-11,2026-03-11,-189.00,0.00,-189.00
2026-03-10 00:56:48,refund,#6679,visa,online,paid,2026-03-12,2026-03-12,-243.00,0.00,-243.00
2026-03-10 01:34:16,refund,#7227,visa,online,paid,2026-03-12,2026-03-12,-89.00,0.00,-89.00
2026-03-10 02:09:12,refund,#7142,visa,google_pay,paid,2026-03-12,2026-03-12,-35.70,0.00,-35.70
2026-03-10 02:16:47,refund,#6282,visa,google_pay,paid,2026-03-12,2026-03-12,-10.08,0.00,-10.08
2026-03-10 04:55:59,charge,#8143,visa,apple_pay,paid,2026-03-12,2026-03-12,111.95,1.93,110.02
2026-03-10 04:57:49,refund,#6672,master,online,paid,2026-03-12,2026-03-12,-29.95,0.00,-29.95
2026-03-10 06:09:44,charge,#8145,visa,apple_pay,paid,2026-03-12,2026-03-12,89.95,1.60,88.35
2026-03-10 06:40:53,charge,#8148,visa,apple_pay,paid,2026-03-12,2026-03-12,292.00,4.63,287.37
2026-03-10 07:46:00,charge,#8149,visa,apple_pay,paid,2026-03-12,2026-03-12,232.00,3.73,228.27
2026-03-10 08:47:13,charge,#8151,master,online,paid,2026-03-12,2026-03-12,80.00,1.45,78.55
2026-03-10 10:51:41,charge,#8157,visa,online,paid,2026-03-12,2026-03-12,39.95,0.85,39.10
2026-03-10 10:53:48,charge,#8158,visa,online,paid,2026-03-12,2026-03-12,469.80,7.30,462.50
2026-03-10 11:21:07,charge,#8160,master,online,paid,2026-03-12,2026-03-12,295.20,4.68,290.52
2026-03-10 11:39:08,charge,#8162,visa,apple_pay,paid,2026-03-12,2026-03-12,278.00,4.42,273.58
2026-03-10 11:44:35,charge,#8163,visa,online,paid,2026-03-12,2026-03-12,249.00,3.98,245.02
2026-03-10 12:01:14,charge,#8166,master,google_pay,paid,2026-03-12,2026-03-12,91.80,1.63,90.17
2026-03-10 12:04:12,charge,#8167,american_express,apple_pay,paid,2026-03-12,2026-03-12,310.95,9.27,301.68
2026-03-10 12:13:09,charge,#8169,visa,online,paid,2026-03-12,2026-03-12,217.00,3.50,213.50
2026-03-10 12:14:48,charge,#8171,master,online,paid,2026-03-12,2026-03-12,73.95,1.36,72.59
2026-03-10 12:16:44,charge,#8172,master,online,paid,2026-03-12,2026-03-12,409.95,6.40,403.55
2026-03-10 12:22:19,charge,#8173,master,online,paid,2026-03-12,2026-03-12,218.00,3.52,214.48
2026-03-10 12:30:55,charge,#8174,visa,online,paid,2026-03-12,2026-03-12,79.00,1.44,77.56
2026-03-10 12:36:20,charge,#8175,visa,online,paid,2026-03-12,2026-03-12,130.00,2.20,127.80
2026-03-10 12:45:41,charge,#8176,visa,apple_pay,paid,2026-03-12,2026-03-12,456.00,7.09,448.91
2026-03-10 12:48:41,charge,#8177,visa,online,paid,2026-03-12,2026-03-12,167.00,2.76,164.24
2026-03-10 12:50:34,charge,#8178,master,google_pay,paid,2026-03-12,2026-03-12,424.00,6.61,417.39
2026-03-10 12:51:31,charge,#8179,master,online,paid,2026-03-12,2026-03-12,283.00,4.50,278.50
2026-03-10 13:23:38,charge,#8180,visa,online,paid,2026-03-12,2026-03-12,76.15,1.39,74.76
2026-03-10 14:00:26,charge,#8183,visa,online,paid,2026-03-12,2026-03-12,64.00,1.21,62.79
2026-03-10 14:03:08,charge,#8184,master,online,paid,2026-03-12,2026-03-12,68.95,1.28,67.67
2026-03-10 14:04:38,charge,#8185,master,online,paid,2026-03-12,2026-03-12,60.15,1.15,59.00
2026-03-10 14:07:00,charge,#8186,visa,online,paid,2026-03-12,2026-03-12,351.00,5.52,345.48
2026-03-10 14:20:50,charge,#8187,visa,online,paid,2026-03-12,2026-03-12,321.00,5.06,315.94
2026-03-10 14:35:45,charge,#8188,master,online,paid,2026-03-12,2026-03-12,98.10,1.72,96.38
2026-03-10 15:14:10,charge,#8192,master,online,paid,2026-03-12,2026-03-12,249.00,3.98,245.02
2026-03-10 15:42:46,charge,#8193,master,apple_pay,paid,2026-03-12,2026-03-12,189.00,3.08,185.92
2026-03-10 16:17:21,charge,#8196,visa,apple_pay,paid,2026-03-12,2026-03-12,91.00,1.62,89.38
2026-03-10 17:02:53,charge,#8200,master,google_pay,paid,2026-03-12,2026-03-12,286.95,4.55,282.40
2026-03-10 17:03:11,charge,#8201,master,online,paid,2026-03-12,2026-03-12,35.55,0.78,34.77
2026-03-10 17:09:20,charge,#8202,visa,apple_pay,paid,2026-03-12,2026-03-12,23.95,0.61,23.34
2026-03-10 17:17:18,charge,#8203,master,apple_pay,paid,2026-03-12,2026-03-12,89.00,1.58,87.42
2026-03-10 17:19:20,charge,#8205,visa,online,paid,2026-03-12,2026-03-12,49.95,1.00,48.95
2026-03-10 17:50:58,charge,#8206,master,online,paid,2026-03-12,2026-03-12,329.00,5.18,323.82
2026-03-10 18:12:45,charge,#8208,master,apple_pay,paid,2026-03-12,2026-03-12,119.00,2.04,116.96
2026-03-10 18:14:26,charge,#8209,visa,online,paid,2026-03-12,2026-03-12,23.95,0.61,23.34
2026-03-10 18:22:10,charge,#8211,master,online,paid,2026-03-12,2026-03-12,99.00,1.74,97.26
2026-03-10 18:35:12,charge,#8213,visa,apple_pay,paid,2026-03-12,2026-03-12,28.95,0.68,28.27
2026-03-10 18:44:08,charge,#8214,visa,online,paid,2026-03-12,2026-03-12,555.30,8.58,546.72
2026-03-10 18:45:03,charge,#8215,master,online,paid,2026-03-12,2026-03-12,37.95,0.82,37.13
2026-03-10 19:15:23,charge,#8217,american_express,online,paid,2026-03-12,2026-03-12,89.00,2.83,86.17
2026-03-10 19:20:57,charge,#8218,visa,online,paid,2026-03-12,2026-03-12,121.95,2.08,119.87
2026-03-10 19:26:18,charge,#8220,american_express,google_pay,paid,2026-03-12,2026-03-12,135.00,4.16,130.84
2026-03-10 19:27:09,charge,#8221,master,online,paid,2026-03-12,2026-03-12,54.95,1.07,53.88
2026-03-10 19:43:46,charge,#8223,visa,online,paid,2026-03-12,2026-03-12,115.20,1.98,113.22
2026-03-10 20:01:27,charge,#8225,master,online,paid,2026-03-12,2026-03-12,40.95,0.86,40.09
2026-03-10 20:21:04,charge,#8230,visa,online,paid,2026-03-12,2026-03-12,28.95,0.68,28.27
2026-03-10 20:59:42,charge,#8231,master,google_pay,paid,2026-03-12,2026-03-12,33.95,0.76,33.19
2026-03-10 21:01:48,charge,#8232,visa,online,paid,2026-03-12,2026-03-12,27.00,0.66,26.34
2026-03-10 21:29:51,charge,#8234,master,online,paid,2026-03-12,2026-03-12,68.95,1.28,67.67
2026-03-10 21:54:07,charge,#8236,visa,online,paid,2026-03-12,2026-03-12,241.00,3.86,237.14
2026-03-10 22:50:38,charge,#8241,visa,online,paid,2026-03-12,2026-03-12,388.00,6.07,381.93
2026-03-10 23:09:15,refund,#7768,visa,online,paid,2026-03-12,2026-03-12,-178.00,0.00,-178.00
2026-03-11 00:43:00,charge,#8244,master,apple_pay,paid,2026-03-13,2026-03-13,296.95,4.70,292.25
2026-03-11 01:29:58,charge,#8245,visa,apple_pay,paid,2026-03-13,2026-03-13,89.00,1.58,87.42
2026-03-11 02:09:59,charge,#8247,visa,google_pay,paid,2026-03-13,2026-03-13,42.95,0.89,42.06
2026-03-11 02:17:42,refund,#7327,american_express,online,paid,2026-03-13,2026-03-13,-49.50,0.00,-49.50
2026-03-11 03:08:48,charge,#8250,visa,online,paid,2026-03-13,2026-03-13,279.00,4.44,274.56
2026-03-11 04:29:06,refund,#6466,master,online,paid,2026-03-13,2026-03-13,-15.64,0.00,-15.64
2026-03-11 07:04:35,charge,#8255,visa,online,paid,2026-03-13,2026-03-13,168.95,2.78,166.17
2026-03-11 07:40:09,refund,#6299,visa,google_pay,paid,2026-03-13,2026-03-13,-68.95,0.00,-68.95
2026-03-11 08:27:50,charge,#8256,master,apple_pay,paid,2026-03-13,2026-03-13,201.95,3.28,198.67
2026-03-11 08:32:24,charge,#8257,visa,online,paid,2026-03-13,2026-03-13,98.00,1.72,96.28
2026-03-11 09:05:51,charge,#8259,master,online,paid,2026-03-13,2026-03-13,89.00,1.58,87.42
2026-03-11 09:21:34,charge,#8262,master,apple_pay,paid,2026-03-13,2026-03-13,29.95,0.70,29.25
2026-03-11 10:24:58,refund,#7635,visa,google_pay,paid,2026-03-13,2026-03-13,-249.00,0.00,-249.00
2026-03-11 10:43:45,charge,#8267,visa,online,paid,2026-03-13,2026-03-13,81.00,1.46,79.54
2026-03-11 11:03:35,charge,#8268,visa,online,paid,2026-03-13,2026-03-13,249.00,3.98,245.02
2026-03-11 11:36:06,charge,#8271,visa,online,paid,2026-03-13,2026-03-13,207.00,3.36,203.64
2026-03-11 12:05:41,charge,#8275,visa,online,paid,2026-03-13,2026-03-13,68.95,1.28,67.67
2026-03-11 12:42:34,charge,#8278,master,online,paid,2026-03-13,2026-03-13,57.95,1.12,56.83
2026-03-11 13:00:13,charge,#8279,master,online,paid,2026-03-13,2026-03-13,102.95,1.79,101.16
2026-03-11 13:09:29,charge,#8280,master,online,paid,2026-03-13,2026-03-13,89.00,1.58,87.42
2026-03-11 13:20:11,charge,#8281,visa,online,paid,2026-03-13,2026-03-13,31.95,0.73,31.22
2026-03-11 13:38:15,charge,#8283,visa,online,paid,2026-03-13,2026-03-13,307.00,4.86,302.14
2026-03-11 13:53:11,charge,#8285,visa,online,paid,2026-03-13,2026-03-13,307.00,4.86,302.14
2026-03-11 13:59:46,charge,#8286,american_express,online,paid,2026-03-13,2026-03-13,376.00,11.15,364.85
2026-03-11 14:04:47,charge,#8287,visa,online,paid,2026-03-13,2026-03-13,306.95,4.85,302.10
2026-03-11 14:06:51,charge,#8288,master,online,paid,2026-03-13,2026-03-13,338.00,5.32,332.68
2026-03-11 16:37:46,charge,#8292,visa,online,paid,2026-03-13,2026-03-13,23.95,0.61,23.34
2026-03-11 17:16:45,charge,#8298,visa,online,paid,2026-03-13,2026-03-13,79.00,1.44,77.56
2026-03-11 17:40:36,refund,#8097,master,online,paid,2026-03-13,2026-03-13,-131.40,0.00,-131.40
2026-03-11 17:50:30,charge,#8300,visa,online,paid,2026-03-13,2026-03-13,202.00,3.28,198.72
2026-03-11 17:59:18,charge,#8302,visa,online,paid,2026-03-13,2026-03-13,166.00,2.74,163.26
2026-03-11 18:18:59,charge,#8304,visa,online,paid,2026-03-13,2026-03-13,387.00,6.06,380.94
2026-03-11 19:03:27,charge,#8306,visa,apple_pay,paid,2026-03-13,2026-03-13,450.95,7.01,443.94
2026-03-11 19:08:04,charge,#8307,visa,online,paid,2026-03-13,2026-03-13,243.00,3.90,239.10
2026-03-11 19:18:08,charge,#8308,visa,online,paid,2026-03-13,2026-03-13,94.00,1.66,92.34
2026-03-11 19:20:12,charge,#8309,visa,online,paid,2026-03-13,2026-03-13,420.00,6.55,413.45
2026-03-11 19:25:39,charge,#8310,master,online,paid,2026-03-13,2026-03-13,189.00,3.08,185.92
2026-03-11 19:37:09,charge,#8312,master,online,paid,2026-03-13,2026-03-13,178.00,2.92,175.08
2026-03-11 19:52:09,charge,#8315,master,online,paid,2026-03-13,2026-03-13,101.95,1.78,100.17
2026-03-11 19:58:29,charge,#8317,visa,online,paid,2026-03-13,2026-03-13,38.95,0.83,38.12
2026-03-11 22:16:07,charge,#8328,visa,online,paid,2026-03-13,2026-03-13,38.95,0.83,38.12
2026-03-11 23:34:23,refund,#7459,master,online,paid,2026-03-13,2026-03-13,-28.42,0.00,-28.42
2026-03-11 23:36:41,charge,#8329,master,online,paid,2026-03-13,2026-03-13,105.00,1.82,103.18
2026-03-11 23:43:59,charge,#8330,master,online,paid,2026-03-13,2026-03-13,189.00,3.08,185.92
2026-03-12 00:21:20,charge,#8331,master,online,paid,2026-03-16,2026-03-16,557.00,8.60,548.40
2026-03-12 01:09:19,charge,#8332,master,online,paid,2026-03-16,2026-03-16,89.00,1.58,87.42
2026-03-12 02:11:22,refund,#6281,master,online,paid,2026-03-16,2026-03-16,-41.08,0.00,-41.08
2026-03-12 02:51:37,charge,#8334,master,google_pay,paid,2026-03-16,2026-03-16,417.00,6.50,410.50
2026-03-12 06:00:00,adjustment,,,,paid,2026-03-16,2026-03-16,-23.40,0.00,-23.40
2026-03-12 07:12:36,charge,#8336,visa,online,paid,2026-03-16,2026-03-16,68.95,1.28,67.67
2026-03-12 08:05:20,charge,#8337,visa,online,paid,2026-03-16,2026-03-16,38.95,0.83,38.12
2026-03-12 08:12:42,charge,#8338,visa,apple_pay,paid,2026-03-16,2026-03-16,279.00,4.44,274.56
2026-03-12 09:21:33,charge,#8341,visa,online,paid,2026-03-16,2026-03-16,99.00,1.74,97.26
2026-03-12 10:07:10,charge,#8345,master,online,paid,2026-03-16,2026-03-16,48.00,0.97,47.03
2026-03-12 10:25:48,charge,#8346,visa,google_pay,paid,2026-03-16,2026-03-16,357.00,5.60,351.40
2026-03-12 12:09:38,charge,#8351,visa,google_pay,paid,2026-03-16,2026-03-16,189.00,3.08,185.92
2026-03-12 12:26:14,charge,#8353,master,online,paid,2026-03-16,2026-03-16,315.00,4.98,310.02
2026-03-12 12:57:39,charge,#8355,master,online,paid,2026-03-16,2026-03-16,324.00,5.11,318.89
2026-03-12 13:24:12,charge,#8358,visa,online,paid,2026-03-16,2026-03-16,113.00,1.94,111.06
2026-03-12 15:11:24,charge,#8363,visa,online,paid,2026-03-16,2026-03-16,81.95,1.48,80.47
2026-03-12 16:09:52,charge,#8364,master,online,paid,2026-03-16,2026-03-16,457.00,7.10,449.90
2026-03-12 16:35:51,refund,#7596,visa,apple_pay,paid,2026-03-16,2026-03-16,-42.95,0.00,-42.95
2026-03-12 16:54:54,charge,#8366,master,online,paid,2026-03-16,2026-03-16,370.00,5.80,364.20
2026-03-12 17:17:59,refund,#6920,visa,online,paid,2026-03-16,2026-03-16,-139.00,0.00,-139.00
2026-03-12 17:18:55,refund,#7273,american_express,google_pay,paid,2026-03-16,2026-03-16,-94.86,0.00,-94.86
2026-03-12 17:38:16,charge,#8368,master,apple_pay,paid,2026-03-16,2026-03-16,279.00,4.44,274.56
2026-03-12 18:06:33,refund,#7995,master,online,paid,2026-03-16,2026-03-16,-326.00,0.00,-326.00
2026-03-12 18:11:44,charge,#8369,american_express,apple_pay,paid,2026-03-16,2026-03-16,113.00,3.53,109.47
2026-03-12 18:22:10,refund,#6914,master,online,paid,2026-03-16,2026-03-16,-60.95,0.00,-60.95
2026-03-12 18:40:04,charge,#8370,visa,online,paid,2026-03-16,2026-03-16,127.00,2.16,124.84
2026-03-12 19:12:09,charge,#8373,master,online,paid,2026-03-16,2026-03-16,33.95,0.76,33.19
2026-03-12 19:13:44,refund,#6821,master,online,paid,2026-03-16,2026-03-16,-111.22,0.00,-111.22
2026-03-12 19:32:58,charge,#8374,master,online,paid,2026-03-16,2026-03-16,218.00,3.52,214.48
2026-03-12 20:03:35,charge,#8376,visa,google_pay,paid,2026-03-16,2026-03-16,105.00,1.82,103.18
2026-03-12 20:06:01,charge,#8377,visa,online,paid,2026-03-16,2026-03-16,266.40,4.25,262.15
2026-03-12 20:09:33,charge,#8378,visa,online,paid,2026-03-16,2026-03-16,584.10,9.01,575.09
2026-03-12 20:27:08,charge,#8379,visa,online,paid,2026-03-16,2026-03-16,168.00,2.77,165.23
2026-03-12 20:30:04,charge,#8380,visa,apple_pay,paid,2026-03-16,2026-03-16,290.95,4.61,286.34
2026-03-12 20:55:02,charge,#8382,master,online,paid,2026-03-16,2026-03-16,189.00,3.08,185.92
2026-03-12 20:56:44,charge,#8383,visa,online,paid,2026-03-16,2026-03-16,42.95,0.89,42.06
2026-03-12 20:58:57,charge,#8384,visa,apple_pay,paid,2026-03-16,2026-03-16,438.00,6.82,431.18
2026-03-12 21:00:24,charge,#8385,master,online,paid,2026-03-16,2026-03-16,52.95,1.04,51.91
2026-03-12 21:47:25,charge,#8389,master,apple_pay,paid,2026-03-16,2026-03-16,396.00,6.19,389.81
2026-03-12 22:51:11,charge,#8391,master,online,paid,2026-03-16,2026-03-16,33.95,0.76,33.19
2026-03-12 23:07:43,charge,#8392,master,online,paid,2026-03-16,2026-03-16,139.00,2.34,136.66
2026-03-12 23:14:36,charge,#8393,master,online,paid,2026-03-16,2026-03-16,83.00,1.50,81.50
2026-03-13 00:41:45,charge,#8396,visa,online,paid,2026-03-17,2026-03-17,329.00,5.18,323.82
2026-03-13 00:45:25,charge,#8397,visa,online,paid,2026-03-17,2026-03-17,29.00,0.68,28.32
2026-03-13 00:45:50,refund,#7064,visa,online,paid,2026-03-17,2026-03-17,-38.25,0.00,-38.25
2026-03-13 01:04:28,charge,#8398,master,google_pay,paid,2026-03-17,2026-03-17,123.00,2.10,120.90
2026-03-13 01:22:40,charge,#8399,master,online,paid,2026-03-17,2026-03-17,42.95,0.89,42.06
2026-03-13 03:10:08,charge,#8401,american_express,online,paid,2026-03-17,2026-03-17,498.00,14.69,483.31
2026-03-13 03:37:41,charge,#8402,visa,online,paid,2026-03-17,2026-03-17,89.00,1.58,87.42
2026-03-13 03:58:25,refund,#6264,master,online,paid,2026-03-17,2026-03-17,-89.00,0.00,-89.00
2026-03-13 06:08:34,charge,#8404,visa,online,paid,2026-03-17,2026-03-17,89.00,1.58,87.42
2026-03-13 09:06:35,charge,#8408,master,apple_pay,paid,2026-03-17,2026-03-17,69.95,1.30,68.65
2026-03-13 09:08:01,charge,#8409,master,apple_pay,paid,2026-03-17,2026-03-17,138.00,2.32,135.68
2026-03-13 09:12:43,charge,#8411,visa,apple_pay,paid,2026-03-17,2026-03-17,42.95,0.89,42.06
2026-03-13 09:21:08,charge,#8412,visa,online,paid,2026-03-17,2026-03-17,799.95,12.25,787.70
2026-03-13 10:07:07,charge,#8414,visa,apple_pay,paid,2026-03-17,2026-03-17,455.00,7.08,447.92
2026-03-13 11:02:35,charge,#8417,master,online,paid,2026-03-17,2026-03-17,114.00,1.96,112.04
2026-03-13 12:00:59,charge,#8422,master,online,paid,2026-03-17,2026-03-17,138.00,2.32,135.68
2026-03-13 12:05:25,charge,#8423,visa,online,paid,2026-03-17,2026-03-17,285.95,4.54,281.41
2026-03-13 12:29:22,charge,#8425,visa,online,paid,2026-03-17,2026-03-17,267.00,4.26,262.74
2026-03-13 12:42:32,charge,#8426,visa,online,paid,2026-03-17,2026-03-17,564.00,8.71,555.29
2026-03-13 12:49:45,charge,#8428,visa,online,paid,2026-03-17,2026-03-17,187.20,3.06,184.14
2026-03-13 13:03:42,charge,#8429,visa,online,paid,2026-03-17,2026-03-17,49.95,1.00,48.95
2026-03-13 13:26:57,charge,#8430,visa,apple_pay,paid,2026-03-17,2026-03-17,73.95,1.36,72.59
2026-03-13 13:32:24,charge,#8431,visa,online,paid,2026-03-17,2026-03-17,99.00,1.74,97.26
2026-03-13 14:01:27,charge,#8433,visa,online,paid,2026-03-17,2026-03-17,99.00,1.74,97.26
2026-03-13 14:16:03,charge,#8435,visa,online,paid,2026-03-17,2026-03-17,418.00,6.52,411.48
2026-03-13 15:33:02,charge,#8436,visa,google_pay,paid,2026-03-17,2026-03-17,129.00,2.18,126.82
2026-03-13 15:53:10,charge,#8439,master,online,paid,2026-03-17,2026-03-17,1005.00,15.32,989.68
2026-03-13 16:10:25,charge,#8442,visa,online,paid,2026-03-17,2026-03-17,366.95,5.75,361.20
2026-03-13 16:24:24,charge,#8444,visa,online,paid,2026-03-17,2026-03-17,31.95,0.73,31.22
2026-03-13 16:33:13,charge,#8445,master,apple_pay,paid,2026-03-17,2026-03-17,28.95,0.68,28.27
2026-03-13 16:36:23,charge,#8446,visa,online,paid,2026-03-17,2026-03-17,239.95,3.85,236.10
2026-03-13 16:49:38,charge,#8447,visa,online,paid,2026-03-17,2026-03-17,158.00,2.62,155.38
2026-03-13 17:15:21,charge,#8449,visa,online,paid,2026-03-17,2026-03-17,38.95,0.83,38.12
2026-03-13 17:20:52,charge,#8450,master,online,paid,2026-03-17,2026-03-17,29.95,0.70,29.25
2026-03-13 17:40:27,charge,#8452,visa,apple_pay,paid,2026-03-17,2026-03-17,222.95,3.59,219.36
2026-03-13 18:05:12,charge,#8456,visa,online,paid,2026-03-17,2026-03-17,33.95,0.76,33.19
2026-03-13 18:06:33,charge,#8457,visa,apple_pay,paid,2026-03-17,2026-03-17,142.00,2.38,139.62
2026-03-13 18:18:22,charge,#8458,visa,google_pay,paid,2026-03-17,2026-03-17,38.95,0.83,38.12
2026-03-13 18:24:31,charge,#8461,visa,online,paid,2026-03-17,2026-03-17,49.95,1.00,48.95
2026-03-13 19:11:42,refund,#6635,visa,online,paid,2026-03-17,2026-03-17,-207.00,0.00,-207.00
2026-03-13 19:19:35,charge,#8465,visa,apple_pay,paid,2026-03-17,2026-03-17,260.95,4.16,256.79
2026-03-13 19:26:23,charge,#8467,master,online,paid,2026-03-17,2026-03-17,20.15,0.55,19.60
2026-03-13 20:51:44,charge,#8474,visa,online,paid,2026-03-17,2026-03-17,119.00,2.04,116.96
2026-03-13 21:12:04,charge,#8476,visa,online,paid,2026-03-17,2026-03-17,157.00,2.60,154.40
2026-03-13 21:25:50,charge,#8477,master,online,paid,2026-03-17,2026-03-17,81.95,1.48,80.47
2026-03-13 21:35:09,charge,#8479,visa,online,paid,2026-03-17,2026-03-17,320.95,5.06,315.89
2026-03-13 21:59:41,charge,#8481,master,online,paid,2026-03-17,2026-03-17,73.95,1.36,72.59
2026-03-13 22:06:14,refund,#8288,master,online,paid,2026-03-17,2026-03-17,-338.00,0.00,-338.00
2026-03-13 22:26:08,charge,#8482,master,apple_pay,paid,2026-03-17,2026-03-17,111.95,1.93,110.02
2026-03-13 22:40:26,charge,#8483,visa,apple_pay,paid,2026-03-17,2026-03-17,89.00,1.58,87.42
2026-03-13 23:24:33,charge,#8484,visa,google_pay,paid,2026-03-17,2026-03-17,89.00,1.58,87.42
2026-03-13 23:56:34,charge,#8487,visa,online,paid,2026-03-17,2026-03-17,67.95,1.27,66.68
2026-03-14 00:58:50,charge,#8488,master,apple_pay,paid,2026-03-17,2026-03-17,29.25,0.69,28.56
2026-03-14 02:21:25,charge,#8489,visa,online,paid,2026-03-17,2026-03-17,33.95,0.76,33.19
2026-03-14 03:44:20,refund,#7551,visa,online,paid,2026-03-17,2026-03-17,-86.94,0.00,-86.94
2026-03-14 05:48:08,refund,#6406,master,apple_pay,paid,2026-03-17,2026-03-17,-189.00,0.00,-189.00
2026-03-14 06:00:37,charge,#8492,master,online,paid,2026-03-17,2026-03-17,99.00,1.74,97.26
2026-03-14 08:01:21,charge,#8496,visa,apple_pay,paid,2026-03-17,2026-03-17,33.95,0.76,33.19
2026-03-14 08:20:40,charge,#8497,visa,online,paid,2026-03-17,2026-03-17,345.00,5.42,339.58
2026-03-14 08:28:55,charge,#8499,visa,online,paid,2026-03-17,2026-03-17,68.95,1.28,67.67
2026-03-14 10:04:14,charge,#8506,master,online,paid,2026-03-17,2026-03-17,64.15,1.21,62.94
2026-03-14 10:09:49,charge,#8507,master,online,paid,2026-03-17,2026-03-17,98.00,1.72,96.28
2026-03-14 10:10:20,charge,#8508,visa,online,paid,2026-03-17,2026-03-17,291.00,4.62,286.38
2026-03-14 10:15:33,charge,#8509,visa,online,paid,2026-03-17,2026-03-17,177.00,2.90,174.10
2026-03-14 10:42:16,charge,#8514,visa,online,paid,2026-03-17,2026-03-17,163.00,2.70,160.30
2026-03-14 11:34:08,charge,#8516,visa,online,paid,2026-03-17,2026-03-17,62.95,1.19,61.76
2026-03-14 11:35:07,charge,#8517,master,apple_pay,paid,2026-03-17,2026-03-17,62.95,1.19,61.76
2026-03-14 12:26:18,charge,#8519,visa,online,paid,2026-03-17,2026-03-17,382.50,5.99,376.51
2026-03-14 13:05:54,charge,#8524,visa,online,paid,2026-03-17,2026-03-17,517.00,8.00,509.00
2026-03-14 13:07:24,charge,#8525,master,online,paid,2026-03-17,2026-03-17,141.00,2.36,138.64
2026-03-14 13:43:24,charge,#8528,master,online,paid,2026-03-17,2026-03-17,170.00,2.80,167.20
2026-03-14 13:51:53,charge,#8529,visa,online,paid,2026-03-17,2026-03-17,150.00,2.50,147.50
2026-03-14 14:10:10,charge,#8530,visa,apple_pay,paid,2026-03-17,2026-03-17,525.00,8.12,516.88
2026-03-14 14:36:23,charge,#8534,visa,online,paid,2026-03-17,2026-03-17,115.95,1.99,113.96
2026-03-14 14:48:29,charge,#8535,master,online,paid,2026-03-17,2026-03-17,326.00,5.14,320.86
2026-03-14 14:51:30,charge,#8537,visa,apple_pay,paid,2026-03-17,2026-03-17,251.10,4.02,247.08
2026-03-14 17:02:47,charge,#8547,master,online,paid,2026-03-17,2026-03-17,308.95,4.88,304.07
2026-03-14 17:03:47,charge,#8548,visa,apple_pay,paid,2026-03-17,2026-03-17,318.00,5.02,312.98
2026-03-14 17:14:59,charge,#8550,master,online,paid,2026-03-17,2026-03-17,237.00,3.80,233.20
2026-03-14 17:28:40,charge,#8554,visa,apple_pay,paid,2026-03-17,2026-03-17,510.95,7.91,503.04
2026-03-14 17:42:01,charge,#8555,visa,google_pay,paid,2026-03-17,2026-03-17,119.00,2.04,116.96
2026-03-14 17:50:44,charge,#8556,visa,online,paid,2026-03-17,2026-03-17,159.95,2.65,157.30
2026-03-14 18:03:40,charge,#8559,master,online,paid,2026-03-17,2026-03-17,79.20,1.44,77.76
2026-03-14 18:31:47,charge,#8562,visa,online,paid,2026-03-17,2026-03-17,81.00,1.46,79.54
2026-03-14 19:07:37,refund,#7522,visa,apple_pay,paid,2026-03-17,2026-03-17,-119.00,0.00,-119.00
2026-03-14 19:18:26,charge,#8565,visa,online,paid,2026-03-17,2026-03-17,197.00,3.20,193.80
2026-03-14 20:01:14,charge,#8570,master,online,paid,2026-03-17,2026-03-17,67.95,1.27,66.68
2026-03-14 20:01:38,charge,#8571,master,online,paid,2026-03-17,2026-03-17,42.95,0.89,42.06
2026-03-14 20:04:01,charge,#8573,master,online,paid,2026-03-17,2026-03-17,714.60,10.97,703.63
2026-03-14 20:07:48,charge,#8575,visa,online,paid,2026-03-17,2026-03-17,171.20,2.82,168.38
2026-03-14 20:23:30,charge,#8577,visa,online,paid,2026-03-17,2026-03-17,218.00,3.52,214.48
2026-03-14 20:32:15,refund,#6347,master,google_pay,paid,2026-03-17,2026-03-17,-68.95,0.00,-68.95
2026-03-14 20:46:09,charge,#8580,visa,online,paid,2026-03-17,2026-03-17,560.00,8.65,551.35
2026-03-14 20:58:21,charge,#8581,master,online,paid,2026-03-17,2026-03-17,189.00,3.08,185.92
2026-03-14 21:00:35,charge,#8583,visa,online,paid,2026-03-17,2026-03-17,31.95,0.73,31.22
2026-03-14 21:23:19,charge,#8588,master,online,paid,2026-03-17,2026-03-17,337.00,5.30,331.70
2026-03-14 21:36:32,charge,#8590,master,online,paid,2026-03-17,2026-03-17,387.00,6.06,380.94
2026-03-14 21:38:56,charge,#8592,master,online,paid,2026-03-17,2026-03-17,73.95,1.36,72.59
2026-03-14 21:40:14,charge,#8594,american_express,online,paid,2026-03-17,2026-03-17,176.00,5.35,170.65
2026-03-14 21:57:56,charge,#8596,master,online,paid,2026-03-17,2026-03-17,348.00,5.47,342.53
2026-03-14 22:01:23,charge,#8597,master,online,paid,2026-03-17,2026-03-17,31.95,0.73,31.22
2026-03-14 22:42:58,charge,#8601,american_express,google_pay,paid,2026-03-17,2026-03-17,278.00,8.31,269.69
2026-03-14 22:57:29,charge,#8602,master,online,paid,2026-03-17,2026-03-17,103.95,1.81,102.14
2026-03-14 23:54:13,charge,#8604,master,apple_pay,paid,2026-03-17,2026-03-17,359.95,5.65,354.30
2026-03-15 00:59:27,charge,#8606,visa,online,paid,2026-03-17,2026-03-17,79.20,1.44,77.76
2026-03-15 01:47:25,charge,#8608,visa,online,paid,2026-03-17,2026-03-17,81.00,1.46,79.54
2026-03-15 02:20:00,charge,#8609,american_express,online,paid,2026-03-17,2026-03-17,278.00,8.31,269.69
2026-03-15 02:20:35,charge,#8610,visa,online,paid,2026-03-17,2026-03-17,111.20,1.92,109.28
2026-03-15 05:53:41,charge,#8612,visa,online,paid,2026-03-17,2026-03-17,23.95,0.61,23.34
2026-03-15 06:26:13,charge,#8614,visa,apple_pay,paid,2026-03-17,2026-03-17,186.00,3.04,182.96
2026-03-15 08:11:04,charge,#8616,visa,online,paid,2026-03-17,2026-03-17,31.95,0.73,31.22
2026-03-15 08:24:10,charge,#8617,visa,online,paid,2026-03-17,2026-03-17,249.00,3.98,245.02
2026-03-15 08:34:28,charge,#8619,master,apple_pay,paid,2026-03-17,2026-03-17,658.00,10.12,647.88
2026-03-15 09:01:55,charge,#8621,master,online,paid,2026-03-17,2026-03-17,89.00,1.58,87.42
2026-03-15 09:14:15,charge,#8623,visa,online,paid,2026-03-17,2026-03-17,89.00,1.58,87.42
2026-03-15 09:24:57,refund,#6502,visa,google_pay,paid,2026-03-17,2026-03-17,-138.00,0.00,-138.00
2026-03-15 09:26:42,charge,#8625,master,apple_pay,paid,2026-03-17,2026-03-17,38.95,0.83,38.12
2026-03-15 10:12:43,charge,#8629,visa,google_pay,paid,2026-03-17,2026-03-17,33.95,0.76,33.19
2026-03-15 10:15:29,charge,#8630,visa,online,paid,2026-03-17,2026-03-17,31.95,0.73,31.22
2026-03-15 10:16:58,charge,#8631,visa,online,paid,2026-03-17,2026-03-17,23.95,0.61,23.34
2026-03-15 10:19:09,charge,#8632,visa,online,paid,2026-03-17,2026-03-17,882.40,13.49,868.91
2026-03-15 10:47:33,charge,#8637,master,online,paid,2026-03-17,2026-03-17,81.00,1.46,79.54
2026-03-15 10:57:18,charge,#8639,master,online,paid,2026-03-17,2026-03-17,23.95,0.61,23.34
2026-03-15 11:12:51,charge,#8641,american_express,apple_pay,paid,2026-03-17,2026-03-17,41.95,1.47,40.48
2026-03-15 11:26:28,charge,#8644,american_express,google_pay,paid,2026-03-17,2026-03-17,89.00,2.83,86.17
2026-03-15 11:32:07,charge,#8645,visa,online,paid,2026-03-17,2026-03-17,68.95,1.28,67.67
2026-03-15 11:33:39,charge,#8646,american_express,apple_pay,paid,2026-03-17,2026-03-17,647.95,19.04,628.91
2026-03-15 12:07:22,charge,#8648,american_express,online,paid,2026-03-17,2026-03-17,157.00,4.80,152.20
2026-03-15 12:16:23,charge,#8651,master,online,paid,2026-03-17,2026-03-17,258.00,4.12,253.88
2026-03-15 12:20:11,charge,#8652,visa,online,paid,2026-03-17,2026-03-17,32.15,0.73,31.42
2026-03-15 12:21:00,charge,#8653,master,online,paid,2026-03-17,2026-03-17,98.00,1.72,96.28
2026-03-15 12:30:55,charge,#8655,american_express,google_pay,paid,2026-03-17,2026-03-17,40.15,1.41,38.74
2026-03-15 12:44:48,charge,#8656,visa,online,paid,2026-03-17,2026-03-17,297.00,4.70,292.30
2026-03-15 12:56:54,charge,#8659,master,online,paid,2026-03-17,2026-03-17,50.95,1.01,49.94
2026-03-15 13:20:31,charge,#8662,visa,online,paid,2026-03-17,2026-03-17,98.10,1.72,96.38
2026-03-15 13:53:11,charge,#8667,master,online,paid,2026-03-17,2026-03-17,668.00,10.27,657.73
2026-03-15 14:03:14,charge,#8669,visa,online,paid,2026-03-17,2026-03-17,128.00,2.17,125.83
2026-03-15 14:16:44,charge,#8671,visa,online,paid,2026-03-17,2026-03-17,69.00,1.28,67.72
2026-03-15 14:17:00,charge,#8672,visa,apple_pay,paid,2026-03-17,2026-03-17,376.00,5.89,370.11
2026-03-15 14:35:11,refund,#6839,master,online,paid,2026-03-17,2026-03-17,-59.77,0.00,-59.77
2026-03-15 14:39:18,charge,#8673,american_express,online,paid,2026-03-17,2026-03-17,55.95,1.87,54.08
2026-03-15 15:09:50,charge,#8678,visa,apple_pay,paid,2026-03-17,2026-03-17,38.95,0.83,38.12
2026-03-15 15:12:59,charge,#8679,master,online,paid,2026-03-17,2026-03-17,69.00,1.28,67.72
2026-03-15 15:19:35,charge,#8680,visa,google_pay,paid,2026-03-17,2026-03-17,98.00,1.72,96.28
2026-03-15 15:22:25,charge,#8681,visa,online,paid,2026-03-17,2026-03-17,93.00,1.64,91.36
2026-03-15 15:24:22,charge,#8682,master,google_pay,paid,2026-03-17,2026-03-17,287.00,4.56,282.44
2026-03-15 15:36:40,charge,#8685,visa,online,paid,2026-03-17,2026-03-17,81.95,1.48,80.47
2026-03-15 15:40:17,charge,#8686,master,apple_pay,paid,2026-03-17,2026-03-17,89.00,1.58,87.42
2026-03-15 15:57:42,charge,#8689,visa,online,paid,2026-03-17,2026-03-17,189.00,3.08,185.92
2026-03-15 16:03:20,charge,#8690,visa,online,paid,2026-03-17,2026-03-17,28.95,0.68,28.27
2026-03-15 16:09:58,charge,#8691,master,apple_pay,paid,2026-03-17,2026-03-17,73.95,1.36,72.59
2026-03-15 16:20:36,refund,#6411,master,online,paid,2026-03-17,2026-03-17,-189.00,0.00,-189.00
2026-03-15 16:24:20,charge,#8693,visa,apple_pay,paid,2026-03-17,2026-03-17,205.00,3.32,201.68
2026-03-15 16:50:23,refund,#6759,visa,online,paid,2026-03-17,2026-03-17,-328.00,0.00,-328.00
2026-03-15 17:04:38,charge,#8696,visa,online,paid,2026-03-17,2026-03-17,468.15,7.27,460.88
2026-03-15 17:26:38,charge,#8700,master,online,paid,2026-03-17,2026-03-17,198.00,3.22,194.78
2026-03-15 17:36:13,charge,#8702,visa,online,paid,2026-03-17,2026-03-17,31.95,0.73,31.22
2026-03-15 17:42:57,charge,#8703,visa,online,paid,2026-03-17,2026-03-17,81.95,1.48,80.47
2026-03-15 17:48:07,charge,#8704,master,apple_pay,paid,2026-03-17,2026-03-17,42.95,0.89,42.06
2026-03-15 18:01:17,charge,#8707,visa,online,paid,2026-03-17,2026-03-17,249.00,3.98,245.02
2026-03-15 18:31:21,charge,#8711,master,online,paid,2026-03-17,2026-03-17,252.00,4.03,247.97
2026-03-15 18:47:51,charge,#8713,visa,online,paid,2026-03-17,2026-03-17,218.00,3.52,214.48
2026-03-15 19:37:58,charge,#8720,master,online,paid,2026-03-17,2026-03-17,109.00,1.88,107.12
2026-03-15 19:48:46,charge,#8723,master,apple_pay,paid,2026-03-17,2026-03-17,28.15,0.67,27.48
2026-03-15 20:10:26,charge,#8724,american_express,online,paid,2026-03-17,2026-03-17,378.00,11.21,366.79
2026-03-15 20:27:48,charge,#8726,visa,google_pay,paid,2026-03-17,2026-03-17,233.75,3.76,229.99
2026-03-15 20:32:13,charge,#8727,visa,online,paid,2026-03-17,2026-03-17,327.95,5.17,322.78
2026-03-15 20:34:16,charge,#8729,master,google_pay,paid,2026-03-17,2026-03-17,566.00,8.74,557.26
2026-03-15 20:34:29,charge,#8728,visa,online,paid,2026-03-17,2026-03-17,260.80,4.16,256.64
2026-03-15 20:37:35,charge,#8731,visa,online,paid,2026-03-17,2026-03-17,31.95,0.73,31.22
2026-03-15 20:40:03,charge,#8732,visa,online,paid,2026-03-17,2026-03-17,93.00,1.64,91.36
2026-03-15 20:40:50,charge,#8733,visa,apple_pay,paid,2026-03-17,2026-03-17,249.00,3.98,245.02
2026-03-15 20:50:14,charge,#8734,american_express,apple_pay,paid,2026-03-17,2026-03-17,99.00,3.12,95.88
2026-03-15 20:53:11,charge,#8736,visa,apple_pay,paid,2026-03-17,2026-03-17,26.55,0.65,25.90
2026-03-15 21:19:56,charge,#8739,visa,google_pay,paid,2026-03-17,2026-03-17,393.95,6.16,387.79
2026-03-15 21:28:46,charge,#8741,visa,apple_pay,paid,2026-03-17,2026-03-17,313.00,4.94,308.06
2026-03-15 22:12:40,charge,#8744,visa,online,paid,2026-03-17,2026-03-17,108.00,1.87,106.13
2026-03-15 22:53:09,charge,#8748,visa,online,paid,2026-03-17,2026-03-17,99.00,1.74,97.26
2026-03-15 22:57:49,charge,#8749,master,apple_pay,paid,2026-03-17,2026-03-17,93.95,1.66,92.29
2026-03-15 23:08:32,charge,#8751,master,online,paid,2026-03-17,2026-03-17,170.00,2.80,167.20
2026-03-15 23:41:14,refund,#8023,master,apple_pay,paid,2026-03-17,2026-03-17,-116.00,0.00,-116.00
2026-03-15 23:57:40,refund,#7680,visa,online,paid,2026-03-17,2026-03-17,-8.12,0.00,-8.12
2026-03-16 00:24:58,charge,#8753,visa,online,paid,2026-03-18,2026-03-18,31.95,0.73,31.22
2026-03-16 01:06:23,charge,#8754,visa,online,paid,2026-03-18,2026-03-18,23.95,0.61,23.34
2026-03-16 02:44:25,refund,#7366,visa,apple_pay,paid,2026-03-18,2026-03-18,-34.00,0.00,-34.00
2026-03-16 02:50:09,charge,#8756,visa,online,paid,2026-03-18,2026-03-18,40.95,0.86,40.09
2026-03-16 03:12:47,charge,#8757,master,apple_pay,paid,2026-03-18,2026-03-18,88.00,1.57,86.43
2026-03-16 03:14:44,charge,#8758,visa,online,paid,2026-03-18,2026-03-18,31.95,0.73,31.22
2026-03-16 03:30:35,charge,#8759,visa,apple_pay,paid,2026-03-18,2026-03-18,261.95,4.18,257.77
2026-03-16 04:08:41,charge,#8760,visa,online,paid,2026-03-18,2026-03-18,314.00,4.96,309.04
2026-03-16 04:18:39,charge,#8761,visa,online,paid,2026-03-18,2026-03-18,56.25,1.09,55.16
2026-03-16 05:59:53,charge,#8763,visa,online,paid,2026-03-18,2026-03-18,98.10,1.72,96.38
2026-03-16 06:17:21,charge,#8764,visa,google_pay,paid,2026-03-18,2026-03-18,71.95,1.33,70.62
2026-03-16 07:13:55,charge,#8769,visa,apple_pay,paid,2026-03-18,2026-03-18,134.00,2.26,131.74
2026-03-16 07:21:47,charge,#8770,visa,online,paid,2026-03-18,2026-03-18,73.95,1.36,72.59
2026-03-16 07:48:30,charge,#8772,visa,apple_pay,paid,2026-03-18,2026-03-18,107.00,1.86,105.14
2026-03-16 08:03:08,charge,#8774,master,online,paid,2026-03-18,2026-03-18,26.55,0.65,25.90
2026-03-16 09:13:11,charge,#8779,master,google_pay,paid,2026-03-18,2026-03-18,73.95,1.36,72.59
2026-03-16 10:10:27,charge,#8783,master,online,paid,2026-03-18,2026-03-18,49.95,1.00,48.95
2026-03-16 10:12:37,charge,#8784,visa,online,paid,2026-03-18,2026-03-18,61.95,1.18,60.77
2026-03-16 10:14:30,charge,#8785,master,online,paid,2026-03-18,2026-03-18,52.95,1.04,51.91
2026-03-16 10:28:46,charge,#8787,visa,online,paid,2026-03-18,2026-03-18,134.40,2.27,132.13
2026-03-16 11:05:10,charge,#8788,visa,google_pay,paid,2026-03-18,2026-03-18,249.00,3.98,245.02
2026-03-16 11:38:37,charge,#8790,visa,online,paid,2026-03-18,2026-03-18,277.00,4.40,272.60
2026-03-16 11:40:45,charge,#8791,visa,online,paid,2026-03-18,2026-03-18,23.95,0.61,23.34
2026-03-16 12:14:26,charge,#8793,visa,online,paid,2026-03-18,2026-03-18,153.00,2.54,150.46
2026-03-16 12:35:28,charge,#8796,master,online,paid,2026-03-18,2026-03-18,239.00,3.84,235.16
2026-03-16 13:28:25,charge,#8802,visa,online,paid,2026-03-18,2026-03-18,255.00,4.08,250.92
2026-03-16 14:08:37,charge,#8806,visa,google_pay,paid,2026-03-18,2026-03-18,22.05,0.58,21.47
2026-03-16 14:12:23,charge,#8807,visa,online,paid,2026-03-18,2026-03-18,228.00,3.67,224.33
2026-03-16 14:28:04,charge,#8808,visa,online,paid,2026-03-18,2026-03-18,32.15,0.73,31.42
2026-03-16 14:45:46,charge,#8811,visa,online,paid,2026-03-18,2026-03-18,170.95,2.81,168.14
2026-03-16 14:46:35,charge,#8812,visa,online,paid,2026-03-18,2026-03-18,155.00,2.58,152.42
2026-03-16 15:34:40,charge,#8815,master,online,paid,2026-03-18,2026-03-18,62.55,1.19,61.36
2026-03-16 15:50:14,charge,#8817,master,online,paid,2026-03-18,2026-03-18,94.00,1.66,92.34
2026-03-16 15:52:36,refund,#6753,master,online,paid,2026-03-18,2026-03-18,-27.00,0.00,-27.00
2026-03-16 16:11:50,charge,#8819,visa,apple_pay,paid,2026-03-18,2026-03-18,227.00,3.66,223.34
2026-03-16 16:25:38,charge,#8821,master,online,paid,2026-03-18,2026-03-18,29.95,0.70,29.25
2026-03-16 16:39:48,charge,#8823,visa,online,paid,2026-03-18,2026-03-18,38.95,0.83,38.12
2026-03-16 16:50:37,charge,#8825,visa,online,paid,2026-03-18,2026-03-18,267.30,4.26,263.04
2026-03-16 17:31:15,charge,#8828,visa,online,paid,2026-03-18,2026-03-18,309.95,4.90,305.05
2026-03-16 17:50:25,charge,#8830,visa,apple_pay,paid,2026-03-18,2026-03-18,189.00,3.08,185.92
2026-03-16 17:57:54,charge,#8833,master,online,paid,2026-03-18,2026-03-18,73.95,1.36,72.59
2026-03-16 18:23:32,charge,#8835,visa,online,paid,2026-03-18,2026-03-18,416.95,6.50,410.45
2026-03-16 18:55:55,charge,#8836,american_express,online,paid,2026-03-18,2026-03-18,127.00,3.93,123.07
2026-03-16 19:01:06,charge,#8838,master,online,paid,2026-03-18,2026-03-18,586.00,9.04,576.96
2026-03-16 19:50:58,charge,#8844,visa,online,paid,2026-03-18,2026-03-18,274.00,4.36,269.64
2026-03-16 20:06:11,charge,#8845,master,online,paid,2026-03-18,2026-03-18,31.95,0.73,31.22
2026-03-16 20:06:45,charge,#8846,visa,apple_pay,paid,2026-03-18,2026-03-18,23.95,0.61,23.34
2026-03-16 20:08:30,charge,#8848,visa,apple_pay,paid,2026-03-18,2026-03-18,76.95,1.40,75.55
2026-03-16 20:12:20,charge,#8849,visa,online,paid,2026-03-18,2026-03-18,114.00,1.96,112.04
2026-03-16 20:26:28,charge,#8850,visa,online,paid,2026-03-18,2026-03-18,36.95,0.80,36.15
2026-03-16 20:38:11,charge,#8851,visa,online,paid,2026-03-18,2026-03-18,329.00,5.18,323.82
2026-03-16 20:51:14,charge,#8853,visa,online,paid,2026-03-18,2026-03-18,84.00,1.51,82.49
2026-03-16 21:09:16,charge,#8855,american_express,online,paid,2026-03-18,2026-03-18,645.00,18.96,626.04
2026-03-16 21:15:39,charge,#8857,visa,online,paid,2026-03-18,2026-03-18,76.15,1.39,74.76
2026-03-16 21:16:03,charge,#8856,visa,online,paid,2026-03-18,2026-03-18,351.00,5.52,345.48
2026-03-16 21:19:25,charge,#8860,master,online,paid,2026-03-18,2026-03-18,198.00,3.22,194.78
2026-03-16 22:19:11,charge,#8865,visa,google_pay,paid,2026-03-18,2026-03-18,438.95,6.83,432.12
2026-03-16 22:36:17,charge,#8866,visa,online,paid,2026-03-18,2026-03-18,60.95,1.16,59.79
2026-03-16 22:57:14,charge,#8870,american_express,online,paid,2026-03-18,2026-03-18,67.05,2.19,64.86
2026-03-16 23:22:28,charge,#8871,american_express,online,paid,2026-03-18,2026-03-18,823.95,24.14,799.81
2026-03-16 23:26:25,refund,#6663,visa,online,paid,2026-03-18,2026-03-18,-9.06,0.00,-9.06
2026-03-17 00:56:47,refund,#6860,visa,online,paid,2026-03-19,2026-03-19,-189.00,0.00,-189.00
2026-03-17 01:00:51,refund,#8225,master,online,paid,2026-03-19,2026-03-19,-40.95,0.00,-40.95
2026-03-17 01:48:47,refund,#6787,visa,online,paid,2026-03-19,2026-03-19,-73.95,0.00,-73.95
2026-03-17 03:53:48,refund,#7153,visa,google_pay,paid,2026-03-19,2026-03-19,-31.95,0.00,-31.95
2026-03-17 08:30:18,charge,#8880,visa,online,paid,2026-03-19,2026-03-19,37.95,0.82,37.13
2026-03-17 09:24:35,charge,#8884,master,apple_pay,paid,2026-03-19,2026-03-19,64.00,1.21,62.79
2026-03-17 09:26:37,charge,#8885,visa,online,paid,2026-03-19,2026-03-19,111.20,1.92,109.28
2026-03-17 09:55:06,charge,#8886,master,online,paid,2026-03-19,2026-03-19,139.00,2.34,136.66
2026-03-17 10:09:08,charge,#8887,master,online,paid,2026-03-19,2026-03-19,173.00,2.84,170.16
2026-03-17 12:40:38,refund,#6986,visa,apple_pay,paid,2026-03-19,2026-03-19,-68.95,0.00,-68.95
2026-03-17 12:47:53,charge,#8896,master,apple_pay,paid,2026-03-19,2026-03-19,119.00,2.04,116.96
2026-03-17 13:52:34,charge,#8901,visa,apple_pay,paid,2026-03-19,2026-03-19,172.00,2.83,169.17
2026-03-17 13:58:54,charge,#8905,visa,online,paid,2026-03-19,2026-03-19,244.95,3.92,241.03
2026-03-17 14:17:28,charge,#8907,master,online,paid,2026-03-19,2026-03-19,63.95,1.21,62.74
2026-03-17 14:28:08,charge,#8910,visa,online,paid,2026-03-19,2026-03-19,80.10,1.45,78.65
2026-03-17 15:27:54,charge,#8916,master,online,paid,2026-03-19,2026-03-19,465.00,7.22,457.78
2026-03-17 15:30:02,charge,#8917,visa,online,paid,2026-03-19,2026-03-19,89.00,1.58,87.42
2026-03-17 15:41:29,charge,#8919,visa,online,paid,2026-03-19,2026-03-19,155.00,2.58,152.42
2026-03-17 15:48:15,charge,#8921,visa,apple_pay,paid,2026-03-19,2026-03-19,119.00,2.04,116.96
2026-03-17 15:57:08,charge,#8923,visa,apple_pay,paid,2026-03-19,2026-03-19,273.00,4.34,268.66
2026-03-17 16:47:47,charge,#8924,master,online,paid,2026-03-19,2026-03-19,212.80,3.44,209.36
2026-03-17 17:38:35,charge,#8927,visa,apple_pay,paid,2026-03-19,2026-03-19,266.40,4.25,262.15
2026-03-17 18:03:06,charge,#8930,master,google_pay,paid,2026-03-19,2026-03-19,38.95,0.83,38.12
2026-03-17 18:09:07,charge,#8932,master,google_pay,paid,2026-03-19,2026-03-19,700.00,10.75,689.25
2026-03-17 18:12:22,charge,#8934,visa,online,paid,2026-03-19,2026-03-19,31.95,0.73,31.22
2026-03-17 18:22:08,charge,#8936,visa,google_pay,paid,2026-03-19,2026-03-19,38.95,0.83,38.12
2026-03-17 18:24:02,charge,#8937,visa,apple_pay,paid,2026-03-19,2026-03-19,38.00,0.82,37.18
2026-03-17 18:25:41,charge,#8938,visa,online,paid,2026-03-19,2026-03-19,356.00,5.59,350.41
2026-03-17 18:26:18,charge,#8939,master,online,paid,2026-03-19,2026-03-19,99.00,1.74,97.26
2026-03-17 18:29:08,charge,#8940,visa,online,paid,2026-03-19,2026-03-19,405.00,6.32,398.68
2026-03-17 18:37:54,charge,#8943,master,online,paid,2026-03-19,2026-03-19,222.40,3.59,218.81
2026-03-17 19:03:29,charge,#8944,visa,online,paid,2026-03-19,2026-03-19,31.95,0.73,31.22
2026-03-17 19:10:47,charge,#8947,master,online,paid,2026-03-19,2026-03-19,183.05,3.00,180.05
2026-03-17 19:21:40,charge,#8950,visa,google_pay,paid,2026-03-19,2026-03-19,180.00,2.95,177.05
2026-03-17 19:40:41,charge,#8954,master,apple_pay,paid,2026-03-19,2026-03-19,608.00,9.37,598.63
2026-03-17 20:15:00,charge,#8957,visa,online,paid,2026-03-19,2026-03-19,249.00,3.98,245.02
2026-03-17 20:16:20,charge,#8959,visa,online,paid,2026-03-19,2026-03-19,42.95,0.89,42.06
2026-03-17 20:19:53,charge,#8960,visa,online,paid,2026-03-19,2026-03-19,108.00,1.87,106.13
2026-03-17 20:46:37,charge,#8961,visa,online,paid,2026-03-19,2026-03-19,711.95,10.93,701.02
2026-03-17 21:26:35,charge,#8966,visa,apple_pay,paid,2026-03-19,2026-03-19,94.00,1.66,92.34
2026-03-17 21:43:19,charge,#8968,visa,online,paid,2026-03-19,2026-03-19,76.95,1.40,75.55
2026-03-17 22:30:56,charge,#8969,master,online,paid,2026-03-19,2026-03-19,68.95,1.28,67.67
2026-03-17 22:49:45,refund,#6928,master,online,paid,2026-03-19,2026-03-19,-79.20,0.00,-79.20
2026-03-17 23:26:16,charge,#8970,visa,online,paid,2026-03-19,2026-03-19,99.00,1.74,97.26
2026-03-17 23:45:47,charge,#8971,visa,apple_pay,paid,2026-03-19,2026-03-19,76.15,1.39,74.76
2026-03-17 23:58:54,charge,#8972,master,online,paid,2026-03-19,2026-03-19,202.00,3.28,198.72
2026-03-18 01:38:46,refund,#7211,american_express,apple_pay,paid,2026-03-20,2026-03-20,-125.10,0.00,-125.10
2026-03-18 07:26:41,charge,#8977,visa,online,paid,2026-03-20,2026-03-20,119.00,2.04,116.96
2026-03-18 08:37:59,charge,#8979,visa,online,paid,2026-03-20,2026-03-20,178.00,2.92,175.08
2026-03-18 08:40:16,charge,#8980,visa,online,paid,2026-03-20,2026-03-20,618.30,9.52,608.78
2026-03-18 08:41:28,charge,#8981,master,online,paid,2026-03-20,2026-03-20,183.00,3.00,180.00
2026-03-18 08:47:22,refund,#8608,visa,online,paid,2026-03-20,2026-03-20,-81.00,0.00,-81.00
2026-03-18 08:54:02,charge,#8982,master,apple_pay,paid,2026-03-20,2026-03-20,38.95,0.83,38.12
2026-03-18 08:56:01,charge,#8983,master,online,paid,2026-03-20,2026-03-20,166.40,2.75,163.65
2026-03-18 09:10:20,charge,#8985,visa,online,paid,2026-03-20,2026-03-20,199.95,3.25,196.70
2026-03-18 09:11:09,charge,#8986,master,online,paid,2026-03-20,2026-03-20,98.00,1.72,96.28
2026-03-18 09:45:25,charge,#8989,visa,online,paid,2026-03-20,2026-03-20,699.30,10.74,688.56
2026-03-18 09:58:57,charge,#8991,visa,online,paid,2026-03-20,2026-03-20,238.95,3.83,235.12
2026-03-18 10:38:19,charge,#8993,visa,apple_pay,paid,2026-03-20,2026-03-20,1089.00,16.58,1072.42
2026-03-18 11:16:55,charge,#8994,visa,online,paid,2026-03-20,2026-03-20,133.95,2.26,131.69
2026-03-18 11:45:51,charge,#8996,visa,online,paid,2026-03-20,2026-03-20,73.95,1.36,72.59
2026-03-18 11:53:56,refund,#7894,visa,online,paid,2026-03-20,2026-03-20,-50.00,0.00,-50.00
2026-03-18 12:05:37,charge,#8997,master,online,paid,2026-03-20,2026-03-20,103.95,1.81,102.14
2026-03-18 12:22:20,charge,#9002,visa,online,paid,2026-03-20,2026-03-20,131.95,2.23,129.72
2026-03-18 12:57:06,charge,#9003,visa,google_pay,paid,2026-03-20,2026-03-20,52.95,1.04,51.91
2026-03-18 12:57:13,refund,#8639,master,online,paid,2026-03-20,2026-03-20,-23.95,0.00,-23.95
2026-03-18 13:00:58,charge,#9004,visa,online,paid,2026-03-20,2026-03-20,49.95,1.00,48.95
2026-03-18 13:02:41,charge,#9006,visa,online,paid,2026-03-20,2026-03-20,186.40,3.05,183.35
2026-03-18 13:42:18,charge,#9011,visa,online,paid,2026-03-20,2026-03-20,244.80,3.92,240.88
2026-03-18 15:03:47,charge,#9014,master,online,paid,2026-03-20,2026-03-20,189.00,3.08,185.92
2026-03-18 15:11:33,charge,#9017,visa,online,paid,2026-03-20,2026-03-20,124.20,2.11,122.09
2026-03-18 15:57:54,charge,#9021,master,online,paid,2026-03-20,2026-03-20,558.95,8.63,550.32
2026-03-18 17:11:06,charge,#9025,visa,online,paid,2026-03-20,2026-03-20,171.00,2.82,168.18
2026-03-18 17:12:17,charge,#9027,master,online,paid,2026-03-20,2026-03-20,35.55,0.78,34.77
2026-03-18 17:37:22,refund,#6934,master,online,paid,2026-03-20,2026-03-20,-50.00,0.00,-50.00
2026-03-18 17:40:44,charge,#9029,master,online,paid,2026-03-20,2026-03-20,67.95,1.27,66.68
2026-03-18 18:36:58,charge,#9038,visa,online,paid,2026-03-20,2026-03-20,412.00,6.43,405.57
2026-03-18 18:47:37,charge,#9040,visa,online,paid,2026-03-20,2026-03-20,90.00,1.60,88.40
2026-03-18 18:51:31,charge,#9041,visa,apple_pay,paid,2026-03-20,2026-03-20,48.95,0.98,47.97
2026-03-18 19:34:32,charge,#9048,master,online,paid,2026-03-20,2026-03-20,128.00,2.17,125.83
2026-03-18 19:38:19,charge,#9050,master,online,paid,2026-03-20,2026-03-20,131.95,2.23,129.72
2026-03-18 20:05:18,charge,#9055,visa,apple_pay,paid,2026-03-20,2026-03-20,28.15,0.67,27.48
2026-03-18 20:17:28,charge,#9057,visa,online,paid,2026-03-20,2026-03-20,34.00,0.76,33.24
2026-03-18 20:53:40,charge,#9060,master,online,paid,2026-03-20,2026-03-20,79.00,1.44,77.56
2026-03-18 20:55:53,charge,#9061,master,online,paid,2026-03-20,2026-03-20,101.95,1.78,100.17
2026-03-18 21:00:43,charge,#9062,visa,online,paid,2026-03-20,2026-03-20,87.00,1.56,85.44
2026-03-18 21:14:14,charge,#9063,master,google_pay,paid,2026-03-20,2026-03-20,23.95,0.61,23.34
2026-03-18 21:54:20,charge,#9068,master,online,paid,2026-03-20,2026-03-20,76.00,1.39,74.61
2026-03-18 22:00:41,charge,#9071,visa,online,paid,2026-03-20,2026-03-20,121.00,2.06,118.94
2026-03-18 22:09:24,refund,#7002,master,apple_pay,paid,2026-03-20,2026-03-20,-24.00,0.00,-24.00
2026-03-18 22:09:55,charge,#9072,master,online,paid,2026-03-20,2026-03-20,35.55,0.78,34.77
2026-03-18 22:11:25,charge,#9073,visa,online,paid,2026-03-20,2026-03-20,202.00,3.28,198.72
2026-03-18 22:14:21,charge,#9074,visa,apple_pay,paid,2026-03-20,2026-03-20,99.00,1.74,97.26
2026-03-18 22:44:58,charge,#9076,visa,online,paid,2026-03-20,2026-03-20,446.00,6.94,439.06
2026-03-18 22:48:33,charge,#9078,master,apple_pay,paid,2026-03-20,2026-03-20,68.95,1.28,67.67
2026-03-18 23:01:44,charge,#9079,master,apple_pay,paid,2026-03-20,2026-03-20,28.95,0.68,28.27
2026-03-19 01:14:58,refund,#8217,american_express,online,paid,2026-03-23,2026-03-23,-89.00,0.00,-89.00
2026-03-19 01:59:15,refund,#8481,master,online,paid,2026-03-23,2026-03-23,-19.32,0.00,-19.32
2026-03-19 06:00:42,charge,#9085,master,online,paid,2026-03-23,2026-03-23,608.95,9.38,599.57
2026-03-19 06:39:05,charge,#9087,visa,online,paid,2026-03-23,2026-03-23,56.95,1.10,55.85
2026-03-19 08:21:59,charge,#9090,visa,online,paid,2026-03-23,2026-03-23,123.00,2.10,120.90
2026-03-19 08:22:11,charge,#9089,visa,online,paid,2026-03-23,2026-03-23,79.20,1.44,77.76
2026-03-19 09:07:51,charge,#9093,american_express,online,paid,2026-03-23,2026-03-23,727.00,21.33,705.67
2026-03-19 09:08:56,charge,#9094,master,google_pay,paid,2026-03-23,2026-03-23,913.00,13.94,899.06
2026-03-19 09:18:44,charge,#9095,visa,google_pay,paid,2026-03-23,2026-03-23,50.95,1.01,49.94
2026-03-19 09:46:36,charge,#9098,master,google_pay,paid,2026-03-23,2026-03-23,243.00,3.90,239.10
2026-03-19 10:17:02,charge,#9099,master,apple_pay,paid,2026-03-23,2026-03-23,57.95,1.12,56.83
2026-03-19 10:19:56,charge,#9100,visa,online,paid,2026-03-23,2026-03-23,34.55,0.77,33.78
2026-03-19 11:23:52,charge,#9105,master,online,paid,2026-03-23,2026-03-23,189.00,3.08,185.92
2026-03-19 11:48:18,charge,#9107,visa,google_pay,paid,2026-03-23,2026-03-23,111.95,1.93,110.02
2026-03-19 12:27:28,charge,#9109,visa,online,paid,2026-03-23,2026-03-23,185.95,3.04,182.91
2026-03-19 12:39:18,charge,#9110,visa,online,paid,2026-03-23,2026-03-23,176.00,2.89,173.11
2026-03-19 14:16:52,charge,#9116,master,online,paid,2026-03-23,2026-03-23,115.00,1.98,113.02
2026-03-19 14:25:24,charge,#9117,visa,online,paid,2026-03-23,2026-03-23,224.10,3.61,220.49
2026-03-19 14:40:46,charge,#9120,master,online,paid,2026-03-23,2026-03-23,337.00,5.30,331.70
2026-03-19 15:18:45,charge,#9123,master,online,paid,2026-03-23,2026-03-23,23.95,0.61,23.34
2026-03-19 15:19:33,charge,#9124,visa,online,paid,2026-03-23,2026-03-23,312.00,4.93,307.07
2026-03-19 15:41:16,charge,#9126,visa,online,paid,2026-03-23,2026-03-23,513.00,7.94,505.06
2026-03-19 16:16:50,charge,#9128,visa,online,paid,2026-03-23,2026-03-23,101.95,1.78,100.17
2026-03-19 17:04:37,charge,#9131,visa,online,paid,2026-03-23,2026-03-23,87.20,1.56,85.64
2026-03-19 17:33:13,charge,#9133,visa,apple_pay,paid,2026-03-23,2026-03-23,201.95,3.28,198.67
2026-03-19 17:37:22,charge,#9135,master,online,paid,2026-03-23,2026-03-23,31.05,0.72,30.33
2026-03-19 17:45:27,refund,#7420,master,online,paid,2026-03-23,2026-03-23,-23.95,0.00,-23.95
2026-03-19 18:16:14,charge,#9136,master,online,paid,2026-03-23,2026-03-23,652.00,10.03,641.97
2026-03-19 18:35:38,charge,#9138,american_express,online,paid,2026-03-23,2026-03-23,38.95,1.38,37.57
2026-03-19 18:44:38,charge,#9139,visa,online,paid,2026-03-23,2026-03-23,77.60,1.41,76.19
2026-03-19 18:47:27,charge,#9140,visa,google_pay,paid,2026-03-23,2026-03-23,586.00,9.04,576.96
2026-03-19 18:53:06,charge,#9141,american_express,online,paid,2026-03-23,2026-03-23,47.95,1.64,46.31
2026-03-19 19:14:55,charge,#9146,visa,apple_pay,paid,2026-03-23,2026-03-23,523.25,8.10,515.15
2026-03-19 19:52:43,charge,#9147,visa,online,paid,2026-03-23,2026-03-23,197.00,3.20,193.80
2026-03-19 19:55:20,charge,#9148,visa,online,paid,2026-03-23,2026-03-23,228.00,3.67,224.33
2026-03-19 20:06:31,charge,#9149,american_express,online,paid,2026-03-23,2026-03-23,38.95,1.38,37.57
2026-03-19 20:20:52,charge,#9153,visa,google_pay,paid,2026-03-23,2026-03-23,351.00,5.52,345.48
2026-03-19 20:22:41,charge,#9154,visa,online,paid,2026-03-23,2026-03-23,48.15,0.97,47.18
2026-03-19 20:23:49,charge,#9156,master,apple_pay,paid,2026-03-23,2026-03-23,147.00,2.46,144.54
2026-03-19 20:29:42,charge,#9157,visa,online,paid,2026-03-23,2026-03-23,303.00,4.80,298.20
2026-03-19 20:56:14,charge,#9158,master,apple_pay,paid,2026-03-23,2026-03-23,448.20,6.97,441.23
2026-03-19 21:02:16,charge,#9160,american_express,apple_pay,paid,2026-03-23,2026-03-23,89.00,2.83,86.17
2026-03-19 21:21:56,charge,#9161,visa,online,paid,2026-03-23,2026-03-23,198.00,3.22,194.78
2026-03-19 21:42:36,charge,#9163,master,online,paid,2026-03-23,2026-03-23,378.00,5.92,372.08
2026-03-19 22:01:08,charge,#9166,visa,online,paid,2026-03-23,2026-03-23,23.95,0.61,23.34
2026-03-19 22:07:41,charge,#9167,visa,online,paid,2026-03-23,2026-03-23,35.45,0.78,34.67
2026-03-19 22:25:13,charge,#9168,master,online,paid,2026-03-23,2026-03-23,139.00,2.34,136.66
2026-03-19 22:43:44,charge,#9169,visa,online,paid,2026-03-23,2026-03-23,23.95,0.61,23.34
2026-03-19 22:51:19,charge,#9170,visa,online,paid,2026-03-23,2026-03-23,90.00,1.60,88.40
2026-03-19 23:26:30,charge,#9172,visa,apple_pay,paid,2026-03-23,2026-03-23,267.00,4.26,262.74
2026-03-20 00:57:37,charge,#9175,visa,online,paid,2026-03-24,2026-03-24,249.00,3.98,245.02
2026-03-20 02:34:03,refund,#8728,visa,online,paid,2026-03-24,2026-03-24,-260.80,0.00,-260.80
2026-03-20 03:18:21,refund,#6948,visa,google_pay,paid,2026-03-24,2026-03-24,-451.00,0.00,-451.00
2026-03-20 05:18:06,charge,#9178,visa,online,paid,2026-03-24,2026-03-24,62.55,1.19,61.36
2026-03-20 06:27:12,charge,#9179,visa,online,paid,2026-03-24,2026-03-24,267.00,4.26,262.74
2026-03-20 07:08:13,charge,#9181,master,online,paid,2026-03-24,2026-03-24,56.15,1.09,55.06
2026-03-20 07:34:50,charge,#9182,visa,online,paid,2026-03-24,2026-03-24,61.95,1.18,60.77
2026-03-20 07:44:31,charge,#9183,visa,google_pay,paid,2026-03-24,2026-03-24,90.00,1.60,88.40
2026-03-20 07:58:14,charge,#9184,visa,online,paid,2026-03-24,2026-03-24,159.00,2.64,156.36
2026-03-20 08:05:24,charge,#9186,master,online,paid,2026-03-24,2026-03-24,118.00,2.02,115.98
2026-03-20 08:12:20,charge,#9189,visa,apple_pay,paid,2026-03-24,2026-03-24,33.95,0.76,33.19
2026-03-20 08:39:53,charge,#9190,visa,online,paid,2026-03-24,2026-03-24,119.00,2.04,116.96
2026-03-20 08:42:58,charge,#9192,master,online,paid,2026-03-24,2026-03-24,268.00,4.27,263.73
2026-03-20 08:50:53,charge,#9193,master,online,paid,2026-03-24,2026-03-24,158.00,2.62,155.38
2026-03-20 08:52:31,charge,#9194,visa,apple_pay,paid,2026-03-24,2026-03-24,68.95,1.28,67.67
2026-03-20 09:34:05,charge,#9198,master,online,paid,2026-03-24,2026-03-24,147.00,2.46,144.54
2026-03-20 09:49:17,charge,#9199,visa,online,paid,2026-03-24,2026-03-24,118.00,2.02,115.98
2026-03-20 09:53:08,charge,#9201,master,online,paid,2026-03-24,2026-03-24,61.95,1.18,60.77
2026-03-20 10:40:57,charge,#9203,master,online,paid,2026-03-24,2026-03-24,313.00,4.94,308.06
2026-03-20 11:04:05,charge,#9205,visa,online,paid,2026-03-24,2026-03-24,249.00,3.98,245.02
2026-03-20 12:01:17,charge,#9211,visa,online,paid,2026-03-24,2026-03-24,207.00,3.36,203.64
2026-03-20 12:07:58,charge,#9213,visa,online,paid,2026-03-24,2026-03-24,23.95,0.61,23.34
2026-03-20 12:45:37,refund,#8176,visa,apple_pay,paid,2026-03-24,2026-03-24,-267.00,0.00,-267.00
2026-03-20 13:15:31,charge,#9217,master,google_pay,paid,2026-03-24,2026-03-24,168.00,2.77,165.23
2026-03-20 13:31:05,charge,#9219,visa,online,paid,2026-03-24,2026-03-24,28.15,0.67,27.48
2026-03-20 13:45:58,charge,#9221,visa,online,paid,2026-03-24,2026-03-24,28.15,0.67,27.48
2026-03-20 14:31:56,charge,#9225,master,online,paid,2026-03-24,2026-03-24,395.00,6.18,388.82
2026-03-20 14:42:11,charge,#9226,visa,online,paid,2026-03-24,2026-03-24,23.95,0.61,23.34
2026-03-20 14:53:01,charge,#9228,visa,online,paid,2026-03-24,2026-03-24,315.00,4.98,310.02
2026-03-20 14:57:51,charge,#9229,visa,apple_pay,paid,2026-03-24,2026-03-24,35.35,0.78,34.57
2026-03-20 15:13:14,refund,#7984,master,apple_pay,paid,2026-03-24,2026-03-24,-98.00,0.00,-98.00
2026-03-20 16:17:47,charge,#9237,visa,online,paid,2026-03-24,2026-03-24,460.80,7.16,453.64
2026-03-20 16:28:06,charge,#9238,visa,online,paid,2026-03-24,2026-03-24,336.95,5.30,331.65
2026-03-20 16:33:20,charge,#9239,american_express,google_pay,paid,2026-03-24,2026-03-24,28.95,1.09,27.86
2026-03-20 16:44:16,charge,#9240,master,online,paid,2026-03-24,2026-03-24,71.95,1.33,70.62
2026-03-20 17:28:03,charge,#9244,master,online,paid,2026-03-24,2026-03-24,41.95,0.88,41.07
2026-03-20 17:40:47,charge,#9245,visa,online,paid,2026-03-24,2026-03-24,28.15,0.67,27.48
2026-03-20 17:41:50,charge,#9246,master,google_pay,paid,2026-03-24,2026-03-24,160.00,2.65,157.35
2026-03-20 18:16:55,charge,#9249,master,online,paid,2026-03-24,2026-03-24,200.00,3.25,196.75
2026-03-20 18:34:59,charge,#9252,visa,online,paid,2026-03-24,2026-03-24,49.95,1.00,48.95
2026-03-20 18:35:00,charge,#9255,visa,online,paid,2026-03-24,2026-03-24,99.00,1.74,97.26
2026-03-20 18:35:03,charge,#9253,master,online,paid,2026-03-24,2026-03-24,430.95,6.71,424.24
2026-03-20 18:39:39,charge,#9256,master,online,paid,2026-03-24,2026-03-24,332.00,5.23,326.77
2026-03-20 19:05:13,charge,#9258,visa,online,paid,2026-03-24,2026-03-24,833.00,12.74,820.26
2026-03-20 19:12:10,charge,#9260,master,apple_pay,paid,2026-03-24,2026-03-24,183.00,3.00,180.00
2026-03-20 19:31:59,charge,#9262,visa,online,paid,2026-03-24,2026-03-24,212.00,3.43,208.57
2026-03-20 19:51:31,refund,#8529,visa,online,paid,2026-03-24,2026-03-24,-89.00,0.00,-89.00
2026-03-20 19:56:43,charge,#9264,master,online,paid,2026-03-24,2026-03-24,73.95,1.36,72.59
2026-03-20 20:12:08,charge,#9266,visa,apple_pay,paid,2026-03-24,2026-03-24,514.95,7.97,506.98
2026-03-20 20:13:59,charge,#9267,visa,online,paid,2026-03-24,2026-03-24,218.00,3.52,214.48
2026-03-20 20:36:42,charge,#9269,visa,online,paid,2026-03-24,2026-03-24,81.00,1.46,79.54
2026-03-20 20:41:39,charge,#9270,master,online,paid,2026-03-24,2026-03-24,42.95,0.89,42.06
2026-03-20 21:04:53,charge,#9272,visa,online,paid,2026-03-24,2026-03-24,46.95,0.95,46.00
2026-03-20 21:48:14,charge,#9275,visa,online,paid,2026-03-24,2026-03-24,76.00,1.39,74.61
2026-03-20 22:03:51,charge,#9278,visa,apple_pay,paid,2026-03-24,2026-03-24,94.00,1.66,92.34
2026-03-20 22:18:49,charge,#9279,visa,online,paid,2026-03-24,2026-03-24,129.00,2.18,126.82
2026-03-20 22:27:11,charge,#9280,visa,google_pay,paid,2026-03-24,2026-03-24,412.80,6.44,406.36
2026-03-20 22:39:45,charge,#9281,visa,online,paid,2026-03-24,2026-03-24,49.95,1.00,48.95
2026-03-20 23:39:51,charge,#9285,visa,online,paid,2026-03-24,2026-03-24,230.95,3.71,227.24
2026-03-20 23:42:01,charge,#9286,visa,online,paid,2026-03-24,2026-03-24,38.95,0.83,38.12
2026-03-21 00:00:20,charge,#9288,visa,online,paid,2026-03-24,2026-03-24,778.00,11.92,766.08
2026-03-21 03:59:05,charge,#9290,visa,online,paid,2026-03-24,2026-03-24,190.55,3.11,187.44
2026-03-21 05:08:26,refund,#7355,visa,online,paid,2026-03-24,2026-03-24,-11.15,0.00,-11.15
2026-03-21 05:15:53,charge,#9291,master,online,paid,2026-03-24,2026-03-24,329.00,5.18,323.82
2026-03-21 05:23:07,charge,#9292,visa,online,paid,2026-03-24,2026-03-24,57.95,1.12,56.83
2026-03-21 06:10:51,charge,#9293,visa,online,paid,2026-03-24,2026-03-24,168.00,2.77,165.23
2026-03-21 07:06:28,charge,#9294,visa,online,paid,2026-03-24,2026-03-24,167.00,2.76,164.24
2026-03-21 07:36:43,charge,#9296,visa,online,paid,2026-03-24,2026-03-24,28.95,0.68,28.27
2026-03-21 07:58:36,refund,#8972,master,online,paid,2026-03-24,2026-03-24,-29.00,0.00,-29.00
2026-03-21 08:09:49,refund,#8247,visa,google_pay,paid,2026-03-24,2026-03-24,-42.95,0.00,-42.95
2026-03-21 09:18:09,charge,#9300,visa,online,paid,2026-03-24,2026-03-24,85.95,1.54,84.41
2026-03-21 10:23:44,charge,#9306,visa,online,paid,2026-03-24,2026-03-24,70.95,1.31,69.64
2026-03-21 10:32:55,charge,#9307,visa,online,paid,2026-03-24,2026-03-24,178.00,2.92,175.08
2026-03-21 10:36:18,charge,#9308,master,google_pay,paid,2026-03-24,2026-03-24,28.95,0.68,28.27
2026-03-21 11:10:37,charge,#9311,visa,apple_pay,paid,2026-03-24,2026-03-24,398.40,6.23,392.17
2026-03-21 11:25:15,charge,#9313,visa,online,paid,2026-03-24,2026-03-24,35.55,0.78,34.77
2026-03-21 11:28:07,charge,#9314,master,apple_pay,paid,2026-03-24,2026-03-24,201.00,3.26,197.74
2026-03-21 11:40:01,charge,#9316,master,google_pay,paid,2026-03-24,2026-03-24,302.40,4.79,297.61
2026-03-21 12:07:40,charge,#9318,visa,apple_pay,paid,2026-03-24,2026-03-24,73.95,1.36,72.59
2026-03-21 12:11:43,charge,#9319,visa,apple_pay,paid,2026-03-24,2026-03-24,38.95,0.83,38.12
2026-03-21 12:12:07,refund,#7800,master,online,paid,2026-03-24,2026-03-24,-15.20,0.00,-15.20
2026-03-21 12:35:09,charge,#9322,master,online,paid,2026-03-24,2026-03-24,90.40,1.61,88.79
2026-03-21 12:58:19,charge,#9325,master,google_pay,paid,2026-03-24,2026-03-24,118.00,2.02,115.98
2026-03-21 13:12:29,charge,#9328,visa,online,paid,2026-03-24,2026-03-24,92.70,1.64,91.06
2026-03-21 13:21:28,charge,#9329,master,online,paid,2026-03-24,2026-03-24,264.60,4.22,260.38
2026-03-21 13:37:16,charge,#9333,visa,online,paid,2026-03-24,2026-03-24,556.00,8.59,547.41
2026-03-21 13:41:41,charge,#9334,master,online,paid,2026-03-24,2026-03-24,187.20,3.06,184.14
2026-03-21 14:01:52,charge,#9337,master,online,paid,2026-03-24,2026-03-24,23.95,0.61,23.34
2026-03-21 14:09:27,charge,#9338,visa,online,paid,2026-03-24,2026-03-24,24.15,0.61,23.54
2026-03-21 14:12:16,charge,#9339,visa,online,paid,2026-03-24,2026-03-24,68.95,1.28,67.67
2026-03-21 14:20:58,charge,#9340,american_express,apple_pay,paid,2026-03-24,2026-03-24,49.95,1.70,48.25
2026-03-21 14:31:09,charge,#9342,visa,online,paid,2026-03-24,2026-03-24,56.25,1.09,55.16
2026-03-21 14:31:31,charge,#9343,visa,online,paid,2026-03-24,2026-03-24,189.00,3.08,185.92
2026-03-21 14:42:43,charge,#9346,master,online,paid,2026-03-24,2026-03-24,33.95,0.76,33.19
2026-03-21 14:53:03,charge,#9347,master,online,paid,2026-03-24,2026-03-24,255.95,4.09,251.86
2026-03-21 15:09:58,charge,#9348,visa,online,paid,2026-03-24,2026-03-24,43.55,0.90,42.65
2026-03-21 15:26:43,charge,#9350,visa,apple_pay,paid,2026-03-24,2026-03-24,89.10,1.59,87.51
2026-03-21 16:13:37,charge,#9352,visa,online,paid,2026-03-24,2026-03-24,228.00,3.67,224.33
2026-03-21 16:19:13,charge,#9353,american_express,online,paid,2026-03-24,2026-03-24,306.00,9.12,296.88
2026-03-21 16:57:10,refund,#8689,visa,online,paid,2026-03-24,2026-03-24,-64.26,0.00,-64.26
2026-03-21 17:44:57,charge,#9357,visa,online,paid,2026-03-24,2026-03-24,31.95,0.73,31.22
2026-03-21 18:33:29,charge,#9362,master,apple_pay,paid,2026-03-24,2026-03-24,261.95,4.18,257.77
2026-03-21 18:43:55,charge,#9363,master,online,paid,2026-03-24,2026-03-24,73.95,1.36,72.59
2026-03-21 18:47:47,charge,#9365,visa,online,paid,2026-03-24,2026-03-24,104.00,1.81,102.19
2026-03-21 18:48:07,charge,#9364,master,online,paid,2026-03-24,2026-03-24,61.95,1.18,60.77
2026-03-21 18:50:14,charge,#9366,american_express,online,paid,2026-03-24,2026-03-24,33.95,1.23,32.72
2026-03-21 19:14:23,charge,#9373,master,online,paid,2026-03-24,2026-03-24,199.20,3.24,195.96
2026-03-21 19:23:28,charge,#9376,visa,online,paid,2026-03-24,2026-03-24,326.70,5.15,321.55
2026-03-21 19:31:16,charge,#9378,master,online,paid,2026-03-24,2026-03-24,42.95,0.89,42.06
2026-03-21 19:49:44,charge,#9380,visa,online,paid,2026-03-24,2026-03-24,134.40,2.27,132.13
2026-03-21 19:51:34,charge,#9381,master,online,paid,2026-03-24,2026-03-24,95.20,1.68,93.52
2026-03-21 20:21:52,charge,#9384,american_express,online,paid,2026-03-24,2026-03-24,99.00,3.12,95.88
2026-03-21 20:25:43,charge,#9386,visa,online,paid,2026-03-24,2026-03-24,190.95,3.11,187.84
2026-03-21 20:40:52,charge,#9388,master,online,paid,2026-03-24,2026-03-24,249.00,3.98,245.02
2026-03-21 20:50:47,charge,#9390,visa,online,paid,2026-03-24,2026-03-24,107.00,1.86,105.14
2026-03-21 20:54:58,charge,#9392,visa,online,paid,2026-03-24,2026-03-24,40.95,0.86,40.09
2026-03-21 21:12:04,charge,#9394,visa,google_pay,paid,2026-03-24,2026-03-24,397.00,6.20,390.80
2026-03-21 21:21:40,charge,#9395,visa,online,paid,2026-03-24,2026-03-24,259.00,4.14,254.86
2026-03-21 21:53:28,charge,#9398,master,online,paid,2026-03-24,2026-03-24,29.95,0.70,29.25
2026-03-21 21:55:20,charge,#9399,master,online,paid,2026-03-24,2026-03-24,495.35,7.68,487.67
2026-03-21 22:02:41,charge,#9401,master,google_pay,paid,2026-03-24,2026-03-24,116.00,1.99,114.01
2026-03-21 22:15:22,charge,#9402,master,online,paid,2026-03-24,2026-03-24,241.00,3.86,237.14
2026-03-21 22:26:59,charge,#9403,visa,online,paid,2026-03-24,2026-03-24,340.20,5.35,334.85
2026-03-21 22:48:51,charge,#9405,visa,online,paid,2026-03-24,2026-03-24,49.95,1.00,48.95
2026-03-21 23:04:59,refund,#7966,american_express,apple_pay,paid,2026-03-24,2026-03-24,-199.20,0.00,-199.20
2026-03-21 23:47:01,refund,#7027,master,online,paid,2026-03-24,2026-03-24,-86.00,0.00,-86.00
2026-03-22 00:29:15,charge,#9408,master,apple_pay,paid,2026-03-24,2026-03-24,38.95,0.83,38.12
2026-03-22 02:19:52,charge,#9409,visa,online,paid,2026-03-24,2026-03-24,27.00,0.66,26.34
2026-03-22 04:01:21,refund,#9079,master,apple_pay,paid,2026-03-24,2026-03-24,-5.28,0.00,-5.28
2026-03-22 05:27:31,charge,#9411,master,online,paid,2026-03-24,2026-03-24,82.40,1.49,80.91
2026-03-22 07:33:36,charge,#9412,visa,online,paid,2026-03-24,2026-03-24,261.95,4.18,257.77
2026-03-22 08:49:34,charge,#9414,visa,online,paid,2026-03-24,2026-03-24,26.55,0.65,25.90
2026-03-22 08:50:00,charge,#9415,visa,online,paid,2026-03-24,2026-03-24,151.20,2.52,148.68
2026-03-22 09:00:51,charge,#9416,visa,online,paid,2026-03-24,2026-03-24,68.95,1.28,67.67
2026-03-22 09:36:05,charge,#9419,master,online,paid,2026-03-24,2026-03-24,31.95,0.73,31.22
2026-03-22 09:51:56,charge,#9420,master,online,paid,2026-03-24,2026-03-24,119.00,2.04,116.96
2026-03-22 10:50:07,charge,#9425,master,online,paid,2026-03-24,2026-03-24,126.40,2.15,124.25
2026-03-22 10:55:39,charge,#9426,master,online,paid,2026-03-24,2026-03-24,33.95,0.76,33.19
2026-03-22 11:00:31,charge,#9428,master,google_pay,paid,2026-03-24,2026-03-24,190.95,3.11,187.84
2026-03-22 11:03:43,charge,#9429,master,online,paid,2026-03-24,2026-03-24,329.00,5.18,323.82
2026-03-22 11:07:38,charge,#9430,master,online,paid,2026-03-24,2026-03-24,170.95,2.81,168.14
2026-03-22 11:41:14,charge,#9432,visa,online,paid,2026-03-24,2026-03-24,757.00,11.60,745.40
2026-03-22 12:01:25,charge,#9436,master,online,paid,2026-03-24,2026-03-24,151.20,2.52,148.68
2026-03-22 12:19:29,charge,#9438,visa,apple_pay,paid,2026-03-24,2026-03-24,42.95,0.89,42.06
2026-03-22 12:58:17,charge,#9442,american_express,google_pay,paid,2026-03-24,2026-03-24,567.00,16.69,550.31
2026-03-22 13:19:13,charge,#9445,visa,apple_pay,paid,2026-03-24,2026-03-24,76.15,1.39,74.76
2026-03-22 13:20:52,refund,#8160,master,online,paid,2026-03-24,2026-03-24,-295.20,0.00,-295.20
2026-03-22 13:47:09,charge,#9446,american_express,online,paid,2026-03-24,2026-03-24,33.95,1.23,32.72
2026-03-22 14:04:01,charge,#9451,master,online,paid,2026-03-24,2026-03-24,81.95,1.48,80.47
2026-03-22 14:11:07,charge,#9452,master,online,paid,2026-03-24,2026-03-24,60.15,1.15,59.00
2026-03-22 15:02:17,charge,#9455,visa,online,paid,2026-03-24,2026-03-24,75.05,1.38,73.67
2026-03-22 15:03:39,charge,#9456,visa,online,paid,2026-03-24,2026-03-24,191.00,3.12,187.88
2026-03-22 15:08:40,charge,#9457,master,online,paid,2026-03-24,2026-03-24,73.95,1.36,72.59
2026-03-22 15:30:08,charge,#9461,visa,apple_pay,paid,2026-03-24,2026-03-24,189.00,3.08,185.92
2026-03-22 15:51:55,charge,#9462,master,online,paid,2026-03-24,2026-03-24,531.00,8.22,522.78
2026-03-22 15:53:49,charge,#9463,master,online,paid,2026-03-24,2026-03-24,528.00,8.17,519.83
2026-03-22 15:56:01,charge,#9464,visa,online,paid,2026-03-24,2026-03-24,230.40,3.71,226.69
2026-03-22 16:23:02,charge,#9465,visa,online,paid,2026-03-24,2026-03-24,99.00,1.74,97.26
2026-03-22 16:29:17,charge,#9466,master,online,paid,2026-03-24,2026-03-24,33.95,0.76,33.19
2026-03-22 17:07:22,charge,#9468,master,online,paid,2026-03-24,2026-03-24,134.40,2.27,132.13
2026-03-22 17:07:40,charge,#9469,visa,google_pay,paid,2026-03-24,2026-03-24,102.40,1.79,100.61
2026-03-22 17:30:47,charge,#9470,american_express,online,paid,2026-03-24,2026-03-24,60.15,1.99,58.16
2026-03-22 17:46:00,charge,#9472,master,apple_pay,paid,2026-03-24,2026-03-24,90.40,1.61,88.79
2026-03-22 17:54:13,charge,#9473,visa,google_pay,paid,2026-03-24,2026-03-24,33.95,0.76,33.19
2026-03-22 18:06:28,charge,#9474,master,google_pay,paid,2026-03-24,2026-03-24,24.95,0.62,24.33
2026-03-22 18:16:26,charge,#9477,visa,online,paid,2026-03-24,2026-03-24,158.00,2.62,155.38
2026-03-22 18:32:53,charge,#9479,visa,apple_pay,paid,2026-03-24,2026-03-24,33.95,0.76,33.19
2026-03-22 18:54:10,charge,#9481,visa,google_pay,paid,2026-03-24,2026-03-24,188.00,3.07,184.93
2026-03-22 18:58:06,charge,#9482,visa,online,paid,2026-03-24,2026-03-24,127.95,2.17,125.78
2026-03-22 19:08:02,charge,#9483,visa,apple_pay,paid,2026-03-24,2026-03-24,76.95,1.40,75.55
2026-03-22 19:24:12,charge,#9486,master,online,paid,2026-03-24,2026-03-24,64.15,1.21,62.94
2026-03-22 20:08:34,charge,#9491,master,online,paid,2026-03-24,2026-03-24,452.00,7.03,444.97
2026-03-22 20:14:46,charge,#9492,master,online,paid,2026-03-24,2026-03-24,119.00,2.04,116.96
2026-03-22 20:21:23,charge,#9493,master,google_pay,paid,2026-03-24,2026-03-24,119.00,2.04,116.96
2026-03-22 21:03:39,charge,#9499,master,online,paid,2026-03-24,2026-03-24,119.00,2.04,116.96
2026-03-22 21:19:58,charge,#9500,visa,google_pay,paid,2026-03-24,2026-03-24,203.00,3.30,199.70
2026-03-22 21:49:29,charge,#9502,visa,online,paid,2026-03-24,2026-03-24,99.00,1.74,97.26
2026-03-22 21:50:10,charge,#9503,master,online,paid,2026-03-24,2026-03-24,76.00,1.39,74.61
2026-03-22 22:10:49,refund,#7410,master,online,paid,2026-03-24,2026-03-24,-125.10,0.00,-125.10
2026-03-22 22:13:17,charge,#9505,visa,online,paid,2026-03-24,2026-03-24,40.95,0.86,40.09
2026-03-22 22:13:32,refund,#7411,master,online,paid,2026-03-24,2026-03-24,-61.95,0.00,-61.95
2026-03-22 22:30:22,refund,#7406,visa,online,paid,2026-03-24,2026-03-24,-131.95,0.00,-131.95
2026-03-22 23:07:42,charge,#9510,visa,google_pay,paid,2026-03-24,2026-03-24,76.15,1.39,74.76
2026-03-22 23:08:54,refund,#8202,visa,apple_pay,paid,2026-03-24,2026-03-24,-23.95,0.00,-23.95
2026-03-22 23:10:02,charge,#9511,visa,online,paid,2026-03-24,2026-03-24,407.00,6.36,400.64
2026-03-22 23:26:43,charge,#9513,visa,online,paid,2026-03-24,2026-03-24,529.60,8.19,521.41
2026-03-22 23:50:11,charge,#9514,master,online,paid,2026-03-24,2026-03-24,169.20,2.79,166.41
2026-03-23 00:16:48,chargeback,#7795,american_express,apple_pay,paid,2026-03-25,2026-03-25,-154.00,15.00,-169.00
2026-03-23 01:14:38,refund,#9146,visa,apple_pay,paid,2026-03-25,2026-03-25,-523.25,0.00,-523.25
2026-03-23 01:32:48,refund,#7549,master,apple_pay,paid,2026-03-25,2026-03-25,-38.95,0.00,-38.95
2026-03-23 07:52:04,charge,#9522,master,online,paid,2026-03-25,2026-03-25,34.00,0.76,33.24
2026-03-23 08:08:27,charge,#9523,visa,online,paid,2026-03-25,2026-03-25,145.00,2.42,142.58
2026-03-23 09:02:02,charge,#9526,visa,online,paid,2026-03-25,2026-03-25,32.15,0.73,31.42
2026-03-23 09:27:51,charge,#9527,master,online,paid,2026-03-25,2026-03-25,182.00,2.98,179.02
2026-03-23 09:34:26,charge,#9528,visa,google_pay,paid,2026-03-25,2026-03-25,643.00,9.90,633.10
2026-03-23 09:44:11,charge,#9530,master,online,paid,2026-03-25,2026-03-25,495.00,7.68,487.32
2026-03-23 10:24:58,charge,#9532,visa,online,paid,2026-03-25,2026-03-25,158.00,2.62,155.38
2026-03-23 11:14:17,charge,#9533,visa,online,paid,2026-03-25,2026-03-25,81.00,1.46,79.54
2026-03-23 11:43:40,charge,#9537,visa,online,paid,2026-03-25,2026-03-25,57.15,1.11,56.04
2026-03-23 12:32:04,refund,#7985,visa,online,paid,2026-03-25,2026-03-25,-63.95,0.00,-63.95
2026-03-23 12:42:06,charge,#9542,master,online,paid,2026-03-25,2026-03-25,358.00,5.62,352.38
2026-03-23 13:13:44,charge,#9544,visa,online,paid,2026-03-25,2026-03-25,89.00,1.58,87.42
2026-03-23 13:21:27,charge,#9545,visa,apple_pay,paid,2026-03-25,2026-03-25,31.95,0.73,31.22
2026-03-23 14:08:16,charge,#9548,master,online,paid,2026-03-25,2026-03-25,45.45,0.93,44.52
2026-03-23 14:43:11,charge,#9550,visa,apple_pay,paid,2026-03-25,2026-03-25,33.95,0.76,33.19
2026-03-23 14:52:13,charge,#9551,master,google_pay,paid,2026-03-25,2026-03-25,121.00,2.06,118.94
2026-03-23 15:27:28,refund,#7200,visa,apple_pay,paid,2026-03-25,2026-03-25,-274.00,0.00,-274.00
2026-03-23 15:46:07,charge,#9555,visa,apple_pay,paid,2026-03-25,2026-03-25,139.00,2.34,136.66
2026-03-23 16:32:15,charge,#9561,visa,apple_pay,paid,2026-03-25,2026-03-25,498.00,7.72,490.28
2026-03-23 16:33:26,charge,#9562,visa,online,paid,2026-03-25,2026-03-25,79.20,1.44,77.76
2026-03-23 16:34:09,charge,#9563,visa,online,paid,2026-03-25,2026-03-25,99.00,1.74,97.26
2026-03-23 17:17:15,charge,#9566,visa,apple_pay,paid,2026-03-25,2026-03-25,251.35,4.02,247.33
2026-03-23 18:21:30,charge,#9570,master,online,paid,2026-03-25,2026-03-25,405.00,6.32,398.68
2026-03-23 18:23:02,charge,#9571,visa,online,paid,2026-03-25,2026-03-25,101.95,1.78,100.17
2026-03-23 18:29:06,charge,#9572,master,online,paid,2026-03-25,2026-03-25,200.95,3.26,197.69
2026-03-23 19:03:45,charge,#9575,visa,online,paid,2026-03-25,2026-03-25,49.95,1.00,48.95
2026-03-23 19:08:11,charge,#9577,visa,apple_pay,paid,2026-03-25,2026-03-25,95.00,1.68,93.32
2026-03-23 19:11:01,charge,#9579,visa,online,paid,2026-03-25,2026-03-25,694.00,10.66,683.34
2026-03-23 19:23:33,charge,#9580,american_express,online,paid,2026-03-25,2026-03-25,109.00,3.41,105.59
2026-03-23 19:26:43,charge,#9581,visa,google_pay,paid,2026-03-25,2026-03-25,746.95,11.45,735.50
2026-03-23 19:33:38,charge,#9582,visa,online,paid,2026-03-25,2026-03-25,356.00,5.59,350.41
2026-03-23 19:37:01,charge,#9583,master,google_pay,paid,2026-03-25,2026-03-25,125.00,2.12,122.88
2026-03-23 19:40:18,charge,#9584,master,online,paid,2026-03-25,2026-03-25,99.00,1.74,97.26
2026-03-23 19:44:56,charge,#9587,visa,apple_pay,paid,2026-03-25,2026-03-25,411.00,6.42,404.58
2026-03-23 20:02:02,charge,#9590,master,apple_pay,paid,2026-03-25,2026-03-25,219.35,3.54,215.81
2026-03-23 20:20:20,charge,#9593,visa,apple_pay,paid,2026-03-25,2026-03-25,24.95,0.62,24.33
2026-03-23 20:20:36,charge,#9594,master,online,paid,2026-03-25,2026-03-25,189.00,3.08,185.92
2026-03-23 20:34:06,charge,#9595,visa,online,paid,2026-03-25,2026-03-25,99.00,1.74,97.26
2026-03-23 20:40:21,charge,#9596,master,online,paid,2026-03-25,2026-03-25,578.00,8.92,569.08
2026-03-23 20:45:09,charge,#9598,master,online,paid,2026-03-25,2026-03-25,52.95,1.04,51.91
2026-03-23 21:06:03,charge,#9600,master,online,paid,2026-03-25,2026-03-25,113.00,1.94,111.06
2026-03-23 21:15:27,charge,#9602,visa,online,paid,2026-03-25,2026-03-25,192.00,3.13,188.87
2026-03-23 22:47:49,charge,#9608,visa,online,paid,2026-03-25,2026-03-25,38.95,0.83,38.12
2026-03-24 01:57:22,refund,#8596,master,online,paid,2026-03-26,2026-03-26,-348.00,0.00,-348.00
2026-03-24 02:42:37,charge,#9612,master,online,paid,2026-03-26,2026-03-26,249.00,3.98,245.02
2026-03-24 02:53:41,charge,#9613,master,online,paid,2026-03-26,2026-03-26,286.00,4.54,281.46
2026-03-24 04:22:51,charge,#9615,visa,online,paid,2026-03-26,2026-03-26,189.00,3.08,185.92
2026-03-24 05:25:57,refund,#8482,master,apple_pay,paid,2026-03-26,2026-03-26,-49.50,0.00,-49.50
2026-03-24 05:33:56,refund,#8729,master,google_pay,paid,2026-03-26,2026-03-26,-566.00,0.00,-566.00
2026-03-24 07:10:26,charge,#9619,master,online,paid,2026-03-26,2026-03-26,39.95,0.85,39.10
2026-03-24 07:13:01,charge,#9620,visa,online,paid,2026-03-26,2026-03-26,75.00,1.38,73.62
2026-03-24 09:45:34,charge,#9627,master,apple_pay,paid,2026-03-26,2026-03-26,79.20,1.44,77.76
2026-03-24 10:40:37,charge,#9632,master,online,paid,2026-03-26,2026-03-26,73.95,1.36,72.59
2026-03-24 11:30:26,charge,#9636,visa,online,paid,2026-03-26,2026-03-26,339.00,5.34,333.66
2026-03-24 11:33:23,charge,#9637,visa,apple_pay,paid,2026-03-26,2026-03-26,238.50,3.83,234.67
2026-03-24 11:42:06,charge,#9640,visa,online,paid,2026-03-26,2026-03-26,109.00,1.88,107.12
2026-03-24 11:50:54,charge,#9641,visa,online,paid,2026-03-26,2026-03-26,48.15,0.97,47.18
2026-03-24 12:00:20,charge,#9642,master,online,paid,2026-03-26,2026-03-26,321.00,5.06,315.94
2026-03-24 13:43:56,charge,#9645,master,apple_pay,paid,2026-03-26,2026-03-26,99.00,1.74,97.26
2026-03-24 14:03:20,charge,#9647,visa,google_pay,paid,2026-03-26,2026-03-26,19.00,0.54,18.46
2026-03-24 14:27:20,charge,#9649,master,online,paid,2026-03-26,2026-03-26,336.00,5.29,330.71
2026-03-24 14:44:32,charge,#9651,master,apple_pay,paid,2026-03-26,2026-03-26,173.00,2.84,170.16
2026-03-24 14:47:08,charge,#9652,visa,apple_pay,paid,2026-03-26,2026-03-26,73.95,1.36,72.59
2026-03-24 14:53:13,charge,#9653,visa,online,paid,2026-03-26,2026-03-26,84.15,1.51,82.64
2026-03-24 15:02:09,charge,#9654,visa,online,paid,2026-03-26,2026-03-26,35.35,0.78,34.57
2026-03-24 15:47:58,charge,#9655,master,online,paid,2026-03-26,2026-03-26,249.00,3.98,245.02
2026-03-24 15:50:51,charge,#9656,american_express,apple_pay,paid,2026-03-26,2026-03-26,58.95,1.96,56.99
2026-03-24 15:51:55,charge,#9657,visa,online,paid,2026-03-26,2026-03-26,199.20,3.24,195.96
2026-03-24 15:54:00,charge,#9658,visa,apple_pay,paid,2026-03-26,2026-03-26,20.15,0.55,19.60
2026-03-24 16:06:26,charge,#9659,master,online,paid,2026-03-26,2026-03-26,246.00,3.94,242.06
2026-03-24 16:35:32,charge,#9660,master,online,paid,2026-03-26,2026-03-26,267.00,4.26,262.74
2026-03-24 16:48:08,charge,#9661,visa,online,paid,2026-03-26,2026-03-26,336.00,5.29,330.71
2026-03-24 16:57:46,charge,#9663,master,online,paid,2026-03-26,2026-03-26,205.00,3.32,201.68
2026-03-24 17:04:00,charge,#9664,master,online,paid,2026-03-26,2026-03-26,207.00,3.36,203.64
2026-03-24 17:21:49,charge,#9667,master,online,paid,2026-03-26,2026-03-26,50.95,1.01,49.94
2026-03-24 17:51:12,charge,#9668,visa,apple_pay,paid,2026-03-26,2026-03-26,164.00,2.71,161.29
2026-03-24 18:00:11,charge,#9670,master,apple_pay,paid,2026-03-26,2026-03-26,28.95,0.68,28.27
2026-03-24 18:01:46,charge,#9671,master,online,paid,2026-03-26,2026-03-26,144.00,2.41,141.59
2026-03-24 19:00:15,charge,#9674,visa,online,paid,2026-03-26,2026-03-26,38.95,0.83,38.12
2026-03-24 19:05:21,refund,#8275,visa,online,paid,2026-03-26,2026-03-26,-68.95,0.00,-68.95
2026-03-24 19:23:35,charge,#9676,visa,online,paid,2026-03-26,2026-03-26,28.95,0.68,28.27
2026-03-24 19:42:52,charge,#9678,visa,online,paid,2026-03-26,2026-03-26,242.00,3.88,238.12
2026-03-24 20:47:05,charge,#9685,master,online,paid,2026-03-26,2026-03-26,348.00,5.47,342.53
2026-03-24 21:08:17,charge,#9688,visa,online,paid,2026-03-26,2026-03-26,38.95,0.83,38.12
2026-03-24 21:32:49,charge,#9690,master,apple_pay,paid,2026-03-26,2026-03-26,118.00,2.02,115.98
2026-03-24 21:35:55,refund,#7331,visa,online,paid,2026-03-26,2026-03-26,-52.95,0.00,-52.95
2026-03-24 22:42:53,refund,#8968,visa,online,paid,2026-03-26,2026-03-26,-76.95,0.00,-76.95
2026-03-24 22:51:57,charge,#9695,american_express,online,paid,2026-03-26,2026-03-26,79.20,2.55,76.65
2026-03-24 22:54:02,charge,#9696,visa,online,paid,2026-03-26,2026-03-26,38.95,0.83,38.12
2026-03-24 23:15:23,refund,#8856,visa,online,paid,2026-03-26,2026-03-26,-351.00,0.00,-351.00
2026-03-25 00:25:25,charge,#9698,master,google_pay,paid,2026-03-27,2026-03-27,89.00,1.58,87.42
2026-03-25 00:32:48,charge,#9699,visa,online,paid,2026-03-27,2026-03-27,452.00,7.03,444.97
2026-03-25 00:42:10,charge,#9700,visa,google_pay,paid,2026-03-27,2026-03-27,230.00,3.70,226.30
2026-03-25 01:54:09,charge,#9703,master,apple_pay,paid,2026-03-27,2026-03-27,167.00,2.76,164.24
2026-03-25 04:49:51,charge,#9705,visa,google_pay,paid,2026-03-27,2026-03-27,185.00,3.02,181.98
2026-03-25 05:30:33,charge,#9706,visa,apple_pay,paid,2026-03-27,2026-03-27,81.95,1.48,80.47
2026-03-25 06:23:29,charge,#9707,master,online,paid,2026-03-27,2026-03-27,324.00,5.11,318.89
2026-03-25 06:29:25,refund,#8234,master,online,paid,2026-03-27,2026-03-27,-29.44,0.00,-29.44
2026-03-25 08:46:42,charge,#9709,master,apple_pay,paid,2026-03-27,2026-03-27,23.95,0.61,23.34
2026-03-25 09:04:39,charge,#9710,master,google_pay,paid,2026-03-27,2026-03-27,111.95,1.93,110.02
2026-03-25 09:21:01,charge,#9711,visa,google_pay,paid,2026-03-27,2026-03-27,28.15,0.67,27.48
2026-03-25 09:27:25,charge,#9712,master,apple_pay,paid,2026-03-27,2026-03-27,234.00,3.76,230.24
2026-03-25 09:45:15,charge,#9713,american_express,online,paid,2026-03-27,2026-03-27,189.00,5.73,183.27
2026-03-25 09:49:54,charge,#9714,visa,google_pay,paid,2026-03-27,2026-03-27,297.00,4.70,292.30
2026-03-25 10:03:35,charge,#9716,master,online,paid,2026-03-27,2026-03-27,125.00,2.12,122.88
2026-03-25 10:16:59,charge,#9717,master,online,paid,2026-03-27,2026-03-27,23.95,0.61,23.34
2026-03-25 10:21:15,charge,#9719,american_express,online,paid,2026-03-27,2026-03-27,73.95,2.39,71.56
2026-03-25 10:26:43,charge,#9721,visa,apple_pay,paid,2026-03-27,2026-03-27,261.95,4.18,257.77
2026-03-25 10:51:28,charge,#9723,visa,online,paid,2026-03-27,2026-03-27,146.00,2.44,143.56
2026-03-25 11:12:15,refund,#8338,visa,apple_pay,paid,2026-03-27,2026-03-27,-78.12,0.00,-78.12
2026-03-25 11:33:24,charge,#9728,visa,online,paid,2026-03-27,2026-03-27,291.95,4.63,287.32
2026-03-25 12:05:18,charge,#9730,visa,online,paid,2026-03-27,2026-03-27,230.95,3.71,227.24
2026-03-25 12:06:23,charge,#9731,visa,apple_pay,paid,2026-03-27,2026-03-27,283.00,4.50,278.50
2026-03-25 12:18:52,charge,#9733,visa,online,paid,2026-03-27,2026-03-27,194.95,3.17,191.78
2026-03-25 12:18:53,charge,#9732,master,online,paid,2026-03-27,2026-03-27,138.00,2.32,135.68
2026-03-25 12:58:38,charge,#9735,visa,online,paid,2026-03-27,2026-03-27,280.80,4.46,276.34
2026-03-25 13:44:16,charge,#9738,visa,online,paid,2026-03-27,2026-03-27,391.50,6.12,385.38
2026-03-25 14:03:38,charge,#9740,master,apple_pay,paid,2026-03-27,2026-03-27,249.00,3.98,245.02
2026-03-25 14:08:23,refund,#7650,visa,online,paid,2026-03-27,2026-03-27,-33.95,0.00,-33.95
2026-03-25 14:49:29,charge,#9742,master,online,paid,2026-03-27,2026-03-27,157.00,2.60,154.40
2026-03-25 15:19:00,charge,#10662,visa,online,paid,2026-03-27,2026-03-27,129.00,2.18,126.82
2026-03-25 15:55:20,charge,#9752,visa,apple_pay,paid,2026-03-27,2026-03-27,119.00,2.04,116.96
2026-03-25 16:27:11,charge,#9755,visa,online,paid,2026-03-27,2026-03-27,362.55,5.69,356.86
2026-03-25 17:11:44,charge,#9763,visa,online,paid,2026-03-27,2026-03-27,357.00,5.60,351.40
2026-03-25 18:42:15,charge,#9768,visa,online,paid,2026-03-27,2026-03-27,567.95,8.77,559.18
2026-03-25 18:43:06,charge,#9769,visa,online,paid,2026-03-27,2026-03-27,60.15,1.15,59.00
2026-03-25 18:46:40,charge,#9770,master,online,paid,2026-03-27,2026-03-27,189.00,3.08,185.92
2026-03-25 18:54:55,charge,#9771,visa,google_pay,paid,2026-03-27,2026-03-27,178.00,2.92,175.08
2026-03-25 18:55:22,charge,#9772,visa,online,paid,2026-03-27,2026-03-27,50.55,1.01,49.54
2026-03-25 19:10:49,charge,#9773,visa,apple_pay,paid,2026-03-27,2026-03-27,509.95,7.90,502.05
2026-03-25 19:32:28,charge,#9774,visa,online,paid,2026-03-27,2026-03-27,42.95,0.89,42.06
2026-03-25 19:33:14,charge,#9775,visa,online,paid,2026-03-27,2026-03-27,308.00,4.87,303.13
2026-03-25 19:35:01,charge,#9776,master,google_pay,paid,2026-03-27,2026-03-27,24.15,0.61,23.54
2026-03-25 19:49:56,charge,#9777,visa,online,paid,2026-03-27,2026-03-27,201.95,3.28,198.67
2026-03-25 20:08:00,charge,#9779,american_express,online,paid,2026-03-27,2026-03-27,57.95,1.93,56.02
2026-03-25 20:16:27,charge,#9780,visa,online,paid,2026-03-27,2026-03-27,244.00,3.91,240.09
2026-03-25 20:28:02,charge,#9783,visa,online,paid,2026-03-27,2026-03-27,237.60,3.81,233.79
2026-03-25 20:31:24,charge,#9784,master,online,paid,2026-03-27,2026-03-27,179.00,2.94,176.06
2026-03-25 20:37:44,charge,#9786,visa,online,paid,2026-03-27,2026-03-27,226.00,3.64,222.36
2026-03-25 20:50:55,charge,#9787,master,online,paid,2026-03-27,2026-03-27,111.20,1.92,109.28
2026-03-25 21:06:24,charge,#9790,master,online,paid,2026-03-27,2026-03-27,308.00,4.87,303.13
2026-03-25 21:07:48,charge,#9791,visa,online,paid,2026-03-27,2026-03-27,96.00,1.69,94.31
2026-03-25 21:12:17,charge,#9792,master,google_pay,paid,2026-03-27,2026-03-27,482.00,7.48,474.52
2026-03-25 21:46:49,charge,#9794,master,online,paid,2026-03-27,2026-03-27,229.95,3.70,226.25
2026-03-25 23:01:56,charge,#9799,visa,online,paid,2026-03-27,2026-03-27,76.95,1.40,75.55
2026-03-25 23:36:37,charge,#9800,visa,online,paid,2026-03-27,2026-03-27,33.95,0.76,33.19
2026-03-26 01:11:56,refund,#9266,visa,apple_pay,paid,2026-03-30,2026-03-30,-119.00,0.00,-119.00
2026-03-26 01:32:09,charge,#9804,visa,google_pay,paid,2026-03-30,2026-03-30,119.00,2.04,116.96
2026-03-26 02:12:39,charge,#9807,american_express,online,paid,2026-03-30,2026-03-30,31.95,1.18,30.77
2026-03-26 09:16:58,charge,#9814,visa,google_pay,paid,2026-03-30,2026-03-30,76.15,1.39,74.76
2026-03-26 09:47:41,charge,#9817,visa,google_pay,paid,2026-03-30,2026-03-30,56.15,1.09,55.06
2026-03-26 11:06:07,charge,#9823,visa,online,paid,2026-03-30,2026-03-30,449.00,6.98,442.02
2026-03-26 11:49:04,charge,#9826,visa,online,paid,2026-03-30,2026-03-30,73.95,1.36,72.59
2026-03-26 12:32:49,charge,#9833,visa,apple_pay,paid,2026-03-30,2026-03-30,63.35,1.20,62.15
2026-03-26 12:41:43,charge,#9834,master,google_pay,paid,2026-03-30,2026-03-30,38.95,0.83,38.12
2026-03-26 13:04:11,charge,#9836,visa,online,paid,2026-03-30,2026-03-30,31.95,0.73,31.22
2026-03-26 13:04:52,charge,#9837,visa,online,paid,2026-03-30,2026-03-30,345.00,5.42,339.58
2026-03-26 13:09:37,charge,#9838,master,online,paid,2026-03-30,2026-03-30,273.00,4.34,268.66
2026-03-26 14:23:12,charge,#9845,master,online,paid,2026-03-30,2026-03-30,31.95,0.73,31.22
2026-03-26 15:19:08,charge,#9848,visa,apple_pay,paid,2026-03-30,2026-03-30,198.00,3.22,194.78
2026-03-26 15:23:08,refund,#9306,visa,online,paid,2026-03-30,2026-03-30,-23.20,0.00,-23.20
2026-03-26 16:31:47,charge,#9850,visa,online,paid,2026-03-30,2026-03-30,60.15,1.15,59.00
2026-03-26 16:38:28,charge,#9851,master,online,paid,2026-03-30,2026-03-30,381.00,5.96,375.04
2026-03-26 17:37:08,charge,#9857,visa,google_pay,paid,2026-03-30,2026-03-30,470.00,7.30,462.70
2026-03-26 17:39:33,charge,#9859,master,online,paid,2026-03-30,2026-03-30,168.00,2.77,165.23
2026-03-26 17:41:29,charge,#9860,visa,apple_pay,paid,2026-03-30,2026-03-30,101.95,1.78,100.17
2026-03-26 18:51:29,charge,#9864,visa,online,paid,2026-03-30,2026-03-30,238.00,3.82,234.18
2026-03-26 18:56:00,charge,#10666,visa,online,paid,2026-03-30,2026-03-30,129.00,2.18,126.82
2026-03-26 19:33:43,charge,#9867,master,online,paid,2026-03-30,2026-03-30,125.60,2.13,123.47
2026-03-26 20:16:05,charge,#9871,master,online,paid,2026-03-30,2026-03-30,62.95,1.19,61.76
2026-03-26 20:26:46,charge,#9872,visa,online,paid,2026-03-30,2026-03-30,138.00,2.32,135.68
2026-03-26 20:43:21,charge,#9874,visa,online,paid,2026-03-30,2026-03-30,306.00,4.84,301.16
2026-03-26 21:18:14,charge,#9876,visa,online,paid,2026-03-30,2026-03-30,245.00,3.92,241.08
2026-03-26 21:24:56,charge,#9878,visa,online,paid,2026-03-30,2026-03-30,146.00,2.44,143.56
2026-03-26 21:49:25,charge,#9881,master,online,paid,2026-03-30,2026-03-30,138.00,2.32,135.68
2026-03-26 22:03:00,refund,#8930,master,google_pay,paid,2026-03-30,2026-03-30,-38.95,0.00,-38.95
2026-03-26 22:03:13,charge,#9883,master,apple_pay,paid,2026-03-30,2026-03-30,341.95,5.38,336.57
2026-03-26 22:08:53,charge,#9884,visa,online,paid,2026-03-30,2026-03-30,313.00,4.94,308.06
2026-03-26 22:18:02,charge,#9885,visa,online,paid,2026-03-30,2026-03-30,189.00,3.08,185.92
2026-03-26 22:27:47,refund,#8910,visa,online,paid,2026-03-30,2026-03-30,-14.42,0.00,-14.42
2026-03-26 22:33:24,charge,#9888,visa,apple_pay,paid,2026-03-30,2026-03-30,31.05,0.72,30.33
2026-03-26 23:10:04,charge,#9890,visa,online,paid,2026-03-30,2026-03-30,246.00,3.94,242.06
2026-03-26 23:13:13,refund,#9352,visa,online,paid,2026-03-30,2026-03-30,-139.00,0.00,-139.00
2026-03-26 23:50:05,charge,#9892,visa,online,paid,2026-03-30,2026-03-30,23.95,0.61,23.34
2026-03-26 23:55:05,charge,#9893,visa,online,paid,2026-03-30,2026-03-30,618.95,9.53,609.42
2026-03-27 04:27:03,charge,#9898,master,apple_pay,paid,2026-03-31,2026-03-31,278.00,4.42,273.58
2026-03-27 06:18:35,charge,#9899,master,online,paid,2026-03-31,2026-03-31,62.95,1.19,61.76
2026-03-27 06:45:38,charge,#9900,master,online,paid,2026-03-31,2026-03-31,259.20,4.14,255.06
2026-03-27 06:53:07,charge,#9901,visa,online,paid,2026-03-31,2026-03-31,155.00,2.58,152.42
2026-03-27 08:57:28,charge,#9906,visa,online,paid,2026-03-31,2026-03-31,543.95,8.41,535.54
2026-03-27 08:58:07,charge,#9907,visa,online,paid,2026-03-31,2026-03-31,126.95,2.15,124.80
2026-03-27 09:02:56,charge,#9908,american_express,online,paid,2026-03-31,2026-03-31,214.95,6.48,208.47
2026-03-27 09:06:53,charge,#9909,visa,online,paid,2026-03-31,2026-03-31,703.80,10.81,692.99
2026-03-27 09:09:39,charge,#9910,visa,apple_pay,paid,2026-03-31,2026-03-31,171.00,2.82,168.18
2026-03-27 11:17:51,charge,#9916,visa,apple_pay,paid,2026-03-31,2026-03-31,99.00,1.74,97.26
2026-03-27 11:37:33,charge,#9917,visa,apple_pay,paid,2026-03-31,2026-03-31,378.00,5.92,372.08
2026-03-27 11:48:53,charge,#9918,american_express,online,paid,2026-03-31,2026-03-31,189.00,5.73,183.27
2026-03-27 12:20:01,refund,#7718,visa,online,paid,2026-03-31,2026-03-31,-57.95,0.00,-57.95
2026-03-27 12:25:38,charge,#9921,visa,online,paid,2026-03-31,2026-03-31,101.95,1.78,100.17
2026-03-27 12:34:18,charge,#9922,visa,google_pay,paid,2026-03-31,2026-03-31,35.35,0.78,34.57
2026-03-27 12:37:20,charge,#9924,visa,online,paid,2026-03-31,2026-03-31,249.00,3.98,245.02
2026-03-27 12:54:16,charge,#9927,master,google_pay,paid,2026-03-31,2026-03-31,189.00,3.08,185.92
2026-03-27 13:52:46,charge,#9933,master,online,paid,2026-03-31,2026-03-31,602.40,9.29,593.11
2026-03-27 13:54:47,charge,#9934,master,online,paid,2026-03-31,2026-03-31,26.55,0.65,25.90
2026-03-27 14:16:49,charge,#9938,master,online,paid,2026-03-31,2026-03-31,261.95,4.18,257.77
2026-03-27 14:49:14,charge,#9940,master,online,paid,2026-03-31,2026-03-31,109.00,1.88,107.12
2026-03-27 14:58:05,charge,#9941,master,online,paid,2026-03-31,2026-03-31,135.20,2.28,132.92
2026-03-27 15:19:57,charge,#9942,master,online,paid,2026-03-31,2026-03-31,129.95,2.20,127.75
2026-03-27 15:22:10,charge,#9943,visa,online,paid,2026-03-31,2026-03-31,50.95,1.01,49.94
2026-03-27 15:35:58,charge,#9944,visa,online,paid,2026-03-31,2026-03-31,76.95,1.40,75.55
2026-03-27 15:38:12,charge,#9945,master,online,paid,2026-03-31,2026-03-31,189.00,3.08,185.92
2026-03-27 15:39:18,charge,#9946,visa,apple_pay,paid,2026-03-31,2026-03-31,189.00,3.08,185.92
2026-03-27 15:46:09,charge,#9947,visa,online,paid,2026-03-31,2026-03-31,31.95,0.73,31.22
2026-03-27 16:36:13,refund,#9296,visa,online,paid,2026-03-31,2026-03-31,-12.96,0.00,-12.96
2026-03-27 16:37:24,charge,#9950,master,online,paid,2026-03-31,2026-03-31,785.60,12.03,773.57
2026-03-27 17:05:47,charge,#9953,visa,online,paid,2026-03-31,2026-03-31,118.00,2.02,115.98
2026-03-27 17:37:27,charge,#9956,visa,online,paid,2026-03-31,2026-03-31,58.95,1.13,57.82
2026-03-27 17:44:22,charge,#9958,master,google_pay,paid,2026-03-31,2026-03-31,422.00,6.58,415.42
2026-03-27 18:22:09,charge,#9964,master,online,paid,2026-03-31,2026-03-31,265.00,4.22,260.78
2026-03-27 18:56:14,refund,#8659,master,online,paid,2026-03-31,2026-03-31,-7.98,0.00,-7.98
2026-03-27 19:00:54,charge,#9965,master,online,paid,2026-03-31,2026-03-31,254.70,4.07,250.63
2026-03-27 19:03:58,charge,#9966,visa,apple_pay,paid,2026-03-31,2026-03-31,32.15,0.73,31.42
2026-03-27 19:27:58,charge,#9967,visa,online,paid,2026-03-31,2026-03-31,418.95,6.53,412.42
2026-03-27 20:08:46,charge,#9972,american_express,online,paid,2026-03-31,2026-03-31,447.00,13.21,433.79
2026-03-27 20:11:28,refund,#9319,visa,apple_pay,paid,2026-03-31,2026-03-31,-9.18,0.00,-9.18
2026-03-27 20:29:00,charge,#9973,visa,online,paid,2026-03-31,2026-03-31,65.95,1.24,64.71
2026-03-27 20:30:15,charge,#9974,visa,online,paid,2026-03-31,2026-03-31,446.00,6.94,439.06
2026-03-27 20:38:22,charge,#9977,visa,online,paid,2026-03-31,2026-03-31,276.00,4.39,271.61
2026-03-27 20:38:26,charge,#9976,visa,online,paid,2026-03-31,2026-03-31,68.95,1.28,67.67
2026-03-27 20:42:22,charge,#9979,american_express,online,paid,2026-03-31,2026-03-31,94.00,2.98,91.02
2026-03-27 21:32:57,charge,#9983,master,apple_pay,paid,2026-03-31,2026-03-31,307.00,4.86,302.14
2026-03-27 22:04:21,charge,#9987,master,online,paid,2026-03-31,2026-03-31,252.95,4.04,248.91
2026-03-27 22:35:26,charge,#9989,master,online,paid,2026-03-31,2026-03-31,106.00,1.84,104.16
2026-03-27 22:51:50,charge,#9990,master,online,paid,2026-03-31,2026-03-31,33.95,0.76,33.19
2026-03-28 00:03:57,charge,#9994,master,online,paid,2026-03-31,2026-03-31,33.95,0.76,33.19
2026-03-28 00:14:02,charge,#9995,visa,apple_pay,paid,2026-03-31,2026-03-31,69.00,1.28,67.72
2026-03-28 00:17:20,charge,#9996,master,apple_pay,paid,2026-03-31,2026-03-31,287.00,4.56,282.44
2026-03-28 05:08:25,refund,#8760,visa,online,paid,2026-03-31,2026-03-31,-314.00,0.00,-314.00
2026-03-28 08:09:27,charge,#10005,master,apple_pay,paid,2026-03-31,2026-03-31,214.95,3.47,211.48
2026-03-28 08:20:42,charge,#10006,visa,online,paid,2026-03-31,2026-03-31,101.95,1.78,100.17
2026-03-28 08:30:02,charge,#10007,visa,online,paid,2026-03-31,2026-03-31,294.00,4.66,289.34
2026-03-28 08:51:02,charge,#10011,master,online,paid,2026-03-31,2026-03-31,213.00,3.44,209.56
2026-03-28 09:40:33,charge,#10012,visa,online,paid,2026-03-31,2026-03-31,73.95,1.36,72.59
2026-03-28 09:44:56,charge,#10013,american_express,apple_pay,paid,2026-03-31,2026-03-31,368.00,10.92,357.08
2026-03-28 09:50:00,charge,#10014,master,online,paid,2026-03-31,2026-03-31,49.95,1.00,48.95
2026-03-28 09:57:08,charge,#10015,visa,apple_pay,paid,2026-03-31,2026-03-31,196.00,3.19,192.81
2026-03-28 10:02:59,charge,#10016,visa,online,paid,2026-03-31,2026-03-31,56.15,1.09,55.06
2026-03-28 10:17:32,charge,#10017,visa,google_pay,paid,2026-03-31,2026-03-31,176.95,2.90,174.05
2026-03-28 11:03:20,charge,#10023,visa,online,paid,2026-03-31,2026-03-31,238.00,3.82,234.18
2026-03-28 11:38:20,charge,#10025,master,online,paid,2026-03-31,2026-03-31,596.95,9.20,587.75
2026-03-28 12:18:26,charge,#10029,visa,online,paid,2026-03-31,2026-03-31,52.95,1.04,51.91
2026-03-28 12:45:54,charge,#10030,master,online,paid,2026-03-31,2026-03-31,119.00,2.04,116.96
2026-03-28 12:50:59,charge,#10031,visa,google_pay,paid,2026-03-31,2026-03-31,49.95,1.00,48.95
2026-03-28 12:52:00,charge,#10033,visa,online,paid,2026-03-31,2026-03-31,90.95,1.61,89.34
2026-03-28 12:54:36,charge,#10034,visa,online,paid,2026-03-31,2026-03-31,42.95,0.89,42.06
2026-03-28 12:59:08,charge,#10036,master,online,paid,2026-03-31,2026-03-31,24.15,0.61,23.54
2026-03-28 13:09:48,charge,#10037,visa,online,paid,2026-03-31,2026-03-31,196.00,3.19,192.81
2026-03-28 13:23:08,charge,#10039,visa,online,paid,2026-03-31,2026-03-31,189.00,3.08,185.92
2026-03-28 13:23:26,charge,#10038,master,online,paid,2026-03-31,2026-03-31,76.00,1.39,74.61
2026-03-28 13:27:56,charge,#10041,master,online,paid,2026-03-31,2026-03-31,261.95,4.18,257.77
2026-03-28 13:45:18,charge,#10043,visa,online,paid,2026-03-31,2026-03-31,23.95,0.61,23.34
2026-03-28 13:47:32,charge,#10044,american_express,online,paid,2026-03-31,2026-03-31,255.00,7.64,247.36
2026-03-28 14:03:25,charge,#10046,master,apple_pay,paid,2026-03-31,2026-03-31,89.00,1.58,87.42
2026-03-28 14:23:12,charge,#10048,american_express,online,paid,2026-03-31,2026-03-31,270.95,8.11,262.84
2026-03-28 14:36:19,charge,#10051,visa,google_pay,paid,2026-03-31,2026-03-31,226.40,3.65,222.75
2026-03-28 14:46:49,charge,#10053,visa,online,paid,2026-03-31,2026-03-31,66.95,1.25,65.70
2026-03-28 15:20:07,charge,#10057,visa,online,paid,2026-03-31,2026-03-31,96.00,1.69,94.31
2026-03-28 15:31:13,charge,#10058,visa,online,paid,2026-03-31,2026-03-31,34.00,0.76,33.24
2026-03-28 15:44:21,charge,#10059,visa,online,paid,2026-03-31,2026-03-31,620.95,9.56,611.39
2026-03-28 15:50:30,charge,#10060,visa,online,paid,2026-03-31,2026-03-31,89.00,1.58,87.42
2026-03-28 16:03:42,charge,#10062,master,online,paid,2026-03-31,2026-03-31,49.95,1.00,48.95
2026-03-28 16:04:47,charge,#10063,visa,google_pay,paid,2026-03-31,2026-03-31,139.00,2.34,136.66
2026-03-28 16:40:43,charge,#10066,american_express,online,paid,2026-03-31,2026-03-31,41.95,1.47,40.48
2026-03-28 16:46:34,charge,#10067,american_express,online,paid,2026-03-31,2026-03-31,125.10,3.88,121.22
2026-03-28 17:04:03,charge,#10069,visa,apple_pay,paid,2026-03-31,2026-03-31,280.95,4.46,276.49
2026-03-28 17:24:04,charge,#10072,master,apple_pay,paid,2026-03-31,2026-03-31,187.95,3.07,184.88
2026-03-28 17:33:27,charge,#10074,american_express,online,paid,2026-03-31,2026-03-31,182.40,5.54,176.86
2026-03-28 17:45:24,charge,#10077,master,online,paid,2026-03-31,2026-03-31,48.95,0.98,47.97
2026-03-28 17:45:33,charge,#10076,visa,online,paid,2026-03-31,2026-03-31,24.00,0.61,23.39
2026-03-28 17:46:43,charge,#10079,visa,apple_pay,paid,2026-03-31,2026-03-31,50.95,1.01,49.94
2026-03-28 18:24:02,charge,#10083,master,google_pay,paid,2026-03-31,2026-03-31,38.95,0.83,38.12
2026-03-28 18:33:20,charge,#10085,visa,online,paid,2026-03-31,2026-03-31,52.95,1.04,51.91
2026-03-28 18:35:54,charge,#10086,visa,online,paid,2026-03-31,2026-03-31,448.20,6.97,441.23
2026-03-28 18:49:02,charge,#10090,visa,online,paid,2026-03-31,2026-03-31,28.95,0.68,28.27
2026-03-28 19:02:49,charge,#10092,master,online,paid,2026-03-31,2026-03-31,89.00,1.58,87.42
2026-03-28 19:33:41,charge,#10097,visa,apple_pay,paid,2026-03-31,2026-03-31,398.95,6.23,392.72
2026-03-28 19:59:17,charge,#10100,visa,google_pay,paid,2026-03-31,2026-03-31,168.00,2.77,165.23
2026-03-28 20:14:14,charge,#10101,american_express,apple_pay,paid,2026-03-31,2026-03-31,119.00,3.70,115.30
2026-03-28 20:25:07,charge,#10102,master,online,paid,2026-03-31,2026-03-31,111.95,1.93,110.02
2026-03-28 20:35:50,charge,#10103,visa,apple_pay,paid,2026-03-31,2026-03-31,119.00,2.04,116.96
2026-03-28 21:20:02,charge,#10106,master,online,paid,2026-03-31,2026-03-31,238.40,3.83,234.57
2026-03-28 21:32:07,charge,#10109,master,online,paid,2026-03-31,2026-03-31,68.15,1.27,66.88
2026-03-28 21:43:18,charge,#10111,master,online,paid,2026-03-31,2026-03-31,472.00,7.33,464.67
2026-03-28 21:43:23,charge,#10112,visa,online,paid,2026-03-31,2026-03-31,224.10,3.61,220.49
2026-03-28 21:55:35,charge,#10113,master,online,paid,2026-03-31,2026-03-31,134.00,2.26,131.74
2026-03-28 21:57:37,charge,#10114,master,google_pay,paid,2026-03-31,2026-03-31,77.75,1.42,76.33
2026-03-28 22:27:36,refund,#8726,visa,google_pay,paid,2026-03-31,2026-03-31,-233.75,0.00,-233.75
2026-03-28 23:10:22,charge,#10120,american_express,online,paid,2026-03-31,2026-03-31,721.00,21.16,699.84
2026-03-28 23:15:54,charge,#10121,master,online,paid,2026-03-31,2026-03-31,257.75,4.12,253.63
2026-03-28 23:18:36,refund,#8865,visa,google_pay,paid,2026-03-31,2026-03-31,-29.00,0.00,-29.00
2026-03-28 23:28:02,charge,#10122,visa,apple_pay,paid,2026-03-31,2026-03-31,327.00,5.16,321.84
2026-03-28 23:49:37,refund,#8734,american_express,apple_pay,paid,2026-03-31,2026-03-31,-99.00,0.00,-99.00
2026-03-29 00:26:26,charge,#10124,visa,google_pay,paid,2026-03-31,2026-03-31,427.00,6.66,420.34
2026-03-29 00:38:44,charge,#10125,master,online,paid,2026-03-31,2026-03-31,227.00,3.66,223.34
2026-03-29 04:18:26,charge,#10126,master,apple_pay,paid,2026-03-31,2026-03-31,38.95,0.83,38.12
2026-03-29 07:11:34,charge,#10129,master,online,paid,2026-03-31,2026-03-31,465.00,7.22,457.78
2026-03-29 07:41:49,charge,#10131,master,online,paid,2026-03-31,2026-03-31,217.80,3.52,214.28
2026-03-29 07:42:54,charge,#10132,american_express,online,paid,2026-03-31,2026-03-31,192.00,5.82,186.18
2026-03-29 07:47:59,charge,#10133,american_express,online,paid,2026-03-31,2026-03-31,123.35,3.83,119.52
2026-03-29 08:21:32,charge,#10137,visa,online,paid,2026-03-31,2026-03-31,23.95,0.61,23.34
2026-03-29 08:33:33,charge,#10138,master,online,paid,2026-03-31,2026-03-31,518.00,8.02,509.98
2026-03-29 08:58:52,charge,#10139,visa,online,paid,2026-03-31,2026-03-31,123.20,2.10,121.10
2026-03-29 09:26:10,charge,#10140,visa,online,paid,2026-03-31,2026-03-31,102.00,1.78,100.22
2026-03-29 10:01:13,charge,#10142,master,apple_pay,paid,2026-03-31,2026-03-31,108.95,1.88,107.07
2026-03-29 10:20:18,refund,#8497,visa,online,paid,2026-03-31,2026-03-31,-345.00,0.00,-345.00
2026-03-29 10:36:36,charge,#10143,master,online,paid,2026-03-31,2026-03-31,99.00,1.74,97.26
2026-03-29 10:43:42,charge,#10144,american_express,apple_pay,paid,2026-03-31,2026-03-31,99.00,3.12,95.88
2026-03-29 11:43:47,charge,#10150,master,online,paid,2026-03-31,2026-03-31,37.95,0.82,37.13
2026-03-29 11:43:52,charge,#10149,visa,online,paid,2026-03-31,2026-03-31,127.00,2.16,124.84
2026-03-29 12:43:20,charge,#10152,visa,apple_pay,paid,2026-03-31,2026-03-31,249.00,3.98,245.02
2026-03-29 13:01:55,charge,#10154,visa,online,paid,2026-03-31,2026-03-31,282.55,4.49,278.06
2026-03-29 13:21:23,refund,#8262,master,apple_pay,paid,2026-03-31,2026-03-31,-29.95,0.00,-29.95
2026-03-29 13:26:21,charge,#10157,visa,apple_pay,paid,2026-03-31,2026-03-31,218.00,3.52,214.48
2026-03-29 13:35:45,charge,#10160,master,apple_pay,paid,2026-03-31,2026-03-31,236.00,3.79,232.21
2026-03-29 13:43:22,charge,#10163,master,google_pay,paid,2026-03-31,2026-03-31,50.55,1.01,49.54
2026-03-29 13:54:54,charge,#10165,visa,google_pay,paid,2026-03-31,2026-03-31,274.00,4.36,269.64
2026-03-29 14:00:07,charge,#10167,visa,online,paid,2026-03-31,2026-03-31,178.00,2.92,175.08
2026-03-29 14:17:07,charge,#10169,visa,apple_pay,paid,2026-03-31,2026-03-31,33.95,0.76,33.19
2026-03-29 14:39:29,charge,#10172,visa,online,paid,2026-03-31,2026-03-31,23.95,0.61,23.34
2026-03-29 15:02:09,charge,#10174,master,online,paid,2026-03-31,2026-03-31,158.00,2.62,155.38
2026-03-29 15:12:05,charge,#10175,master,online,paid,2026-03-31,2026-03-31,33.95,0.76,33.19
2026-03-29 15:16:05,charge,#10176,master,online,paid,2026-03-31,2026-03-31,278.40,4.43,273.97
2026-03-29 15:36:33,charge,#10178,master,online,paid,2026-03-31,2026-03-31,147.00,2.46,144.54
2026-03-29 15:42:39,refund,#9550,visa,apple_pay,paid,2026-03-31,2026-03-31,-33.95,0.00,-33.95
2026-03-29 16:22:24,charge,#10186,master,online,paid,2026-03-31,2026-03-31,197.60,3.21,194.39
2026-03-29 16:29:38,charge,#10187,visa,online,paid,2026-03-31,2026-03-31,89.00,1.58,87.42
2026-03-29 16:39:28,charge,#10188,visa,online,paid,2026-03-31,2026-03-31,28.95,0.68,28.27
2026-03-29 17:12:47,charge,#10193,visa,online,paid,2026-03-31,2026-03-31,93.00,1.64,91.36
2026-03-29 17:15:07,charge,#10194,master,apple_pay,paid,2026-03-31,2026-03-31,99.00,1.74,97.26
2026-03-29 17:59:01,charge,#10195,visa,apple_pay,paid,2026-03-31,2026-03-31,153.90,2.56,151.34
2026-03-29 18:25:44,charge,#10198,visa,apple_pay,paid,2026-03-31,2026-03-31,174.40,2.87,171.53
2026-03-29 18:34:20,charge,#10199,master,apple_pay,paid,2026-03-31,2026-03-31,33.95,0.76,33.19
2026-03-29 18:48:41,charge,#10200,visa,apple_pay,paid,2026-03-31,2026-03-31,34.00,0.76,33.24
2026-03-29 18:49:12,charge,#10201,master,google_pay,paid,2026-03-31,2026-03-31,125.00,2.12,122.88
2026-03-29 18:54:01,charge,#10205,visa,online,paid,2026-03-31,2026-03-31,28.95,0.68,28.27
2026-03-29 18:57:01,charge,#10206,master,online,paid,2026-03-31,2026-03-31,256.50,4.10,252.40
2026-03-29 19:13:33,charge,#10208,visa,online,paid,2026-03-31,2026-03-31,253.00,4.04,248.96
2026-03-29 19:15:43,charge,#10209,visa,online,paid,2026-03-31,2026-03-31,146.95,2.45,144.50
2026-03-29 19:24:28,charge,#10211,master,online,paid,2026-03-31,2026-03-31,236.15,3.79,232.36
2026-03-29 19:41:06,charge,#10213,visa,online,paid,2026-03-31,2026-03-31,118.00,2.02,115.98
2026-03-29 19:42:21,charge,#10214,master,online,paid,2026-03-31,2026-03-31,307.80,4.87,302.93
2026-03-29 20:04:14,refund,#9837,visa,online,paid,2026-03-31,2026-03-31,-87.00,0.00,-87.00
2026-03-29 20:44:31,refund,#8656,visa,online,paid,2026-03-31,2026-03-31,-297.00,0.00,-297.00
2026-03-29 20:50:25,charge,#10220,master,online,paid,2026-03-31,2026-03-31,960.00,14.65,945.35
2026-03-29 21:10:02,refund,#8056,visa,online,paid,2026-03-31,2026-03-31,-31.95,0.00,-31.95
2026-03-29 21:12:03,charge,#10221,master,online,paid,2026-03-31,2026-03-31,333.95,5.26,328.69
2026-03-29 21:30:18,charge,#10224,visa,online,paid,2026-03-31,2026-03-31,356.00,5.59,350.41
2026-03-29 22:00:15,charge,#10226,visa,online,paid,2026-03-31,2026-03-31,134.00,2.26,131.74
2026-03-29 22:01:01,charge,#10227,american_express,online,paid,2026-03-31,2026-03-31,249.00,7.47,241.53
2026-03-29 22:34:25,charge,#10230,visa,online,paid,2026-03-31,2026-03-31,73.95,1.36,72.59
2026-03-29 22:40:51,charge,#10232,visa,online,paid,2026-03-31,2026-03-31,118.00,2.02,115.98
2026-03-29 22:49:15,charge,#10233,visa,online,paid,2026-03-31,2026-03-31,109.00,1.88,107.12
2026-03-29 23:38:46,charge,#10236,master,apple_pay,paid,2026-03-31,2026-03-31,76.00,1.39,74.61
2026-03-30 04:03:28,refund,#8043,visa,apple_pay,in_transit,2026-04-01,2026-04-01,-73.78,0.00,-73.78
2026-03-30 04:10:34,charge,#10238,visa,google_pay,in_transit,2026-04-01,2026-04-01,279.00,4.44,274.56
2026-03-30 06:27:54,refund,#8076,master,apple_pay,in_transit,2026-04-01,2026-04-01,-64.00,0.00,-64.00
2026-03-30 06:29:51,charge,#10240,master,online,in_transit,2026-04-01,2026-04-01,78.55,1.43,77.12
2026-03-30 07:35:50,charge,#10243,visa,online,in_transit,2026-04-01,2026-04-01,224.00,3.61,220.39
2026-03-30 07:40:57,charge,#10244,visa,online,in_transit,2026-04-01,2026-04-01,224.10,3.61,220.49
2026-03-30 08:08:34,charge,#10245,visa,online,in_transit,2026-04-01,2026-04-01,187.00,3.06,183.94
2026-03-30 08:41:54,charge,#10247,master,online,in_transit,2026-04-01,2026-04-01,235.25,3.78,231.47
2026-03-30 09:04:48,charge,#10248,visa,online,in_transit,2026-04-01,2026-04-01,80.00,1.45,78.55
2026-03-30 09:10:47,charge,#10249,master,online,in_transit,2026-04-01,2026-04-01,438.00,6.82,431.18
2026-03-30 09:11:29,charge,#10250,visa,google_pay,in_transit,2026-04-01,2026-04-01,29.25,0.69,28.56
2026-03-30 09:40:36,charge,#10251,master,apple_pay,in_transit,2026-04-01,2026-04-01,205.60,3.33,202.27
2026-03-30 09:49:44,charge,#10252,visa,google_pay,in_transit,2026-04-01,2026-04-01,118.40,2.03,116.37
2026-03-30 10:19:09,charge,#10255,master,online,in_transit,2026-04-01,2026-04-01,327.00,5.16,321.84
2026-03-30 12:05:41,charge,#10260,visa,online,in_transit,2026-04-01,2026-04-01,235.95,3.79,232.16
2026-03-30 12:20:27,charge,#10261,visa,apple_pay,in_transit,2026-04-01,2026-04-01,189.00,3.08,185.92
2026-03-30 12:59:02,charge,#10264,master,online,in_transit,2026-04-01,2026-04-01,111.95,1.93,110.02
2026-03-30 13:04:08,charge,#10265,visa,online,in_transit,2026-04-01,2026-04-01,46.95,0.95,46.00
2026-03-30 13:12:03,charge,#10267,visa,google_pay,in_transit,2026-04-01,2026-04-01,76.00,1.39,74.61
2026-03-30 13:20:10,charge,#10268,visa,online,in_transit,2026-04-01,2026-04-01,109.00,1.88,107.12
2026-03-30 13:38:21,charge,#10269,visa,online,in_transit,2026-04-01,2026-04-01,139.00,2.34,136.66
2026-03-30 13:42:31,charge,#10270,visa,online,in_transit,2026-04-01,2026-04-01,41.95,0.88,41.07
2026-03-30 13:48:09,charge,#10271,master,google_pay,in_transit,2026-04-01,2026-04-01,42.95,0.89,42.06
2026-03-30 14:17:33,charge,#10272,visa,apple_pay,in_transit,2026-04-01,2026-04-01,175.00,2.88,172.12
2026-03-30 15:20:31,charge,#10275,master,apple_pay,in_transit,2026-04-01,2026-04-01,303.00,4.80,298.20
2026-03-30 16:18:04,charge,#10276,visa,apple_pay,in_transit,2026-04-01,2026-04-01,283.95,4.51,279.44
2026-03-30 16:19:01,charge,#10277,visa,online,in_transit,2026-04-01,2026-04-01,298.25,4.72,293.53
2026-03-30 16:23:20,charge,#10278,visa,apple_pay,in_transit,2026-04-01,2026-04-01,50.95,1.01,49.94
2026-03-30 16:54:12,charge,#10279,visa,online,in_transit,2026-04-01,2026-04-01,99.00,1.74,97.26
2026-03-30 17:09:03,charge,#10281,visa,online,in_transit,2026-04-01,2026-04-01,424.00,6.61,417.39
2026-03-30 17:13:55,charge,#10282,visa,online,in_transit,2026-04-01,2026-04-01,218.00,3.52,214.48
2026-03-30 19:11:34,charge,#10286,master,online,in_transit,2026-04-01,2026-04-01,311.00,4.92,306.08
2026-03-30 19:16:39,charge,#10288,visa,online,in_transit,2026-04-01,2026-04-01,119.00,2.04,116.96
2026-03-30 19:18:48,charge,#10289,master,online,in_transit,2026-04-01,2026-04-01,307.00,4.86,302.14
2026-03-30 19:34:29,refund,#9322,master,online,in_transit,2026-04-01,2026-04-01,-90.40,0.00,-90.40
2026-03-30 19:39:40,charge,#10291,master,online,in_transit,2026-04-01,2026-04-01,278.00,4.42,273.58
2026-03-30 19:44:01,charge,#10292,visa,online,in_transit,2026-04-01,2026-04-01,36.95,0.80,36.15
2026-03-30 19:54:15,charge,#10294,visa,google_pay,in_transit,2026-04-01,2026-04-01,41.95,0.88,41.07
2026-03-30 20:35:51,charge,#10296,visa,online,in_transit,2026-04-01,2026-04-01,81.95,1.48,80.47
2026-03-30 20:43:28,charge,#10297,visa,online,in_transit,2026-04-01,2026-04-01,123.00,2.10,120.90
2026-03-30 20:57:32,charge,#10298,master,online,in_transit,2026-04-01,2026-04-01,184.95,3.02,181.93
2026-03-30 21:15:58,charge,#10299,master,online,in_transit,2026-04-01,2026-04-01,357.00,5.60,351.40
2026-03-30 21:24:55,charge,#10300,visa,online,in_transit,2026-04-01,2026-04-01,249.00,3.98,245.02
2026-03-30 21:27:06,charge,#10301,master,google_pay,in_transit,2026-04-01,2026-04-01,451.00,7.02,443.98
2026-03-30 21:31:14,charge,#10302,master,online,in_transit,2026-04-01,2026-04-01,139.00,2.34,136.66
2026-03-30 21:44:14,charge,#10303,visa,online,in_transit,2026-04-01,2026-04-01,416.00,6.49,409.51
2026-03-30 21:48:14,charge,#10304,visa,apple_pay,in_transit,2026-04-01,2026-04-01,24.00,0.61,23.39
2026-03-30 22:11:46,charge,#10306,visa,apple_pay,in_transit,2026-04-01,2026-04-01,99.00,1.74,97.26
2026-03-30 22:14:11,charge,#10307,american_express,online,in_transit,2026-04-01,2026-04-01,139.00,4.28,134.72
2026-03-30 22:20:38,charge,#10309,visa,online,in_transit,2026-04-01,2026-04-01,139.00,2.34,136.66
2026-03-30 22:32:19,charge,#10312,visa,online,in_transit,2026-04-01,2026-04-01,291.00,4.62,286.38
2026-03-30 22:39:04,charge,#10314,american_express,online,in_transit,2026-04-01,2026-04-01,102.00,3.21,98.79
2026-03-30 22:46:00,refund,#9947,visa,online,in_transit,2026-04-01,2026-04-01,-31.95,0.00,-31.95
2026-03-30 23:51:36,refund,#9657,visa,online,in_transit,2026-04-01,2026-04-01,-199.20,0.00,-199.20
2026-03-31 02:22:42,charge,#10322,visa,online,in_transit,2026-04-02,2026-04-02,564.00,8.71,555.29
2026-03-31 06:45:57,charge,#10328,american_express,online,in_transit,2026-04-02,2026-04-02,333.95,9.93,324.02
2026-03-31 07:10:01,charge,#10331,american_express,online,in_transit,2026-04-02,2026-04-02,60.15,1.99,58.16
2026-03-31 07:23:20,charge,#10333,master,online,in_transit,2026-04-02,2026-04-02,89.00,1.58,87.42
2026-03-31 08:52:06,charge,#10337,visa,online,in_transit,2026-04-02,2026-04-02,49.95,1.00,48.95
2026-03-31 08:54:09,charge,#10338,master,apple_pay,in_transit,2026-04-02,2026-04-02,209.00,3.38,205.62
2026-03-31 09:02:53,charge,#10339,visa,google_pay,in_transit,2026-04-02,2026-04-02,139.00,2.34,136.66
2026-03-31 09:11:34,charge,#10340,visa,online,in_transit,2026-04-02,2026-04-02,274.00,4.36,269.64
2026-03-31 10:22:20,charge,#10342,master,online,in_transit,2026-04-02,2026-04-02,73.95,1.36,72.59
2026-03-31 11:12:44,charge,#10344,visa,google_pay,in_transit,2026-04-02,2026-04-02,366.95,5.75,361.20
2026-03-31 11:28:51,charge,#10345,visa,google_pay,in_transit,2026-04-02,2026-04-02,538.00,8.32,529.68
2026-03-31 11:37:42,charge,#10347,visa,online,in_transit,2026-04-02,2026-04-02,73.95,1.36,72.59
2026-03-31 12:10:55,charge,#10349,visa,google_pay,in_transit,2026-04-02,2026-04-02,29.95,0.70,29.25
2026-03-31 12:26:10,charge,#10350,american_express,online,in_transit,2026-04-02,2026-04-02,33.95,1.23,32.72
2026-03-31 12:49:29,charge,#10351,american_express,google_pay,in_transit,2026-04-02,2026-04-02,226.95,6.83,220.12
2026-03-31 13:04:04,charge,#10352,visa,apple_pay,in_transit,2026-04-02,2026-04-02,458.00,7.12,450.88
2026-03-31 13:04:54,charge,#10353,visa,apple_pay,in_transit,2026-04-02,2026-04-02,307.00,4.86,302.14
2026-03-31 13:05:17,refund,#8997,master,online,in_transit,2026-04-02,2026-04-02,-103.95,0.00,-103.95
2026-03-31 13:46:36,charge,#10356,master,apple_pay,in_transit,2026-04-02,2026-04-02,82.00,1.48,80.52
2026-03-31 14:13:01,charge,#10357,american_express,apple_pay,in_transit,2026-04-02,2026-04-02,71.95,2.34,69.61
2026-03-31 14:23:56,charge,#10358,american_express,online,in_transit,2026-04-02,2026-04-02,29.95,1.12,28.83
2026-03-31 14:24:23,charge,#10359,master,apple_pay,in_transit,2026-04-02,2026-04-02,29.95,0.70,29.25
2026-03-31 14:59:00,charge,#10363,master,online,in_transit,2026-04-02,2026-04-02,132.00,2.23,129.77
2026-03-31 15:15:33,charge,#10364,visa,online,in_transit,2026-04-02,2026-04-02,427.00,6.66,420.34
2026-03-31 15:21:56,refund,#9090,visa,online,in_transit,2026-04-02,2026-04-02,-103.95,0.00,-103.95
2026-03-31 15:48:11,refund,#7923,visa,online,in_transit,2026-04-02,2026-04-02,-23.95,0.00,-23.95
2026-03-31 15:53:42,charge,#10365,visa,online,in_transit,2026-04-02,2026-04-02,89.00,1.58,87.42
2026-03-31 15:55:56,charge,#10366,master,apple_pay,in_transit,2026-04-02,2026-04-02,31.95,0.73,31.22
2026-03-31 16:06:30,charge,#10368,visa,online,in_transit,2026-04-02,2026-04-02,438.00,6.82,431.18
2026-03-31 16:23:20,charge,#10369,visa,apple_pay,in_transit,2026-04-02,2026-04-02,76.00,1.39,74.61
2026-03-31 17:21:55,charge,#10372,visa,online,in_transit,2026-04-02,2026-04-02,119.00,2.04,116.96
2026-03-31 18:06:36,charge,#10373,master,online,in_transit,2026-04-02,2026-04-02,89.00,1.58,87.42
2026-03-31 19:02:54,charge,#10379,american_express,online,in_transit,2026-04-02,2026-04-02,23.95,0.94,23.01
2026-03-31 19:03:38,charge,#10380,visa,apple_pay,in_transit,2026-04-02,2026-04-02,87.20,1.56,85.64
2026-03-31 19:27:42,charge,#10382,visa,online,in_transit,2026-04-02,2026-04-02,29.95,0.70,29.25
2026-03-31 19:32:51,charge,#10384,visa,online,in_transit,2026-04-02,2026-04-02,33.95,0.76,33.19
2026-03-31 19:34:57,charge,#10385,visa,online,in_transit,2026-04-02,2026-04-02,253.95,4.06,249.89
2026-03-31 19:39:36,charge,#10388,visa,apple_pay,in_transit,2026-04-02,2026-04-02,160.00,2.65,157.35
2026-03-31 19:56:10,charge,#10390,american_express,online,in_transit,2026-04-02,2026-04-02,178.00,5.41,172.59
2026-03-31 20:06:37,charge,#10393,visa,online,in_transit,2026-04-02,2026-04-02,150.95,2.51,148.44
2026-03-31 20:34:39,charge,#10395,visa,online,in_transit,2026-04-02,2026-04-02,28.95,0.68,28.27
2026-03-31 22:02:02,charge,#10403,master,online,in_transit,2026-04-02,2026-04-02,118.00,2.02,115.98
2026-03-31 22:11:14,charge,#10405,master,online,in_transit,2026-04-02,2026-04-02,220.95,3.56,217.39
2026-03-31 22:27:31,charge,#10406,visa,online,in_transit,2026-04-02,2026-04-02,217.00,3.50,213.50
2026-03-31 22:35:38,refund,#8036,visa,google_pay,in_transit,2026-04-02,2026-04-02,-67.23,0.00,-67.23
2026-03-31 23:21:08,charge,#10407,visa,online,in_transit,2026-04-02,2026-04-02,67.05,1.26,65.79
2026-03-31 23:51:49,charge,#10409,visa,apple_pay,in_transit,2026-04-02,2026-04-02,822.00,12.58,809.42
