Sales Period,Posted Date,Store Name,Country Of Sale,Artist,Release Type,Release Title,Song Title,Label,UPC,ISRC,# Units Sold,Total Earned,Currency
2025-03,2025-05-30,Amazon Music,AT,The Linden Hours,Album,Tidewater,Linden,Nordlys Records,4065629200201,DEX252500201,1309,5.702004,USD
2025-03,2025-05-30,Amazon Music,DE,The Linden Hours,Album,Tidewater,Linden,Nordlys Records,4065629200201,DEX252500201,5629,24.443933,USD
2025-03,2025-05-30,Amazon Music,GB,The Linden Hours,Album,Tidewater,Linden,Nordlys Records,4065629200201,DEX252500201,1836,7.815852,USD
2025-03,2025-05-30,Amazon Music,NL,The Linden Hours,Album,Tidewater,Linden,Nordlys Records,4065629200201,DEX252500201,1228,5.409954,USD
2025-03,2025-05-30,Amazon Music,SE,The Linden Hours,Album,Tidewater,Linden,Nordlys Records,4065629200201,DEX252500201,936,4.384692,USD
2025-03,2025-05-30,Amazon Music,US,The Linden Hours,Album,Tidewater,Linden,Nordlys Records,4065629200201,DEX252500201,2119,10.250663,USD
2025-03,2025-05-30,Amazon Music,AT,The Linden Hours,Album,Tidewater,Paper Lanterns,Nordlys Records,4065629200201,DEX252500202,1872,8.171280,USD
2025-03,2025-05-30,Amazon Music,DE,The Linden Hours,Album,Tidewater,Paper Lanterns,Nordlys Records,4065629200201,DEX252500202,6984,31.773708,USD
2025-03,2025-05-30,Amazon Music,GB,The Linden Hours,Album,Tidewater,Paper Lanterns,Nordlys Records,4065629200201,DEX252500202,2785,12.419708,USD
2025-03,2025-05-30,Amazon Music,NL,The Linden Hours,Album,Tidewater,Paper Lanterns,Nordlys Records,4065629200201,DEX252500202,1890,8.683605,USD
2025-03,2025-05-30,Amazon Music,SE,The Linden Hours,Album,Tidewater,Paper Lanterns,Nordlys Records,4065629200201,DEX252500202,1368,5.669676,USD
2025-03,2025-05-30,Amazon Music,US,The Linden Hours,Album,Tidewater,Paper Lanterns,Nordlys Records,4065629200201,DEX252500202,4297,18.930434,USD
2025-03,2025-05-30,Amazon Music,AT,The Linden Hours,Album,Tidewater,Salt and Iron,Nordlys Records,4065629200201,DEX252500203,1021,4.957466,USD
2025-03,2025-05-30,Amazon Music,DE,The Linden Hours,Album,Tidewater,Salt and Iron,Nordlys Records,4065629200201,DEX252500203,4387,19.998140,USD
2025-03,2025-05-30,Amazon Music,GB,The Linden Hours,Album,Tidewater,Salt and Iron,Nordlys Records,4065629200201,DEX252500203,1390,6.411375,USD
2025-03,2025-05-30,Amazon Music,NL,The Linden Hours,Album,Tidewater,Salt and Iron,Nordlys Records,4065629200201,DEX252500203,774,3.385476,USD
2025-03,2025-05-30,Amazon Music,SE,The Linden Hours,Album,Tidewater,Salt and Iron,Nordlys Records,4065629200201,DEX252500203,697,3.305871,USD
2025-03,2025-05-30,Amazon Music,US,The Linden Hours,Album,Tidewater,Salt and Iron,Nordlys Records,4065629200201,DEX252500203,1944,8.756748,USD
2025-03,2025-05-30,Amazon Music,AT,The Linden Hours,Album,Tidewater,The Quiet Year,Nordlys Records,4065629200201,DEX252500204,738,3.556791,USD
2025-03,2025-05-30,Amazon Music,DE,The Linden Hours,Album,Tidewater,The Quiet Year,Nordlys Records,4065629200201,DEX252500204,3433,15.989198,USD
2025-03,2025-05-30,Amazon Music,GB,The Linden Hours,Album,Tidewater,The Quiet Year,Nordlys Records,4065629200201,DEX252500204,1089,4.709381,USD
2025-03,2025-05-30,Amazon Music,NL,The Linden Hours,Album,Tidewater,The Quiet Year,Nordlys Records,4065629200201,DEX252500204,679,2.881337,USD
2025-03,2025-05-30,Amazon Music,SE,The Linden Hours,Album,Tidewater,The Quiet Year,Nordlys Records,4065629200201,DEX252500204,522,2.283228,USD
2025-03,2025-05-30,Amazon Music,US,The Linden Hours,Album,Tidewater,The Quiet Year,Nordlys Records,4065629200201,DEX252500204,1269,5.573448,USD
2025-03,2025-05-30,Amazon Music,AT,The Linden Hours,Album,Tidewater,Second Light,Nordlys Records,4065629200201,DEX252500205,634,2.824470,USD
2025-03,2025-05-30,Amazon Music,DE,The Linden Hours,Album,Tidewater,Second Light,Nordlys Records,4065629200201,DEX252500205,2245,10.445985,USD
2025-03,2025-05-30,Amazon Music,GB,The Linden Hours,Album,Tidewater,Second Light,Nordlys Records,4065629200201,DEX252500205,967,4.412421,USD
2025-03,2025-05-30,Amazon Music,NL,The Linden Hours,Album,Tidewater,Second Light,Nordlys Records,4065629200201,DEX252500205,612,2.569482,USD
2025-03,2025-05-30,Amazon Music,SE,The Linden Hours,Album,Tidewater,Second Light,Nordlys Records,4065629200201,DEX252500205,454,1.893861,USD
2025-03,2025-05-30,Amazon Music,US,The Linden Hours,Album,Tidewater,Second Light,Nordlys Records,4065629200201,DEX252500205,1273,5.831613,USD
2025-03,2025-05-30,Amazon Music,AT,The Linden Hours,Album,Tidewater,Glasshouse,Nordlys Records,4065629200201,DEX252500206,1102,5.018508,USD
2025-03,2025-05-30,Amazon Music,DE,The Linden Hours,Album,Tidewater,Glasshouse,Nordlys Records,4065629200201,DEX252500206,3942,18.572733,USD
2025-03,2025-05-30,Amazon Music,GB,The Linden Hours,Album,Tidewater,Glasshouse,Nordlys Records,4065629200201,DEX252500206,1408,6.095232,USD
2025-03,2025-05-30,Amazon Music,NL,The Linden Hours,Album,Tidewater,Glasshouse,Nordlys Records,4065629200201,DEX252500206,1111,4.949505,USD
2025-03,2025-05-30,Amazon Music,SE,The Linden Hours,Album,Tidewater,Glasshouse,Nordlys Records,4065629200201,DEX252500206,769,3.232107,USD
2025-03,2025-05-30,Amazon Music,US,The Linden Hours,Album,Tidewater,Glasshouse,Nordlys Records,4065629200201,DEX252500206,2380,10.270890,USD
2025-03,2025-05-30,Amazon Music,AT,The Linden Hours,Album,Tidewater,Summer Static,Nordlys Records,4065629200201,DEX252500207,2592,11.920608,USD
2025-03,2025-05-30,Amazon Music,DE,The Linden Hours,Album,Tidewater,Summer Static,Nordlys Records,4065629200201,DEX252500207,9045,39.644235,USD
2025-03,2025-05-30,Amazon Music,GB,The Linden Hours,Album,Tidewater,Summer Static,Nordlys Records,4065629200201,DEX252500207,3361,15.895850,USD
2025-03,2025-05-30,Amazon Music,NL,The Linden Hours,Album,Tidewater,Summer Static,Nordlys Records,4065629200201,DEX252500207,2281,10.110533,USD
2025-03,2025-05-30,Amazon Music,SE,The Linden Hours,Album,Tidewater,Summer Static,Nordlys Records,4065629200201,DEX252500207,1435,6.367095,USD
2025-03,2025-05-30,Amazon Music,US,The Linden Hours,Album,Tidewater,Summer Static,Nordlys Records,4065629200201,DEX252500207,4752,21.768912,USD
2025-03,2025-05-30,Amazon Music,AT,The Linden Hours,Album,Tidewater,Tidewater,Nordlys Records,4065629200201,DEX252500208,715,3.246458,USD
2025-03,2025-05-30,Amazon Music,DE,The Linden Hours,Album,Tidewater,Tidewater,Nordlys Records,4065629200201,DEX252500208,3060,13.081500,USD
2025-03,2025-05-30,Amazon Music,GB,The Linden Hours,Album,Tidewater,Tidewater,Nordlys Records,4065629200201,DEX252500208,1273,5.745686,USD
2025-03,2025-05-30,Amazon Music,NL,The Linden Hours,Album,Tidewater,Tidewater,Nordlys Records,4065629200201,DEX252500208,697,3.277643,USD
2025-03,2025-05-30,Amazon Music,SE,The Linden Hours,Album,Tidewater,Tidewater,Nordlys Records,4065629200201,DEX252500208,567,2.393307,USD
2025-03,2025-05-30,Amazon Music,US,The Linden Hours,Album,Tidewater,Tidewater,Nordlys Records,4065629200201,DEX252500208,1503,7.040804,USD
2025-03,2025-05-30,Apple Music,AT,The Linden Hours,Album,Tidewater,Linden,Nordlys Records,4065629200201,DEX252500201,2178,14.304015,USD
2025-03,2025-05-30,Apple Music,DE,The Linden Hours,Album,Tidewater,Linden,Nordlys Records,4065629200201,DEX252500201,8793,60.182809,USD
2025-03,2025-05-30,Apple Music,GB,The Linden Hours,Album,Tidewater,Linden,Nordlys Records,4065629200201,DEX252500201,3523,23.137303,USD
2025-03,2025-05-30,Apple Music,NL,The Linden Hours,Album,Tidewater,Linden,Nordlys Records,4065629200201,DEX252500201,2101,15.290028,USD
2025-03,2025-05-30,Apple Music,SE,The Linden Hours,Album,Tidewater,Linden,Nordlys Records,4065629200201,DEX252500201,1566,10.551551,USD
2025-03,2025-05-30,Apple Music,US,The Linden Hours,Album,Tidewater,Linden,Nordlys Records,4065629200201,DEX252500201,3406,23.940774,USD
2025-03,2025-05-30,Apple Music,AT,The Linden Hours,Album,Tidewater,Paper Lanterns,Nordlys Records,4065629200201,DEX252500202,3321,23.838470,USD
2025-03,2025-05-30,Apple Music,DE,The Linden Hours,Album,Tidewater,Paper Lanterns,Nordlys Records,4065629200201,DEX252500202,13446,94.607401,USD
2025-03,2025-05-30,Apple Music,GB,The Linden Hours,Album,Tidewater,Paper Lanterns,Nordlys Records,4065629200201,DEX252500202,4689,31.993516,USD
2025-03,2025-05-30,Apple Music,NL,The Linden Hours,Album,Tidewater,Paper Lanterns,Nordlys Records,4065629200201,DEX252500202,3168,21.053261,USD
2025-03,2025-05-30,Apple Music,SE,The Linden Hours,Album,Tidewater,Paper Lanterns,Nordlys Records,4065629200201,DEX252500202,2223,16.493549,USD
2025-03,2025-05-30,Apple Music,US,The Linden Hours,Album,Tidewater,Paper Lanterns,Nordlys Records,4065629200201,DEX252500202,7861,58.603755,USD
2025-03,2025-05-30,Apple Music,AT,The Linden Hours,Album,Tidewater,Salt and Iron,Nordlys Records,4065629200201,DEX252500203,1633,11.385603,USD
2025-03,2025-05-30,Apple Music,DE,The Linden Hours,Album,Tidewater,Salt and Iron,Nordlys Records,4065629200201,DEX252500203,5647,40.013513,USD
2025-03,2025-05-30,Apple Music,GB,The Linden Hours,Album,Tidewater,Salt and Iron,Nordlys Records,4065629200201,DEX252500203,2259,15.653966,USD
2025-03,2025-05-30,Apple Music,NL,The Linden Hours,Album,Tidewater,Salt and Iron,Nordlys Records,4065629200201,DEX252500203,1516,10.763600,USD
2025-03,2025-05-30,Apple Music,SE,The Linden Hours,Album,Tidewater,Salt and Iron,Nordlys Records,4065629200201,DEX252500203,1188,8.974627,USD
2025-03,2025-05-30,Apple Music,US,The Linden Hours,Album,Tidewater,Salt and Iron,Nordlys Records,4065629200201,DEX252500203,3325,23.631108,USD
2025-03,2025-05-30,Apple Music,AT,The Linden Hours,Album,Tidewater,The Quiet Year,Nordlys Records,4065629200201,DEX252500204,1431,9.977218,USD
2025-03,2025-05-30,Apple Music,DE,The Linden Hours,Album,Tidewater,The Quiet Year,Nordlys Records,4065629200201,DEX252500204,6336,42.376435,USD
2025-03,2025-05-30,Apple Music,GB,The Linden Hours,Album,Tidewater,The Quiet Year,Nordlys Records,4065629200201,DEX252500204,1593,11.129335,USD
2025-03,2025-05-30,Apple Music,NL,The Linden Hours,Album,Tidewater,The Quiet Year,Nordlys Records,4065629200201,DEX252500204,1174,7.810270,USD
2025-03,2025-05-30,Apple Music,SE,The Linden Hours,Album,Tidewater,The Quiet Year,Nordlys Records,4065629200201,DEX252500204,1021,6.959136,USD
2025-03,2025-05-30,Apple Music,US,The Linden Hours,Album,Tidewater,The Quiet Year,Nordlys Records,4065629200201,DEX252500204,2524,18.834340,USD
2025-03,2025-05-30,Apple Music,AT,The Linden Hours,Album,Tidewater,Second Light,Nordlys Records,4065629200201,DEX252500205,1120,8.540448,USD
2025-03,2025-05-30,Apple Music,DE,The Linden Hours,Album,Tidewater,Second Light,Nordlys Records,4065629200201,DEX252500205,4504,33.065666,USD
2025-03,2025-05-30,Apple Music,GB,The Linden Hours,Album,Tidewater,Second Light,Nordlys Records,4065629200201,DEX252500205,1498,10.369905,USD
2025-03,2025-05-30,Apple Music,NL,The Linden Hours,Album,Tidewater,Second Light,Nordlys Records,4065629200201,DEX252500205,1017,6.874106,USD
2025-03,2025-05-30,Apple Music,SE,The Linden Hours,Album,Tidewater,Second Light,Nordlys Records,4065629200201,DEX252500205,688,5.168118,USD
2025-03,2025-05-30,Apple Music,US,The Linden Hours,Album,Tidewater,Second Light,Nordlys Records,4065629200201,DEX252500205,2061,14.106308,USD
2025-03,2025-05-30,Apple Music,AT,The Linden Hours,Album,Tidewater,Glasshouse,Nordlys Records,4065629200201,DEX252500206,1660,12.328156,USD
2025-03,2025-05-30,Apple Music,DE,The Linden Hours,Album,Tidewater,Glasshouse,Nordlys Records,4065629200201,DEX252500206,7623,55.259889,USD
2025-03,2025-05-30,Apple Music,GB,The Linden Hours,Album,Tidewater,Glasshouse,Nordlys Records,4065629200201,DEX252500206,2434,16.261797,USD
2025-03,2025-05-30,Apple Music,NL,The Linden Hours,Album,Tidewater,Glasshouse,Nordlys Records,4065629200201,DEX252500206,1714,12.364110,USD
2025-03,2025-05-30,Apple Music,SE,The Linden Hours,Album,Tidewater,Glasshouse,Nordlys Records,4065629200201,DEX252500206,1314,9.469341,USD
2025-03,2025-05-30,Apple Music,US,The Linden Hours,Album,Tidewater,Glasshouse,Nordlys Records,4065629200201,DEX252500206,4014,30.494358,USD
2025-03,2025-05-30,Apple Music,AT,The Linden Hours,Album,Tidewater,Summer Static,Nordlys Records,4065629200201,DEX252500207,4959,34.962438,USD
2025-03,2025-05-30,Apple Music,DE,The Linden Hours,Album,Tidewater,Summer Static,Nordlys Records,4065629200201,DEX252500207,16362,107.225095,USD
2025-03,2025-05-30,Apple Music,GB,The Linden Hours,Album,Tidewater,Summer Static,Nordlys Records,4065629200201,DEX252500207,6021,39.585667,USD
2025-03,2025-05-30,Apple Music,NL,The Linden Hours,Album,Tidewater,Summer Static,Nordlys Records,4065629200201,DEX252500207,3510,24.970842,USD
2025-03,2025-05-30,Apple Music,SE,The Linden Hours,Album,Tidewater,Summer Static,Nordlys Records,4065629200201,DEX252500207,3096,20.464870,USD
2025-03,2025-05-30,Apple Music,US,The Linden Hours,Album,Tidewater,Summer Static,Nordlys Records,4065629200201,DEX252500207,8644,59.715345,USD
2025-03,2025-05-30,Apple Music,AT,The Linden Hours,Album,Tidewater,Tidewater,Nordlys Records,4065629200201,DEX252500208,1431,10.099139,USD
2025-03,2025-05-30,Apple Music,DE,The Linden Hours,Album,Tidewater,Tidewater,Nordlys Records,4065629200201,DEX252500208,5989,41.884072,USD
2025-03,2025-05-30,Apple Music,GB,The Linden Hours,Album,Tidewater,Tidewater,Nordlys Records,4065629200201,DEX252500208,2025,14.377500,USD
2025-03,2025-05-30,Apple Music,NL,The Linden Hours,Album,Tidewater,Tidewater,Nordlys Records,4065629200201,DEX252500208,1075,8.067553,USD
2025-03,2025-05-30,Apple Music,SE,The Linden Hours,Album,Tidewater,Tidewater,Nordlys Records,4065629200201,DEX252500208,1048,7.812840,USD
2025-03,2025-05-30,Apple Music,US,The Linden Hours,Album,Tidewater,Tidewater,Nordlys Records,4065629200201,DEX252500208,2587,19.047305,USD
2025-03,2025-05-30,Deezer,AT,The Linden Hours,Album,Tidewater,Linden,Nordlys Records,4065629200201,DEX252500201,904,3.478954,USD
2025-03,2025-05-30,Deezer,DE,The Linden Hours,Album,Tidewater,Linden,Nordlys Records,4065629200201,DEX252500201,4059,13.633369,USD
2025-03,2025-05-30,Deezer,GB,The Linden Hours,Album,Tidewater,Linden,Nordlys Records,4065629200201,DEX252500201,1314,4.474958,USD
2025-03,2025-05-30,Deezer,NL,The Linden Hours,Album,Tidewater,Linden,Nordlys Records,4065629200201,DEX252500201,864,2.929997,USD
2025-03,2025-05-30,Deezer,SE,The Linden Hours,Album,Tidewater,Linden,Nordlys Records,4065629200201,DEX252500201,657,2.244575,USD
2025-03,2025-05-30,Deezer,US,The Linden Hours,Album,Tidewater,Linden,Nordlys Records,4065629200201,DEX252500201,2245,8.566920,USD
2025-03,2025-05-30,Deezer,AT,The Linden Hours,Album,Tidewater,Paper Lanterns,Nordlys Records,4065629200201,DEX252500202,1462,5.557939,USD
2025-03,2025-05-30,Deezer,DE,The Linden Hours,Album,Tidewater,Paper Lanterns,Nordlys Records,4065629200201,DEX252500202,5841,21.574318,USD
2025-03,2025-05-30,Deezer,GB,The Linden Hours,Album,Tidewater,Paper Lanterns,Nordlys Records,4065629200201,DEX252500202,2218,8.575675,USD
2025-03,2025-05-30,Deezer,NL,The Linden Hours,Album,Tidewater,Paper Lanterns,Nordlys Records,4065629200201,DEX252500202,1156,3.936874,USD
2025-03,2025-05-30,Deezer,SE,The Linden Hours,Album,Tidewater,Paper Lanterns,Nordlys Records,4065629200201,DEX252500202,1066,3.749335,USD
2025-03,2025-05-30,Deezer,US,The Linden Hours,Album,Tidewater,Paper Lanterns,Nordlys Records,4065629200201,DEX252500202,2367,8.103661,USD
2025-03,2025-05-30,Deezer,AT,The Linden Hours,Album,Tidewater,Salt and Iron,Nordlys Records,4065629200201,DEX252500203,571,1.903486,USD
2025-03,2025-05-30,Deezer,DE,The Linden Hours,Album,Tidewater,Salt and Iron,Nordlys Records,4065629200201,DEX252500203,2799,10.781748,USD
2025-03,2025-05-30,Deezer,GB,The Linden Hours,Album,Tidewater,Salt and Iron,Nordlys Records,4065629200201,DEX252500203,895,3.308994,USD
2025-03,2025-05-30,Deezer,NL,The Linden Hours,Album,Tidewater,Salt and Iron,Nordlys Records,4065629200201,DEX252500203,679,2.581286,USD
2025-03,2025-05-30,Deezer,SE,The Linden Hours,Album,Tidewater,Salt and Iron,Nordlys Records,4065629200201,DEX252500203,553,1.982837,USD
2025-03,2025-05-30,Deezer,US,The Linden Hours,Album,Tidewater,Salt and Iron,Nordlys Records,4065629200201,DEX252500203,1449,5.508518,USD
2025-03,2025-05-30,Deezer,AT,The Linden Hours,Album,Tidewater,The Quiet Year,Nordlys Records,4065629200201,DEX252500204,643,2.324059,USD
2025-03,2025-05-30,Deezer,DE,The Linden Hours,Album,Tidewater,The Quiet Year,Nordlys Records,4065629200201,DEX252500204,2614,10.097359,USD
2025-03,2025-05-30,Deezer,GB,The Linden Hours,Album,Tidewater,The Quiet Year,Nordlys Records,4065629200201,DEX252500204,769,2.632748,USD
2025-03,2025-05-30,Deezer,NL,The Linden Hours,Album,Tidewater,The Quiet Year,Nordlys Records,4065629200201,DEX252500204,414,1.539583,USD
2025-03,2025-05-30,Deezer,SE,The Linden Hours,Album,Tidewater,The Quiet Year,Nordlys Records,4065629200201,DEX252500204,400,1.429920,USD
2025-03,2025-05-30,Deezer,US,The Linden Hours,Album,Tidewater,The Quiet Year,Nordlys Records,4065629200201,DEX252500204,1269,4.385664,USD
2025-03,2025-05-30,Deezer,AT,The Linden Hours,Album,Tidewater,Second Light,Nordlys Records,4065629200201,DEX252500205,513,1.987157,USD
2025-03,2025-05-30,Deezer,DE,The Linden Hours,Album,Tidewater,Second Light,Nordlys Records,4065629200201,DEX252500205,1674,5.682895,USD
2025-03,2025-05-30,Deezer,GB,The Linden Hours,Album,Tidewater,Second Light,Nordlys Records,4065629200201,DEX252500205,589,2.143724,USD
2025-03,2025-05-30,Deezer,NL,The Linden Hours,Album,Tidewater,Second Light,Nordlys Records,4065629200201,DEX252500205,414,1.389053,USD
2025-03,2025-05-30,Deezer,SE,The Linden Hours,Album,Tidewater,Second Light,Nordlys Records,4065629200201,DEX252500205,292,1.110067,USD
2025-03,2025-05-30,Deezer,US,The Linden Hours,Album,Tidewater,Second Light,Nordlys Records,4065629200201,DEX252500205,832,2.803507,USD
2025-03,2025-05-30,Deezer,AT,The Linden Hours,Album,Tidewater,Glasshouse,Nordlys Records,4065629200201,DEX252500206,765,2.825604,USD
2025-03,2025-05-30,Deezer,DE,The Linden Hours,Album,Tidewater,Glasshouse,Nordlys Records,4065629200201,DEX252500206,3897,15.039302,USD
2025-03,2025-05-30,Deezer,GB,The Linden Hours,Album,Tidewater,Glasshouse,Nordlys Records,4065629200201,DEX252500206,972,3.618173,USD
2025-03,2025-05-30,Deezer,NL,The Linden Hours,Album,Tidewater,Glasshouse,Nordlys Records,4065629200201,DEX252500206,778,2.831609,USD
2025-03,2025-05-30,Deezer,SE,The Linden Hours,Album,Tidewater,Glasshouse,Nordlys Records,4065629200201,DEX252500206,495,1.806948,USD
2025-03,2025-05-30,Deezer,US,The Linden Hours,Album,Tidewater,Glasshouse,Nordlys Records,4065629200201,DEX252500206,1530,5.238108,USD
2025-03,2025-05-30,Deezer,AT,The Linden Hours,Album,Tidewater,Summer Static,Nordlys Records,4065629200201,DEX252500207,1845,6.216912,USD
2025-03,2025-05-30,Deezer,DE,The Linden Hours,Album,Tidewater,Summer Static,Nordlys Records,4065629200201,DEX252500207,7920,29.424384,USD
2025-03,2025-05-30,Deezer,GB,The Linden Hours,Album,Tidewater,Summer Static,Nordlys Records,4065629200201,DEX252500207,2983,10.287770,USD
2025-03,2025-05-30,Deezer,NL,The Linden Hours,Album,Tidewater,Summer Static,Nordlys Records,4065629200201,DEX252500207,1651,6.115964,USD
2025-03,2025-05-30,Deezer,SE,The Linden Hours,Album,Tidewater,Summer Static,Nordlys Records,4065629200201,DEX252500207,1512,5.470416,USD
2025-03,2025-05-30,Deezer,US,The Linden Hours,Album,Tidewater,Summer Static,Nordlys Records,4065629200201,DEX252500207,3114,11.356135,USD
2025-03,2025-05-30,Deezer,AT,The Linden Hours,Album,Tidewater,Tidewater,Nordlys Records,4065629200201,DEX252500208,549,1.875604,USD
2025-03,2025-05-30,Deezer,DE,The Linden Hours,Album,Tidewater,Tidewater,Nordlys Records,4065629200201,DEX252500208,2587,8.875480,USD
2025-03,2025-05-30,Deezer,GB,The Linden Hours,Album,Tidewater,Tidewater,Nordlys Records,4065629200201,DEX252500208,886,3.435199,USD
2025-03,2025-05-30,Deezer,NL,The Linden Hours,Album,Tidewater,Tidewater,Nordlys Records,4065629200201,DEX252500208,598,2.299190,USD
2025-03,2025-05-30,Deezer,SE,The Linden Hours,Album,Tidewater,Tidewater,Nordlys Records,4065629200201,DEX252500208,346,1.225670,USD
2025-03,2025-05-30,Deezer,US,The Linden Hours,Album,Tidewater,Tidewater,Nordlys Records,4065629200201,DEX252500208,922,3.166517,USD
2025-03,2025-05-30,Spotify,AT,The Linden Hours,Album,Tidewater,Linden,Nordlys Records,4065629200201,DEX252500201,9184,30.094131,USD
2025-03,2025-05-30,Spotify,DE,The Linden Hours,Album,Tidewater,Linden,Nordlys Records,4065629200201,DEX252500201,44316,143.654746,USD
2025-03,2025-05-30,Spotify,GB,The Linden Hours,Album,Tidewater,Linden,Nordlys Records,4065629200201,DEX252500201,12258,41.579136,USD
2025-03,2025-05-30,Spotify,NL,The Linden Hours,Album,Tidewater,Linden,Nordlys Records,4065629200201,DEX252500201,8869,29.884982,USD
2025-03,2025-05-30,Spotify,SE,The Linden Hours,Album,Tidewater,Linden,Nordlys Records,4065629200201,DEX252500201,6705,20.147184,USD
2025-03,2025-05-30,Spotify,US,The Linden Hours,Album,Tidewater,Linden,Nordlys Records,4065629200201,DEX252500201,17734,56.294810,USD
2025-03,2025-05-30,Spotify,AT,The Linden Hours,Album,Tidewater,Paper Lanterns,Nordlys Records,4065629200201,DEX252500202,12510,40.552416,USD
2025-03,2025-05-30,Spotify,DE,The Linden Hours,Album,Tidewater,Paper Lanterns,Nordlys Records,4065629200201,DEX252500202,60664,180.147814,USD
2025-03,2025-05-30,Spotify,GB,The Linden Hours,Album,Tidewater,Paper Lanterns,Nordlys Records,4065629200201,DEX252500202,19809,61.930858,USD
2025-03,2025-05-30,Spotify,NL,The Linden Hours,Album,Tidewater,Paper Lanterns,Nordlys Records,4065629200201,DEX252500202,13068,42.152141,USD
2025-03,2025-05-30,Spotify,SE,The Linden Hours,Album,Tidewater,Paper Lanterns,Nordlys Records,4065629200201,DEX252500202,9760,32.856064,USD
2025-03,2025-05-30,Spotify,US,The Linden Hours,Album,Tidewater,Paper Lanterns,Nordlys Records,4065629200201,DEX252500202,27625,81.593200,USD
2025-03,2025-05-30,Spotify,AT,The Linden Hours,Album,Tidewater,Salt and Iron,Nordlys Records,4065629200201,DEX252500203,7519,22.641213,USD
2025-03,2025-05-30,Spotify,DE,The Linden Hours,Album,Tidewater,Salt and Iron,Nordlys Records,4065629200201,DEX252500203,24817,81.240931,USD
2025-03,2025-05-30,Spotify,GB,The Linden Hours,Album,Tidewater,Salt and Iron,Nordlys Records,4065629200201,DEX252500203,10507,33.252554,USD
2025-03,2025-05-30,Spotify,NL,The Linden Hours,Album,Tidewater,Salt and Iron,Nordlys Records,4065629200201,DEX252500203,5881,18.160528,USD
2025-03,2025-05-30,Spotify,SE,The Linden Hours,Album,Tidewater,Salt and Iron,Nordlys Records,4065629200201,DEX252500203,4603,15.657565,USD
2025-03,2025-05-30,Spotify,US,The Linden Hours,Album,Tidewater,Salt and Iron,Nordlys Records,4065629200201,DEX252500203,10885,33.926368,USD
2025-03,2025-05-30,Spotify,AT,The Linden Hours,Album,Tidewater,The Quiet Year,Nordlys Records,4065629200201,DEX252500204,5904,19.081728,USD
2025-03,2025-05-30,Spotify,DE,The Linden Hours,Album,Tidewater,The Quiet Year,Nordlys Records,4065629200201,DEX252500204,23076,73.030925,USD
2025-03,2025-05-30,Spotify,GB,The Linden Hours,Album,Tidewater,The Quiet Year,Nordlys Records,4065629200201,DEX252500204,7191,24.207782,USD
2025-03,2025-05-30,Spotify,NL,The Linden Hours,Album,Tidewater,The Quiet Year,Nordlys Records,4065629200201,DEX252500204,4932,15.971789,USD
2025-03,2025-05-30,Spotify,SE,The Linden Hours,Album,Tidewater,The Quiet Year,Nordlys Records,4065629200201,DEX252500204,3879,12.958963,USD
2025-03,2025-05-30,Spotify,US,The Linden Hours,Album,Tidewater,The Quiet Year,Nordlys Records,4065629200201,DEX252500204,11700,35.717760,USD
2025-03,2025-05-30,Spotify,AT,The Linden Hours,Album,Tidewater,Second Light,Nordlys Records,4065629200201,DEX252500205,4662,14.261990,USD
2025-03,2025-05-30,Spotify,DE,The Linden Hours,Album,Tidewater,Second Light,Nordlys Records,4065629200201,DEX252500205,19395,59.519376,USD
2025-03,2025-05-30,Spotify,GB,The Linden Hours,Album,Tidewater,Second Light,Nordlys Records,4065629200201,DEX252500205,6727,23.162406,USD
2025-03,2025-05-30,Spotify,NL,The Linden Hours,Album,Tidewater,Second Light,Nordlys Records,4065629200201,DEX252500205,4306,14.096122,USD
2025-03,2025-05-30,Spotify,SE,The Linden Hours,Album,Tidewater,Second Light,Nordlys Records,4065629200201,DEX252500205,3388,10.592243,USD
2025-03,2025-05-30,Spotify,US,The Linden Hours,Album,Tidewater,Second Light,Nordlys Records,4065629200201,DEX252500205,9081,31.325818,USD
2025-03,2025-05-30,Spotify,AT,The Linden Hours,Album,Tidewater,Glasshouse,Nordlys Records,4065629200201,DEX252500206,8005,26.896800,USD
2025-03,2025-05-30,Spotify,DE,The Linden Hours,Album,Tidewater,Glasshouse,Nordlys Records,4065629200201,DEX252500206,33070,112.596736,USD
2025-03,2025-05-30,Spotify,GB,The Linden Hours,Album,Tidewater,Glasshouse,Nordlys Records,4065629200201,DEX252500206,11502,39.051590,USD
2025-03,2025-05-30,Spotify,NL,The Linden Hours,Album,Tidewater,Glasshouse,Nordlys Records,4065629200201,DEX252500206,8334,27.868896,USD
2025-03,2025-05-30,Spotify,SE,The Linden Hours,Album,Tidewater,Glasshouse,Nordlys Records,4065629200201,DEX252500206,5791,17.789952,USD
2025-03,2025-05-30,Spotify,US,The Linden Hours,Album,Tidewater,Glasshouse,Nordlys Records,4065629200201,DEX252500206,17334,56.023488,USD
2025-03,2025-05-30,Spotify,AT,The Linden Hours,Album,Tidewater,Summer Static,Nordlys Records,4065629200201,DEX252500207,14265,44.552448,USD
2025-03,2025-05-30,Spotify,DE,The Linden Hours,Album,Tidewater,Summer Static,Nordlys Records,4065629200201,DEX252500207,67779,223.616477,USD
2025-03,2025-05-30,Spotify,GB,The Linden Hours,Album,Tidewater,Summer Static,Nordlys Records,4065629200201,DEX252500207,24754,83.252653,USD
2025-03,2025-05-30,Spotify,NL,The Linden Hours,Album,Tidewater,Summer Static,Nordlys Records,4065629200201,DEX252500207,15318,45.488333,USD
2025-03,2025-05-30,Spotify,SE,The Linden Hours,Album,Tidewater,Summer Static,Nordlys Records,4065629200201,DEX252500207,12807,39.220157,USD
2025-03,2025-05-30,Spotify,US,The Linden Hours,Album,Tidewater,Summer Static,Nordlys Records,4065629200201,DEX252500207,43020,146.474496,USD
2025-03,2025-05-30,Spotify,AT,The Linden Hours,Album,Tidewater,Tidewater,Nordlys Records,4065629200201,DEX252500208,5215,17.739344,USD
2025-03,2025-05-30,Spotify,DE,The Linden Hours,Album,Tidewater,Tidewater,Nordlys Records,4065629200201,DEX252500208,20565,65.742192,USD
2025-03,2025-05-30,Spotify,GB,The Linden Hours,Album,Tidewater,Tidewater,Nordlys Records,4065629200201,DEX252500208,7150,23.291840,USD
2025-03,2025-05-30,Spotify,NL,The Linden Hours,Album,Tidewater,Tidewater,Nordlys Records,4065629200201,DEX252500208,5098,17.373984,USD
2025-03,2025-05-30,Spotify,SE,The Linden Hours,Album,Tidewater,Tidewater,Nordlys Records,4065629200201,DEX252500208,3843,11.928672,USD
2025-03,2025-05-30,Spotify,US,The Linden Hours,Album,Tidewater,Tidewater,Nordlys Records,4065629200201,DEX252500208,10602,35.961984,USD
2025-03,2025-05-30,Tidal,AT,The Linden Hours,Album,Tidewater,Linden,Nordlys Records,4065629200201,DEX252500201,742,6.806218,USD
2025-03,2025-05-30,Tidal,DE,The Linden Hours,Album,Tidewater,Linden,Nordlys Records,4065629200201,DEX252500201,3051,29.152305,USD
2025-03,2025-05-30,Tidal,GB,The Linden Hours,Album,Tidewater,Linden,Nordlys Records,4065629200201,DEX252500201,1098,11.018650,USD
2025-03,2025-05-30,Tidal,NL,The Linden Hours,Album,Tidewater,Linden,Nordlys Records,4065629200201,DEX252500201,652,6.268198,USD
2025-03,2025-05-30,Tidal,SE,The Linden Hours,Album,Tidewater,Linden,Nordlys Records,4065629200201,DEX252500201,544,5.261894,USD
2025-03,2025-05-30,Tidal,US,The Linden Hours,Album,Tidewater,Linden,Nordlys Records,4065629200201,DEX252500201,1381,13.845077,USD
2025-03,2025-05-30,Tidal,AT,The Linden Hours,Album,Tidewater,Paper Lanterns,Nordlys Records,4065629200201,DEX252500202,922,8.647069,USD
2025-03,2025-05-30,Tidal,DE,The Linden Hours,Album,Tidewater,Paper Lanterns,Nordlys Records,4065629200201,DEX252500202,3897,36.166498,USD
2025-03,2025-05-30,Tidal,GB,The Linden Hours,Album,Tidewater,Paper Lanterns,Nordlys Records,4065629200201,DEX252500202,1588,14.690906,USD
2025-03,2025-05-30,Tidal,NL,The Linden Hours,Album,Tidewater,Paper Lanterns,Nordlys Records,4065629200201,DEX252500202,1215,11.990349,USD
2025-03,2025-05-30,Tidal,SE,The Linden Hours,Album,Tidewater,Paper Lanterns,Nordlys Records,4065629200201,DEX252500202,792,8.149680,USD
2025-03,2025-05-30,Tidal,US,The Linden Hours,Album,Tidewater,Paper Lanterns,Nordlys Records,4065629200201,DEX252500202,1980,19.733868,USD
2025-03,2025-05-30,Tidal,AT,The Linden Hours,Album,Tidewater,Salt and Iron,Nordlys Records,4065629200201,DEX252500203,580,5.831784,USD
2025-03,2025-05-30,Tidal,DE,The Linden Hours,Album,Tidewater,Salt and Iron,Nordlys Records,4065629200201,DEX252500203,2799,26.250701,USD
2025-03,2025-05-30,Tidal,GB,The Linden Hours,Album,Tidewater,Salt and Iron,Nordlys Records,4065629200201,DEX252500203,913,9.206875,USD
2025-03,2025-05-30,Tidal,NL,The Linden Hours,Album,Tidewater,Salt and Iron,Nordlys Records,4065629200201,DEX252500203,441,4.624326,USD
2025-03,2025-05-30,Tidal,SE,The Linden Hours,Album,Tidewater,Salt and Iron,Nordlys Records,4065629200201,DEX252500203,400,3.653440,USD
2025-03,2025-05-30,Tidal,US,The Linden Hours,Album,Tidewater,Salt and Iron,Nordlys Records,4065629200201,DEX252500203,1345,13.813688,USD
2025-03,2025-05-30,Tidal,AT,The Linden Hours,Album,Tidewater,The Quiet Year,Nordlys Records,4065629200201,DEX252500204,445,4.640104,USD
2025-03,2025-05-30,Tidal,DE,The Linden Hours,Album,Tidewater,The Quiet Year,Nordlys Records,4065629200201,DEX252500204,2034,19.713935,USD
2025-03,2025-05-30,Tidal,GB,The Linden Hours,Album,Tidewater,The Quiet Year,Nordlys Records,4065629200201,DEX252500204,733,6.766763,USD
2025-03,2025-05-30,Tidal,NL,The Linden Hours,Album,Tidewater,The Quiet Year,Nordlys Records,4065629200201,DEX252500204,468,4.352494,USD
2025-03,2025-05-30,Tidal,SE,The Linden Hours,Album,Tidewater,The Quiet Year,Nordlys Records,4065629200201,DEX252500204,333,3.354775,USD
2025-03,2025-05-30,Tidal,US,The Linden Hours,Album,Tidewater,The Quiet Year,Nordlys Records,4065629200201,DEX252500204,846,8.158147,USD
2025-03,2025-05-30,Tidal,AT,The Linden Hours,Album,Tidewater,Second Light,Nordlys Records,4065629200201,DEX252500205,346,3.414536,USD
2025-03,2025-05-30,Tidal,DE,The Linden Hours,Album,Tidewater,Second Light,Nordlys Records,4065629200201,DEX252500205,1296,13.450147,USD
2025-03,2025-05-30,Tidal,GB,The Linden Hours,Album,Tidewater,Second Light,Nordlys Records,4065629200201,DEX252500205,495,5.219676,USD
2025-03,2025-05-30,Tidal,NL,The Linden Hours,Album,Tidewater,Second Light,Nordlys Records,4065629200201,DEX252500205,355,3.329403,USD
2025-03,2025-05-30,Tidal,SE,The Linden Hours,Album,Tidewater,Second Light,Nordlys Records,4065629200201,DEX252500205,274,2.516032,USD
2025-03,2025-05-30,Tidal,US,The Linden Hours,Album,Tidewater,Second Light,Nordlys Records,4065629200201,DEX252500205,787,8.036529,USD
2025-03,2025-05-30,Tidal,AT,The Linden Hours,Album,Tidewater,Glasshouse,Nordlys Records,4065629200201,DEX252500206,720,7.465248,USD
2025-03,2025-05-30,Tidal,DE,The Linden Hours,Album,Tidewater,Glasshouse,Nordlys Records,4065629200201,DEX252500206,2677,25.054043,USD
2025-03,2025-05-30,Tidal,GB,The Linden Hours,Album,Tidewater,Glasshouse,Nordlys Records,4065629200201,DEX252500206,1035,10.193715,USD
2025-03,2025-05-30,Tidal,NL,The Linden Hours,Album,Tidewater,Glasshouse,Nordlys Records,4065629200201,DEX252500206,589,6.147393,USD
2025-03,2025-05-30,Tidal,SE,The Linden Hours,Album,Tidewater,Glasshouse,Nordlys Records,4065629200201,DEX252500206,499,4.836408,USD
2025-03,2025-05-30,Tidal,US,The Linden Hours,Album,Tidewater,Glasshouse,Nordlys Records,4065629200201,DEX252500206,1372,13.674175,USD
2025-03,2025-05-30,Tidal,AT,The Linden Hours,Album,Tidewater,Summer Static,Nordlys Records,4065629200201,DEX252500207,1611,14.903683,USD
2025-03,2025-05-30,Tidal,DE,The Linden Hours,Album,Tidewater,Summer Static,Nordlys Records,4065629200201,DEX252500207,7051,68.547002,USD
2025-03,2025-05-30,Tidal,GB,The Linden Hours,Album,Tidewater,Summer Static,Nordlys Records,4065629200201,DEX252500207,1890,17.114328,USD
2025-03,2025-05-30,Tidal,NL,The Linden Hours,Album,Tidewater,Summer Static,Nordlys Records,4065629200201,DEX252500207,1350,12.422970,USD
2025-03,2025-05-30,Tidal,SE,The Linden Hours,Album,Tidewater,Summer Static,Nordlys Records,4065629200201,DEX252500207,949,9.374602,USD
2025-03,2025-05-30,Tidal,US,The Linden Hours,Album,Tidewater,Summer Static,Nordlys Records,4065629200201,DEX252500207,2673,27.217021,USD
2025-03,2025-05-30,Tidal,AT,The Linden Hours,Album,Tidewater,Tidewater,Nordlys Records,4065629200201,DEX252500208,594,5.728061,USD
2025-03,2025-05-30,Tidal,DE,The Linden Hours,Album,Tidewater,Tidewater,Nordlys Records,4065629200201,DEX252500208,1773,16.419753,USD
2025-03,2025-05-30,Tidal,GB,The Linden Hours,Album,Tidewater,Tidewater,Nordlys Records,4065629200201,DEX252500208,729,7.479977,USD
2025-03,2025-05-30,Tidal,NL,The Linden Hours,Album,Tidewater,Tidewater,Nordlys Records,4065629200201,DEX252500208,477,4.520338,USD
2025-03,2025-05-30,Tidal,SE,The Linden Hours,Album,Tidewater,Tidewater,Nordlys Records,4065629200201,DEX252500208,288,2.819578,USD
2025-03,2025-05-30,Tidal,US,The Linden Hours,Album,Tidewater,Tidewater,Nordlys Records,4065629200201,DEX252500208,841,8.060480,USD
2025-03,2025-05-30,YouTube Music,AT,The Linden Hours,Album,Tidewater,Linden,Nordlys Records,4065629200201,DEX252500201,1305,2.874785,USD
2025-03,2025-05-30,YouTube Music,DE,The Linden Hours,Album,Tidewater,Linden,Nordlys Records,4065629200201,DEX252500201,5359,10.567412,USD
2025-03,2025-05-30,YouTube Music,GB,The Linden Hours,Album,Tidewater,Linden,Nordlys Records,4065629200201,DEX252500201,1854,3.772705,USD
2025-03,2025-05-30,YouTube Music,NL,The Linden Hours,Album,Tidewater,Linden,Nordlys Records,4065629200201,DEX252500201,1350,2.715930,USD
2025-03,2025-05-30,YouTube Music,SE,The Linden Hours,Album,Tidewater,Linden,Nordlys Records,4065629200201,DEX252500201,859,1.948212,USD
2025-03,2025-05-30,YouTube Music,US,The Linden Hours,Album,Tidewater,Linden,Nordlys Records,4065629200201,DEX252500201,2803,6.316000,USD
2025-03,2025-05-30,YouTube Music,AT,The Linden Hours,Album,Tidewater,Paper Lanterns,Nordlys Records,4065629200201,DEX252500202,1944,4.057906,USD
2025-03,2025-05-30,YouTube Music,DE,The Linden Hours,Album,Tidewater,Paper Lanterns,Nordlys Records,4065629200201,DEX252500202,8023,17.842350,USD
2025-03,2025-05-30,YouTube Music,GB,The Linden Hours,Album,Tidewater,Paper Lanterns,Nordlys Records,4065629200201,DEX252500202,2547,5.535905,USD
2025-03,2025-05-30,YouTube Music,NL,The Linden Hours,Album,Tidewater,Paper Lanterns,Nordlys Records,4065629200201,DEX252500202,2065,4.358183,USD
2025-03,2025-05-30,YouTube Music,SE,The Linden Hours,Album,Tidewater,Paper Lanterns,Nordlys Records,4065629200201,DEX252500202,1480,3.201240,USD
2025-03,2025-05-30,YouTube Music,US,The Linden Hours,Album,Tidewater,Paper Lanterns,Nordlys Records,4065629200201,DEX252500202,4671,9.505018,USD
2025-03,2025-05-30,YouTube Music,AT,The Linden Hours,Album,Tidewater,Salt and Iron,Nordlys Records,4065629200201,DEX252500203,1035,2.329992,USD
2025-03,2025-05-30,YouTube Music,DE,The Linden Hours,Album,Tidewater,Salt and Iron,Nordlys Records,4065629200201,DEX252500203,4167,8.286913,USD
2025-03,2025-05-30,YouTube Music,GB,The Linden Hours,Album,Tidewater,Salt and Iron,Nordlys Records,4065629200201,DEX252500203,1669,3.757253,USD
2025-03,2025-05-30,YouTube Music,NL,The Linden Hours,Album,Tidewater,Salt and Iron,Nordlys Records,4065629200201,DEX252500203,877,1.830650,USD
2025-03,2025-05-30,YouTube Music,SE,The Linden Hours,Album,Tidewater,Salt and Iron,Nordlys Records,4065629200201,DEX252500203,738,1.662935,USD
2025-03,2025-05-30,YouTube Music,US,The Linden Hours,Album,Tidewater,Salt and Iron,Nordlys Records,4065629200201,DEX252500203,2299,4.914802,USD
2025-03,2025-05-30,YouTube Music,AT,The Linden Hours,Album,Tidewater,The Quiet Year,Nordlys Records,4065629200201,DEX252500204,823,1.823357,USD
2025-03,2025-05-30,YouTube Music,DE,The Linden Hours,Album,Tidewater,The Quiet Year,Nordlys Records,4065629200201,DEX252500204,3744,7.681565,USD
2025-03,2025-05-30,YouTube Music,GB,The Linden Hours,Album,Tidewater,The Quiet Year,Nordlys Records,4065629200201,DEX252500204,1516,3.269557,USD
2025-03,2025-05-30,YouTube Music,NL,The Linden Hours,Album,Tidewater,The Quiet Year,Nordlys Records,4065629200201,DEX252500204,819,1.675183,USD
2025-03,2025-05-30,YouTube Music,SE,The Linden Hours,Album,Tidewater,The Quiet Year,Nordlys Records,4065629200201,DEX252500204,688,1.436131,USD
2025-03,2025-05-30,YouTube Music,US,The Linden Hours,Album,Tidewater,The Quiet Year,Nordlys Records,4065629200201,DEX252500204,1678,3.541419,USD
2025-03,2025-05-30,YouTube Music,AT,The Linden Hours,Album,Tidewater,Second Light,Nordlys Records,4065629200201,DEX252500205,652,1.371938,USD
2025-03,2025-05-30,YouTube Music,DE,The Linden Hours,Album,Tidewater,Second Light,Nordlys Records,4065629200201,DEX252500205,2740,5.817294,USD
2025-03,2025-05-30,YouTube Music,GB,The Linden Hours,Album,Tidewater,Second Light,Nordlys Records,4065629200201,DEX252500205,963,2.078924,USD
2025-03,2025-05-30,YouTube Music,NL,The Linden Hours,Album,Tidewater,Second Light,Nordlys Records,4065629200201,DEX252500205,715,1.584083,USD
2025-03,2025-05-30,YouTube Music,SE,The Linden Hours,Album,Tidewater,Second Light,Nordlys Records,4065629200201,DEX252500205,490,1.054725,USD
2025-03,2025-05-30,YouTube Music,US,The Linden Hours,Album,Tidewater,Second Light,Nordlys Records,4065629200201,DEX252500205,1413,3.074123,USD
2025-03,2025-05-30,YouTube Music,AT,The Linden Hours,Album,Tidewater,Glasshouse,Nordlys Records,4065629200201,DEX252500206,1183,2.663170,USD
2025-03,2025-05-30,YouTube Music,DE,The Linden Hours,Album,Tidewater,Glasshouse,Nordlys Records,4065629200201,DEX252500206,5269,11.695599,USD
2025-03,2025-05-30,YouTube Music,GB,The Linden Hours,Album,Tidewater,Glasshouse,Nordlys Records,4065629200201,DEX252500206,1336,2.875740,USD
2025-03,2025-05-30,YouTube Music,NL,The Linden Hours,Album,Tidewater,Glasshouse,Nordlys Records,4065629200201,DEX252500206,1201,2.660816,USD
2025-03,2025-05-30,YouTube Music,SE,The Linden Hours,Album,Tidewater,Glasshouse,Nordlys Records,4065629200201,DEX252500206,895,1.873862,USD
2025-03,2025-05-30,YouTube Music,US,The Linden Hours,Album,Tidewater,Glasshouse,Nordlys Records,4065629200201,DEX252500206,2605,5.705732,USD
2025-03,2025-05-30,YouTube Music,AT,The Linden Hours,Album,Tidewater,Summer Static,Nordlys Records,4065629200201,DEX252500207,2592,5.062176,USD
2025-03,2025-05-30,YouTube Music,DE,The Linden Hours,Album,Tidewater,Summer Static,Nordlys Records,4065629200201,DEX252500207,10089,21.292835,USD
2025-03,2025-05-30,YouTube Music,GB,The Linden Hours,Album,Tidewater,Summer Static,Nordlys Records,4065629200201,DEX252500207,3838,8.640106,USD
2025-03,2025-05-30,YouTube Music,NL,The Linden Hours,Album,Tidewater,Summer Static,Nordlys Records,4065629200201,DEX252500207,2628,5.104890,USD
2025-03,2025-05-30,YouTube Music,SE,The Linden Hours,Album,Tidewater,Summer Static,Nordlys Records,4065629200201,DEX252500207,2038,4.301199,USD
2025-03,2025-05-30,YouTube Music,US,The Linden Hours,Album,Tidewater,Summer Static,Nordlys Records,4065629200201,DEX252500207,5017,10.388200,USD
2025-03,2025-05-30,YouTube Music,AT,The Linden Hours,Album,Tidewater,Tidewater,Nordlys Records,4065629200201,DEX252500208,999,2.032865,USD
2025-03,2025-05-30,YouTube Music,DE,The Linden Hours,Album,Tidewater,Tidewater,Nordlys Records,4065629200201,DEX252500208,3235,6.338336,USD
2025-03,2025-05-30,YouTube Music,GB,The Linden Hours,Album,Tidewater,Tidewater,Nordlys Records,4065629200201,DEX252500208,1165,2.617755,USD
2025-03,2025-05-30,YouTube Music,NL,The Linden Hours,Album,Tidewater,Tidewater,Nordlys Records,4065629200201,DEX252500208,882,1.718842,USD
2025-03,2025-05-30,YouTube Music,SE,The Linden Hours,Album,Tidewater,Tidewater,Nordlys Records,4065629200201,DEX252500208,558,1.196408,USD
2025-03,2025-05-30,YouTube Music,US,The Linden Hours,Album,Tidewater,Tidewater,Nordlys Records,4065629200201,DEX252500208,1656,3.714077,USD
2025-04,2025-06-30,Amazon Music,AT,The Linden Hours,Album,Tidewater,Linden,Nordlys Records,4065629200201,DEX252500201,981,4.639640,USD
2025-04,2025-06-30,Amazon Music,DE,The Linden Hours,Album,Tidewater,Linden,Nordlys Records,4065629200201,DEX252500201,3757,17.667293,USD
2025-04,2025-06-30,Amazon Music,GB,The Linden Hours,Album,Tidewater,Linden,Nordlys Records,4065629200201,DEX252500201,1408,6.000192,USD
2025-04,2025-06-30,Amazon Music,NL,The Linden Hours,Album,Tidewater,Linden,Nordlys Records,4065629200201,DEX252500201,819,3.818178,USD
2025-04,2025-06-30,Amazon Music,SE,The Linden Hours,Album,Tidewater,Linden,Nordlys Records,4065629200201,DEX252500201,652,3.110040,USD
2025-04,2025-06-30,Amazon Music,US,The Linden Hours,Album,Tidewater,Linden,Nordlys Records,4065629200201,DEX252500201,2196,9.546012,USD
2025-04,2025-06-30,Amazon Music,AT,The Linden Hours,Album,Tidewater,Paper Lanterns,Nordlys Records,4065629200201,DEX252500202,1336,6.018012,USD
2025-04,2025-06-30,Amazon Music,DE,The Linden Hours,Album,Tidewater,Paper Lanterns,Nordlys Records,4065629200201,DEX252500202,5454,24.616629,USD
2025-04,2025-06-30,Amazon Music,GB,The Linden Hours,Album,Tidewater,Paper Lanterns,Nordlys Records,4065629200201,DEX252500202,2056,9.279756,USD
2025-04,2025-06-30,Amazon Music,NL,The Linden Hours,Album,Tidewater,Paper Lanterns,Nordlys Records,4065629200201,DEX252500202,1296,6.234408,USD
2025-04,2025-06-30,Amazon Music,SE,The Linden Hours,Album,Tidewater,Paper Lanterns,Nordlys Records,4065629200201,DEX252500202,985,4.202010,USD
2025-04,2025-06-30,Amazon Music,US,The Linden Hours,Album,Tidewater,Paper Lanterns,Nordlys Records,4065629200201,DEX252500202,2974,13.490064,USD
2025-04,2025-06-30,Amazon Music,AT,The Linden Hours,Album,Tidewater,Salt and Iron,Nordlys Records,4065629200201,DEX252500203,760,3.231900,USD
2025-04,2025-06-30,Amazon Music,DE,The Linden Hours,Album,Tidewater,Salt and Iron,Nordlys Records,4065629200201,DEX252500203,2952,13.921632,USD
2025-04,2025-06-30,Amazon Music,GB,The Linden Hours,Album,Tidewater,Salt and Iron,Nordlys Records,4065629200201,DEX252500203,972,4.028454,USD
2025-04,2025-06-30,Amazon Music,NL,The Linden Hours,Album,Tidewater,Salt and Iron,Nordlys Records,4065629200201,DEX252500203,688,3.328200,USD
2025-04,2025-06-30,Amazon Music,SE,The Linden Hours,Album,Tidewater,Salt and Iron,Nordlys Records,4065629200201,DEX252500203,499,2.369003,USD
2025-04,2025-06-30,Amazon Music,US,The Linden Hours,Album,Tidewater,Salt and Iron,Nordlys Records,4065629200201,DEX252500203,1773,7.763081,USD
2025-04,2025-06-30,Amazon Music,AT,The Linden Hours,Album,Tidewater,The Quiet Year,Nordlys Records,4065629200201,DEX252500204,603,2.816613,USD
2025-04,2025-06-30,Amazon Music,DE,The Linden Hours,Album,Tidewater,The Quiet Year,Nordlys Records,4065629200201,DEX252500204,2772,11.563398,USD
2025-04,2025-06-30,Amazon Music,GB,The Linden Hours,Album,Tidewater,The Quiet Year,Nordlys Records,4065629200201,DEX252500204,904,4.312080,USD
2025-04,2025-06-30,Amazon Music,NL,The Linden Hours,Album,Tidewater,The Quiet Year,Nordlys Records,4065629200201,DEX252500204,432,1.868184,USD
2025-04,2025-06-30,Amazon Music,SE,The Linden Hours,Album,Tidewater,The Quiet Year,Nordlys Records,4065629200201,DEX252500204,418,1.796355,USD
2025-04,2025-06-30,Amazon Music,US,The Linden Hours,Album,Tidewater,The Quiet Year,Nordlys Records,4065629200201,DEX252500204,1233,5.426433,USD
2025-04,2025-06-30,Amazon Music,AT,The Linden Hours,Album,Tidewater,Second Light,Nordlys Records,4065629200201,DEX252500205,445,1.882350,USD
2025-04,2025-06-30,Amazon Music,DE,The Linden Hours,Album,Tidewater,Second Light,Nordlys Records,4065629200201,DEX252500205,1863,7.737971,USD
2025-04,2025-06-30,Amazon Music,GB,The Linden Hours,Album,Tidewater,Second Light,Nordlys Records,4065629200201,DEX252500205,571,2.502693,USD
2025-04,2025-06-30,Amazon Music,NL,The Linden Hours,Album,Tidewater,Second Light,Nordlys Records,4065629200201,DEX252500205,468,2.106000,USD
2025-04,2025-06-30,Amazon Music,SE,The Linden Hours,Album,Tidewater,Second Light,Nordlys Records,4065629200201,DEX252500205,315,1.458608,USD
2025-04,2025-06-30,Amazon Music,US,The Linden Hours,Album,Tidewater,Second Light,Nordlys Records,4065629200201,DEX252500205,985,4.640828,USD
2025-04,2025-06-30,Amazon Music,AT,The Linden Hours,Album,Tidewater,Glasshouse,Nordlys Records,4065629200201,DEX252500206,873,3.999213,USD
2025-04,2025-06-30,Amazon Music,DE,The Linden Hours,Album,Tidewater,Glasshouse,Nordlys Records,4065629200201,DEX252500206,2799,12.003512,USD
2025-04,2025-06-30,Amazon Music,GB,The Linden Hours,Album,Tidewater,Glasshouse,Nordlys Records,4065629200201,DEX252500206,1143,5.174361,USD
2025-04,2025-06-30,Amazon Music,NL,The Linden Hours,Album,Tidewater,Glasshouse,Nordlys Records,4065629200201,DEX252500206,693,2.912679,USD
2025-04,2025-06-30,Amazon Music,SE,The Linden Hours,Album,Tidewater,Glasshouse,Nordlys Records,4065629200201,DEX252500206,598,2.486484,USD
2025-04,2025-06-30,Amazon Music,US,The Linden Hours,Album,Tidewater,Glasshouse,Nordlys Records,4065629200201,DEX252500206,1993,9.282398,USD
2025-04,2025-06-30,Amazon Music,AT,The Linden Hours,Album,Tidewater,Summer Static,Nordlys Records,4065629200201,DEX252500207,1962,9.429372,USD
2025-04,2025-06-30,Amazon Music,DE,The Linden Hours,Album,Tidewater,Summer Static,Nordlys Records,4065629200201,DEX252500207,8244,35.502786,USD
2025-04,2025-06-30,Amazon Music,GB,The Linden Hours,Album,Tidewater,Summer Static,Nordlys Records,4065629200201,DEX252500207,2587,11.781198,USD
2025-04,2025-06-30,Amazon Music,NL,The Linden Hours,Album,Tidewater,Summer Static,Nordlys Records,4065629200201,DEX252500207,2016,9.226224,USD
2025-04,2025-06-30,Amazon Music,SE,The Linden Hours,Album,Tidewater,Summer Static,Nordlys Records,4065629200201,DEX252500207,1359,6.268388,USD
2025-04,2025-06-30,Amazon Music,US,The Linden Hours,Album,Tidewater,Summer Static,Nordlys Records,4065629200201,DEX252500207,3825,18.176400,USD
2025-04,2025-06-30,Amazon Music,AT,The Linden Hours,Album,Tidewater,Tidewater,Nordlys Records,4065629200201,DEX252500208,517,2.252052,USD
2025-04,2025-06-30,Amazon Music,DE,The Linden Hours,Album,Tidewater,Tidewater,Nordlys Records,4065629200201,DEX252500208,2160,10.128240,USD
2025-04,2025-06-30,Amazon Music,GB,The Linden Hours,Album,Tidewater,Tidewater,Nordlys Records,4065629200201,DEX252500208,877,3.792587,USD
2025-04,2025-06-30,Amazon Music,NL,The Linden Hours,Album,Tidewater,Tidewater,Nordlys Records,4065629200201,DEX252500208,580,2.521260,USD
2025-04,2025-06-30,Amazon Music,SE,The Linden Hours,Album,Tidewater,Tidewater,Nordlys Records,4065629200201,DEX252500208,472,2.138868,USD
2025-04,2025-06-30,Amazon Music,US,The Linden Hours,Album,Tidewater,Tidewater,Nordlys Records,4065629200201,DEX252500208,1008,4.776408,USD
2025-04,2025-06-30,Apple Music,AT,The Linden Hours,Album,Tidewater,Linden,Nordlys Records,4065629200201,DEX252500201,1845,13.964067,USD
2025-04,2025-06-30,Apple Music,DE,The Linden Hours,Album,Tidewater,Linden,Nordlys Records,4065629200201,DEX252500201,6934,52.382210,USD
2025-04,2025-06-30,Apple Music,GB,The Linden Hours,Album,Tidewater,Linden,Nordlys Records,4065629200201,DEX252500201,2043,14.650353,USD
2025-04,2025-06-30,Apple Music,NL,The Linden Hours,Album,Tidewater,Linden,Nordlys Records,4065629200201,DEX252500201,1552,10.710662,USD
2025-04,2025-06-30,Apple Music,SE,The Linden Hours,Album,Tidewater,Linden,Nordlys Records,4065629200201,DEX252500201,1228,9.381429,USD
2025-04,2025-06-30,Apple Music,US,The Linden Hours,Album,Tidewater,Linden,Nordlys Records,4065629200201,DEX252500201,3222,22.006904,USD
2025-04,2025-06-30,Apple Music,AT,The Linden Hours,Album,Tidewater,Paper Lanterns,Nordlys Records,4065629200201,DEX252500202,2808,18.800402,USD
2025-04,2025-06-30,Apple Music,DE,The Linden Hours,Album,Tidewater,Paper Lanterns,Nordlys Records,4065629200201,DEX252500202,9337,66.889334,USD
2025-04,2025-06-30,Apple Music,GB,The Linden Hours,Album,Tidewater,Paper Lanterns,Nordlys Records,4065629200201,DEX252500202,3181,24.030546,USD
2025-04,2025-06-30,Apple Music,NL,The Linden Hours,Album,Tidewater,Paper Lanterns,Nordlys Records,4065629200201,DEX252500202,2412,17.998585,USD
2025-04,2025-06-30,Apple Music,SE,The Linden Hours,Album,Tidewater,Paper Lanterns,Nordlys Records,4065629200201,DEX252500202,1633,10.794293,USD
2025-04,2025-06-30,Apple Music,US,The Linden Hours,Album,Tidewater,Paper Lanterns,Nordlys Records,4065629200201,DEX252500202,5355,38.971013,USD
2025-04,2025-06-30,Apple Music,AT,The Linden Hours,Album,Tidewater,Salt and Iron,Nordlys Records,4065629200201,DEX252500203,1525,10.015438,USD
2025-04,2025-06-30,Apple Music,DE,The Linden Hours,Album,Tidewater,Salt and Iron,Nordlys Records,4065629200201,DEX252500203,5022,36.618917,USD
2025-04,2025-06-30,Apple Music,GB,The Linden Hours,Album,Tidewater,Salt and Iron,Nordlys Records,4065629200201,DEX252500203,1809,12.214549,USD
2025-04,2025-06-30,Apple Music,NL,The Linden Hours,Album,Tidewater,Salt and Iron,Nordlys Records,4065629200201,DEX252500203,1143,8.391220,USD
2025-04,2025-06-30,Apple Music,SE,The Linden Hours,Album,Tidewater,Salt and Iron,Nordlys Records,4065629200201,DEX252500203,886,6.579968,USD
2025-04,2025-06-30,Apple Music,US,The Linden Hours,Album,Tidewater,Salt and Iron,Nordlys Records,4065629200201,DEX252500203,2146,14.124328,USD
2025-04,2025-06-30,Apple Music,AT,The Linden Hours,Album,Tidewater,The Quiet Year,Nordlys Records,4065629200201,DEX252500204,1192,8.869434,USD
2025-04,2025-06-30,Apple Music,DE,The Linden Hours,Album,Tidewater,The Quiet Year,Nordlys Records,4065629200201,DEX252500204,3820,25.331948,USD
2025-04,2025-06-30,Apple Music,GB,The Linden Hours,Album,Tidewater,The Quiet Year,Nordlys Records,4065629200201,DEX252500204,1534,11.719146,USD
2025-04,2025-06-30,Apple Music,NL,The Linden Hours,Album,Tidewater,The Quiet Year,Nordlys Records,4065629200201,DEX252500204,837,6.222007,USD
2025-04,2025-06-30,Apple Music,SE,The Linden Hours,Album,Tidewater,The Quiet Year,Nordlys Records,4065629200201,DEX252500204,747,5.521152,USD
2025-04,2025-06-30,Apple Music,US,The Linden Hours,Album,Tidewater,The Quiet Year,Nordlys Records,4065629200201,DEX252500204,2187,16.723333,USD
2025-04,2025-06-30,Apple Music,AT,The Linden Hours,Album,Tidewater,Second Light,Nordlys Records,4065629200201,DEX252500205,819,5.861419,USD
2025-04,2025-06-30,Apple Music,DE,The Linden Hours,Album,Tidewater,Second Light,Nordlys Records,4065629200201,DEX252500205,3870,27.202230,USD
2025-04,2025-06-30,Apple Music,GB,The Linden Hours,Album,Tidewater,Second Light,Nordlys Records,4065629200201,DEX252500205,1111,7.359597,USD
2025-04,2025-06-30,Apple Music,NL,The Linden Hours,Album,Tidewater,Second Light,Nordlys Records,4065629200201,DEX252500205,598,4.029264,USD
2025-04,2025-06-30,Apple Music,SE,The Linden Hours,Album,Tidewater,Second Light,Nordlys Records,4065629200201,DEX252500205,639,4.809114,USD
2025-04,2025-06-30,Apple Music,US,The Linden Hours,Album,Tidewater,Second Light,Nordlys Records,4065629200201,DEX252500205,1755,11.962080,USD
2025-04,2025-06-30,Apple Music,AT,The Linden Hours,Album,Tidewater,Glasshouse,Nordlys Records,4065629200201,DEX252500206,1557,11.441615,USD
2025-04,2025-06-30,Apple Music,DE,The Linden Hours,Album,Tidewater,Glasshouse,Nordlys Records,4065629200201,DEX252500206,5620,37.587684,USD
2025-04,2025-06-30,Apple Music,GB,The Linden Hours,Album,Tidewater,Glasshouse,Nordlys Records,4065629200201,DEX252500206,2578,18.596661,USD
2025-04,2025-06-30,Apple Music,NL,The Linden Hours,Album,Tidewater,Glasshouse,Nordlys Records,4065629200201,DEX252500206,1197,8.235240,USD
2025-04,2025-06-30,Apple Music,SE,The Linden Hours,Album,Tidewater,Glasshouse,Nordlys Records,4065629200201,DEX252500206,859,6.294065,USD
2025-04,2025-06-30,Apple Music,US,The Linden Hours,Album,Tidewater,Glasshouse,Nordlys Records,4065629200201,DEX252500206,3051,21.640438,USD
2025-04,2025-06-30,Apple Music,AT,The Linden Hours,Album,Tidewater,Summer Static,Nordlys Records,4065629200201,DEX252500207,3514,23.851626,USD
2025-04,2025-06-30,Apple Music,DE,The Linden Hours,Album,Tidewater,Summer Static,Nordlys Records,4065629200201,DEX252500207,13891,106.220310,USD
2025-04,2025-06-30,Apple Music,GB,The Linden Hours,Album,Tidewater,Summer Static,Nordlys Records,4065629200201,DEX252500207,3802,27.372119,USD
2025-04,2025-06-30,Apple Music,NL,The Linden Hours,Album,Tidewater,Summer Static,Nordlys Records,4065629200201,DEX252500207,2578,19.145775,USD
2025-04,2025-06-30,Apple Music,SE,The Linden Hours,Album,Tidewater,Summer Static,Nordlys Records,4065629200201,DEX252500207,2488,17.488152,USD
2025-04,2025-06-30,Apple Music,US,The Linden Hours,Album,Tidewater,Summer Static,Nordlys Records,4065629200201,DEX252500207,5647,40.895574,USD
2025-04,2025-06-30,Apple Music,AT,The Linden Hours,Album,Tidewater,Tidewater,Nordlys Records,4065629200201,DEX252500208,1093,7.217079,USD
2025-04,2025-06-30,Apple Music,DE,The Linden Hours,Album,Tidewater,Tidewater,Nordlys Records,4065629200201,DEX252500208,3726,26.851419,USD
2025-04,2025-06-30,Apple Music,GB,The Linden Hours,Album,Tidewater,Tidewater,Nordlys Records,4065629200201,DEX252500208,1705,12.952885,USD
2025-04,2025-06-30,Apple Music,NL,The Linden Hours,Album,Tidewater,Tidewater,Nordlys Records,4065629200201,DEX252500208,1053,7.573492,USD
2025-04,2025-06-30,Apple Music,SE,The Linden Hours,Album,Tidewater,Tidewater,Nordlys Records,4065629200201,DEX252500208,814,5.340166,USD
2025-04,2025-06-30,Apple Music,US,The Linden Hours,Album,Tidewater,Tidewater,Nordlys Records,4065629200201,DEX252500208,2263,15.055060,USD
2025-04,2025-06-30,Deezer,AT,The Linden Hours,Album,Tidewater,Linden,Nordlys Records,4065629200201,DEX252500201,639,2.431523,USD
2025-04,2025-06-30,Deezer,DE,The Linden Hours,Album,Tidewater,Linden,Nordlys Records,4065629200201,DEX252500201,2556,9.854914,USD
2025-04,2025-06-30,Deezer,GB,The Linden Hours,Album,Tidewater,Linden,Nordlys Records,4065629200201,DEX252500201,864,3.309466,USD
2025-04,2025-06-30,Deezer,NL,The Linden Hours,Album,Tidewater,Linden,Nordlys Records,4065629200201,DEX252500201,589,2.285791,USD
2025-04,2025-06-30,Deezer,SE,The Linden Hours,Album,Tidewater,Linden,Nordlys Records,4065629200201,DEX252500201,558,1.938492,USD
2025-04,2025-06-30,Deezer,US,The Linden Hours,Album,Tidewater,Linden,Nordlys Records,4065629200201,DEX252500201,1516,5.675904,USD
2025-04,2025-06-30,Deezer,AT,The Linden Hours,Album,Tidewater,Paper Lanterns,Nordlys Records,4065629200201,DEX252500202,855,3.053376,USD
2025-04,2025-06-30,Deezer,DE,The Linden Hours,Album,Tidewater,Paper Lanterns,Nordlys Records,4065629200201,DEX252500202,3748,14.572224,USD
2025-04,2025-06-30,Deezer,GB,The Linden Hours,Album,Tidewater,Paper Lanterns,Nordlys Records,4065629200201,DEX252500202,1552,5.805101,USD
2025-04,2025-06-30,Deezer,NL,The Linden Hours,Album,Tidewater,Paper Lanterns,Nordlys Records,4065629200201,DEX252500202,985,3.308418,USD
2025-04,2025-06-30,Deezer,SE,The Linden Hours,Album,Tidewater,Paper Lanterns,Nordlys Records,4065629200201,DEX252500202,562,2.118290,USD
2025-04,2025-06-30,Deezer,US,The Linden Hours,Album,Tidewater,Paper Lanterns,Nordlys Records,4065629200201,DEX252500202,2173,7.431660,USD
2025-04,2025-06-30,Deezer,AT,The Linden Hours,Album,Tidewater,Salt and Iron,Nordlys Records,4065629200201,DEX252500203,526,2.024258,USD
2025-04,2025-06-30,Deezer,DE,The Linden Hours,Album,Tidewater,Salt and Iron,Nordlys Records,4065629200201,DEX252500203,2497,8.863351,USD
2025-04,2025-06-30,Deezer,GB,The Linden Hours,Album,Tidewater,Salt and Iron,Nordlys Records,4065629200201,DEX252500203,679,2.622841,USD
2025-04,2025-06-30,Deezer,NL,The Linden Hours,Album,Tidewater,Salt and Iron,Nordlys Records,4065629200201,DEX252500203,463,1.633464,USD
2025-04,2025-06-30,Deezer,SE,The Linden Hours,Album,Tidewater,Salt and Iron,Nordlys Records,4065629200201,DEX252500203,391,1.425899,USD
2025-04,2025-06-30,Deezer,US,The Linden Hours,Album,Tidewater,Salt and Iron,Nordlys Records,4065629200201,DEX252500203,1044,3.480278,USD
2025-04,2025-06-30,Deezer,AT,The Linden Hours,Album,Tidewater,The Quiet Year,Nordlys Records,4065629200201,DEX252500204,450,1.611900,USD
2025-04,2025-06-30,Deezer,DE,The Linden Hours,Album,Tidewater,The Quiet Year,Nordlys Records,4065629200201,DEX252500204,1872,6.745939,USD
2025-04,2025-06-30,Deezer,GB,The Linden Hours,Album,Tidewater,The Quiet Year,Nordlys Records,4065629200201,DEX252500204,603,2.125213,USD
2025-04,2025-06-30,Deezer,NL,The Linden Hours,Album,Tidewater,The Quiet Year,Nordlys Records,4065629200201,DEX252500204,382,1.318817,USD
2025-04,2025-06-30,Deezer,SE,The Linden Hours,Album,Tidewater,The Quiet Year,Nordlys Records,4065629200201,DEX252500204,306,1.048723,USD
2025-04,2025-06-30,Deezer,US,The Linden Hours,Album,Tidewater,The Quiet Year,Nordlys Records,4065629200201,DEX252500204,1048,3.867120,USD
2025-04,2025-06-30,Deezer,AT,The Linden Hours,Album,Tidewater,Second Light,Nordlys Records,4065629200201,DEX252500205,337,1.289632,USD
2025-04,2025-06-30,Deezer,DE,The Linden Hours,Album,Tidewater,Second Light,Nordlys Records,4065629200201,DEX252500205,1458,5.595221,USD
2025-04,2025-06-30,Deezer,GB,The Linden Hours,Album,Tidewater,Second Light,Nordlys Records,4065629200201,DEX252500205,441,1.630465,USD
2025-04,2025-06-30,Deezer,NL,The Linden Hours,Album,Tidewater,Second Light,Nordlys Records,4065629200201,DEX252500205,351,1.220638,USD
2025-04,2025-06-30,Deezer,SE,The Linden Hours,Album,Tidewater,Second Light,Nordlys Records,4065629200201,DEX252500205,184,0.700157,USD
2025-04,2025-06-30,Deezer,US,The Linden Hours,Album,Tidewater,Second Light,Nordlys Records,4065629200201,DEX252500205,612,2.154730,USD
2025-04,2025-06-30,Deezer,AT,The Linden Hours,Album,Tidewater,Glasshouse,Nordlys Records,4065629200201,DEX252500206,778,2.907230,USD
2025-04,2025-06-30,Deezer,DE,The Linden Hours,Album,Tidewater,Glasshouse,Nordlys Records,4065629200201,DEX252500206,2673,10.306019,USD
2025-04,2025-06-30,Deezer,GB,The Linden Hours,Album,Tidewater,Glasshouse,Nordlys Records,4065629200201,DEX252500206,783,2.672222,USD
2025-04,2025-06-30,Deezer,NL,The Linden Hours,Album,Tidewater,Glasshouse,Nordlys Records,4065629200201,DEX252500206,612,2.249467,USD
2025-04,2025-06-30,Deezer,SE,The Linden Hours,Album,Tidewater,Glasshouse,Nordlys Records,4065629200201,DEX252500206,468,1.753877,USD
2025-04,2025-06-30,Deezer,US,The Linden Hours,Album,Tidewater,Glasshouse,Nordlys Records,4065629200201,DEX252500206,1269,4.381096,USD
2025-04,2025-06-30,Deezer,AT,The Linden Hours,Album,Tidewater,Summer Static,Nordlys Records,4065629200201,DEX252500207,1264,4.645958,USD
2025-04,2025-06-30,Deezer,DE,The Linden Hours,Album,Tidewater,Summer Static,Nordlys Records,4065629200201,DEX252500207,5796,21.700224,USD
2025-04,2025-06-30,Deezer,GB,The Linden Hours,Album,Tidewater,Summer Static,Nordlys Records,4065629200201,DEX252500207,1863,7.109208,USD
2025-04,2025-06-30,Deezer,NL,The Linden Hours,Album,Tidewater,Summer Static,Nordlys Records,4065629200201,DEX252500207,1179,4.325044,USD
2025-04,2025-06-30,Deezer,SE,The Linden Hours,Album,Tidewater,Summer Static,Nordlys Records,4065629200201,DEX252500207,909,3.282217,USD
2025-04,2025-06-30,Deezer,US,The Linden Hours,Album,Tidewater,Summer Static,Nordlys Records,4065629200201,DEX252500207,2992,11.115878,USD
2025-04,2025-06-30,Deezer,AT,The Linden Hours,Album,Tidewater,Tidewater,Nordlys Records,4065629200201,DEX252500208,499,1.711969,USD
2025-04,2025-06-30,Deezer,DE,The Linden Hours,Album,Tidewater,Tidewater,Nordlys Records,4065629200201,DEX252500208,1858,6.662045,USD
2025-04,2025-06-30,Deezer,GB,The Linden Hours,Album,Tidewater,Tidewater,Nordlys Records,4065629200201,DEX252500208,639,2.137072,USD
2025-04,2025-06-30,Deezer,NL,The Linden Hours,Album,Tidewater,Tidewater,Nordlys Records,4065629200201,DEX252500208,364,1.365437,USD
2025-04,2025-06-30,Deezer,SE,The Linden Hours,Album,Tidewater,Tidewater,Nordlys Records,4065629200201,DEX252500208,261,0.980942,USD
2025-04,2025-06-30,Deezer,US,The Linden Hours,Album,Tidewater,Tidewater,Nordlys Records,4065629200201,DEX252500208,945,3.344166,USD
2025-04,2025-06-30,Spotify,AT,The Linden Hours,Album,Tidewater,Linden,Nordlys Records,4065629200201,DEX252500201,7407,23.607590,USD
2025-04,2025-06-30,Spotify,DE,The Linden Hours,Album,Tidewater,Linden,Nordlys Records,4065629200201,DEX252500201,30676,91.389939,USD
2025-04,2025-06-30,Spotify,GB,The Linden Hours,Album,Tidewater,Linden,Nordlys Records,4065629200201,DEX252500201,9702,28.842106,USD
2025-04,2025-06-30,Spotify,NL,The Linden Hours,Album,Tidewater,Linden,Nordlys Records,4065629200201,DEX252500201,6475,22.066800,USD
2025-04,2025-06-30,Spotify,SE,The Linden Hours,Album,Tidewater,Linden,Nordlys Records,4065629200201,DEX252500201,4464,14.170522,USD
2025-04,2025-06-30,Spotify,US,The Linden Hours,Album,Tidewater,Linden,Nordlys Records,4065629200201,DEX252500201,15169,45.045862,USD
2025-04,2025-06-30,Spotify,AT,The Linden Hours,Album,Tidewater,Paper Lanterns,Nordlys Records,4065629200201,DEX252500202,9247,31.928042,USD
2025-04,2025-06-30,Spotify,DE,The Linden Hours,Album,Tidewater,Paper Lanterns,Nordlys Records,4065629200201,DEX252500202,40491,123.870067,USD
2025-04,2025-06-30,Spotify,GB,The Linden Hours,Album,Tidewater,Paper Lanterns,Nordlys Records,4065629200201,DEX252500202,12541,42.298285,USD
2025-04,2025-06-30,Spotify,NL,The Linden Hours,Album,Tidewater,Paper Lanterns,Nordlys Records,4065629200201,DEX252500202,9450,30.814560,USD
2025-04,2025-06-30,Spotify,SE,The Linden Hours,Album,Tidewater,Paper Lanterns,Nordlys Records,4065629200201,DEX252500202,7353,22.329590,USD
2025-04,2025-06-30,Spotify,US,The Linden Hours,Album,Tidewater,Paper Lanterns,Nordlys Records,4065629200201,DEX252500202,19665,63.179712,USD
2025-04,2025-06-30,Spotify,AT,The Linden Hours,Album,Tidewater,Salt and Iron,Nordlys Records,4065629200201,DEX252500203,4644,16.005082,USD
2025-04,2025-06-30,Spotify,DE,The Linden Hours,Album,Tidewater,Salt and Iron,Nordlys Records,4065629200201,DEX252500203,19264,66.576384,USD
2025-04,2025-06-30,Spotify,GB,The Linden Hours,Album,Tidewater,Salt and Iron,Nordlys Records,4065629200201,DEX252500203,8005,25.820928,USD
2025-04,2025-06-30,Spotify,NL,The Linden Hours,Album,Tidewater,Salt and Iron,Nordlys Records,4065629200201,DEX252500203,4612,14.728883,USD
2025-04,2025-06-30,Spotify,SE,The Linden Hours,Album,Tidewater,Salt and Iron,Nordlys Records,4065629200201,DEX252500203,4113,12.608813,USD
2025-04,2025-06-30,Spotify,US,The Linden Hours,Album,Tidewater,Salt and Iron,Nordlys Records,4065629200201,DEX252500203,11218,36.974528,USD
2025-04,2025-06-30,Spotify,AT,The Linden Hours,Album,Tidewater,The Quiet Year,Nordlys Records,4065629200201,DEX252500204,5098,15.644742,USD
2025-04,2025-06-30,Spotify,DE,The Linden Hours,Album,Tidewater,The Quiet Year,Nordlys Records,4065629200201,DEX252500204,14539,48.897565,USD
2025-04,2025-06-30,Spotify,GB,The Linden Hours,Album,Tidewater,The Quiet Year,Nordlys Records,4065629200201,DEX252500204,5220,15.417792,USD
2025-04,2025-06-30,Spotify,NL,The Linden Hours,Album,Tidewater,The Quiet Year,Nordlys Records,4065629200201,DEX252500204,4437,13.147718,USD
2025-04,2025-06-30,Spotify,SE,The Linden Hours,Album,Tidewater,The Quiet Year,Nordlys Records,4065629200201,DEX252500204,3046,9.805683,USD
2025-04,2025-06-30,Spotify,US,The Linden Hours,Album,Tidewater,The Quiet Year,Nordlys Records,4065629200201,DEX252500204,6948,22.922842,USD
2025-04,2025-06-30,Spotify,AT,The Linden Hours,Album,Tidewater,Second Light,Nordlys Records,4065629200201,DEX252500205,3748,11.945626,USD
2025-04,2025-06-30,Spotify,DE,The Linden Hours,Album,Tidewater,Second Light,Nordlys Records,4065629200201,DEX252500205,14098,43.624851,USD
2025-04,2025-06-30,Spotify,GB,The Linden Hours,Album,Tidewater,Second Light,Nordlys Records,4065629200201,DEX252500205,5283,16.195565,USD
2025-04,2025-06-30,Spotify,NL,The Linden Hours,Album,Tidewater,Second Light,Nordlys Records,4065629200201,DEX252500205,2713,8.412470,USD
2025-04,2025-06-30,Spotify,SE,The Linden Hours,Album,Tidewater,Second Light,Nordlys Records,4065629200201,DEX252500205,2655,7.858800,USD
2025-04,2025-06-30,Spotify,US,The Linden Hours,Album,Tidewater,Second Light,Nordlys Records,4065629200201,DEX252500205,7060,21.304256,USD
2025-04,2025-06-30,Spotify,AT,The Linden Hours,Album,Tidewater,Glasshouse,Nordlys Records,4065629200201,DEX252500206,7407,25.503782,USD
2025-04,2025-06-30,Spotify,DE,The Linden Hours,Album,Tidewater,Glasshouse,Nordlys Records,4065629200201,DEX252500206,25434,86.679072,USD
2025-04,2025-06-30,Spotify,GB,The Linden Hours,Album,Tidewater,Glasshouse,Nordlys Records,4065629200201,DEX252500206,7555,23.233136,USD
2025-04,2025-06-30,Spotify,NL,The Linden Hours,Album,Tidewater,Glasshouse,Nordlys Records,4065629200201,DEX252500206,5364,16.718515,USD
2025-04,2025-06-30,Spotify,SE,The Linden Hours,Album,Tidewater,Glasshouse,Nordlys Records,4065629200201,DEX252500206,5017,17.033718,USD
2025-04,2025-06-30,Spotify,US,The Linden Hours,Album,Tidewater,Glasshouse,Nordlys Records,4065629200201,DEX252500206,13491,45.545616,USD
2025-04,2025-06-30,Spotify,AT,The Linden Hours,Album,Tidewater,Summer Static,Nordlys Records,4065629200201,DEX252500207,11101,35.416630,USD
2025-04,2025-06-30,Spotify,DE,The Linden Hours,Album,Tidewater,Summer Static,Nordlys Records,4065629200201,DEX252500207,51264,160.271770,USD
2025-04,2025-06-30,Spotify,GB,The Linden Hours,Album,Tidewater,Summer Static,Nordlys Records,4065629200201,DEX252500207,15457,46.593581,USD
2025-04,2025-06-30,Spotify,NL,The Linden Hours,Album,Tidewater,Summer Static,Nordlys Records,4065629200201,DEX252500207,13108,43.162022,USD
2025-04,2025-06-30,Spotify,SE,The Linden Hours,Album,Tidewater,Summer Static,Nordlys Records,4065629200201,DEX252500207,9949,33.842518,USD
2025-04,2025-06-30,Spotify,US,The Linden Hours,Album,Tidewater,Summer Static,Nordlys Records,4065629200201,DEX252500207,30361,93.366147,USD
2025-04,2025-06-30,Spotify,AT,The Linden Hours,Album,Tidewater,Tidewater,Nordlys Records,4065629200201,DEX252500208,4891,16.746784,USD
2025-04,2025-06-30,Spotify,DE,The Linden Hours,Album,Tidewater,Tidewater,Nordlys Records,4065629200201,DEX252500208,21748,70.219942,USD
2025-04,2025-06-30,Spotify,GB,The Linden Hours,Album,Tidewater,Tidewater,Nordlys Records,4065629200201,DEX252500208,6894,22.457894,USD
2025-04,2025-06-30,Spotify,NL,The Linden Hours,Album,Tidewater,Tidewater,Nordlys Records,4065629200201,DEX252500208,4680,14.886144,USD
2025-04,2025-06-30,Spotify,SE,The Linden Hours,Album,Tidewater,Tidewater,Nordlys Records,4065629200201,DEX252500208,3420,11.359872,USD
2025-04,2025-06-30,Spotify,US,The Linden Hours,Album,Tidewater,Tidewater,Nordlys Records,4065629200201,DEX252500208,7938,25.858829,USD
2025-04,2025-06-30,Tidal,AT,The Linden Hours,Album,Tidewater,Linden,Nordlys Records,4065629200201,DEX252500201,675,6.476085,USD
2025-04,2025-06-30,Tidal,DE,The Linden Hours,Album,Tidewater,Linden,Nordlys Records,4065629200201,DEX252500201,2583,25.009639,USD
2025-04,2025-06-30,Tidal,GB,The Linden Hours,Album,Tidewater,Linden,Nordlys Records,4065629200201,DEX252500201,729,7.344238,USD
2025-04,2025-06-30,Tidal,NL,The Linden Hours,Album,Tidewater,Linden,Nordlys Records,4065629200201,DEX252500201,427,4.222261,USD
2025-04,2025-06-30,Tidal,SE,The Linden Hours,Album,Tidewater,Linden,Nordlys Records,4065629200201,DEX252500201,490,4.830812,USD
2025-04,2025-06-30,Tidal,US,The Linden Hours,Album,Tidewater,Linden,Nordlys Records,4065629200201,DEX252500201,1431,13.322610,USD
2025-04,2025-06-30,Tidal,AT,The Linden Hours,Album,Tidewater,Paper Lanterns,Nordlys Records,4065629200201,DEX252500202,909,9.326885,USD
2025-04,2025-06-30,Tidal,DE,The Linden Hours,Album,Tidewater,Paper Lanterns,Nordlys Records,4065629200201,DEX252500202,4086,42.765710,USD
2025-04,2025-06-30,Tidal,GB,The Linden Hours,Album,Tidewater,Paper Lanterns,Nordlys Records,4065629200201,DEX252500202,1350,13.666590,USD
2025-04,2025-06-30,Tidal,NL,The Linden Hours,Album,Tidewater,Paper Lanterns,Nordlys Records,4065629200201,DEX252500202,801,7.873349,USD
2025-04,2025-06-30,Tidal,SE,The Linden Hours,Album,Tidewater,Paper Lanterns,Nordlys Records,4065629200201,DEX252500202,684,6.897593,USD
2025-04,2025-06-30,Tidal,US,The Linden Hours,Album,Tidewater,Paper Lanterns,Nordlys Records,4065629200201,DEX252500202,1723,17.256879,USD
2025-04,2025-06-30,Tidal,AT,The Linden Hours,Album,Tidewater,Salt and Iron,Nordlys Records,4065629200201,DEX252500203,486,4.658018,USD
2025-04,2025-06-30,Tidal,DE,The Linden Hours,Album,Tidewater,Salt and Iron,Nordlys Records,4065629200201,DEX252500203,1755,18.368532,USD
2025-04,2025-06-30,Tidal,GB,The Linden Hours,Album,Tidewater,Salt and Iron,Nordlys Records,4065629200201,DEX252500203,603,6.057135,USD
2025-04,2025-06-30,Tidal,NL,The Linden Hours,Album,Tidewater,Salt and Iron,Nordlys Records,4065629200201,DEX252500203,405,4.032504,USD
2025-04,2025-06-30,Tidal,SE,The Linden Hours,Album,Tidewater,Salt and Iron,Nordlys Records,4065629200201,DEX252500203,387,3.712955,USD
2025-04,2025-06-30,Tidal,US,The Linden Hours,Album,Tidewater,Salt and Iron,Nordlys Records,4065629200201,DEX252500203,670,6.861470,USD
2025-04,2025-06-30,Tidal,AT,The Linden Hours,Album,Tidewater,The Quiet Year,Nordlys Records,4065629200201,DEX252500204,369,3.493249,USD
2025-04,2025-06-30,Tidal,DE,The Linden Hours,Album,Tidewater,The Quiet Year,Nordlys Records,4065629200201,DEX252500204,1602,15.840896,USD
2025-04,2025-06-30,Tidal,GB,The Linden Hours,Album,Tidewater,The Quiet Year,Nordlys Records,4065629200201,DEX252500204,387,3.773637,USD
2025-04,2025-06-30,Tidal,NL,The Linden Hours,Album,Tidewater,The Quiet Year,Nordlys Records,4065629200201,DEX252500204,346,3.329766,USD
2025-04,2025-06-30,Tidal,SE,The Linden Hours,Album,Tidewater,The Quiet Year,Nordlys Records,4065629200201,DEX252500204,265,2.428195,USD
2025-04,2025-06-30,Tidal,US,The Linden Hours,Album,Tidewater,The Quiet Year,Nordlys Records,4065629200201,DEX252500204,697,7.178961,USD
2025-04,2025-06-30,Tidal,AT,The Linden Hours,Album,Tidewater,Second Light,Nordlys Records,4065629200201,DEX252500205,333,3.390673,USD
2025-04,2025-06-30,Tidal,DE,The Linden Hours,Album,Tidewater,Second Light,Nordlys Records,4065629200201,DEX252500205,1017,10.444997,USD
2025-04,2025-06-30,Tidal,GB,The Linden Hours,Album,Tidewater,Second Light,Nordlys Records,4065629200201,DEX252500205,391,4.057876,USD
2025-04,2025-06-30,Tidal,NL,The Linden Hours,Album,Tidewater,Second Light,Nordlys Records,4065629200201,DEX252500205,270,2.770362,USD
2025-04,2025-06-30,Tidal,SE,The Linden Hours,Album,Tidewater,Second Light,Nordlys Records,4065629200201,DEX252500205,234,2.357410,USD
2025-04,2025-06-30,Tidal,US,The Linden Hours,Album,Tidewater,Second Light,Nordlys Records,4065629200201,DEX252500205,598,6.258907,USD
2025-04,2025-06-30,Tidal,AT,The Linden Hours,Album,Tidewater,Glasshouse,Nordlys Records,4065629200201,DEX252500206,589,5.645212,USD
2025-04,2025-06-30,Tidal,DE,The Linden Hours,Album,Tidewater,Glasshouse,Nordlys Records,4065629200201,DEX252500206,2596,23.990674,USD
2025-04,2025-06-30,Tidal,GB,The Linden Hours,Album,Tidewater,Glasshouse,Nordlys Records,4065629200201,DEX252500206,639,6.644194,USD
2025-04,2025-06-30,Tidal,NL,The Linden Hours,Album,Tidewater,Glasshouse,Nordlys Records,4065629200201,DEX252500206,450,4.251240,USD
2025-04,2025-06-30,Tidal,SE,The Linden Hours,Album,Tidewater,Glasshouse,Nordlys Records,4065629200201,DEX252500206,355,3.329403,USD
2025-04,2025-06-30,Tidal,US,The Linden Hours,Album,Tidewater,Glasshouse,Nordlys Records,4065629200201,DEX252500206,976,9.555235,USD
2025-04,2025-06-30,Tidal,AT,The Linden Hours,Album,Tidewater,Summer Static,Nordlys Records,4065629200201,DEX252500207,1242,12.244630,USD
2025-04,2025-06-30,Tidal,DE,The Linden Hours,Album,Tidewater,Summer Static,Nordlys Records,4065629200201,DEX252500207,4549,41.637907,USD
2025-04,2025-06-30,Tidal,GB,The Linden Hours,Album,Tidewater,Summer Static,Nordlys Records,4065629200201,DEX252500207,1746,17.863675,USD
2025-04,2025-06-30,Tidal,NL,The Linden Hours,Album,Tidewater,Summer Static,Nordlys Records,4065629200201,DEX252500207,1066,10.028928,USD
2025-04,2025-06-30,Tidal,SE,The Linden Hours,Album,Tidewater,Summer Static,Nordlys Records,4065629200201,DEX252500207,868,8.676528,USD
2025-04,2025-06-30,Tidal,US,The Linden Hours,Album,Tidewater,Summer Static,Nordlys Records,4065629200201,DEX252500207,2133,20.736173,USD
2025-04,2025-06-30,Tidal,AT,The Linden Hours,Album,Tidewater,Tidewater,Nordlys Records,4065629200201,DEX252500208,369,3.905496,USD
2025-04,2025-06-30,Tidal,DE,The Linden Hours,Album,Tidewater,Tidewater,Nordlys Records,4065629200201,DEX252500208,1503,15.406952,USD
2025-04,2025-06-30,Tidal,GB,The Linden Hours,Album,Tidewater,Tidewater,Nordlys Records,4065629200201,DEX252500208,576,5.678669,USD
2025-04,2025-06-30,Tidal,NL,The Linden Hours,Album,Tidewater,Tidewater,Nordlys Records,4065629200201,DEX252500208,342,3.613025,USD
2025-04,2025-06-30,Tidal,SE,The Linden Hours,Album,Tidewater,Tidewater,Nordlys Records,4065629200201,DEX252500208,238,2.432693,USD
2025-04,2025-06-30,Tidal,US,The Linden Hours,Album,Tidewater,Tidewater,Nordlys Records,4065629200201,DEX252500208,810,8.017380,USD
2025-04,2025-06-30,YouTube Music,AT,The Linden Hours,Album,Tidewater,Linden,Nordlys Records,4065629200201,DEX252500201,999,1.988809,USD
2025-04,2025-06-30,YouTube Music,DE,The Linden Hours,Album,Tidewater,Linden,Nordlys Records,4065629200201,DEX252500201,4113,8.438642,USD
2025-04,2025-06-30,YouTube Music,GB,The Linden Hours,Album,Tidewater,Linden,Nordlys Records,4065629200201,DEX252500201,1435,2.895974,USD
2025-04,2025-06-30,YouTube Music,NL,The Linden Hours,Album,Tidewater,Linden,Nordlys Records,4065629200201,DEX252500201,742,1.564433,USD
2025-04,2025-06-30,YouTube Music,SE,The Linden Hours,Album,Tidewater,Linden,Nordlys Records,4065629200201,DEX252500201,783,1.682119,USD
2025-04,2025-06-30,YouTube Music,US,The Linden Hours,Album,Tidewater,Linden,Nordlys Records,4065629200201,DEX252500201,2313,4.658151,USD
2025-04,2025-06-30,YouTube Music,AT,The Linden Hours,Album,Tidewater,Paper Lanterns,Nordlys Records,4065629200201,DEX252500202,1755,3.947171,USD
2025-04,2025-06-30,YouTube Music,DE,The Linden Hours,Album,Tidewater,Paper Lanterns,Nordlys Records,4065629200201,DEX252500202,6142,12.175901,USD
2025-04,2025-06-30,YouTube Music,GB,The Linden Hours,Album,Tidewater,Paper Lanterns,Nordlys Records,4065629200201,DEX252500202,2322,4.954219,USD
2025-04,2025-06-30,YouTube Music,NL,The Linden Hours,Album,Tidewater,Paper Lanterns,Nordlys Records,4065629200201,DEX252500202,1624,3.379706,USD
2025-04,2025-06-30,YouTube Music,SE,The Linden Hours,Album,Tidewater,Paper Lanterns,Nordlys Records,4065629200201,DEX252500202,1224,2.449591,USD
2025-04,2025-06-30,YouTube Music,US,The Linden Hours,Album,Tidewater,Paper Lanterns,Nordlys Records,4065629200201,DEX252500202,2749,5.992270,USD
2025-04,2025-06-30,YouTube Music,AT,The Linden Hours,Album,Tidewater,Salt and Iron,Nordlys Records,4065629200201,DEX252500203,724,1.556890,USD
2025-04,2025-06-30,YouTube Music,DE,The Linden Hours,Album,Tidewater,Salt and Iron,Nordlys Records,4065629200201,DEX252500203,3046,6.889138,USD
2025-04,2025-06-30,YouTube Music,GB,The Linden Hours,Album,Tidewater,Salt and Iron,Nordlys Records,4065629200201,DEX252500203,1026,2.085653,USD
2025-04,2025-06-30,YouTube Music,NL,The Linden Hours,Album,Tidewater,Salt and Iron,Nordlys Records,4065629200201,DEX252500203,724,1.479349,USD
2025-04,2025-06-30,YouTube Music,SE,The Linden Hours,Album,Tidewater,Salt and Iron,Nordlys Records,4065629200201,DEX252500203,661,1.467222,USD
2025-04,2025-06-30,YouTube Music,US,The Linden Hours,Album,Tidewater,Salt and Iron,Nordlys Records,4065629200201,DEX252500203,1606,3.139891,USD
2025-04,2025-06-30,YouTube Music,AT,The Linden Hours,Album,Tidewater,The Quiet Year,Nordlys Records,4065629200201,DEX252500204,720,1.531656,USD
2025-04,2025-06-30,YouTube Music,DE,The Linden Hours,Album,Tidewater,The Quiet Year,Nordlys Records,4065629200201,DEX252500204,2799,5.454691,USD
2025-04,2025-06-30,YouTube Music,GB,The Linden Hours,Album,Tidewater,The Quiet Year,Nordlys Records,4065629200201,DEX252500204,1048,2.066551,USD
2025-04,2025-06-30,YouTube Music,NL,The Linden Hours,Album,Tidewater,The Quiet Year,Nordlys Records,4065629200201,DEX252500204,549,1.102172,USD
2025-04,2025-06-30,YouTube Music,SE,The Linden Hours,Album,Tidewater,The Quiet Year,Nordlys Records,4065629200201,DEX252500204,477,1.016726,USD
2025-04,2025-06-30,YouTube Music,US,The Linden Hours,Album,Tidewater,The Quiet Year,Nordlys Records,4065629200201,DEX252500204,1354,2.959979,USD
2025-04,2025-06-30,YouTube Music,AT,The Linden Hours,Album,Tidewater,Second Light,Nordlys Records,4065629200201,DEX252500205,526,1.127797,USD
2025-04,2025-06-30,YouTube Music,DE,The Linden Hours,Album,Tidewater,Second Light,Nordlys Records,4065629200201,DEX252500205,1948,3.939440,USD
2025-04,2025-06-30,YouTube Music,GB,The Linden Hours,Album,Tidewater,Second Light,Nordlys Records,4065629200201,DEX252500205,724,1.415492,USD
2025-04,2025-06-30,YouTube Music,NL,The Linden Hours,Album,Tidewater,Second Light,Nordlys Records,4065629200201,DEX252500205,504,1.126138,USD
2025-04,2025-06-30,YouTube Music,SE,The Linden Hours,Album,Tidewater,Second Light,Nordlys Records,4065629200201,DEX252500205,324,0.652504,USD
2025-04,2025-06-30,YouTube Music,US,The Linden Hours,Album,Tidewater,Second Light,Nordlys Records,4065629200201,DEX252500205,1138,2.478223,USD
2025-04,2025-06-30,YouTube Music,AT,The Linden Hours,Album,Tidewater,Glasshouse,Nordlys Records,4065629200201,DEX252500206,958,2.108366,USD
2025-04,2025-06-30,YouTube Music,DE,The Linden Hours,Album,Tidewater,Glasshouse,Nordlys Records,4065629200201,DEX252500206,3505,6.970394,USD
2025-04,2025-06-30,YouTube Music,GB,The Linden Hours,Album,Tidewater,Glasshouse,Nordlys Records,4065629200201,DEX252500206,1476,3.133696,USD
2025-04,2025-06-30,YouTube Music,NL,The Linden Hours,Album,Tidewater,Glasshouse,Nordlys Records,4065629200201,DEX252500206,796,1.628138,USD
2025-04,2025-06-30,YouTube Music,SE,The Linden Hours,Album,Tidewater,Glasshouse,Nordlys Records,4065629200201,DEX252500206,634,1.287464,USD
2025-04,2025-06-30,YouTube Music,US,The Linden Hours,Album,Tidewater,Glasshouse,Nordlys Records,4065629200201,DEX252500206,2106,4.139554,USD
2025-04,2025-06-30,YouTube Music,AT,The Linden Hours,Album,Tidewater,Summer Static,Nordlys Records,4065629200201,DEX252500207,2313,4.930160,USD
2025-04,2025-06-30,YouTube Music,DE,The Linden Hours,Album,Tidewater,Summer Static,Nordlys Records,4065629200201,DEX252500207,8527,16.778578,USD
2025-04,2025-06-30,YouTube Music,GB,The Linden Hours,Album,Tidewater,Summer Static,Nordlys Records,4065629200201,DEX252500207,3339,7.460662,USD
2025-04,2025-06-30,YouTube Music,NL,The Linden Hours,Album,Tidewater,Summer Static,Nordlys Records,4065629200201,DEX252500207,1984,4.108070,USD
2025-04,2025-06-30,YouTube Music,SE,The Linden Hours,Album,Tidewater,Summer Static,Nordlys Records,4065629200201,DEX252500207,1647,3.458700,USD
2025-04,2025-06-30,YouTube Music,US,The Linden Hours,Album,Tidewater,Summer Static,Nordlys Records,4065629200201,DEX252500207,4212,8.986723,USD
2025-04,2025-06-30,YouTube Music,AT,The Linden Hours,Album,Tidewater,Tidewater,Nordlys Records,4065629200201,DEX252500208,598,1.288451,USD
2025-04,2025-06-30,YouTube Music,DE,The Linden Hours,Album,Tidewater,Tidewater,Nordlys Records,4065629200201,DEX252500208,1800,3.787560,USD
2025-04,2025-06-30,YouTube Music,GB,The Linden Hours,Album,Tidewater,Tidewater,Nordlys Records,4065629200201,DEX252500208,972,2.163672,USD
2025-04,2025-06-30,YouTube Music,NL,The Linden Hours,Album,Tidewater,Tidewater,Nordlys Records,4065629200201,DEX252500208,684,1.378944,USD
2025-04,2025-06-30,YouTube Music,SE,The Linden Hours,Album,Tidewater,Tidewater,Nordlys Records,4065629200201,DEX252500208,414,0.857228,USD
2025-04,2025-06-30,YouTube Music,US,The Linden Hours,Album,Tidewater,Tidewater,Nordlys Records,4065629200201,DEX252500208,1399,3.028975,USD
2025-05,2025-07-31,Amazon Music,AT,The Linden Hours,Album,Tidewater,Linden,Nordlys Records,4065629200201,DEX252500201,940,4.153860,USD
2025-05,2025-07-31,Amazon Music,DE,The Linden Hours,Album,Tidewater,Linden,Nordlys Records,4065629200201,DEX252500201,4023,19.225917,USD
2025-05,2025-07-31,Amazon Music,GB,The Linden Hours,Album,Tidewater,Linden,Nordlys Records,4065629200201,DEX252500201,1503,6.594413,USD
2025-05,2025-07-31,Amazon Music,NL,The Linden Hours,Album,Tidewater,Linden,Nordlys Records,4065629200201,DEX252500201,981,4.273236,USD
2025-05,2025-07-31,Amazon Music,SE,The Linden Hours,Album,Tidewater,Linden,Nordlys Records,4065629200201,DEX252500201,760,3.163500,USD
2025-05,2025-07-31,Amazon Music,US,The Linden Hours,Album,Tidewater,Linden,Nordlys Records,4065629200201,DEX252500201,1863,8.408651,USD
2025-05,2025-07-31,Amazon Music,AT,The Linden Hours,Album,Tidewater,Paper Lanterns,Nordlys Records,4065629200201,DEX252500202,1674,7.502868,USD
2025-05,2025-07-31,Amazon Music,DE,The Linden Hours,Album,Tidewater,Paper Lanterns,Nordlys Records,4065629200201,DEX252500202,5166,23.735187,USD
2025-05,2025-07-31,Amazon Music,GB,The Linden Hours,Album,Tidewater,Paper Lanterns,Nordlys Records,4065629200201,DEX252500202,1881,8.532216,USD
2025-05,2025-07-31,Amazon Music,NL,The Linden Hours,Album,Tidewater,Paper Lanterns,Nordlys Records,4065629200201,DEX252500202,1129,5.420894,USD
2025-05,2025-07-31,Amazon Music,SE,The Linden Hours,Album,Tidewater,Paper Lanterns,Nordlys Records,4065629200201,DEX252500202,1035,4.494488,USD
2025-05,2025-07-31,Amazon Music,US,The Linden Hours,Album,Tidewater,Paper Lanterns,Nordlys Records,4065629200201,DEX252500202,3186,15.455286,USD
2025-05,2025-07-31,Amazon Music,AT,The Linden Hours,Album,Tidewater,Salt and Iron,Nordlys Records,4065629200201,DEX252500203,684,3.151872,USD
2025-05,2025-07-31,Amazon Music,DE,The Linden Hours,Album,Tidewater,Salt and Iron,Nordlys Records,4065629200201,DEX252500203,3186,13.247388,USD
2025-05,2025-07-31,Amazon Music,GB,The Linden Hours,Album,Tidewater,Salt and Iron,Nordlys Records,4065629200201,DEX252500203,1188,5.158890,USD
2025-05,2025-07-31,Amazon Music,NL,The Linden Hours,Album,Tidewater,Salt and Iron,Nordlys Records,4065629200201,DEX252500203,738,3.470445,USD
2025-05,2025-07-31,Amazon Music,SE,The Linden Hours,Album,Tidewater,Salt and Iron,Nordlys Records,4065629200201,DEX252500203,454,1.891818,USD
2025-05,2025-07-31,Amazon Music,US,The Linden Hours,Album,Tidewater,Salt and Iron,Nordlys Records,4065629200201,DEX252500203,1696,7.158816,USD
2025-05,2025-07-31,Amazon Music,AT,The Linden Hours,Album,Tidewater,The Quiet Year,Nordlys Records,4065629200201,DEX252500204,544,2.526336,USD
2025-05,2025-07-31,Amazon Music,DE,The Linden Hours,Album,Tidewater,The Quiet Year,Nordlys Records,4065629200201,DEX252500204,2664,12.131856,USD
2025-05,2025-07-31,Amazon Music,GB,The Linden Hours,Album,Tidewater,The Quiet Year,Nordlys Records,4065629200201,DEX252500204,832,3.740256,USD
2025-05,2025-07-31,Amazon Music,NL,The Linden Hours,Album,Tidewater,The Quiet Year,Nordlys Records,4065629200201,DEX252500204,513,2.216160,USD
2025-05,2025-07-31,Amazon Music,SE,The Linden Hours,Album,Tidewater,The Quiet Year,Nordlys Records,4065629200201,DEX252500204,418,1.973169,USD
2025-05,2025-07-31,Amazon Music,US,The Linden Hours,Album,Tidewater,The Quiet Year,Nordlys Records,4065629200201,DEX252500204,1345,5.876978,USD
2025-05,2025-07-31,Amazon Music,AT,The Linden Hours,Album,Tidewater,Second Light,Nordlys Records,4065629200201,DEX252500205,481,2.012985,USD
2025-05,2025-07-31,Amazon Music,DE,The Linden Hours,Album,Tidewater,Second Light,Nordlys Records,4065629200201,DEX252500205,2038,9.849654,USD
2025-05,2025-07-31,Amazon Music,GB,The Linden Hours,Album,Tidewater,Second Light,Nordlys Records,4065629200201,DEX252500205,684,3.238056,USD
2025-05,2025-07-31,Amazon Music,NL,The Linden Hours,Album,Tidewater,Second Light,Nordlys Records,4065629200201,DEX252500205,517,2.266011,USD
2025-05,2025-07-31,Amazon Music,SE,The Linden Hours,Album,Tidewater,Second Light,Nordlys Records,4065629200201,DEX252500205,310,1.368495,USD
2025-05,2025-07-31,Amazon Music,US,The Linden Hours,Album,Tidewater,Second Light,Nordlys Records,4065629200201,DEX252500205,1066,4.494789,USD
2025-05,2025-07-31,Amazon Music,AT,The Linden Hours,Album,Tidewater,Glasshouse,Nordlys Records,4065629200201,DEX252500206,814,3.527469,USD
2025-05,2025-07-31,Amazon Music,DE,The Linden Hours,Album,Tidewater,Glasshouse,Nordlys Records,4065629200201,DEX252500206,3438,15.888717,USD
2025-05,2025-07-31,Amazon Music,GB,The Linden Hours,Album,Tidewater,Glasshouse,Nordlys Records,4065629200201,DEX252500206,1098,4.550661,USD
2025-05,2025-07-31,Amazon Music,NL,The Linden Hours,Album,Tidewater,Glasshouse,Nordlys Records,4065629200201,DEX252500206,796,3.703788,USD
2025-05,2025-07-31,Amazon Music,SE,The Linden Hours,Album,Tidewater,Glasshouse,Nordlys Records,4065629200201,DEX252500206,679,3.064667,USD
2025-05,2025-07-31,Amazon Music,US,The Linden Hours,Album,Tidewater,Glasshouse,Nordlys Records,4065629200201,DEX252500206,1534,6.399081,USD
2025-05,2025-07-31,Amazon Music,AT,The Linden Hours,Album,Tidewater,Summer Static,Nordlys Records,4065629200201,DEX252500207,2119,9.545036,USD
2025-05,2025-07-31,Amazon Music,DE,The Linden Hours,Album,Tidewater,Summer Static,Nordlys Records,4065629200201,DEX252500207,7348,34.719300,USD
2025-05,2025-07-31,Amazon Music,GB,The Linden Hours,Album,Tidewater,Summer Static,Nordlys Records,4065629200201,DEX252500207,2578,12.076641,USD
2025-05,2025-07-31,Amazon Music,NL,The Linden Hours,Album,Tidewater,Summer Static,Nordlys Records,4065629200201,DEX252500207,1458,6.351048,USD
2025-05,2025-07-31,Amazon Music,SE,The Linden Hours,Album,Tidewater,Summer Static,Nordlys Records,4065629200201,DEX252500207,1458,6.587244,USD
2025-05,2025-07-31,Amazon Music,US,The Linden Hours,Album,Tidewater,Summer Static,Nordlys Records,4065629200201,DEX252500207,3276,13.665834,USD
2025-05,2025-07-31,Amazon Music,AT,The Linden Hours,Album,Tidewater,Tidewater,Nordlys Records,4065629200201,DEX252500208,634,2.733174,USD
2025-05,2025-07-31,Amazon Music,DE,The Linden Hours,Album,Tidewater,Tidewater,Nordlys Records,4065629200201,DEX252500208,2691,11.298164,USD
2025-05,2025-07-31,Amazon Music,GB,The Linden Hours,Album,Tidewater,Tidewater,Nordlys Records,4065629200201,DEX252500208,922,4.327407,USD
2025-05,2025-07-31,Amazon Music,NL,The Linden Hours,Album,Tidewater,Tidewater,Nordlys Records,4065629200201,DEX252500208,576,2.757888,USD
2025-05,2025-07-31,Amazon Music,SE,The Linden Hours,Album,Tidewater,Tidewater,Nordlys Records,4065629200201,DEX252500208,432,1.984824,USD
2025-05,2025-07-31,Amazon Music,US,The Linden Hours,Album,Tidewater,Tidewater,Nordlys Records,4065629200201,DEX252500208,1107,4.612869,USD
2025-05,2025-07-31,Apple Music,AT,The Linden Hours,Album,Tidewater,Linden,Nordlys Records,4065629200201,DEX252500201,1620,10.972908,USD
2025-05,2025-07-31,Apple Music,DE,The Linden Hours,Album,Tidewater,Linden,Nordlys Records,4065629200201,DEX252500201,6916,51.460573,USD
2025-05,2025-07-31,Apple Music,GB,The Linden Hours,Album,Tidewater,Linden,Nordlys Records,4065629200201,DEX252500201,2488,16.657906,USD
2025-05,2025-07-31,Apple Music,NL,The Linden Hours,Album,Tidewater,Linden,Nordlys Records,4065629200201,DEX252500201,1278,8.683627,USD
2025-05,2025-07-31,Apple Music,SE,The Linden Hours,Album,Tidewater,Linden,Nordlys Records,4065629200201,DEX252500201,1273,9.219066,USD
2025-05,2025-07-31,Apple Music,US,The Linden Hours,Album,Tidewater,Linden,Nordlys Records,4065629200201,DEX252500201,3177,23.752205,USD
2025-05,2025-07-31,Apple Music,AT,The Linden Hours,Album,Tidewater,Paper Lanterns,Nordlys Records,4065629200201,DEX252500202,2605,18.643464,USD
2025-05,2025-07-31,Apple Music,DE,The Linden Hours,Album,Tidewater,Paper Lanterns,Nordlys Records,4065629200201,DEX252500202,11673,84.287231,USD
2025-05,2025-07-31,Apple Music,GB,The Linden Hours,Album,Tidewater,Paper Lanterns,Nordlys Records,4065629200201,DEX252500202,3753,24.621181,USD
2025-05,2025-07-31,Apple Music,NL,The Linden Hours,Album,Tidewater,Paper Lanterns,Nordlys Records,4065629200201,DEX252500202,2263,16.774261,USD
2025-05,2025-07-31,Apple Music,SE,The Linden Hours,Album,Tidewater,Paper Lanterns,Nordlys Records,4065629200201,DEX252500202,1620,10.800378,USD
2025-05,2025-07-31,Apple Music,US,The Linden Hours,Album,Tidewater,Paper Lanterns,Nordlys Records,4065629200201,DEX252500202,5049,38.500645,USD
2025-05,2025-07-31,Apple Music,AT,The Linden Hours,Album,Tidewater,Salt and Iron,Nordlys Records,4065629200201,DEX252500203,1165,7.874468,USD
2025-05,2025-07-31,Apple Music,DE,The Linden Hours,Album,Tidewater,Salt and Iron,Nordlys Records,4065629200201,DEX252500203,5116,35.015950,USD
2025-05,2025-07-31,Apple Music,GB,The Linden Hours,Album,Tidewater,Salt and Iron,Nordlys Records,4065629200201,DEX252500203,1966,14.391317,USD
2025-05,2025-07-31,Apple Music,NL,The Linden Hours,Album,Tidewater,Salt and Iron,Nordlys Records,4065629200201,DEX252500203,1309,8.866381,USD
2025-05,2025-07-31,Apple Music,SE,The Linden Hours,Album,Tidewater,Salt and Iron,Nordlys Records,4065629200201,DEX252500203,841,6.311453,USD
2025-05,2025-07-31,Apple Music,US,The Linden Hours,Album,Tidewater,Salt and Iron,Nordlys Records,4065629200201,DEX252500203,2443,18.542126,USD
2025-05,2025-07-31,Apple Music,AT,The Linden Hours,Album,Tidewater,The Quiet Year,Nordlys Records,4065629200201,DEX252500204,1062,7.419557,USD
2025-05,2025-07-31,Apple Music,DE,The Linden Hours,Album,Tidewater,The Quiet Year,Nordlys Records,4065629200201,DEX252500204,4288,28.344109,USD
2025-05,2025-07-31,Apple Music,GB,The Linden Hours,Album,Tidewater,The Quiet Year,Nordlys Records,4065629200201,DEX252500204,1453,10.966227,USD
2025-05,2025-07-31,Apple Music,NL,The Linden Hours,Album,Tidewater,The Quiet Year,Nordlys Records,4065629200201,DEX252500204,967,6.680326,USD
2025-05,2025-07-31,Apple Music,SE,The Linden Hours,Album,Tidewater,The Quiet Year,Nordlys Records,4065629200201,DEX252500204,643,4.921393,USD
2025-05,2025-07-31,Apple Music,US,The Linden Hours,Album,Tidewater,The Quiet Year,Nordlys Records,4065629200201,DEX252500204,1858,13.231375,USD
2025-05,2025-07-31,Apple Music,AT,The Linden Hours,Album,Tidewater,Second Light,Nordlys Records,4065629200201,DEX252500205,891,6.819536,USD
2025-05,2025-07-31,Apple Music,DE,The Linden Hours,Album,Tidewater,Second Light,Nordlys Records,4065629200201,DEX252500205,3415,25.774030,USD
2025-05,2025-07-31,Apple Music,GB,The Linden Hours,Album,Tidewater,Second Light,Nordlys Records,4065629200201,DEX252500205,1156,8.379960,USD
2025-05,2025-07-31,Apple Music,NL,The Linden Hours,Album,Tidewater,Second Light,Nordlys Records,4065629200201,DEX252500205,720,5.234688,USD
2025-05,2025-07-31,Apple Music,SE,The Linden Hours,Album,Tidewater,Second Light,Nordlys Records,4065629200201,DEX252500205,540,4.079376,USD
2025-05,2025-07-31,Apple Music,US,The Linden Hours,Album,Tidewater,Second Light,Nordlys Records,4065629200201,DEX252500205,1480,11.275084,USD
2025-05,2025-07-31,Apple Music,AT,The Linden Hours,Album,Tidewater,Glasshouse,Nordlys Records,4065629200201,DEX252500206,1273,8.694845,USD
2025-05,2025-07-31,Apple Music,DE,The Linden Hours,Album,Tidewater,Glasshouse,Nordlys Records,4065629200201,DEX252500206,6349,45.348367,USD
2025-05,2025-07-31,Apple Music,GB,The Linden Hours,Album,Tidewater,Glasshouse,Nordlys Records,4065629200201,DEX252500206,2074,14.357265,USD
2025-05,2025-07-31,Apple Music,NL,The Linden Hours,Album,Tidewater,Glasshouse,Nordlys Records,4065629200201,DEX252500206,1372,9.127504,USD
2025-05,2025-07-31,Apple Music,SE,The Linden Hours,Album,Tidewater,Glasshouse,Nordlys Records,4065629200201,DEX252500206,1111,8.353498,USD
2025-05,2025-07-31,Apple Music,US,The Linden Hours,Album,Tidewater,Glasshouse,Nordlys Records,4065629200201,DEX252500206,2101,15.349696,USD
2025-05,2025-07-31,Apple Music,AT,The Linden Hours,Album,Tidewater,Summer Static,Nordlys Records,4065629200201,DEX252500207,3154,23.804184,USD
2025-05,2025-07-31,Apple Music,DE,The Linden Hours,Album,Tidewater,Summer Static,Nordlys Records,4065629200201,DEX252500207,15795,107.770865,USD
2025-05,2025-07-31,Apple Music,GB,The Linden Hours,Album,Tidewater,Summer Static,Nordlys Records,4065629200201,DEX252500207,5067,36.155579,USD
2025-05,2025-07-31,Apple Music,NL,The Linden Hours,Album,Tidewater,Summer Static,Nordlys Records,4065629200201,DEX252500207,2821,20.309507,USD
2025-05,2025-07-31,Apple Music,SE,The Linden Hours,Album,Tidewater,Summer Static,Nordlys Records,4065629200201,DEX252500207,2367,16.284723,USD
2025-05,2025-07-31,Apple Music,US,The Linden Hours,Album,Tidewater,Summer Static,Nordlys Records,4065629200201,DEX252500207,7542,53.226911,USD
2025-05,2025-07-31,Apple Music,AT,The Linden Hours,Album,Tidewater,Tidewater,Nordlys Records,4065629200201,DEX252500208,949,6.434695,USD
2025-05,2025-07-31,Apple Music,DE,The Linden Hours,Album,Tidewater,Tidewater,Nordlys Records,4065629200201,DEX252500208,4410,33.815880,USD
2025-05,2025-07-31,Apple Music,GB,The Linden Hours,Album,Tidewater,Tidewater,Nordlys Records,4065629200201,DEX252500208,1444,10.918806,USD
2025-05,2025-07-31,Apple Music,NL,The Linden Hours,Album,Tidewater,Tidewater,Nordlys Records,4065629200201,DEX252500208,976,7.026614,USD
2025-05,2025-07-31,Apple Music,SE,The Linden Hours,Album,Tidewater,Tidewater,Nordlys Records,4065629200201,DEX252500208,787,5.766506,USD
2025-05,2025-07-31,Apple Music,US,The Linden Hours,Album,Tidewater,Tidewater,Nordlys Records,4065629200201,DEX252500208,1876,13.732508,USD
2025-05,2025-07-31,Deezer,AT,The Linden Hours,Album,Tidewater,Linden,Nordlys Records,4065629200201,DEX252500201,769,2.646590,USD
2025-05,2025-07-31,Deezer,DE,The Linden Hours,Album,Tidewater,Linden,Nordlys Records,4065629200201,DEX252500201,2691,9.222595,USD
2025-05,2025-07-31,Deezer,GB,The Linden Hours,Album,Tidewater,Linden,Nordlys Records,4065629200201,DEX252500201,1080,3.596400,USD
2025-05,2025-07-31,Deezer,NL,The Linden Hours,Album,Tidewater,Linden,Nordlys Records,4065629200201,DEX252500201,531,1.873368,USD
2025-05,2025-07-31,Deezer,SE,The Linden Hours,Album,Tidewater,Linden,Nordlys Records,4065629200201,DEX252500201,567,2.112642,USD
2025-05,2025-07-31,Deezer,US,The Linden Hours,Album,Tidewater,Linden,Nordlys Records,4065629200201,DEX252500201,1629,5.729519,USD
2025-05,2025-07-31,Deezer,AT,The Linden Hours,Album,Tidewater,Paper Lanterns,Nordlys Records,4065629200201,DEX252500202,1125,4.349700,USD
2025-05,2025-07-31,Deezer,DE,The Linden Hours,Album,Tidewater,Paper Lanterns,Nordlys Records,4065629200201,DEX252500202,4491,16.183768,USD
2025-05,2025-07-31,Deezer,GB,The Linden Hours,Album,Tidewater,Paper Lanterns,Nordlys Records,4065629200201,DEX252500202,1557,5.756540,USD
2025-05,2025-07-31,Deezer,NL,The Linden Hours,Album,Tidewater,Paper Lanterns,Nordlys Records,4065629200201,DEX252500202,1102,4.149691,USD
2025-05,2025-07-31,Deezer,SE,The Linden Hours,Album,Tidewater,Paper Lanterns,Nordlys Records,4065629200201,DEX252500202,652,2.241576,USD
2025-05,2025-07-31,Deezer,US,The Linden Hours,Album,Tidewater,Paper Lanterns,Nordlys Records,4065629200201,DEX252500202,1980,7.299072,USD
2025-05,2025-07-31,Deezer,AT,The Linden Hours,Album,Tidewater,Salt and Iron,Nordlys Records,4065629200201,DEX252500203,562,1.974643,USD
2025-05,2025-07-31,Deezer,DE,The Linden Hours,Album,Tidewater,Salt and Iron,Nordlys Records,4065629200201,DEX252500203,2461,8.168551,USD
2025-05,2025-07-31,Deezer,GB,The Linden Hours,Album,Tidewater,Salt and Iron,Nordlys Records,4065629200201,DEX252500203,720,2.687904,USD
2025-05,2025-07-31,Deezer,NL,The Linden Hours,Album,Tidewater,Salt and Iron,Nordlys Records,4065629200201,DEX252500203,477,1.639926,USD
2025-05,2025-07-31,Deezer,SE,The Linden Hours,Album,Tidewater,Salt and Iron,Nordlys Records,4065629200201,DEX252500203,391,1.514578,USD
2025-05,2025-07-31,Deezer,US,The Linden Hours,Album,Tidewater,Salt and Iron,Nordlys Records,4065629200201,DEX252500203,1188,4.127112,USD
2025-05,2025-07-31,Deezer,AT,The Linden Hours,Album,Tidewater,The Quiet Year,Nordlys Records,4065629200201,DEX252500204,445,1.606806,USD
2025-05,2025-07-31,Deezer,DE,The Linden Hours,Album,Tidewater,The Quiet Year,Nordlys Records,4065629200201,DEX252500204,1755,6.008418,USD
2025-05,2025-07-31,Deezer,GB,The Linden Hours,Album,Tidewater,The Quiet Year,Nordlys Records,4065629200201,DEX252500204,666,2.318479,USD
2025-05,2025-07-31,Deezer,NL,The Linden Hours,Album,Tidewater,The Quiet Year,Nordlys Records,4065629200201,DEX252500204,468,1.747138,USD
2025-05,2025-07-31,Deezer,SE,The Linden Hours,Album,Tidewater,The Quiet Year,Nordlys Records,4065629200201,DEX252500204,346,1.289196,USD
2025-05,2025-07-31,Deezer,US,The Linden Hours,Album,Tidewater,The Quiet Year,Nordlys Records,4065629200201,DEX252500204,868,3.034181,USD
2025-05,2025-07-31,Deezer,AT,The Linden Hours,Album,Tidewater,Second Light,Nordlys Records,4065629200201,DEX252500205,333,1.173625,USD
2025-05,2025-07-31,Deezer,DE,The Linden Hours,Album,Tidewater,Second Light,Nordlys Records,4065629200201,DEX252500205,1507,5.419775,USD
2025-05,2025-07-31,Deezer,GB,The Linden Hours,Album,Tidewater,Second Light,Nordlys Records,4065629200201,DEX252500205,544,1.895731,USD
2025-05,2025-07-31,Deezer,NL,The Linden Hours,Album,Tidewater,Second Light,Nordlys Records,4065629200201,DEX252500205,292,1.042790,USD
2025-05,2025-07-31,Deezer,SE,The Linden Hours,Album,Tidewater,Second Light,Nordlys Records,4065629200201,DEX252500205,202,0.776650,USD
2025-05,2025-07-31,Deezer,US,The Linden Hours,Album,Tidewater,Second Light,Nordlys Records,4065629200201,DEX252500205,850,2.934540,USD
2025-05,2025-07-31,Deezer,AT,The Linden Hours,Album,Tidewater,Glasshouse,Nordlys Records,4065629200201,DEX252500206,454,1.671991,USD
2025-05,2025-07-31,Deezer,DE,The Linden Hours,Album,Tidewater,Glasshouse,Nordlys Records,4065629200201,DEX252500206,2425,8.476830,USD
2025-05,2025-07-31,Deezer,GB,The Linden Hours,Album,Tidewater,Glasshouse,Nordlys Records,4065629200201,DEX252500206,967,3.227072,USD
2025-05,2025-07-31,Deezer,NL,The Linden Hours,Album,Tidewater,Glasshouse,Nordlys Records,4065629200201,DEX252500206,454,1.541239,USD
2025-05,2025-07-31,Deezer,SE,The Linden Hours,Album,Tidewater,Glasshouse,Nordlys Records,4065629200201,DEX252500206,432,1.477440,USD
2025-05,2025-07-31,Deezer,US,The Linden Hours,Album,Tidewater,Glasshouse,Nordlys Records,4065629200201,DEX252500206,1093,3.789212,USD
2025-05,2025-07-31,Deezer,AT,The Linden Hours,Album,Tidewater,Summer Static,Nordlys Records,4065629200201,DEX252500207,1368,4.964198,USD
2025-05,2025-07-31,Deezer,DE,The Linden Hours,Album,Tidewater,Summer Static,Nordlys Records,4065629200201,DEX252500207,6133,22.608691,USD
2025-05,2025-07-31,Deezer,GB,The Linden Hours,Album,Tidewater,Summer Static,Nordlys Records,4065629200201,DEX252500207,2061,7.642188,USD
2025-05,2025-07-31,Deezer,NL,The Linden Hours,Album,Tidewater,Summer Static,Nordlys Records,4065629200201,DEX252500207,1278,4.508784,USD
2025-05,2025-07-31,Deezer,SE,The Linden Hours,Album,Tidewater,Summer Static,Nordlys Records,4065629200201,DEX252500207,1084,3.839962,USD
2025-05,2025-07-31,Deezer,US,The Linden Hours,Album,Tidewater,Summer Static,Nordlys Records,4065629200201,DEX252500207,2808,10.513152,USD
2025-05,2025-07-31,Deezer,AT,The Linden Hours,Album,Tidewater,Tidewater,Nordlys Records,4065629200201,DEX252500208,423,1.422295,USD
2025-05,2025-07-31,Deezer,DE,The Linden Hours,Album,Tidewater,Tidewater,Nordlys Records,4065629200201,DEX252500208,2034,7.732454,USD
2025-05,2025-07-31,Deezer,GB,The Linden Hours,Album,Tidewater,Tidewater,Nordlys Records,4065629200201,DEX252500208,625,2.182500,USD
2025-05,2025-07-31,Deezer,NL,The Linden Hours,Album,Tidewater,Tidewater,Nordlys Records,4065629200201,DEX252500208,423,1.542596,USD
2025-05,2025-07-31,Deezer,SE,The Linden Hours,Album,Tidewater,Tidewater,Nordlys Records,4065629200201,DEX252500208,324,1.089418,USD
2025-05,2025-07-31,Deezer,US,The Linden Hours,Album,Tidewater,Tidewater,Nordlys Records,4065629200201,DEX252500208,985,3.680748,USD
2025-05,2025-07-31,Spotify,AT,The Linden Hours,Album,Tidewater,Linden,Nordlys Records,4065629200201,DEX252500201,6709,20.094797,USD
2025-05,2025-07-31,Spotify,DE,The Linden Hours,Album,Tidewater,Linden,Nordlys Records,4065629200201,DEX252500201,23899,73.647158,USD
2025-05,2025-07-31,Spotify,GB,The Linden Hours,Album,Tidewater,Linden,Nordlys Records,4065629200201,DEX252500201,9958,31.578810,USD
2025-05,2025-07-31,Spotify,NL,The Linden Hours,Album,Tidewater,Linden,Nordlys Records,4065629200201,DEX252500201,6003,18.133862,USD
2025-05,2025-07-31,Spotify,SE,The Linden Hours,Album,Tidewater,Linden,Nordlys Records,4065629200201,DEX252500201,4882,15.169350,USD
2025-05,2025-07-31,Spotify,US,The Linden Hours,Album,Tidewater,Linden,Nordlys Records,4065629200201,DEX252500201,15448,50.521139,USD
2025-05,2025-07-31,Spotify,AT,The Linden Hours,Album,Tidewater,Paper Lanterns,Nordlys Records,4065629200201,DEX252500202,10498,33.660787,USD
2025-05,2025-07-31,Spotify,DE,The Linden Hours,Album,Tidewater,Paper Lanterns,Nordlys Records,4065629200201,DEX252500202,45481,154.708170,USD
2025-05,2025-07-31,Spotify,GB,The Linden Hours,Album,Tidewater,Paper Lanterns,Nordlys Records,4065629200201,DEX252500202,13756,43.138816,USD
2025-05,2025-07-31,Spotify,NL,The Linden Hours,Album,Tidewater,Paper Lanterns,Nordlys Records,4065629200201,DEX252500202,9751,32.732157,USD
2025-05,2025-07-31,Spotify,SE,The Linden Hours,Album,Tidewater,Paper Lanterns,Nordlys Records,4065629200201,DEX252500202,7375,24.732800,USD
2025-05,2025-07-31,Spotify,US,The Linden Hours,Album,Tidewater,Paper Lanterns,Nordlys Records,4065629200201,DEX252500202,22896,71.215718,USD
2025-05,2025-07-31,Spotify,AT,The Linden Hours,Album,Tidewater,Salt and Iron,Nordlys Records,4065629200201,DEX252500203,4518,15.382886,USD
2025-05,2025-07-31,Spotify,DE,The Linden Hours,Album,Tidewater,Salt and Iron,Nordlys Records,4065629200201,DEX252500203,23908,76.276083,USD
2025-05,2025-07-31,Spotify,GB,The Linden Hours,Album,Tidewater,Salt and Iron,Nordlys Records,4065629200201,DEX252500203,7020,22.127040,USD
2025-05,2025-07-31,Spotify,NL,The Linden Hours,Album,Tidewater,Salt and Iron,Nordlys Records,4065629200201,DEX252500203,4855,14.665984,USD
2025-05,2025-07-31,Spotify,SE,The Linden Hours,Album,Tidewater,Salt and Iron,Nordlys Records,4065629200201,DEX252500203,2889,8.856518,USD
2025-05,2025-07-31,Spotify,US,The Linden Hours,Album,Tidewater,Salt and Iron,Nordlys Records,4065629200201,DEX252500203,8779,29.244605,USD
2025-05,2025-07-31,Spotify,AT,The Linden Hours,Album,Tidewater,The Quiet Year,Nordlys Records,4065629200201,DEX252500204,3802,11.704077,USD
2025-05,2025-07-31,Spotify,DE,The Linden Hours,Album,Tidewater,The Quiet Year,Nordlys Records,4065629200201,DEX252500204,18315,60.776496,USD
2025-05,2025-07-31,Spotify,GB,The Linden Hours,Album,Tidewater,The Quiet Year,Nordlys Records,4065629200201,DEX252500204,5800,17.242240,USD
2025-05,2025-07-31,Spotify,NL,The Linden Hours,Album,Tidewater,The Quiet Year,Nordlys Records,4065629200201,DEX252500204,3901,11.559443,USD
2025-05,2025-07-31,Spotify,SE,The Linden Hours,Album,Tidewater,The Quiet Year,Nordlys Records,4065629200201,DEX252500204,2776,8.341325,USD
2025-05,2025-07-31,Spotify,US,The Linden Hours,Album,Tidewater,The Quiet Year,Nordlys Records,4065629200201,DEX252500204,8082,27.077933,USD
2025-05,2025-07-31,Spotify,AT,The Linden Hours,Album,Tidewater,Second Light,Nordlys Records,4065629200201,DEX252500205,3168,10.522829,USD
2025-05,2025-07-31,Spotify,DE,The Linden Hours,Album,Tidewater,Second Light,Nordlys Records,4065629200201,DEX252500205,14526,43.136410,USD
2025-05,2025-07-31,Spotify,GB,The Linden Hours,Album,Tidewater,Second Light,Nordlys Records,4065629200201,DEX252500205,4837,14.689002,USD
2025-05,2025-07-31,Spotify,NL,The Linden Hours,Album,Tidewater,Second Light,Nordlys Records,4065629200201,DEX252500205,3037,10.155728,USD
2025-05,2025-07-31,Spotify,SE,The Linden Hours,Album,Tidewater,Second Light,Nordlys Records,4065629200201,DEX252500205,2286,7.278624,USD
2025-05,2025-07-31,Spotify,US,The Linden Hours,Album,Tidewater,Second Light,Nordlys Records,4065629200201,DEX252500205,7258,24.456557,USD
2025-05,2025-07-31,Spotify,AT,The Linden Hours,Album,Tidewater,Glasshouse,Nordlys Records,4065629200201,DEX252500206,5832,18.960998,USD
2025-05,2025-07-31,Spotify,DE,The Linden Hours,Album,Tidewater,Glasshouse,Nordlys Records,4065629200201,DEX252500206,23107,78.896541,USD
2025-05,2025-07-31,Spotify,GB,The Linden Hours,Album,Tidewater,Glasshouse,Nordlys Records,4065629200201,DEX252500206,7960,24.147456,USD
2025-05,2025-07-31,Spotify,NL,The Linden Hours,Album,Tidewater,Glasshouse,Nordlys Records,4065629200201,DEX252500206,5404,16.635674,USD
2025-05,2025-07-31,Spotify,SE,The Linden Hours,Album,Tidewater,Glasshouse,Nordlys Records,4065629200201,DEX252500206,4189,13.109894,USD
2025-05,2025-07-31,Spotify,US,The Linden Hours,Album,Tidewater,Glasshouse,Nordlys Records,4065629200201,DEX252500206,12595,38.127584,USD
2025-05,2025-07-31,Spotify,AT,The Linden Hours,Album,Tidewater,Summer Static,Nordlys Records,4065629200201,DEX252500207,12861,41.031734,USD
2025-05,2025-07-31,Spotify,DE,The Linden Hours,Album,Tidewater,Summer Static,Nordlys Records,4065629200201,DEX252500207,58846,186.800742,USD
2025-05,2025-07-31,Spotify,GB,The Linden Hours,Album,Tidewater,Summer Static,Nordlys Records,4065629200201,DEX252500207,22513,73.914682,USD
2025-05,2025-07-31,Spotify,NL,The Linden Hours,Album,Tidewater,Summer Static,Nordlys Records,4065629200201,DEX252500207,13635,44.810064,USD
2025-05,2025-07-31,Spotify,SE,The Linden Hours,Album,Tidewater,Summer Static,Nordlys Records,4065629200201,DEX252500207,10656,31.507661,USD
2025-05,2025-07-31,Spotify,US,The Linden Hours,Album,Tidewater,Summer Static,Nordlys Records,4065629200201,DEX252500207,24025,71.729040,USD
2025-05,2025-07-31,Spotify,AT,The Linden Hours,Album,Tidewater,Tidewater,Nordlys Records,4065629200201,DEX252500208,4801,14.472134,USD
2025-05,2025-07-31,Spotify,DE,The Linden Hours,Album,Tidewater,Tidewater,Nordlys Records,4065629200201,DEX252500208,15831,52.989523,USD
2025-05,2025-07-31,Spotify,GB,The Linden Hours,Album,Tidewater,Tidewater,Nordlys Records,4065629200201,DEX252500208,6808,22.243098,USD
2025-05,2025-07-31,Spotify,NL,The Linden Hours,Album,Tidewater,Tidewater,Nordlys Records,4065629200201,DEX252500208,4509,14.371085,USD
2025-05,2025-07-31,Spotify,SE,The Linden Hours,Album,Tidewater,Tidewater,Nordlys Records,4065629200201,DEX252500208,3141,10.644221,USD
2025-05,2025-07-31,Spotify,US,The Linden Hours,Album,Tidewater,Tidewater,Nordlys Records,4065629200201,DEX252500208,6624,21.981082,USD
2025-05,2025-07-31,Tidal,AT,The Linden Hours,Album,Tidewater,Linden,Nordlys Records,4065629200201,DEX252500201,612,5.811674,USD
2025-05,2025-07-31,Tidal,DE,The Linden Hours,Album,Tidewater,Linden,Nordlys Records,4065629200201,DEX252500201,2074,19.573168,USD
2025-05,2025-07-31,Tidal,GB,The Linden Hours,Album,Tidewater,Linden,Nordlys Records,4065629200201,DEX252500201,949,9.467604,USD
2025-05,2025-07-31,Tidal,NL,The Linden Hours,Album,Tidewater,Linden,Nordlys Records,4065629200201,DEX252500201,531,5.453582,USD
2025-05,2025-07-31,Tidal,SE,The Linden Hours,Album,Tidewater,Linden,Nordlys Records,4065629200201,DEX252500201,414,4.170802,USD
2025-05,2025-07-31,Tidal,US,The Linden Hours,Album,Tidewater,Linden,Nordlys Records,4065629200201,DEX252500201,963,9.701647,USD
2025-05,2025-07-31,Tidal,AT,The Linden Hours,Album,Tidewater,Paper Lanterns,Nordlys Records,4065629200201,DEX252500202,1084,10.081417,USD
2025-05,2025-07-31,Tidal,DE,The Linden Hours,Album,Tidewater,Paper Lanterns,Nordlys Records,4065629200201,DEX252500202,3735,37.042236,USD
2025-05,2025-07-31,Tidal,GB,The Linden Hours,Album,Tidewater,Paper Lanterns,Nordlys Records,4065629200201,DEX252500202,1395,13.356567,USD
2025-05,2025-07-31,Tidal,NL,The Linden Hours,Album,Tidewater,Paper Lanterns,Nordlys Records,4065629200201,DEX252500202,886,9.082209,USD
2025-05,2025-07-31,Tidal,SE,The Linden Hours,Album,Tidewater,Paper Lanterns,Nordlys Records,4065629200201,DEX252500202,630,6.390090,USD
2025-05,2025-07-31,Tidal,US,The Linden Hours,Album,Tidewater,Paper Lanterns,Nordlys Records,4065629200201,DEX252500202,1786,18.447951,USD
2025-05,2025-07-31,Tidal,AT,The Linden Hours,Album,Tidewater,Salt and Iron,Nordlys Records,4065629200201,DEX252500203,526,5.350682,USD
2025-05,2025-07-31,Tidal,DE,The Linden Hours,Album,Tidewater,Salt and Iron,Nordlys Records,4065629200201,DEX252500203,1588,14.722030,USD
2025-05,2025-07-31,Tidal,GB,The Linden Hours,Album,Tidewater,Salt and Iron,Nordlys Records,4065629200201,DEX252500203,598,6.018631,USD
2025-05,2025-07-31,Tidal,NL,The Linden Hours,Album,Tidewater,Salt and Iron,Nordlys Records,4065629200201,DEX252500203,513,4.977126,USD
2025-05,2025-07-31,Tidal,SE,The Linden Hours,Album,Tidewater,Salt and Iron,Nordlys Records,4065629200201,DEX252500203,337,3.352139,USD
2025-05,2025-07-31,Tidal,US,The Linden Hours,Album,Tidewater,Salt and Iron,Nordlys Records,4065629200201,DEX252500203,904,9.240146,USD
2025-05,2025-07-31,Tidal,AT,The Linden Hours,Album,Tidewater,The Quiet Year,Nordlys Records,4065629200201,DEX252500204,405,3.707046,USD
2025-05,2025-07-31,Tidal,DE,The Linden Hours,Album,Tidewater,The Quiet Year,Nordlys Records,4065629200201,DEX252500204,1885,17.161417,USD
2025-05,2025-07-31,Tidal,GB,The Linden Hours,Album,Tidewater,The Quiet Year,Nordlys Records,4065629200201,DEX252500204,459,4.223810,USD
2025-05,2025-07-31,Tidal,NL,The Linden Hours,Album,Tidewater,The Quiet Year,Nordlys Records,4065629200201,DEX252500204,405,4.159512,USD
2025-05,2025-07-31,Tidal,SE,The Linden Hours,Album,Tidewater,The Quiet Year,Nordlys Records,4065629200201,DEX252500204,247,2.328617,USD
2025-05,2025-07-31,Tidal,US,The Linden Hours,Album,Tidewater,The Quiet Year,Nordlys Records,4065629200201,DEX252500204,706,6.655886,USD
2025-05,2025-07-31,Tidal,AT,The Linden Hours,Album,Tidewater,Second Light,Nordlys Records,4065629200201,DEX252500205,297,3.027024,USD
2025-05,2025-07-31,Tidal,DE,The Linden Hours,Album,Tidewater,Second Light,Nordlys Records,4065629200201,DEX252500205,1111,11.116444,USD
2025-05,2025-07-31,Tidal,GB,The Linden Hours,Album,Tidewater,Second Light,Nordlys Records,4065629200201,DEX252500205,450,4.132170,USD
2025-05,2025-07-31,Tidal,NL,The Linden Hours,Album,Tidewater,Second Light,Nordlys Records,4065629200201,DEX252500205,247,2.239055,USD
2025-05,2025-07-31,Tidal,SE,The Linden Hours,Album,Tidewater,Second Light,Nordlys Records,4065629200201,DEX252500205,220,1.983520,USD
2025-05,2025-07-31,Tidal,US,The Linden Hours,Album,Tidewater,Second Light,Nordlys Records,4065629200201,DEX252500205,729,7.587140,USD
2025-05,2025-07-31,Tidal,AT,The Linden Hours,Album,Tidewater,Glasshouse,Nordlys Records,4065629200201,DEX252500206,508,5.361737,USD
2025-05,2025-07-31,Tidal,DE,The Linden Hours,Album,Tidewater,Glasshouse,Nordlys Records,4065629200201,DEX252500206,2389,25.214939,USD
2025-05,2025-07-31,Tidal,GB,The Linden Hours,Album,Tidewater,Glasshouse,Nordlys Records,4065629200201,DEX252500206,616,5.825512,USD
2025-05,2025-07-31,Tidal,NL,The Linden Hours,Album,Tidewater,Glasshouse,Nordlys Records,4065629200201,DEX252500206,432,4.153162,USD
2025-05,2025-07-31,Tidal,SE,The Linden Hours,Album,Tidewater,Glasshouse,Nordlys Records,4065629200201,DEX252500206,342,3.395171,USD
2025-05,2025-07-31,Tidal,US,The Linden Hours,Album,Tidewater,Glasshouse,Nordlys Records,4065629200201,DEX252500206,832,7.762227,USD
2025-05,2025-07-31,Tidal,AT,The Linden Hours,Album,Tidewater,Summer Static,Nordlys Records,4065629200201,DEX252500207,1084,10.793171,USD
2025-05,2025-07-31,Tidal,DE,The Linden Hours,Album,Tidewater,Summer Static,Nordlys Records,4065629200201,DEX252500207,4675,45.677555,USD
2025-05,2025-07-31,Tidal,GB,The Linden Hours,Album,Tidewater,Summer Static,Nordlys Records,4065629200201,DEX252500207,1669,17.157654,USD
2025-05,2025-07-31,Tidal,NL,The Linden Hours,Album,Tidewater,Summer Static,Nordlys Records,4065629200201,DEX252500207,1093,11.075588,USD
2025-05,2025-07-31,Tidal,SE,The Linden Hours,Album,Tidewater,Summer Static,Nordlys Records,4065629200201,DEX252500207,778,7.525283,USD
2025-05,2025-07-31,Tidal,US,The Linden Hours,Album,Tidewater,Summer Static,Nordlys Records,4065629200201,DEX252500207,2209,19.937992,USD
2025-05,2025-07-31,Tidal,AT,The Linden Hours,Album,Tidewater,Tidewater,Nordlys Records,4065629200201,DEX252500208,396,3.613025,USD
2025-05,2025-07-31,Tidal,DE,The Linden Hours,Album,Tidewater,Tidewater,Nordlys Records,4065629200201,DEX252500208,1413,13.127335,USD
2025-05,2025-07-31,Tidal,GB,The Linden Hours,Album,Tidewater,Tidewater,Nordlys Records,4065629200201,DEX252500208,598,5.649426,USD
2025-05,2025-07-31,Tidal,NL,The Linden Hours,Album,Tidewater,Tidewater,Nordlys Records,4065629200201,DEX252500208,337,3.540387,USD
2025-05,2025-07-31,Tidal,SE,The Linden Hours,Album,Tidewater,Tidewater,Nordlys Records,4065629200201,DEX252500208,288,2.859091,USD
2025-05,2025-07-31,Tidal,US,The Linden Hours,Album,Tidewater,Tidewater,Nordlys Records,4065629200201,DEX252500208,738,7.413210,USD
2025-05,2025-07-31,YouTube Music,AT,The Linden Hours,Album,Tidewater,Linden,Nordlys Records,4065629200201,DEX252500201,900,1.874880,USD
2025-05,2025-07-31,YouTube Music,DE,The Linden Hours,Album,Tidewater,Linden,Nordlys Records,4065629200201,DEX252500201,4041,8.961322,USD
2025-05,2025-07-31,YouTube Music,GB,The Linden Hours,Album,Tidewater,Linden,Nordlys Records,4065629200201,DEX252500201,1143,2.433904,USD
2025-05,2025-07-31,YouTube Music,NL,The Linden Hours,Album,Tidewater,Linden,Nordlys Records,4065629200201,DEX252500201,873,1.836967,USD
2025-05,2025-07-31,YouTube Music,SE,The Linden Hours,Album,Tidewater,Linden,Nordlys Records,4065629200201,DEX252500201,639,1.387525,USD
2025-05,2025-07-31,YouTube Music,US,The Linden Hours,Album,Tidewater,Linden,Nordlys Records,4065629200201,DEX252500201,2493,5.062535,USD
2025-05,2025-07-31,YouTube Music,AT,The Linden Hours,Album,Tidewater,Paper Lanterns,Nordlys Records,4065629200201,DEX252500202,1660,3.252438,USD
2025-05,2025-07-31,YouTube Music,DE,The Linden Hours,Album,Tidewater,Paper Lanterns,Nordlys Records,4065629200201,DEX252500202,6547,14.326145,USD
2025-05,2025-07-31,YouTube Music,GB,The Linden Hours,Album,Tidewater,Paper Lanterns,Nordlys Records,4065629200201,DEX252500202,2488,5.230025,USD
2025-05,2025-07-31,YouTube Music,NL,The Linden Hours,Album,Tidewater,Paper Lanterns,Nordlys Records,4065629200201,DEX252500202,1575,3.343883,USD
2025-05,2025-07-31,YouTube Music,SE,The Linden Hours,Album,Tidewater,Paper Lanterns,Nordlys Records,4065629200201,DEX252500202,1143,2.407501,USD
2025-05,2025-07-31,YouTube Music,US,The Linden Hours,Album,Tidewater,Paper Lanterns,Nordlys Records,4065629200201,DEX252500202,3276,7.189182,USD
2025-05,2025-07-31,YouTube Music,AT,The Linden Hours,Album,Tidewater,Salt and Iron,Nordlys Records,4065629200201,DEX252500203,873,1.732469,USD
2025-05,2025-07-31,YouTube Music,DE,The Linden Hours,Album,Tidewater,Salt and Iron,Nordlys Records,4065629200201,DEX252500203,3280,7.094640,USD
2025-05,2025-07-31,YouTube Music,GB,The Linden Hours,Album,Tidewater,Salt and Iron,Nordlys Records,4065629200201,DEX252500203,1102,2.265602,USD
2025-05,2025-07-31,YouTube Music,NL,The Linden Hours,Album,Tidewater,Salt and Iron,Nordlys Records,4065629200201,DEX252500203,873,1.932298,USD
2025-05,2025-07-31,YouTube Music,SE,The Linden Hours,Album,Tidewater,Salt and Iron,Nordlys Records,4065629200201,DEX252500203,490,0.952854,USD
2025-05,2025-07-31,YouTube Music,US,The Linden Hours,Album,Tidewater,Salt and Iron,Nordlys Records,4065629200201,DEX252500203,1305,2.540444,USD
2025-05,2025-07-31,YouTube Music,AT,The Linden Hours,Album,Tidewater,The Quiet Year,Nordlys Records,4065629200201,DEX252500204,594,1.276090,USD
2025-05,2025-07-31,YouTube Music,DE,The Linden Hours,Album,Tidewater,The Quiet Year,Nordlys Records,4065629200201,DEX252500204,2857,5.609720,USD
2025-05,2025-07-31,YouTube Music,GB,The Linden Hours,Album,Tidewater,The Quiet Year,Nordlys Records,4065629200201,DEX252500204,756,1.649516,USD
2025-05,2025-07-31,YouTube Music,NL,The Linden Hours,Album,Tidewater,The Quiet Year,Nordlys Records,4065629200201,DEX252500204,634,1.268824,USD
2025-05,2025-07-31,YouTube Music,SE,The Linden Hours,Album,Tidewater,The Quiet Year,Nordlys Records,4065629200201,DEX252500204,513,1.143015,USD
2025-05,2025-07-31,YouTube Music,US,The Linden Hours,Album,Tidewater,The Quiet Year,Nordlys Records,4065629200201,DEX252500204,1291,2.876477,USD
2025-05,2025-07-31,YouTube Music,AT,The Linden Hours,Album,Tidewater,Second Light,Nordlys Records,4065629200201,DEX252500205,517,1.129128,USD
2025-05,2025-07-31,YouTube Music,DE,The Linden Hours,Album,Tidewater,Second Light,Nordlys Records,4065629200201,DEX252500205,2488,5.010583,USD
2025-05,2025-07-31,YouTube Music,GB,The Linden Hours,Album,Tidewater,Second Light,Nordlys Records,4065629200201,DEX252500205,756,1.706670,USD
2025-05,2025-07-31,YouTube Music,NL,The Linden Hours,Album,Tidewater,Second Light,Nordlys Records,4065629200201,DEX252500205,477,1.038763,USD
2025-05,2025-07-31,YouTube Music,SE,The Linden Hours,Album,Tidewater,Second Light,Nordlys Records,4065629200201,DEX252500205,432,0.853675,USD
2025-05,2025-07-31,YouTube Music,US,The Linden Hours,Album,Tidewater,Second Light,Nordlys Records,4065629200201,DEX252500205,1107,2.492078,USD
2025-05,2025-07-31,YouTube Music,AT,The Linden Hours,Album,Tidewater,Glasshouse,Nordlys Records,4065629200201,DEX252500206,1017,2.011829,USD
2025-05,2025-07-31,YouTube Music,DE,The Linden Hours,Album,Tidewater,Glasshouse,Nordlys Records,4065629200201,DEX252500206,4648,9.097066,USD
2025-05,2025-07-31,YouTube Music,GB,The Linden Hours,Album,Tidewater,Glasshouse,Nordlys Records,4065629200201,DEX252500206,1390,2.810997,USD
2025-05,2025-07-31,YouTube Music,NL,The Linden Hours,Album,Tidewater,Glasshouse,Nordlys Records,4065629200201,DEX252500206,900,1.772820,USD
2025-05,2025-07-31,YouTube Music,SE,The Linden Hours,Album,Tidewater,Glasshouse,Nordlys Records,4065629200201,DEX252500206,697,1.424180,USD
2025-05,2025-07-31,YouTube Music,US,The Linden Hours,Album,Tidewater,Glasshouse,Nordlys Records,4065629200201,DEX252500206,1917,4.214908,USD
2025-05,2025-07-31,YouTube Music,AT,The Linden Hours,Album,Tidewater,Summer Static,Nordlys Records,4065629200201,DEX252500207,2191,4.495275,USD
2025-05,2025-07-31,YouTube Music,DE,The Linden Hours,Album,Tidewater,Summer Static,Nordlys Records,4065629200201,DEX252500207,8793,17.560500,USD
2025-05,2025-07-31,YouTube Music,GB,The Linden Hours,Album,Tidewater,Summer Static,Nordlys Records,4065629200201,DEX252500207,3438,6.981547,USD
2025-05,2025-07-31,YouTube Music,NL,The Linden Hours,Album,Tidewater,Summer Static,Nordlys Records,4065629200201,DEX252500207,2047,4.552323,USD
2025-05,2025-07-31,YouTube Music,SE,The Linden Hours,Album,Tidewater,Summer Static,Nordlys Records,4065629200201,DEX252500207,1377,3.073877,USD
2025-05,2025-07-31,YouTube Music,US,The Linden Hours,Album,Tidewater,Summer Static,Nordlys Records,4065629200201,DEX252500207,3969,8.985022,USD
2025-05,2025-07-31,YouTube Music,AT,The Linden Hours,Album,Tidewater,Tidewater,Nordlys Records,4065629200201,DEX252500208,603,1.343544,USD
2025-05,2025-07-31,YouTube Music,DE,The Linden Hours,Album,Tidewater,Tidewater,Nordlys Records,4065629200201,DEX252500208,2488,5.486040,USD
2025-05,2025-07-31,YouTube Music,GB,The Linden Hours,Album,Tidewater,Tidewater,Nordlys Records,4065629200201,DEX252500208,985,2.180199,USD
2025-05,2025-07-31,YouTube Music,NL,The Linden Hours,Album,Tidewater,Tidewater,Nordlys Records,4065629200201,DEX252500208,648,1.469664,USD
2025-05,2025-07-31,YouTube Music,SE,The Linden Hours,Album,Tidewater,Tidewater,Nordlys Records,4065629200201,DEX252500208,513,1.019126,USD
2025-05,2025-07-31,YouTube Music,US,The Linden Hours,Album,Tidewater,Tidewater,Nordlys Records,4065629200201,DEX252500208,1408,2.853312,USD
2025-06,2025-08-29,Amazon Music,AT,The Linden Hours,Album,Tidewater,Linden,Nordlys Records,4065629200201,DEX252500201,814,3.527469,USD
2025-06,2025-08-29,Amazon Music,DE,The Linden Hours,Album,Tidewater,Linden,Nordlys Records,4065629200201,DEX252500201,3069,13.451427,USD
2025-06,2025-08-29,Amazon Music,GB,The Linden Hours,Album,Tidewater,Linden,Nordlys Records,4065629200201,DEX252500201,1071,4.747208,USD
2025-06,2025-08-29,Amazon Music,NL,The Linden Hours,Album,Tidewater,Linden,Nordlys Records,4065629200201,DEX252500201,684,2.911788,USD
2025-06,2025-08-29,Amazon Music,SE,The Linden Hours,Album,Tidewater,Linden,Nordlys Records,4065629200201,DEX252500201,513,2.280798,USD
2025-06,2025-08-29,Amazon Music,US,The Linden Hours,Album,Tidewater,Linden,Nordlys Records,4065629200201,DEX252500201,1597,7.093076,USD
2025-06,2025-08-29,Amazon Music,AT,The Linden Hours,Album,Tidewater,Paper Lanterns,Nordlys Records,4065629200201,DEX252500202,1138,5.018580,USD
2025-06,2025-08-29,Amazon Music,DE,The Linden Hours,Album,Tidewater,Paper Lanterns,Nordlys Records,4065629200201,DEX252500202,5242,24.603327,USD
2025-06,2025-08-29,Amazon Music,GB,The Linden Hours,Album,Tidewater,Paper Lanterns,Nordlys Records,4065629200201,DEX252500202,1741,7.756155,USD
2025-06,2025-08-29,Amazon Music,NL,The Linden Hours,Album,Tidewater,Paper Lanterns,Nordlys Records,4065629200201,DEX252500202,1174,5.462622,USD
2025-06,2025-08-29,Amazon Music,SE,The Linden Hours,Album,Tidewater,Paper Lanterns,Nordlys Records,4065629200201,DEX252500202,706,2.980026,USD
2025-06,2025-08-29,Amazon Music,US,The Linden Hours,Album,Tidewater,Paper Lanterns,Nordlys Records,4065629200201,DEX252500202,2196,9.190260,USD
2025-06,2025-08-29,Amazon Music,AT,The Linden Hours,Album,Tidewater,Salt and Iron,Nordlys Records,4065629200201,DEX252500203,630,2.608200,USD
2025-06,2025-08-29,Amazon Music,DE,The Linden Hours,Album,Tidewater,Salt and Iron,Nordlys Records,4065629200201,DEX252500203,2295,9.594248,USD
2025-06,2025-08-29,Amazon Music,GB,The Linden Hours,Album,Tidewater,Salt and Iron,Nordlys Records,4065629200201,DEX252500203,805,3.850718,USD
2025-06,2025-08-29,Amazon Music,NL,The Linden Hours,Album,Tidewater,Salt and Iron,Nordlys Records,4065629200201,DEX252500203,594,2.689038,USD
2025-06,2025-08-29,Amazon Music,SE,The Linden Hours,Album,Tidewater,Salt and Iron,Nordlys Records,4065629200201,DEX252500203,378,1.658475,USD
2025-06,2025-08-29,Amazon Music,US,The Linden Hours,Album,Tidewater,Salt and Iron,Nordlys Records,4065629200201,DEX252500203,1138,4.839345,USD
2025-06,2025-08-29,Amazon Music,AT,The Linden Hours,Album,Tidewater,The Quiet Year,Nordlys Records,4065629200201,DEX252500204,481,2.175323,USD
2025-06,2025-08-29,Amazon Music,DE,The Linden Hours,Album,Tidewater,The Quiet Year,Nordlys Records,4065629200201,DEX252500204,2074,10.070307,USD
2025-06,2025-08-29,Amazon Music,GB,The Linden Hours,Album,Tidewater,The Quiet Year,Nordlys Records,4065629200201,DEX252500204,567,2.403513,USD
2025-06,2025-08-29,Amazon Music,NL,The Linden Hours,Album,Tidewater,The Quiet Year,Nordlys Records,4065629200201,DEX252500204,414,1.881630,USD
2025-06,2025-08-29,Amazon Music,SE,The Linden Hours,Album,Tidewater,The Quiet Year,Nordlys Records,4065629200201,DEX252500204,319,1.353677,USD
2025-06,2025-08-29,Amazon Music,US,The Linden Hours,Album,Tidewater,The Quiet Year,Nordlys Records,4065629200201,DEX252500204,918,4.337550,USD
2025-06,2025-08-29,Amazon Music,AT,The Linden Hours,Album,Tidewater,Second Light,Nordlys Records,4065629200201,DEX252500205,369,1.540944,USD
2025-06,2025-08-29,Amazon Music,DE,The Linden Hours,Album,Tidewater,Second Light,Nordlys Records,4065629200201,DEX252500205,1521,6.646010,USD
2025-06,2025-08-29,Amazon Music,GB,The Linden Hours,Album,Tidewater,Second Light,Nordlys Records,4065629200201,DEX252500205,544,2.379456,USD
2025-06,2025-08-29,Amazon Music,NL,The Linden Hours,Album,Tidewater,Second Light,Nordlys Records,4065629200201,DEX252500205,297,1.279031,USD
2025-06,2025-08-29,Amazon Music,SE,The Linden Hours,Album,Tidewater,Second Light,Nordlys Records,4065629200201,DEX252500205,265,1.243778,USD
2025-06,2025-08-29,Amazon Music,US,The Linden Hours,Album,Tidewater,Second Light,Nordlys Records,4065629200201,DEX252500205,657,3.057021,USD
2025-06,2025-08-29,Amazon Music,AT,The Linden Hours,Album,Tidewater,Glasshouse,Nordlys Records,4065629200201,DEX252500206,612,2.798064,USD
2025-06,2025-08-29,Amazon Music,DE,The Linden Hours,Album,Tidewater,Glasshouse,Nordlys Records,4065629200201,DEX252500206,2196,9.101322,USD
2025-06,2025-08-29,Amazon Music,GB,The Linden Hours,Album,Tidewater,Glasshouse,Nordlys Records,4065629200201,DEX252500206,972,4.417740,USD
2025-06,2025-08-29,Amazon Music,NL,The Linden Hours,Album,Tidewater,Glasshouse,Nordlys Records,4065629200201,DEX252500206,589,2.796278,USD
2025-06,2025-08-29,Amazon Music,SE,The Linden Hours,Album,Tidewater,Glasshouse,Nordlys Records,4065629200201,DEX252500206,432,1.850688,USD
2025-06,2025-08-29,Amazon Music,US,The Linden Hours,Album,Tidewater,Glasshouse,Nordlys Records,4065629200201,DEX252500206,1633,7.186833,USD
2025-06,2025-08-29,Amazon Music,AT,The Linden Hours,Album,Tidewater,Summer Static,Nordlys Records,4065629200201,DEX252500207,1372,5.791212,USD
2025-06,2025-08-29,Amazon Music,DE,The Linden Hours,Album,Tidewater,Summer Static,Nordlys Records,4065629200201,DEX252500207,6696,28.143288,USD
2025-06,2025-08-29,Amazon Music,GB,The Linden Hours,Album,Tidewater,Summer Static,Nordlys Records,4065629200201,DEX252500207,2061,8.977716,USD
2025-06,2025-08-29,Amazon Music,NL,The Linden Hours,Album,Tidewater,Summer Static,Nordlys Records,4065629200201,DEX252500207,1111,4.669533,USD
2025-06,2025-08-29,Amazon Music,SE,The Linden Hours,Album,Tidewater,Summer Static,Nordlys Records,4065629200201,DEX252500207,1255,5.495018,USD
2025-06,2025-08-29,Amazon Music,US,The Linden Hours,Album,Tidewater,Summer Static,Nordlys Records,4065629200201,DEX252500207,2533,11.592275,USD
2025-06,2025-08-29,Amazon Music,AT,The Linden Hours,Album,Tidewater,Tidewater,Nordlys Records,4065629200201,DEX252500208,585,2.429798,USD
2025-06,2025-08-29,Amazon Music,DE,The Linden Hours,Album,Tidewater,Tidewater,Nordlys Records,4065629200201,DEX252500208,1804,7.923168,USD
2025-06,2025-08-29,Amazon Music,GB,The Linden Hours,Album,Tidewater,Tidewater,Nordlys Records,4065629200201,DEX252500208,702,2.941029,USD
2025-06,2025-08-29,Amazon Music,NL,The Linden Hours,Album,Tidewater,Tidewater,Nordlys Records,4065629200201,DEX252500208,499,2.214063,USD
2025-06,2025-08-29,Amazon Music,SE,The Linden Hours,Album,Tidewater,Tidewater,Nordlys Records,4065629200201,DEX252500208,288,1.395792,USD
2025-06,2025-08-29,Amazon Music,US,The Linden Hours,Album,Tidewater,Tidewater,Nordlys Records,4065629200201,DEX252500208,931,4.223016,USD
2025-06,2025-08-29,Apple Music,AT,The Linden Hours,Album,Tidewater,Linden,Nordlys Records,4065629200201,DEX252500201,1318,9.105139,USD
2025-06,2025-08-29,Apple Music,DE,The Linden Hours,Album,Tidewater,Linden,Nordlys Records,4065629200201,DEX252500201,4810,33.024017,USD
2025-06,2025-08-29,Apple Music,GB,The Linden Hours,Album,Tidewater,Linden,Nordlys Records,4065629200201,DEX252500201,1696,11.319104,USD
2025-06,2025-08-29,Apple Music,NL,The Linden Hours,Album,Tidewater,Linden,Nordlys Records,4065629200201,DEX252500201,1165,8.751247,USD
2025-06,2025-08-29,Apple Music,SE,The Linden Hours,Album,Tidewater,Linden,Nordlys Records,4065629200201,DEX252500201,936,6.731993,USD
2025-06,2025-08-29,Apple Music,US,The Linden Hours,Album,Tidewater,Linden,Nordlys Records,4065629200201,DEX252500201,2727,20.697657,USD
2025-06,2025-08-29,Apple Music,AT,The Linden Hours,Album,Tidewater,Paper Lanterns,Nordlys Records,4065629200201,DEX252500202,2151,15.195740,USD
2025-06,2025-08-29,Apple Music,DE,The Linden Hours,Album,Tidewater,Paper Lanterns,Nordlys Records,4065629200201,DEX252500202,6475,49.558355,USD
2025-06,2025-08-29,Apple Music,GB,The Linden Hours,Album,Tidewater,Paper Lanterns,Nordlys Records,4065629200201,DEX252500202,2587,19.047305,USD
2025-06,2025-08-29,Apple Music,NL,The Linden Hours,Album,Tidewater,Paper Lanterns,Nordlys Records,4065629200201,DEX252500202,1818,12.404396,USD
2025-06,2025-08-29,Apple Music,SE,The Linden Hours,Album,Tidewater,Paper Lanterns,Nordlys Records,4065629200201,DEX252500202,1116,7.582885,USD
2025-06,2025-08-29,Apple Music,US,The Linden Hours,Album,Tidewater,Paper Lanterns,Nordlys Records,4065629200201,DEX252500202,3667,24.109058,USD
2025-06,2025-08-29,Apple Music,AT,The Linden Hours,Album,Tidewater,Salt and Iron,Nordlys Records,4065629200201,DEX252500203,1035,7.701228,USD
2025-06,2025-08-29,Apple Music,DE,The Linden Hours,Album,Tidewater,Salt and Iron,Nordlys Records,4065629200201,DEX252500203,3897,27.751706,USD
2025-06,2025-08-29,Apple Music,GB,The Linden Hours,Album,Tidewater,Salt and Iron,Nordlys Records,4065629200201,DEX252500203,1287,8.689953,USD
2025-06,2025-08-29,Apple Music,NL,The Linden Hours,Album,Tidewater,Salt and Iron,Nordlys Records,4065629200201,DEX252500203,864,6.091459,USD
2025-06,2025-08-29,Apple Music,SE,The Linden Hours,Album,Tidewater,Salt and Iron,Nordlys Records,4065629200201,DEX252500203,832,5.688634,USD
2025-06,2025-08-29,Apple Music,US,The Linden Hours,Album,Tidewater,Salt and Iron,Nordlys Records,4065629200201,DEX252500203,2124,15.698696,USD
2025-06,2025-08-29,Apple Music,AT,The Linden Hours,Album,Tidewater,The Quiet Year,Nordlys Records,4065629200201,DEX252500204,742,5.521074,USD
2025-06,2025-08-29,Apple Music,DE,The Linden Hours,Album,Tidewater,The Quiet Year,Nordlys Records,4065629200201,DEX252500204,2650,19.210115,USD
2025-06,2025-08-29,Apple Music,GB,The Linden Hours,Album,Tidewater,The Quiet Year,Nordlys Records,4065629200201,DEX252500204,1080,8.005392,USD
2025-06,2025-08-29,Apple Music,NL,The Linden Hours,Album,Tidewater,The Quiet Year,Nordlys Records,4065629200201,DEX252500204,702,5.367983,USD
2025-06,2025-08-29,Apple Music,SE,The Linden Hours,Album,Tidewater,The Quiet Year,Nordlys Records,4065629200201,DEX252500204,567,3.917006,USD
2025-06,2025-08-29,Apple Music,US,The Linden Hours,Album,Tidewater,The Quiet Year,Nordlys Records,4065629200201,DEX252500204,1746,12.148668,USD
2025-06,2025-08-29,Apple Music,AT,The Linden Hours,Album,Tidewater,Second Light,Nordlys Records,4065629200201,DEX252500205,684,4.531021,USD
2025-06,2025-08-29,Apple Music,DE,The Linden Hours,Album,Tidewater,Second Light,Nordlys Records,4065629200201,DEX252500205,2682,18.547103,USD
2025-06,2025-08-29,Apple Music,GB,The Linden Hours,Album,Tidewater,Second Light,Nordlys Records,4065629200201,DEX252500205,936,6.479460,USD
2025-06,2025-08-29,Apple Music,NL,The Linden Hours,Album,Tidewater,Second Light,Nordlys Records,4065629200201,DEX252500205,576,4.122317,USD
2025-06,2025-08-29,Apple Music,SE,The Linden Hours,Album,Tidewater,Second Light,Nordlys Records,4065629200201,DEX252500205,481,3.520968,USD
2025-06,2025-08-29,Apple Music,US,The Linden Hours,Album,Tidewater,Second Light,Nordlys Records,4065629200201,DEX252500205,1228,8.160797,USD
2025-06,2025-08-29,Apple Music,AT,The Linden Hours,Album,Tidewater,Glasshouse,Nordlys Records,4065629200201,DEX252500206,1318,9.694681,USD
2025-06,2025-08-29,Apple Music,DE,The Linden Hours,Album,Tidewater,Glasshouse,Nordlys Records,4065629200201,DEX252500206,4855,34.125795,USD
2025-06,2025-08-29,Apple Music,GB,The Linden Hours,Album,Tidewater,Glasshouse,Nordlys Records,4065629200201,DEX252500206,1404,9.529790,USD
2025-06,2025-08-29,Apple Music,NL,The Linden Hours,Album,Tidewater,Glasshouse,Nordlys Records,4065629200201,DEX252500206,990,7.415595,USD
2025-06,2025-08-29,Apple Music,SE,The Linden Hours,Album,Tidewater,Glasshouse,Nordlys Records,4065629200201,DEX252500206,805,5.606906,USD
2025-06,2025-08-29,Apple Music,US,The Linden Hours,Album,Tidewater,Glasshouse,Nordlys Records,4065629200201,DEX252500206,1971,13.854159,USD
2025-06,2025-08-29,Apple Music,AT,The Linden Hours,Album,Tidewater,Summer Static,Nordlys Records,4065629200201,DEX252500207,2817,18.460646,USD
2025-06,2025-08-29,Apple Music,DE,The Linden Hours,Album,Tidewater,Summer Static,Nordlys Records,4065629200201,DEX252500207,9778,72.200752,USD
2025-06,2025-08-29,Apple Music,GB,The Linden Hours,Album,Tidewater,Summer Static,Nordlys Records,4065629200201,DEX252500207,3271,21.644861,USD
2025-06,2025-08-29,Apple Music,NL,The Linden Hours,Album,Tidewater,Summer Static,Nordlys Records,4065629200201,DEX252500207,1962,14.111293,USD
2025-06,2025-08-29,Apple Music,SE,The Linden Hours,Album,Tidewater,Summer Static,Nordlys Records,4065629200201,DEX252500207,1800,13.470120,USD
2025-06,2025-08-29,Apple Music,US,The Linden Hours,Album,Tidewater,Summer Static,Nordlys Records,4065629200201,DEX252500207,5566,37.819300,USD
2025-06,2025-08-29,Apple Music,AT,The Linden Hours,Album,Tidewater,Tidewater,Nordlys Records,4065629200201,DEX252500208,792,6.022447,USD
2025-06,2025-08-29,Apple Music,DE,The Linden Hours,Album,Tidewater,Tidewater,Nordlys Records,4065629200201,DEX252500208,3636,27.519430,USD
2025-06,2025-08-29,Apple Music,GB,The Linden Hours,Album,Tidewater,Tidewater,Nordlys Records,4065629200201,DEX252500208,1066,8.143814,USD
2025-06,2025-08-29,Apple Music,NL,The Linden Hours,Album,Tidewater,Tidewater,Nordlys Records,4065629200201,DEX252500208,751,5.508059,USD
2025-06,2025-08-29,Apple Music,SE,The Linden Hours,Album,Tidewater,Tidewater,Nordlys Records,4065629200201,DEX252500208,499,3.447242,USD
2025-06,2025-08-29,Apple Music,US,The Linden Hours,Album,Tidewater,Tidewater,Nordlys Records,4065629200201,DEX252500208,1692,12.926203,USD
2025-06,2025-08-29,Deezer,AT,The Linden Hours,Album,Tidewater,Linden,Nordlys Records,4065629200201,DEX252500201,580,2.177784,USD
2025-06,2025-08-29,Deezer,DE,The Linden Hours,Album,Tidewater,Linden,Nordlys Records,4065629200201,DEX252500201,1786,6.493896,USD
2025-06,2025-08-29,Deezer,GB,The Linden Hours,Album,Tidewater,Linden,Nordlys Records,4065629200201,DEX252500201,724,2.504750,USD
2025-06,2025-08-29,Deezer,NL,The Linden Hours,Album,Tidewater,Linden,Nordlys Records,4065629200201,DEX252500201,544,2.054362,USD
2025-06,2025-08-29,Deezer,SE,The Linden Hours,Album,Tidewater,Linden,Nordlys Records,4065629200201,DEX252500201,378,1.349914,USD
2025-06,2025-08-29,Deezer,US,The Linden Hours,Album,Tidewater,Linden,Nordlys Records,4065629200201,DEX252500201,1039,3.916199,USD
2025-06,2025-08-29,Deezer,AT,The Linden Hours,Album,Tidewater,Paper Lanterns,Nordlys Records,4065629200201,DEX252500202,715,2.507076,USD
2025-06,2025-08-29,Deezer,DE,The Linden Hours,Album,Tidewater,Paper Lanterns,Nordlys Records,4065629200201,DEX252500202,3712,12.815309,USD
2025-06,2025-08-29,Deezer,GB,The Linden Hours,Album,Tidewater,Paper Lanterns,Nordlys Records,4065629200201,DEX252500202,1314,4.517532,USD
2025-06,2025-08-29,Deezer,NL,The Linden Hours,Album,Tidewater,Paper Lanterns,Nordlys Records,4065629200201,DEX252500202,837,3.151807,USD
2025-06,2025-08-29,Deezer,SE,The Linden Hours,Album,Tidewater,Paper Lanterns,Nordlys Records,4065629200201,DEX252500202,526,1.789452,USD
2025-06,2025-08-29,Deezer,US,The Linden Hours,Album,Tidewater,Paper Lanterns,Nordlys Records,4065629200201,DEX252500202,1575,5.528250,USD
2025-06,2025-08-29,Deezer,AT,The Linden Hours,Album,Tidewater,Salt and Iron,Nordlys Records,4065629200201,DEX252500203,373,1.305202,USD
2025-06,2025-08-29,Deezer,DE,The Linden Hours,Album,Tidewater,Salt and Iron,Nordlys Records,4065629200201,DEX252500203,1417,5.274641,USD
2025-06,2025-08-29,Deezer,GB,The Linden Hours,Album,Tidewater,Salt and Iron,Nordlys Records,4065629200201,DEX252500203,472,1.831738,USD
2025-06,2025-08-29,Deezer,NL,The Linden Hours,Album,Tidewater,Salt and Iron,Nordlys Records,4065629200201,DEX252500203,306,1.129140,USD
2025-06,2025-08-29,Deezer,SE,The Linden Hours,Album,Tidewater,Salt and Iron,Nordlys Records,4065629200201,DEX252500203,279,1.046585,USD
2025-06,2025-08-29,Deezer,US,The Linden Hours,Album,Tidewater,Salt and Iron,Nordlys Records,4065629200201,DEX252500203,900,3.298320,USD
2025-06,2025-08-29,Deezer,AT,The Linden Hours,Album,Tidewater,The Quiet Year,Nordlys Records,4065629200201,DEX252500204,364,1.378541,USD
2025-06,2025-08-29,Deezer,DE,The Linden Hours,Album,Tidewater,The Quiet Year,Nordlys Records,4065629200201,DEX252500204,1543,5.665896,USD
2025-06,2025-08-29,Deezer,GB,The Linden Hours,Album,Tidewater,The Quiet Year,Nordlys Records,4065629200201,DEX252500204,414,1.527660,USD
2025-06,2025-08-29,Deezer,NL,The Linden Hours,Album,Tidewater,The Quiet Year,Nordlys Records,4065629200201,DEX252500204,319,1.113948,USD
2025-06,2025-08-29,Deezer,SE,The Linden Hours,Album,Tidewater,The Quiet Year,Nordlys Records,4065629200201,DEX252500204,225,0.761400,USD
2025-06,2025-08-29,Deezer,US,The Linden Hours,Album,Tidewater,The Quiet Year,Nordlys Records,4065629200201,DEX252500204,711,2.370190,USD
2025-06,2025-08-29,Deezer,AT,The Linden Hours,Album,Tidewater,Second Light,Nordlys Records,4065629200201,DEX252500205,265,0.904392,USD
2025-06,2025-08-29,Deezer,DE,The Linden Hours,Album,Tidewater,Second Light,Nordlys Records,4065629200201,DEX252500205,1008,3.705005,USD
2025-06,2025-08-29,Deezer,GB,The Linden Hours,Album,Tidewater,Second Light,Nordlys Records,4065629200201,DEX252500205,427,1.441894,USD
2025-06,2025-08-29,Deezer,NL,The Linden Hours,Album,Tidewater,Second Light,Nordlys Records,4065629200201,DEX252500205,265,0.936828,USD
2025-06,2025-08-29,Deezer,SE,The Linden Hours,Album,Tidewater,Second Light,Nordlys Records,4065629200201,DEX252500205,193,0.724676,USD
2025-06,2025-08-29,Deezer,US,The Linden Hours,Album,Tidewater,Second Light,Nordlys Records,4065629200201,DEX252500205,625,2.265750,USD
2025-06,2025-08-29,Deezer,AT,The Linden Hours,Album,Tidewater,Glasshouse,Nordlys Records,4065629200201,DEX252500206,513,1.929906,USD
2025-06,2025-08-29,Deezer,DE,The Linden Hours,Album,Tidewater,Glasshouse,Nordlys Records,4065629200201,DEX252500206,1800,6.454080,USD
2025-06,2025-08-29,Deezer,GB,The Linden Hours,Album,Tidewater,Glasshouse,Nordlys Records,4065629200201,DEX252500206,661,2.241583,USD
2025-06,2025-08-29,Deezer,NL,The Linden Hours,Album,Tidewater,Glasshouse,Nordlys Records,4065629200201,DEX252500206,396,1.414195,USD
2025-06,2025-08-29,Deezer,SE,The Linden Hours,Album,Tidewater,Glasshouse,Nordlys Records,4065629200201,DEX252500206,360,1.314144,USD
2025-06,2025-08-29,Deezer,US,The Linden Hours,Album,Tidewater,Glasshouse,Nordlys Records,4065629200201,DEX252500206,913,3.244072,USD
2025-06,2025-08-29,Deezer,AT,The Linden Hours,Album,Tidewater,Summer Static,Nordlys Records,4065629200201,DEX252500207,1269,4.815094,USD
2025-06,2025-08-29,Deezer,DE,The Linden Hours,Album,Tidewater,Summer Static,Nordlys Records,4065629200201,DEX252500207,4428,15.143760,USD
2025-06,2025-08-29,Deezer,GB,The Linden Hours,Album,Tidewater,Summer Static,Nordlys Records,4065629200201,DEX252500207,1642,6.242227,USD
2025-06,2025-08-29,Deezer,NL,The Linden Hours,Album,Tidewater,Summer Static,Nordlys Records,4065629200201,DEX252500207,828,3.022531,USD
2025-06,2025-08-29,Deezer,SE,The Linden Hours,Album,Tidewater,Summer Static,Nordlys Records,4065629200201,DEX252500207,882,3.251405,USD
2025-06,2025-08-29,Deezer,US,The Linden Hours,Album,Tidewater,Summer Static,Nordlys Records,4065629200201,DEX252500207,2502,9.133301,USD
2025-06,2025-08-29,Deezer,AT,The Linden Hours,Album,Tidewater,Tidewater,Nordlys Records,4065629200201,DEX252500208,319,1.061122,USD
2025-06,2025-08-29,Deezer,DE,The Linden Hours,Album,Tidewater,Tidewater,Nordlys Records,4065629200201,DEX252500208,1611,6.072181,USD
2025-06,2025-08-29,Deezer,GB,The Linden Hours,Album,Tidewater,Tidewater,Nordlys Records,4065629200201,DEX252500208,499,1.702987,USD
2025-06,2025-08-29,Deezer,NL,The Linden Hours,Album,Tidewater,Tidewater,Nordlys Records,4065629200201,DEX252500208,360,1.249344,USD
2025-06,2025-08-29,Deezer,SE,The Linden Hours,Album,Tidewater,Tidewater,Nordlys Records,4065629200201,DEX252500208,261,0.979063,USD
2025-06,2025-08-29,Deezer,US,The Linden Hours,Album,Tidewater,Tidewater,Nordlys Records,4065629200201,DEX252500208,760,2.807136,USD
2025-06,2025-08-29,Spotify,AT,The Linden Hours,Album,Tidewater,Linden,Nordlys Records,4065629200201,DEX252500201,5121,15.666163,USD
2025-06,2025-08-29,Spotify,DE,The Linden Hours,Album,Tidewater,Linden,Nordlys Records,4065629200201,DEX252500201,17892,54.391680,USD
2025-06,2025-08-29,Spotify,GB,The Linden Hours,Album,Tidewater,Linden,Nordlys Records,4065629200201,DEX252500201,8032,26.961818,USD
2025-06,2025-08-29,Spotify,NL,The Linden Hours,Album,Tidewater,Linden,Nordlys Records,4065629200201,DEX252500201,4657,13.799622,USD
2025-06,2025-08-29,Spotify,SE,The Linden Hours,Album,Tidewater,Linden,Nordlys Records,4065629200201,DEX252500201,3897,12.906864,USD
2025-06,2025-08-29,Spotify,US,The Linden Hours,Album,Tidewater,Linden,Nordlys Records,4065629200201,DEX252500201,10575,31.708080,USD
2025-06,2025-08-29,Spotify,AT,The Linden Hours,Album,Tidewater,Paper Lanterns,Nordlys Records,4065629200201,DEX252500202,7852,25.578675,USD
2025-06,2025-08-29,Spotify,DE,The Linden Hours,Album,Tidewater,Paper Lanterns,Nordlys Records,4065629200201,DEX252500202,27580,90.903680,USD
2025-06,2025-08-29,Spotify,GB,The Linden Hours,Album,Tidewater,Paper Lanterns,Nordlys Records,4065629200201,DEX252500202,11236,35.847334,USD
2025-06,2025-08-29,Spotify,NL,The Linden Hours,Album,Tidewater,Paper Lanterns,Nordlys Records,4065629200201,DEX252500202,7668,25.519104,USD
2025-06,2025-08-29,Spotify,SE,The Linden Hours,Album,Tidewater,Paper Lanterns,Nordlys Records,4065629200201,DEX252500202,6471,21.411245,USD
2025-06,2025-08-29,Spotify,US,The Linden Hours,Album,Tidewater,Paper Lanterns,Nordlys Records,4065629200201,DEX252500202,15822,53.769485,USD
2025-06,2025-08-29,Spotify,AT,The Linden Hours,Album,Tidewater,Salt and Iron,Nordlys Records,4065629200201,DEX252500203,4608,14.096794,USD
2025-06,2025-08-29,Spotify,DE,The Linden Hours,Album,Tidewater,Salt and Iron,Nordlys Records,4065629200201,DEX252500203,17221,57.642131,USD
2025-06,2025-08-29,Spotify,GB,The Linden Hours,Album,Tidewater,Salt and Iron,Nordlys Records,4065629200201,DEX252500203,6646,20.373978,USD
2025-06,2025-08-29,Spotify,NL,The Linden Hours,Album,Tidewater,Salt and Iron,Nordlys Records,4065629200201,DEX252500203,3145,9.550736,USD
2025-06,2025-08-29,Spotify,SE,The Linden Hours,Album,Tidewater,Salt and Iron,Nordlys Records,4065629200201,DEX252500203,2938,9.335789,USD
2025-06,2025-08-29,Spotify,US,The Linden Hours,Album,Tidewater,Salt and Iron,Nordlys Records,4065629200201,DEX252500203,7267,24.347357,USD
2025-06,2025-08-29,Spotify,AT,The Linden Hours,Album,Tidewater,The Quiet Year,Nordlys Records,4065629200201,DEX252500204,3258,10.373472,USD
2025-06,2025-08-29,Spotify,DE,The Linden Hours,Album,Tidewater,The Quiet Year,Nordlys Records,4065629200201,DEX252500204,16195,55.762624,USD
2025-06,2025-08-29,Spotify,GB,The Linden Hours,Album,Tidewater,The Quiet Year,Nordlys Records,4065629200201,DEX252500204,4720,14.696192,USD
2025-06,2025-08-29,Spotify,NL,The Linden Hours,Album,Tidewater,The Quiet Year,Nordlys Records,4065629200201,DEX252500204,2727,8.080646,USD
2025-06,2025-08-29,Spotify,SE,The Linden Hours,Album,Tidewater,The Quiet Year,Nordlys Records,4065629200201,DEX252500204,2146,7.135021,USD
2025-06,2025-08-29,Spotify,US,The Linden Hours,Album,Tidewater,The Quiet Year,Nordlys Records,4065629200201,DEX252500204,6961,22.431126,USD
2025-06,2025-08-29,Spotify,AT,The Linden Hours,Album,Tidewater,Second Light,Nordlys Records,4065629200201,DEX252500205,2992,10.321203,USD
2025-06,2025-08-29,Spotify,DE,The Linden Hours,Album,Tidewater,Second Light,Nordlys Records,4065629200201,DEX252500205,13342,41.413568,USD
2025-06,2025-08-29,Spotify,GB,The Linden Hours,Album,Tidewater,Second Light,Nordlys Records,4065629200201,DEX252500205,4104,13.881370,USD
2025-06,2025-08-29,Spotify,NL,The Linden Hours,Album,Tidewater,Second Light,Nordlys Records,4065629200201,DEX252500205,2542,8.500448,USD
2025-06,2025-08-29,Spotify,SE,The Linden Hours,Album,Tidewater,Second Light,Nordlys Records,4065629200201,DEX252500205,1849,5.496707,USD
2025-06,2025-08-29,Spotify,US,The Linden Hours,Album,Tidewater,Second Light,Nordlys Records,4065629200201,DEX252500205,6052,18.649843,USD
2025-06,2025-08-29,Spotify,AT,The Linden Hours,Album,Tidewater,Glasshouse,Nordlys Records,4065629200201,DEX252500206,4356,13.562842,USD
2025-06,2025-08-29,Spotify,DE,The Linden Hours,Album,Tidewater,Glasshouse,Nordlys Records,4065629200201,DEX252500206,19413,60.257952,USD
2025-06,2025-08-29,Spotify,GB,The Linden Hours,Album,Tidewater,Glasshouse,Nordlys Records,4065629200201,DEX252500206,6642,22.465901,USD
2025-06,2025-08-29,Spotify,NL,The Linden Hours,Album,Tidewater,Glasshouse,Nordlys Records,4065629200201,DEX252500206,4059,13.962960,USD
2025-06,2025-08-29,Spotify,SE,The Linden Hours,Album,Tidewater,Glasshouse,Nordlys Records,4065629200201,DEX252500206,3267,10.255766,USD
2025-06,2025-08-29,Spotify,US,The Linden Hours,Album,Tidewater,Glasshouse,Nordlys Records,4065629200201,DEX252500206,10089,34.221888,USD
2025-06,2025-08-29,Spotify,AT,The Linden Hours,Album,Tidewater,Summer Static,Nordlys Records,4065629200201,DEX252500207,10980,34.819776,USD
2025-06,2025-08-29,Spotify,DE,The Linden Hours,Album,Tidewater,Summer Static,Nordlys Records,4065629200201,DEX252500207,44347,142.761862,USD
2025-06,2025-08-29,Spotify,GB,The Linden Hours,Album,Tidewater,Summer Static,Nordlys Records,4065629200201,DEX252500207,14202,45.582739,USD
2025-06,2025-08-29,Spotify,NL,The Linden Hours,Album,Tidewater,Summer Static,Nordlys Records,4065629200201,DEX252500207,9900,29.367360,USD
2025-06,2025-08-29,Spotify,SE,The Linden Hours,Album,Tidewater,Summer Static,Nordlys Records,4065629200201,DEX252500207,8095,24.712416,USD
2025-06,2025-08-29,Spotify,US,The Linden Hours,Album,Tidewater,Summer Static,Nordlys Records,4065629200201,DEX252500207,19840,65.138688,USD
2025-06,2025-08-29,Spotify,AT,The Linden Hours,Album,Tidewater,Tidewater,Nordlys Records,4065629200201,DEX252500208,2907,8.874490,USD
2025-06,2025-08-29,Spotify,DE,The Linden Hours,Album,Tidewater,Tidewater,Nordlys Records,4065629200201,DEX252500208,15507,49.225421,USD
2025-06,2025-08-29,Spotify,GB,The Linden Hours,Album,Tidewater,Tidewater,Nordlys Records,4065629200201,DEX252500208,3978,12.704141,USD
2025-06,2025-08-29,Spotify,NL,The Linden Hours,Album,Tidewater,Tidewater,Nordlys Records,4065629200201,DEX252500208,3078,10.332230,USD
2025-06,2025-08-29,Spotify,SE,The Linden Hours,Album,Tidewater,Tidewater,Nordlys Records,4065629200201,DEX252500208,2551,7.795856,USD
2025-06,2025-08-29,Spotify,US,The Linden Hours,Album,Tidewater,Tidewater,Nordlys Records,4065629200201,DEX252500208,6637,20.218957,USD
2025-06,2025-08-29,Tidal,AT,The Linden Hours,Album,Tidewater,Linden,Nordlys Records,4065629200201,DEX252500201,409,3.907995,USD
2025-06,2025-08-29,Tidal,DE,The Linden Hours,Album,Tidewater,Linden,Nordlys Records,4065629200201,DEX252500201,2025,18.376470,USD
2025-06,2025-08-29,Tidal,GB,The Linden Hours,Album,Tidewater,Linden,Nordlys Records,4065629200201,DEX252500201,661,6.814646,USD
2025-06,2025-08-29,Tidal,NL,The Linden Hours,Album,Tidewater,Linden,Nordlys Records,4065629200201,DEX252500201,472,4.542339,USD
2025-06,2025-08-29,Tidal,SE,The Linden Hours,Album,Tidewater,Linden,Nordlys Records,4065629200201,DEX252500201,306,3.154738,USD
2025-06,2025-08-29,Tidal,US,The Linden Hours,Album,Tidewater,Linden,Nordlys Records,4065629200201,DEX252500201,864,8.712749,USD
2025-06,2025-08-29,Tidal,AT,The Linden Hours,Album,Tidewater,Paper Lanterns,Nordlys Records,4065629200201,DEX252500202,693,7.042682,USD
2025-06,2025-08-29,Tidal,DE,The Linden Hours,Album,Tidewater,Paper Lanterns,Nordlys Records,4065629200201,DEX252500202,3195,29.150541,USD
2025-06,2025-08-29,Tidal,GB,The Linden Hours,Album,Tidewater,Paper Lanterns,Nordlys Records,4065629200201,DEX252500202,1021,10.085846,USD
2025-06,2025-08-29,Tidal,NL,The Linden Hours,Album,Tidewater,Paper Lanterns,Nordlys Records,4065629200201,DEX252500202,603,5.483923,USD
2025-06,2025-08-29,Tidal,SE,The Linden Hours,Album,Tidewater,Paper Lanterns,Nordlys Records,4065629200201,DEX252500202,477,4.749394,USD
2025-06,2025-08-29,Tidal,US,The Linden Hours,Album,Tidewater,Paper Lanterns,Nordlys Records,4065629200201,DEX252500202,1183,11.048510,USD
2025-06,2025-08-29,Tidal,AT,The Linden Hours,Album,Tidewater,Salt and Iron,Nordlys Records,4065629200201,DEX252500203,346,3.329766,USD
2025-06,2025-08-29,Tidal,DE,The Linden Hours,Album,Tidewater,Salt and Iron,Nordlys Records,4065629200201,DEX252500203,1498,15.781430,USD
2025-06,2025-08-29,Tidal,GB,The Linden Hours,Album,Tidewater,Salt and Iron,Nordlys Records,4065629200201,DEX252500203,522,5.258837,USD
2025-06,2025-08-29,Tidal,NL,The Linden Hours,Album,Tidewater,Salt and Iron,Nordlys Records,4065629200201,DEX252500203,337,3.342231,USD
2025-06,2025-08-29,Tidal,SE,The Linden Hours,Album,Tidewater,Salt and Iron,Nordlys Records,4065629200201,DEX252500203,243,2.505233,USD
2025-06,2025-08-29,Tidal,US,The Linden Hours,Album,Tidewater,Salt and Iron,Nordlys Records,4065629200201,DEX252500203,634,5.834195,USD
2025-06,2025-08-29,Tidal,AT,The Linden Hours,Album,Tidewater,The Quiet Year,Nordlys Records,4065629200201,DEX252500204,283,2.803907,USD
2025-06,2025-08-29,Tidal,DE,The Linden Hours,Album,Tidewater,The Quiet Year,Nordlys Records,4065629200201,DEX252500204,1233,11.165062,USD
2025-06,2025-08-29,Tidal,GB,The Linden Hours,Album,Tidewater,The Quiet Year,Nordlys Records,4065629200201,DEX252500204,391,3.912268,USD
2025-06,2025-08-29,Tidal,NL,The Linden Hours,Album,Tidewater,The Quiet Year,Nordlys Records,4065629200201,DEX252500204,279,2.690453,USD
2025-06,2025-08-29,Tidal,SE,The Linden Hours,Album,Tidewater,The Quiet Year,Nordlys Records,4065629200201,DEX252500204,202,1.993457,USD
2025-06,2025-08-29,Tidal,US,The Linden Hours,Album,Tidewater,The Quiet Year,Nordlys Records,4065629200201,DEX252500204,648,6.090034,USD
2025-06,2025-08-29,Tidal,AT,The Linden Hours,Album,Tidewater,Second Light,Nordlys Records,4065629200201,DEX252500205,184,1.691402,USD
2025-06,2025-08-29,Tidal,DE,The Linden Hours,Album,Tidewater,Second Light,Nordlys Records,4065629200201,DEX252500205,1026,10.245841,USD
2025-06,2025-08-29,Tidal,GB,The Linden Hours,Album,Tidewater,Second Light,Nordlys Records,4065629200201,DEX252500205,328,3.037608,USD
2025-06,2025-08-29,Tidal,NL,The Linden Hours,Album,Tidewater,Second Light,Nordlys Records,4065629200201,DEX252500205,180,1.850436,USD
2025-06,2025-08-29,Tidal,SE,The Linden Hours,Album,Tidewater,Second Light,Nordlys Records,4065629200201,DEX252500205,189,1.809599,USD
2025-06,2025-08-29,Tidal,US,The Linden Hours,Album,Tidewater,Second Light,Nordlys Records,4065629200201,DEX252500205,454,4.636066,USD
2025-06,2025-08-29,Tidal,AT,The Linden Hours,Album,Tidewater,Glasshouse,Nordlys Records,4065629200201,DEX252500206,432,4.445280,USD
2025-06,2025-08-29,Tidal,DE,The Linden Hours,Album,Tidewater,Glasshouse,Nordlys Records,4065629200201,DEX252500206,1471,13.651763,USD
2025-06,2025-08-29,Tidal,GB,The Linden Hours,Album,Tidewater,Glasshouse,Nordlys Records,4065629200201,DEX252500206,517,5.005801,USD
2025-06,2025-08-29,Tidal,NL,The Linden Hours,Album,Tidewater,Glasshouse,Nordlys Records,4065629200201,DEX252500206,373,3.596914,USD
2025-06,2025-08-29,Tidal,SE,The Linden Hours,Album,Tidewater,Glasshouse,Nordlys Records,4065629200201,DEX252500206,333,3.093703,USD
2025-06,2025-08-29,Tidal,US,The Linden Hours,Album,Tidewater,Glasshouse,Nordlys Records,4065629200201,DEX252500206,882,8.418866,USD
2025-06,2025-08-29,Tidal,AT,The Linden Hours,Album,Tidewater,Summer Static,Nordlys Records,4065629200201,DEX252500207,837,8.128777,USD
2025-06,2025-08-29,Tidal,DE,The Linden Hours,Album,Tidewater,Summer Static,Nordlys Records,4065629200201,DEX252500207,3721,34.824839,USD
2025-06,2025-08-29,Tidal,GB,The Linden Hours,Album,Tidewater,Summer Static,Nordlys Records,4065629200201,DEX252500207,1494,14.904742,USD
2025-06,2025-08-29,Tidal,NL,The Linden Hours,Album,Tidewater,Summer Static,Nordlys Records,4065629200201,DEX252500207,841,7.829710,USD
2025-06,2025-08-29,Tidal,SE,The Linden Hours,Album,Tidewater,Summer Static,Nordlys Records,4065629200201,DEX252500207,738,6.964801,USD
2025-06,2025-08-29,Tidal,US,The Linden Hours,Album,Tidewater,Summer Static,Nordlys Records,4065629200201,DEX252500207,2052,19.506312,USD
2025-06,2025-08-29,Tidal,AT,The Linden Hours,Album,Tidewater,Tidewater,Nordlys Records,4065629200201,DEX252500208,306,3.088764,USD
2025-06,2025-08-29,Tidal,DE,The Linden Hours,Album,Tidewater,Tidewater,Nordlys Records,4065629200201,DEX252500208,1156,10.773689,USD
2025-06,2025-08-29,Tidal,GB,The Linden Hours,Album,Tidewater,Tidewater,Nordlys Records,4065629200201,DEX252500208,409,4.220635,USD
2025-06,2025-08-29,Tidal,NL,The Linden Hours,Album,Tidewater,Tidewater,Nordlys Records,4065629200201,DEX252500208,274,2.865108,USD
2025-06,2025-08-29,Tidal,SE,The Linden Hours,Album,Tidewater,Tidewater,Nordlys Records,4065629200201,DEX252500208,211,2.100885,USD
2025-06,2025-08-29,Tidal,US,The Linden Hours,Album,Tidewater,Tidewater,Nordlys Records,4065629200201,DEX252500208,652,6.159574,USD
2025-06,2025-08-29,YouTube Music,AT,The Linden Hours,Album,Tidewater,Linden,Nordlys Records,4065629200201,DEX252500201,891,1.773803,USD
2025-06,2025-08-29,YouTube Music,DE,The Linden Hours,Album,Tidewater,Linden,Nordlys Records,4065629200201,DEX252500201,3649,7.839147,USD
2025-06,2025-08-29,YouTube Music,GB,The Linden Hours,Album,Tidewater,Linden,Nordlys Records,4065629200201,DEX252500201,1264,2.582731,USD
2025-06,2025-08-29,YouTube Music,NL,The Linden Hours,Album,Tidewater,Linden,Nordlys Records,4065629200201,DEX252500201,846,1.742845,USD
2025-06,2025-08-29,YouTube Music,SE,The Linden Hours,Album,Tidewater,Linden,Nordlys Records,4065629200201,DEX252500201,504,1.132488,USD
2025-06,2025-08-29,YouTube Music,US,The Linden Hours,Album,Tidewater,Linden,Nordlys Records,4065629200201,DEX252500201,1768,3.861312,USD
2025-06,2025-08-29,YouTube Music,AT,The Linden Hours,Album,Tidewater,Paper Lanterns,Nordlys Records,4065629200201,DEX252500202,1278,2.681116,USD
2025-06,2025-08-29,YouTube Music,DE,The Linden Hours,Album,Tidewater,Paper Lanterns,Nordlys Records,4065629200201,DEX252500202,5638,11.603004,USD
2025-06,2025-08-29,YouTube Music,GB,The Linden Hours,Album,Tidewater,Paper Lanterns,Nordlys Records,4065629200201,DEX252500202,1696,3.828720,USD
2025-06,2025-08-29,YouTube Music,NL,The Linden Hours,Album,Tidewater,Paper Lanterns,Nordlys Records,4065629200201,DEX252500202,1003,1.996772,USD
2025-06,2025-08-29,YouTube Music,SE,The Linden Hours,Album,Tidewater,Paper Lanterns,Nordlys Records,4065629200201,DEX252500202,940,1.970052,USD
2025-06,2025-08-29,YouTube Music,US,The Linden Hours,Album,Tidewater,Paper Lanterns,Nordlys Records,4065629200201,DEX252500202,2988,6.287350,USD
2025-06,2025-08-29,YouTube Music,AT,The Linden Hours,Album,Tidewater,Salt and Iron,Nordlys Records,4065629200201,DEX252500203,616,1.258673,USD
2025-06,2025-08-29,YouTube Music,DE,The Linden Hours,Album,Tidewater,Salt and Iron,Nordlys Records,4065629200201,DEX252500203,2394,4.871551,USD
2025-06,2025-08-29,YouTube Music,GB,The Linden Hours,Album,Tidewater,Salt and Iron,Nordlys Records,4065629200201,DEX252500203,751,1.504553,USD
2025-06,2025-08-29,YouTube Music,NL,The Linden Hours,Album,Tidewater,Salt and Iron,Nordlys Records,4065629200201,DEX252500203,454,0.905730,USD
2025-06,2025-08-29,YouTube Music,SE,The Linden Hours,Album,Tidewater,Salt and Iron,Nordlys Records,4065629200201,DEX252500203,418,0.826888,USD
2025-06,2025-08-29,YouTube Music,US,The Linden Hours,Album,Tidewater,Salt and Iron,Nordlys Records,4065629200201,DEX252500203,1215,2.607633,USD
2025-06,2025-08-29,YouTube Music,AT,The Linden Hours,Album,Tidewater,The Quiet Year,Nordlys Records,4065629200201,DEX252500204,553,1.143881,USD
2025-06,2025-08-29,YouTube Music,DE,The Linden Hours,Album,Tidewater,The Quiet Year,Nordlys Records,4065629200201,DEX252500204,2385,4.712999,USD
2025-06,2025-08-29,YouTube Music,GB,The Linden Hours,Album,Tidewater,The Quiet Year,Nordlys Records,4065629200201,DEX252500204,720,1.501416,USD
2025-06,2025-08-29,YouTube Music,NL,The Linden Hours,Album,Tidewater,The Quiet Year,Nordlys Records,4065629200201,DEX252500204,504,1.045699,USD
2025-06,2025-08-29,YouTube Music,SE,The Linden Hours,Album,Tidewater,The Quiet Year,Nordlys Records,4065629200201,DEX252500204,310,0.636027,USD
2025-06,2025-08-29,YouTube Music,US,The Linden Hours,Album,Tidewater,The Quiet Year,Nordlys Records,4065629200201,DEX252500204,1152,2.499034,USD
2025-06,2025-08-29,YouTube Music,AT,The Linden Hours,Album,Tidewater,Second Light,Nordlys Records,4065629200201,DEX252500205,427,0.894010,USD
2025-06,2025-08-29,YouTube Music,DE,The Linden Hours,Album,Tidewater,Second Light,Nordlys Records,4065629200201,DEX252500205,1827,3.852047,USD
2025-06,2025-08-29,YouTube Music,GB,The Linden Hours,Album,Tidewater,Second Light,Nordlys Records,4065629200201,DEX252500205,598,1.282172,USD
2025-06,2025-08-29,YouTube Music,NL,The Linden Hours,Album,Tidewater,Second Light,Nordlys Records,4065629200201,DEX252500205,364,0.820966,USD
2025-06,2025-08-29,YouTube Music,SE,The Linden Hours,Album,Tidewater,Second Light,Nordlys Records,4065629200201,DEX252500205,279,0.578869,USD
2025-06,2025-08-29,YouTube Music,US,The Linden Hours,Album,Tidewater,Second Light,Nordlys Records,4065629200201,DEX252500205,981,1.905593,USD
2025-06,2025-08-29,YouTube Music,AT,The Linden Hours,Album,Tidewater,Glasshouse,Nordlys Records,4065629200201,DEX252500206,549,1.087185,USD
2025-06,2025-08-29,YouTube Music,DE,The Linden Hours,Album,Tidewater,Glasshouse,Nordlys Records,4065629200201,DEX252500206,2641,5.479547,USD
2025-06,2025-08-29,YouTube Music,GB,The Linden Hours,Album,Tidewater,Glasshouse,Nordlys Records,4065629200201,DEX252500206,1138,2.444765,USD
2025-06,2025-08-29,YouTube Music,NL,The Linden Hours,Album,Tidewater,Glasshouse,Nordlys Records,4065629200201,DEX252500206,495,0.977130,USD
2025-06,2025-08-29,YouTube Music,SE,The Linden Hours,Album,Tidewater,Glasshouse,Nordlys Records,4065629200201,DEX252500206,540,1.081836,USD
2025-06,2025-08-29,YouTube Music,US,The Linden Hours,Album,Tidewater,Glasshouse,Nordlys Records,4065629200201,DEX252500206,1512,2.962462,USD
2025-06,2025-08-29,YouTube Music,AT,The Linden Hours,Album,Tidewater,Summer Static,Nordlys Records,4065629200201,DEX252500207,1642,3.648196,USD
2025-06,2025-08-29,YouTube Music,DE,The Linden Hours,Album,Tidewater,Summer Static,Nordlys Records,4065629200201,DEX252500207,7443,15.817864,USD
2025-06,2025-08-29,YouTube Music,GB,The Linden Hours,Album,Tidewater,Summer Static,Nordlys Records,4065629200201,DEX252500207,2281,4.646397,USD
2025-06,2025-08-29,YouTube Music,NL,The Linden Hours,Album,Tidewater,Summer Static,Nordlys Records,4065629200201,DEX252500207,1651,3.678593,USD
2025-06,2025-08-29,YouTube Music,SE,The Linden Hours,Album,Tidewater,Summer Static,Nordlys Records,4065629200201,DEX252500207,1129,2.254726,USD
2025-06,2025-08-29,YouTube Music,US,The Linden Hours,Album,Tidewater,Summer Static,Nordlys Records,4065629200201,DEX252500207,3370,6.744381,USD
2025-06,2025-08-29,YouTube Music,AT,The Linden Hours,Album,Tidewater,Tidewater,Nordlys Records,4065629200201,DEX252500208,544,1.192666,USD
2025-06,2025-08-29,YouTube Music,DE,The Linden Hours,Album,Tidewater,Tidewater,Nordlys Records,4065629200201,DEX252500208,1800,3.991680,USD
2025-06,2025-08-29,YouTube Music,GB,The Linden Hours,Album,Tidewater,Tidewater,Nordlys Records,4065629200201,DEX252500208,783,1.747891,USD
2025-06,2025-08-29,YouTube Music,NL,The Linden Hours,Album,Tidewater,Tidewater,Nordlys Records,4065629200201,DEX252500208,459,0.939803,USD
2025-06,2025-08-29,YouTube Music,SE,The Linden Hours,Album,Tidewater,Tidewater,Nordlys Records,4065629200201,DEX252500208,387,0.749309,USD
2025-06,2025-08-29,YouTube Music,US,The Linden Hours,Album,Tidewater,Tidewater,Nordlys Records,4065629200201,DEX252500208,1093,2.320548,USD
2025-07,2025-09-30,Amazon Music,AT,The Linden Hours,Album,Tidewater,Linden,Nordlys Records,4065629200201,DEX252500201,639,3.050906,USD
2025-07,2025-09-30,Amazon Music,DE,The Linden Hours,Album,Tidewater,Linden,Nordlys Records,4065629200201,DEX252500201,3181,14.743935,USD
2025-07,2025-09-30,Amazon Music,GB,The Linden Hours,Album,Tidewater,Linden,Nordlys Records,4065629200201,DEX252500201,1012,4.599540,USD
2025-07,2025-09-30,Amazon Music,NL,The Linden Hours,Album,Tidewater,Linden,Nordlys Records,4065629200201,DEX252500201,517,2.396295,USD
2025-07,2025-09-30,Amazon Music,SE,The Linden Hours,Album,Tidewater,Linden,Nordlys Records,4065629200201,DEX252500201,418,1.749330,USD
2025-07,2025-09-30,Amazon Music,US,The Linden Hours,Album,Tidewater,Linden,Nordlys Records,4065629200201,DEX252500201,1498,7.239834,USD
2025-07,2025-09-30,Amazon Music,AT,The Linden Hours,Album,Tidewater,Paper Lanterns,Nordlys Records,4065629200201,DEX252500202,1138,4.926402,USD
2025-07,2025-09-30,Amazon Music,DE,The Linden Hours,Album,Tidewater,Paper Lanterns,Nordlys Records,4065629200201,DEX252500202,4266,18.601893,USD
2025-07,2025-09-30,Amazon Music,GB,The Linden Hours,Album,Tidewater,Paper Lanterns,Nordlys Records,4065629200201,DEX252500202,1476,6.456024,USD
2025-07,2025-09-30,Amazon Music,NL,The Linden Hours,Album,Tidewater,Paper Lanterns,Nordlys Records,4065629200201,DEX252500202,963,4.476506,USD
2025-07,2025-09-30,Amazon Music,SE,The Linden Hours,Album,Tidewater,Paper Lanterns,Nordlys Records,4065629200201,DEX252500202,742,3.285576,USD
2025-07,2025-09-30,Amazon Music,US,The Linden Hours,Album,Tidewater,Paper Lanterns,Nordlys Records,4065629200201,DEX252500202,2083,9.176657,USD
2025-07,2025-09-30,Amazon Music,AT,The Linden Hours,Album,Tidewater,Salt and Iron,Nordlys Records,4065629200201,DEX252500203,535,2.246198,USD
2025-07,2025-09-30,Amazon Music,DE,The Linden Hours,Album,Tidewater,Salt and Iron,Nordlys Records,4065629200201,DEX252500203,2308,10.988388,USD
2025-07,2025-09-30,Amazon Music,GB,The Linden Hours,Album,Tidewater,Salt and Iron,Nordlys Records,4065629200201,DEX252500203,940,4.496490,USD
2025-07,2025-09-30,Amazon Music,NL,The Linden Hours,Album,Tidewater,Salt and Iron,Nordlys Records,4065629200201,DEX252500203,463,2.121003,USD
2025-07,2025-09-30,Amazon Music,SE,The Linden Hours,Album,Tidewater,Salt and Iron,Nordlys Records,4065629200201,DEX252500203,369,1.648877,USD
2025-07,2025-09-30,Amazon Music,US,The Linden Hours,Album,Tidewater,Salt and Iron,Nordlys Records,4065629200201,DEX252500203,1116,5.217858,USD
2025-07,2025-09-30,Amazon Music,AT,The Linden Hours,Album,Tidewater,The Quiet Year,Nordlys Records,4065629200201,DEX252500204,450,2.134350,USD
2025-07,2025-09-30,Amazon Music,DE,The Linden Hours,Album,Tidewater,The Quiet Year,Nordlys Records,4065629200201,DEX252500204,2002,9.387378,USD
2025-07,2025-09-30,Amazon Music,GB,The Linden Hours,Album,Tidewater,The Quiet Year,Nordlys Records,4065629200201,DEX252500204,657,3.133890,USD
2025-07,2025-09-30,Amazon Music,NL,The Linden Hours,Album,Tidewater,The Quiet Year,Nordlys Records,4065629200201,DEX252500204,382,1.767132,USD
2025-07,2025-09-30,Amazon Music,SE,The Linden Hours,Album,Tidewater,The Quiet Year,Nordlys Records,4065629200201,DEX252500204,238,1.138473,USD
2025-07,2025-09-30,Amazon Music,US,The Linden Hours,Album,Tidewater,The Quiet Year,Nordlys Records,4065629200201,DEX252500204,909,4.070048,USD
2025-07,2025-09-30,Amazon Music,AT,The Linden Hours,Album,Tidewater,Second Light,Nordlys Records,4065629200201,DEX252500205,427,2.009889,USD
2025-07,2025-09-30,Amazon Music,DE,The Linden Hours,Album,Tidewater,Second Light,Nordlys Records,4065629200201,DEX252500205,1422,6.309414,USD
2025-07,2025-09-30,Amazon Music,GB,The Linden Hours,Album,Tidewater,Second Light,Nordlys Records,4065629200201,DEX252500205,594,2.555388,USD
2025-07,2025-09-30,Amazon Music,NL,The Linden Hours,Album,Tidewater,Second Light,Nordlys Records,4065629200201,DEX252500205,306,1.359099,USD
2025-07,2025-09-30,Amazon Music,SE,The Linden Hours,Album,Tidewater,Second Light,Nordlys Records,4065629200201,DEX252500205,265,1.149570,USD
2025-07,2025-09-30,Amazon Music,US,The Linden Hours,Album,Tidewater,Second Light,Nordlys Records,4065629200201,DEX252500205,810,3.885570,USD
2025-07,2025-09-30,Amazon Music,AT,The Linden Hours,Album,Tidewater,Glasshouse,Nordlys Records,4065629200201,DEX252500206,540,2.493180,USD
2025-07,2025-09-30,Amazon Music,DE,The Linden Hours,Album,Tidewater,Glasshouse,Nordlys Records,4065629200201,DEX252500206,2673,12.990780,USD
2025-07,2025-09-30,Amazon Music,GB,The Linden Hours,Album,Tidewater,Glasshouse,Nordlys Records,4065629200201,DEX252500206,1044,4.500684,USD
2025-07,2025-09-30,Amazon Music,NL,The Linden Hours,Album,Tidewater,Glasshouse,Nordlys Records,4065629200201,DEX252500206,603,2.908872,USD
2025-07,2025-09-30,Amazon Music,SE,The Linden Hours,Album,Tidewater,Glasshouse,Nordlys Records,4065629200201,DEX252500206,436,1.873710,USD
2025-07,2025-09-30,Amazon Music,US,The Linden Hours,Album,Tidewater,Glasshouse,Nordlys Records,4065629200201,DEX252500206,1156,5.149980,USD
2025-07,2025-09-30,Amazon Music,AT,The Linden Hours,Album,Tidewater,Summer Static,Nordlys Records,4065629200201,DEX252500207,1593,7.605779,USD
2025-07,2025-09-30,Amazon Music,DE,The Linden Hours,Album,Tidewater,Summer Static,Nordlys Records,4065629200201,DEX252500207,6295,27.987570,USD
2025-07,2025-09-30,Amazon Music,GB,The Linden Hours,Album,Tidewater,Summer Static,Nordlys Records,4065629200201,DEX252500207,1984,9.249408,USD
2025-07,2025-09-30,Amazon Music,NL,The Linden Hours,Album,Tidewater,Summer Static,Nordlys Records,4065629200201,DEX252500207,1170,5.075460,USD
2025-07,2025-09-30,Amazon Music,SE,The Linden Hours,Album,Tidewater,Summer Static,Nordlys Records,4065629200201,DEX252500207,985,4.481258,USD
2025-07,2025-09-30,Amazon Music,US,The Linden Hours,Album,Tidewater,Summer Static,Nordlys Records,4065629200201,DEX252500207,2628,11.731392,USD
2025-07,2025-09-30,Amazon Music,AT,The Linden Hours,Album,Tidewater,Tidewater,Nordlys Records,4065629200201,DEX252500208,441,1.970609,USD
2025-07,2025-09-30,Amazon Music,DE,The Linden Hours,Album,Tidewater,Tidewater,Nordlys Records,4065629200201,DEX252500208,1791,7.729061,USD
2025-07,2025-09-30,Amazon Music,GB,The Linden Hours,Album,Tidewater,Tidewater,Nordlys Records,4065629200201,DEX252500208,693,3.130974,USD
2025-07,2025-09-30,Amazon Music,NL,The Linden Hours,Album,Tidewater,Tidewater,Nordlys Records,4065629200201,DEX252500208,418,1.747449,USD
2025-07,2025-09-30,Amazon Music,SE,The Linden Hours,Album,Tidewater,Tidewater,Nordlys Records,4065629200201,DEX252500208,292,1.345536,USD
2025-07,2025-09-30,Amazon Music,US,The Linden Hours,Album,Tidewater,Tidewater,Nordlys Records,4065629200201,DEX252500208,976,4.681872,USD
2025-07,2025-09-30,Apple Music,AT,The Linden Hours,Album,Tidewater,Linden,Nordlys Records,4065629200201,DEX252500201,1336,9.257946,USD
2025-07,2025-09-30,Apple Music,DE,The Linden Hours,Album,Tidewater,Linden,Nordlys Records,4065629200201,DEX252500201,5260,36.673772,USD
2025-07,2025-09-30,Apple Music,GB,The Linden Hours,Album,Tidewater,Linden,Nordlys Records,4065629200201,DEX252500201,1638,11.408834,USD
2025-07,2025-09-30,Apple Music,NL,The Linden Hours,Album,Tidewater,Linden,Nordlys Records,4065629200201,DEX252500201,1156,8.306091,USD
2025-07,2025-09-30,Apple Music,SE,The Linden Hours,Album,Tidewater,Linden,Nordlys Records,4065629200201,DEX252500201,715,5.304943,USD
2025-07,2025-09-30,Apple Music,US,The Linden Hours,Album,Tidewater,Linden,Nordlys Records,4065629200201,DEX252500201,2673,17.649819,USD
2025-07,2025-09-30,Apple Music,AT,The Linden Hours,Album,Tidewater,Paper Lanterns,Nordlys Records,4065629200201,DEX252500202,2083,14.434357,USD
2025-07,2025-09-30,Apple Music,DE,The Linden Hours,Album,Tidewater,Paper Lanterns,Nordlys Records,4065629200201,DEX252500202,7510,56.733544,USD
2025-07,2025-09-30,Apple Music,GB,The Linden Hours,Album,Tidewater,Paper Lanterns,Nordlys Records,4065629200201,DEX252500202,2875,19.330638,USD
2025-07,2025-09-30,Apple Music,NL,The Linden Hours,Album,Tidewater,Paper Lanterns,Nordlys Records,4065629200201,DEX252500202,1809,13.858568,USD
2025-07,2025-09-30,Apple Music,SE,The Linden Hours,Album,Tidewater,Paper Lanterns,Nordlys Records,4065629200201,DEX252500202,1174,8.277052,USD
2025-07,2025-09-30,Apple Music,US,The Linden Hours,Album,Tidewater,Paper Lanterns,Nordlys Records,4065629200201,DEX252500202,4041,27.084398,USD
2025-07,2025-09-30,Apple Music,AT,The Linden Hours,Album,Tidewater,Salt and Iron,Nordlys Records,4065629200201,DEX252500203,909,6.008581,USD
2025-07,2025-09-30,Apple Music,DE,The Linden Hours,Album,Tidewater,Salt and Iron,Nordlys Records,4065629200201,DEX252500203,3946,29.277347,USD
2025-07,2025-09-30,Apple Music,GB,The Linden Hours,Album,Tidewater,Salt and Iron,Nordlys Records,4065629200201,DEX252500203,1314,8.862930,USD
2025-07,2025-09-30,Apple Music,NL,The Linden Hours,Album,Tidewater,Salt and Iron,Nordlys Records,4065629200201,DEX252500203,769,5.667376,USD
2025-07,2025-09-30,Apple Music,SE,The Linden Hours,Album,Tidewater,Salt and Iron,Nordlys Records,4065629200201,DEX252500203,724,5.474526,USD
2025-07,2025-09-30,Apple Music,US,The Linden Hours,Album,Tidewater,Salt and Iron,Nordlys Records,4065629200201,DEX252500203,1863,12.684981,USD
2025-07,2025-09-30,Apple Music,AT,The Linden Hours,Album,Tidewater,The Quiet Year,Nordlys Records,4065629200201,DEX252500204,630,4.352229,USD
2025-07,2025-09-30,Apple Music,DE,The Linden Hours,Album,Tidewater,The Quiet Year,Nordlys Records,4065629200201,DEX252500204,3109,20.661170,USD
2025-07,2025-09-30,Apple Music,GB,The Linden Hours,Album,Tidewater,The Quiet Year,Nordlys Records,4065629200201,DEX252500204,1012,7.156459,USD
2025-07,2025-09-30,Apple Music,NL,The Linden Hours,Album,Tidewater,The Quiet Year,Nordlys Records,4065629200201,DEX252500204,841,5.959158,USD
2025-07,2025-09-30,Apple Music,SE,The Linden Hours,Album,Tidewater,The Quiet Year,Nordlys Records,4065629200201,DEX252500204,544,4.132768,USD
2025-07,2025-09-30,Apple Music,US,The Linden Hours,Album,Tidewater,The Quiet Year,Nordlys Records,4065629200201,DEX252500204,1417,9.728697,USD
2025-07,2025-09-30,Apple Music,AT,The Linden Hours,Album,Tidewater,Second Light,Nordlys Records,4065629200201,DEX252500205,697,5.082315,USD
2025-07,2025-09-30,Apple Music,DE,The Linden Hours,Album,Tidewater,Second Light,Nordlys Records,4065629200201,DEX252500205,2434,17.160430,USD
2025-07,2025-09-30,Apple Music,GB,The Linden Hours,Album,Tidewater,Second Light,Nordlys Records,4065629200201,DEX252500205,877,6.176886,USD
2025-07,2025-09-30,Apple Music,NL,The Linden Hours,Album,Tidewater,Second Light,Nordlys Records,4065629200201,DEX252500205,589,3.889167,USD
2025-07,2025-09-30,Apple Music,SE,The Linden Hours,Album,Tidewater,Second Light,Nordlys Records,4065629200201,DEX252500205,391,2.628967,USD
2025-07,2025-09-30,Apple Music,US,The Linden Hours,Album,Tidewater,Second Light,Nordlys Records,4065629200201,DEX252500205,1215,8.781777,USD
2025-07,2025-09-30,Apple Music,AT,The Linden Hours,Album,Tidewater,Glasshouse,Nordlys Records,4065629200201,DEX252500206,1089,7.414892,USD
2025-07,2025-09-30,Apple Music,DE,The Linden Hours,Album,Tidewater,Glasshouse,Nordlys Records,4065629200201,DEX252500206,4387,30.711632,USD
2025-07,2025-09-30,Apple Music,GB,The Linden Hours,Album,Tidewater,Glasshouse,Nordlys Records,4065629200201,DEX252500206,1588,11.613044,USD
2025-07,2025-09-30,Apple Music,NL,The Linden Hours,Album,Tidewater,Glasshouse,Nordlys Records,4065629200201,DEX252500206,958,6.461710,USD
2025-07,2025-09-30,Apple Music,SE,The Linden Hours,Album,Tidewater,Glasshouse,Nordlys Records,4065629200201,DEX252500206,765,5.442363,USD
2025-07,2025-09-30,Apple Music,US,The Linden Hours,Album,Tidewater,Glasshouse,Nordlys Records,4065629200201,DEX252500206,2335,16.064567,USD
2025-07,2025-09-30,Apple Music,AT,The Linden Hours,Album,Tidewater,Summer Static,Nordlys Records,4065629200201,DEX252500207,2515,18.356482,USD
2025-07,2025-09-30,Apple Music,DE,The Linden Hours,Album,Tidewater,Summer Static,Nordlys Records,4065629200201,DEX252500207,9972,73.137640,USD
2025-07,2025-09-30,Apple Music,GB,The Linden Hours,Album,Tidewater,Summer Static,Nordlys Records,4065629200201,DEX252500207,3784,28.155987,USD
2025-07,2025-09-30,Apple Music,NL,The Linden Hours,Album,Tidewater,Summer Static,Nordlys Records,4065629200201,DEX252500207,2565,17.665155,USD
2025-07,2025-09-30,Apple Music,SE,The Linden Hours,Album,Tidewater,Summer Static,Nordlys Records,4065629200201,DEX252500207,1948,12.931798,USD
2025-07,2025-09-30,Apple Music,US,The Linden Hours,Album,Tidewater,Summer Static,Nordlys Records,4065629200201,DEX252500207,5454,40.311059,USD
2025-07,2025-09-30,Apple Music,AT,The Linden Hours,Album,Tidewater,Tidewater,Nordlys Records,4065629200201,DEX252500208,918,6.185392,USD
2025-07,2025-09-30,Apple Music,DE,The Linden Hours,Album,Tidewater,Tidewater,Nordlys Records,4065629200201,DEX252500208,3487,26.515497,USD
2025-07,2025-09-30,Apple Music,GB,The Linden Hours,Album,Tidewater,Tidewater,Nordlys Records,4065629200201,DEX252500208,1237,8.203042,USD
2025-07,2025-09-30,Apple Music,NL,The Linden Hours,Album,Tidewater,Tidewater,Nordlys Records,4065629200201,DEX252500208,612,4.045381,USD
2025-07,2025-09-30,Apple Music,SE,The Linden Hours,Album,Tidewater,Tidewater,Nordlys Records,4065629200201,DEX252500208,454,3.342666,USD
2025-07,2025-09-30,Apple Music,US,The Linden Hours,Album,Tidewater,Tidewater,Nordlys Records,4065629200201,DEX252500208,1723,12.257767,USD
2025-07,2025-09-30,Deezer,AT,The Linden Hours,Album,Tidewater,Linden,Nordlys Records,4065629200201,DEX252500201,526,1.861409,USD
2025-07,2025-09-30,Deezer,DE,The Linden Hours,Album,Tidewater,Linden,Nordlys Records,4065629200201,DEX252500201,1966,7.389014,USD
2025-07,2025-09-30,Deezer,GB,The Linden Hours,Album,Tidewater,Linden,Nordlys Records,4065629200201,DEX252500201,684,2.322043,USD
2025-07,2025-09-30,Deezer,NL,The Linden Hours,Album,Tidewater,Linden,Nordlys Records,4065629200201,DEX252500201,490,1.889244,USD
2025-07,2025-09-30,Deezer,SE,The Linden Hours,Album,Tidewater,Linden,Nordlys Records,4065629200201,DEX252500201,333,1.283915,USD
2025-07,2025-09-30,Deezer,US,The Linden Hours,Album,Tidewater,Linden,Nordlys Records,4065629200201,DEX252500201,1071,3.867167,USD
2025-07,2025-09-30,Deezer,AT,The Linden Hours,Album,Tidewater,Paper Lanterns,Nordlys Records,4065629200201,DEX252500202,963,3.303860,USD
2025-07,2025-09-30,Deezer,DE,The Linden Hours,Album,Tidewater,Paper Lanterns,Nordlys Records,4065629200201,DEX252500202,3366,12.953714,USD
2025-07,2025-09-30,Deezer,GB,The Linden Hours,Album,Tidewater,Paper Lanterns,Nordlys Records,4065629200201,DEX252500202,976,3.506573,USD
2025-07,2025-09-30,Deezer,NL,The Linden Hours,Album,Tidewater,Paper Lanterns,Nordlys Records,4065629200201,DEX252500202,702,2.582798,USD
2025-07,2025-09-30,Deezer,SE,The Linden Hours,Album,Tidewater,Paper Lanterns,Nordlys Records,4065629200201,DEX252500202,652,2.178202,USD
2025-07,2025-09-30,Deezer,US,The Linden Hours,Album,Tidewater,Paper Lanterns,Nordlys Records,4065629200201,DEX252500202,1755,6.785532,USD
2025-07,2025-09-30,Deezer,AT,The Linden Hours,Album,Tidewater,Salt and Iron,Nordlys Records,4065629200201,DEX252500203,378,1.310450,USD
2025-07,2025-09-30,Deezer,DE,The Linden Hours,Album,Tidewater,Salt and Iron,Nordlys Records,4065629200201,DEX252500203,1692,6.091200,USD
2025-07,2025-09-30,Deezer,GB,The Linden Hours,Album,Tidewater,Salt and Iron,Nordlys Records,4065629200201,DEX252500203,553,1.937048,USD
2025-07,2025-09-30,Deezer,NL,The Linden Hours,Album,Tidewater,Salt and Iron,Nordlys Records,4065629200201,DEX252500203,342,1.273061,USD
2025-07,2025-09-30,Deezer,SE,The Linden Hours,Album,Tidewater,Salt and Iron,Nordlys Records,4065629200201,DEX252500203,283,1.048345,USD
2025-07,2025-09-30,Deezer,US,The Linden Hours,Album,Tidewater,Salt and Iron,Nordlys Records,4065629200201,DEX252500203,828,2.861568,USD
2025-07,2025-09-30,Deezer,AT,The Linden Hours,Album,Tidewater,The Quiet Year,Nordlys Records,4065629200201,DEX252500204,360,1.321920,USD
2025-07,2025-09-30,Deezer,DE,The Linden Hours,Album,Tidewater,The Quiet Year,Nordlys Records,4065629200201,DEX252500204,1282,4.296751,USD
2025-07,2025-09-30,Deezer,GB,The Linden Hours,Album,Tidewater,The Quiet Year,Nordlys Records,4065629200201,DEX252500204,432,1.474330,USD
2025-07,2025-09-30,Deezer,NL,The Linden Hours,Album,Tidewater,The Quiet Year,Nordlys Records,4065629200201,DEX252500204,256,0.904090,USD
2025-07,2025-09-30,Deezer,SE,The Linden Hours,Album,Tidewater,The Quiet Year,Nordlys Records,4065629200201,DEX252500204,225,0.803520,USD
2025-07,2025-09-30,Deezer,US,The Linden Hours,Album,Tidewater,The Quiet Year,Nordlys Records,4065629200201,DEX252500204,607,2.233274,USD
2025-07,2025-09-30,Deezer,AT,The Linden Hours,Album,Tidewater,Second Light,Nordlys Records,4065629200201,DEX252500205,256,0.863539,USD
2025-07,2025-09-30,Deezer,DE,The Linden Hours,Album,Tidewater,Second Light,Nordlys Records,4065629200201,DEX252500205,1089,3.889037,USD
2025-07,2025-09-30,Deezer,GB,The Linden Hours,Album,Tidewater,Second Light,Nordlys Records,4065629200201,DEX252500205,337,1.148900,USD
2025-07,2025-09-30,Deezer,NL,The Linden Hours,Album,Tidewater,Second Light,Nordlys Records,4065629200201,DEX252500205,256,0.924365,USD
2025-07,2025-09-30,Deezer,SE,The Linden Hours,Album,Tidewater,Second Light,Nordlys Records,4065629200201,DEX252500205,175,0.665280,USD
2025-07,2025-09-30,Deezer,US,The Linden Hours,Album,Tidewater,Second Light,Nordlys Records,4065629200201,DEX252500205,526,1.768622,USD
2025-07,2025-09-30,Deezer,AT,The Linden Hours,Album,Tidewater,Glasshouse,Nordlys Records,4065629200201,DEX252500206,445,1.710936,USD
2025-07,2025-09-30,Deezer,DE,The Linden Hours,Album,Tidewater,Glasshouse,Nordlys Records,4065629200201,DEX252500206,1692,5.999832,USD
2025-07,2025-09-30,Deezer,GB,The Linden Hours,Album,Tidewater,Glasshouse,Nordlys Records,4065629200201,DEX252500206,652,2.255659,USD
2025-07,2025-09-30,Deezer,NL,The Linden Hours,Album,Tidewater,Glasshouse,Nordlys Records,4065629200201,DEX252500206,441,1.524096,USD
2025-07,2025-09-30,Deezer,SE,The Linden Hours,Album,Tidewater,Glasshouse,Nordlys Records,4065629200201,DEX252500206,364,1.339229,USD
2025-07,2025-09-30,Deezer,US,The Linden Hours,Album,Tidewater,Glasshouse,Nordlys Records,4065629200201,DEX252500206,1008,3.530822,USD
2025-07,2025-09-30,Deezer,AT,The Linden Hours,Album,Tidewater,Summer Static,Nordlys Records,4065629200201,DEX252500207,850,2.891700,USD
2025-07,2025-09-30,Deezer,DE,The Linden Hours,Album,Tidewater,Summer Static,Nordlys Records,4065629200201,DEX252500207,4500,16.410600,USD
2025-07,2025-09-30,Deezer,GB,The Linden Hours,Album,Tidewater,Summer Static,Nordlys Records,4065629200201,DEX252500207,1449,5.148587,USD
2025-07,2025-09-30,Deezer,NL,The Linden Hours,Album,Tidewater,Summer Static,Nordlys Records,4065629200201,DEX252500207,922,3.246178,USD
2025-07,2025-09-30,Deezer,SE,The Linden Hours,Album,Tidewater,Summer Static,Nordlys Records,4065629200201,DEX252500207,706,2.394187,USD
2025-07,2025-09-30,Deezer,US,The Linden Hours,Album,Tidewater,Summer Static,Nordlys Records,4065629200201,DEX252500207,2016,6.996326,USD
2025-07,2025-09-30,Deezer,AT,The Linden Hours,Album,Tidewater,Tidewater,Nordlys Records,4065629200201,DEX252500208,445,1.696518,USD
2025-07,2025-09-30,Deezer,DE,The Linden Hours,Album,Tidewater,Tidewater,Nordlys Records,4065629200201,DEX252500208,1260,4.635792,USD
2025-07,2025-09-30,Deezer,GB,The Linden Hours,Album,Tidewater,Tidewater,Nordlys Records,4065629200201,DEX252500208,499,1.920352,USD
2025-07,2025-09-30,Deezer,NL,The Linden Hours,Album,Tidewater,Tidewater,Nordlys Records,4065629200201,DEX252500208,333,1.207192,USD
2025-07,2025-09-30,Deezer,SE,The Linden Hours,Album,Tidewater,Tidewater,Nordlys Records,4065629200201,DEX252500208,229,0.782356,USD
2025-07,2025-09-30,Deezer,US,The Linden Hours,Album,Tidewater,Tidewater,Nordlys Records,4065629200201,DEX252500208,517,1.922620,USD
2025-07,2025-09-30,Spotify,AT,The Linden Hours,Album,Tidewater,Linden,Nordlys Records,4065629200201,DEX252500201,5382,17.652960,USD
2025-07,2025-09-30,Spotify,DE,The Linden Hours,Album,Tidewater,Linden,Nordlys Records,4065629200201,DEX252500201,20286,65.045030,USD
2025-07,2025-09-30,Spotify,GB,The Linden Hours,Album,Tidewater,Linden,Nordlys Records,4065629200201,DEX252500201,7195,24.750800,USD
2025-07,2025-09-30,Spotify,NL,The Linden Hours,Album,Tidewater,Linden,Nordlys Records,4065629200201,DEX252500201,4941,16.127424,USD
2025-07,2025-09-30,Spotify,SE,The Linden Hours,Album,Tidewater,Linden,Nordlys Records,4065629200201,DEX252500201,3802,12.653056,USD
2025-07,2025-09-30,Spotify,US,The Linden Hours,Album,Tidewater,Linden,Nordlys Records,4065629200201,DEX252500201,9711,31.137350,USD
2025-07,2025-09-30,Spotify,AT,The Linden Hours,Album,Tidewater,Paper Lanterns,Nordlys Records,4065629200201,DEX252500202,9369,31.899571,USD
2025-07,2025-09-30,Spotify,DE,The Linden Hours,Album,Tidewater,Paper Lanterns,Nordlys Records,4065629200201,DEX252500202,27000,85.190400,USD
2025-07,2025-09-30,Spotify,GB,The Linden Hours,Album,Tidewater,Paper Lanterns,Nordlys Records,4065629200201,DEX252500202,11835,40.182192,USD
2025-07,2025-09-30,Spotify,NL,The Linden Hours,Album,Tidewater,Paper Lanterns,Nordlys Records,4065629200201,DEX252500202,5742,18.025286,USD
2025-07,2025-09-30,Spotify,SE,The Linden Hours,Album,Tidewater,Paper Lanterns,Nordlys Records,4065629200201,DEX252500202,5220,17.489088,USD
2025-07,2025-09-30,Spotify,US,The Linden Hours,Album,Tidewater,Paper Lanterns,Nordlys Records,4065629200201,DEX252500202,17127,57.875558,USD
2025-07,2025-09-30,Spotify,AT,The Linden Hours,Album,Tidewater,Salt and Iron,Nordlys Records,4065629200201,DEX252500203,3708,12.257165,USD
2025-07,2025-09-30,Spotify,DE,The Linden Hours,Album,Tidewater,Salt and Iron,Nordlys Records,4065629200201,DEX252500203,16533,50.313226,USD
2025-07,2025-09-30,Spotify,GB,The Linden Hours,Album,Tidewater,Salt and Iron,Nordlys Records,4065629200201,DEX252500203,5665,18.254896,USD
2025-07,2025-09-30,Spotify,NL,The Linden Hours,Album,Tidewater,Salt and Iron,Nordlys Records,4065629200201,DEX252500203,3577,12.156077,USD
2025-07,2025-09-30,Spotify,SE,The Linden Hours,Album,Tidewater,Salt and Iron,Nordlys Records,4065629200201,DEX252500203,2920,9.166464,USD
2025-07,2025-09-30,Spotify,US,The Linden Hours,Album,Tidewater,Salt and Iron,Nordlys Records,4065629200201,DEX252500203,8662,27.136314,USD
2025-07,2025-09-30,Spotify,AT,The Linden Hours,Album,Tidewater,The Quiet Year,Nordlys Records,4065629200201,DEX252500204,2929,9.728966,USD
2025-07,2025-09-30,Spotify,DE,The Linden Hours,Album,Tidewater,The Quiet Year,Nordlys Records,4065629200201,DEX252500204,14220,43.774848,USD
2025-07,2025-09-30,Spotify,GB,The Linden Hours,Album,Tidewater,The Quiet Year,Nordlys Records,4065629200201,DEX252500204,3595,10.652704,USD
2025-07,2025-09-30,Spotify,NL,The Linden Hours,Album,Tidewater,The Quiet Year,Nordlys Records,4065629200201,DEX252500204,2605,8.269312,USD
2025-07,2025-09-30,Spotify,SE,The Linden Hours,Album,Tidewater,The Quiet Year,Nordlys Records,4065629200201,DEX252500204,2632,9.037235,USD
2025-07,2025-09-30,Spotify,US,The Linden Hours,Album,Tidewater,The Quiet Year,Nordlys Records,4065629200201,DEX252500204,6345,19.187280,USD
2025-07,2025-09-30,Spotify,AT,The Linden Hours,Album,Tidewater,Second Light,Nordlys Records,4065629200201,DEX252500205,2214,6.971443,USD
2025-07,2025-09-30,Spotify,DE,The Linden Hours,Album,Tidewater,Second Light,Nordlys Records,4065629200201,DEX252500205,9918,33.832282,USD
2025-07,2025-09-30,Spotify,GB,The Linden Hours,Album,Tidewater,Second Light,Nordlys Records,4065629200201,DEX252500205,3865,12.627728,USD
2025-07,2025-09-30,Spotify,NL,The Linden Hours,Album,Tidewater,Second Light,Nordlys Records,4065629200201,DEX252500205,2178,6.823238,USD
2025-07,2025-09-30,Spotify,SE,The Linden Hours,Album,Tidewater,Second Light,Nordlys Records,4065629200201,DEX252500205,1903,6.473245,USD
2025-07,2025-09-30,Spotify,US,The Linden Hours,Album,Tidewater,Second Light,Nordlys Records,4065629200201,DEX252500205,5301,17.319427,USD
2025-07,2025-09-30,Spotify,AT,The Linden Hours,Album,Tidewater,Glasshouse,Nordlys Records,4065629200201,DEX252500206,4504,13.274189,USD
2025-07,2025-09-30,Spotify,DE,The Linden Hours,Album,Tidewater,Glasshouse,Nordlys Records,4065629200201,DEX252500206,19894,63.087853,USD
2025-07,2025-09-30,Spotify,GB,The Linden Hours,Album,Tidewater,Glasshouse,Nordlys Records,4065629200201,DEX252500206,5958,18.322042,USD
2025-07,2025-09-30,Spotify,NL,The Linden Hours,Album,Tidewater,Glasshouse,Nordlys Records,4065629200201,DEX252500206,3780,12.954816,USD
2025-07,2025-09-30,Spotify,SE,The Linden Hours,Album,Tidewater,Glasshouse,Nordlys Records,4065629200201,DEX252500206,3145,9.359520,USD
2025-07,2025-09-30,Spotify,US,The Linden Hours,Album,Tidewater,Glasshouse,Nordlys Records,4065629200201,DEX252500206,10714,33.324826,USD
2025-07,2025-09-30,Spotify,AT,The Linden Hours,Album,Tidewater,Summer Static,Nordlys Records,4065629200201,DEX252500207,10179,34.657459,USD
2025-07,2025-09-30,Spotify,DE,The Linden Hours,Album,Tidewater,Summer Static,Nordlys Records,4065629200201,DEX252500207,39046,120.324154,USD
2025-07,2025-09-30,Spotify,GB,The Linden Hours,Album,Tidewater,Summer Static,Nordlys Records,4065629200201,DEX252500207,15475,51.055120,USD
2025-07,2025-09-30,Spotify,NL,The Linden Hours,Album,Tidewater,Summer Static,Nordlys Records,4065629200201,DEX252500207,8572,25.373120,USD
2025-07,2025-09-30,Spotify,SE,The Linden Hours,Album,Tidewater,Summer Static,Nordlys Records,4065629200201,DEX252500207,6723,21.126355,USD
2025-07,2025-09-30,Spotify,US,The Linden Hours,Album,Tidewater,Summer Static,Nordlys Records,4065629200201,DEX252500207,21141,64.471594,USD
2025-07,2025-09-30,Spotify,AT,The Linden Hours,Album,Tidewater,Tidewater,Nordlys Records,4065629200201,DEX252500208,3375,11.383200,USD
2025-07,2025-09-30,Spotify,DE,The Linden Hours,Album,Tidewater,Tidewater,Nordlys Records,4065629200201,DEX252500208,11182,33.742803,USD
2025-07,2025-09-30,Spotify,GB,The Linden Hours,Album,Tidewater,Tidewater,Nordlys Records,4065629200201,DEX252500208,4702,16.069555,USD
2025-07,2025-09-30,Spotify,NL,The Linden Hours,Album,Tidewater,Tidewater,Nordlys Records,4065629200201,DEX252500208,3037,9.980797,USD
2025-07,2025-09-30,Spotify,SE,The Linden Hours,Album,Tidewater,Tidewater,Nordlys Records,4065629200201,DEX252500208,2317,7.125238,USD
2025-07,2025-09-30,Spotify,US,The Linden Hours,Album,Tidewater,Tidewater,Nordlys Records,4065629200201,DEX252500208,6619,20.905450,USD
2025-07,2025-09-30,Tidal,AT,The Linden Hours,Album,Tidewater,Linden,Nordlys Records,4065629200201,DEX252500201,459,4.678128,USD
2025-07,2025-09-30,Tidal,DE,The Linden Hours,Album,Tidewater,Linden,Nordlys Records,4065629200201,DEX252500201,1629,16.618732,USD
2025-07,2025-09-30,Tidal,GB,The Linden Hours,Album,Tidewater,Linden,Nordlys Records,4065629200201,DEX252500201,634,6.051657,USD
2025-07,2025-09-30,Tidal,NL,The Linden Hours,Album,Tidewater,Linden,Nordlys Records,4065629200201,DEX252500201,391,4.123017,USD
2025-07,2025-09-30,Tidal,SE,The Linden Hours,Album,Tidewater,Linden,Nordlys Records,4065629200201,DEX252500201,346,3.126318,USD
2025-07,2025-09-30,Tidal,US,The Linden Hours,Album,Tidewater,Linden,Nordlys Records,4065629200201,DEX252500201,967,10.035719,USD
2025-07,2025-09-30,Tidal,AT,The Linden Hours,Album,Tidewater,Paper Lanterns,Nordlys Records,4065629200201,DEX252500202,738,7.319189,USD
2025-07,2025-09-30,Tidal,DE,The Linden Hours,Album,Tidewater,Paper Lanterns,Nordlys Records,4065629200201,DEX252500202,2556,24.397531,USD
2025-07,2025-09-30,Tidal,GB,The Linden Hours,Album,Tidewater,Paper Lanterns,Nordlys Records,4065629200201,DEX252500202,1066,10.937800,USD
2025-07,2025-09-30,Tidal,NL,The Linden Hours,Album,Tidewater,Paper Lanterns,Nordlys Records,4065629200201,DEX252500202,607,6.180595,USD
2025-07,2025-09-30,Tidal,SE,The Linden Hours,Album,Tidewater,Paper Lanterns,Nordlys Records,4065629200201,DEX252500202,540,5.381964,USD
2025-07,2025-09-30,Tidal,US,The Linden Hours,Album,Tidewater,Paper Lanterns,Nordlys Records,4065629200201,DEX252500202,1368,14.036501,USD
2025-07,2025-09-30,Tidal,AT,The Linden Hours,Album,Tidewater,Salt and Iron,Nordlys Records,4065629200201,DEX252500203,360,3.418632,USD
2025-07,2025-09-30,Tidal,DE,The Linden Hours,Album,Tidewater,Salt and Iron,Nordlys Records,4065629200201,DEX252500203,1390,13.880818,USD
2025-07,2025-09-30,Tidal,GB,The Linden Hours,Album,Tidewater,Salt and Iron,Nordlys Records,4065629200201,DEX252500203,463,4.519250,USD
2025-07,2025-09-30,Tidal,NL,The Linden Hours,Album,Tidewater,Salt and Iron,Nordlys Records,4065629200201,DEX252500203,319,3.210607,USD
2025-07,2025-09-30,Tidal,SE,The Linden Hours,Album,Tidewater,Salt and Iron,Nordlys Records,4065629200201,DEX252500203,238,2.260096,USD
2025-07,2025-09-30,Tidal,US,The Linden Hours,Album,Tidewater,Salt and Iron,Nordlys Records,4065629200201,DEX252500203,639,6.381182,USD
2025-07,2025-09-30,Tidal,AT,The Linden Hours,Album,Tidewater,The Quiet Year,Nordlys Records,4065629200201,DEX252500204,328,3.471552,USD
2025-07,2025-09-30,Tidal,DE,The Linden Hours,Album,Tidewater,The Quiet Year,Nordlys Records,4065629200201,DEX252500204,1161,11.628112,USD
2025-07,2025-09-30,Tidal,GB,The Linden Hours,Album,Tidewater,The Quiet Year,Nordlys Records,4065629200201,DEX252500204,382,3.990678,USD
2025-07,2025-09-30,Tidal,NL,The Linden Hours,Album,Tidewater,The Quiet Year,Nordlys Records,4065629200201,DEX252500204,328,3.140469,USD
2025-07,2025-09-30,Tidal,SE,The Linden Hours,Album,Tidewater,The Quiet Year,Nordlys Records,4065629200201,DEX252500204,193,1.753328,USD
2025-07,2025-09-30,Tidal,US,The Linden Hours,Album,Tidewater,The Quiet Year,Nordlys Records,4065629200201,DEX252500204,463,4.251544,USD
2025-07,2025-09-30,Tidal,AT,The Linden Hours,Album,Tidewater,Second Light,Nordlys Records,4065629200201,DEX252500205,202,1.821232,USD
2025-07,2025-09-30,Tidal,DE,The Linden Hours,Album,Tidewater,Second Light,Nordlys Records,4065629200201,DEX252500205,760,7.157528,USD
2025-07,2025-09-30,Tidal,GB,The Linden Hours,Album,Tidewater,Second Light,Nordlys Records,4065629200201,DEX252500205,351,3.388203,USD
2025-07,2025-09-30,Tidal,NL,The Linden Hours,Album,Tidewater,Second Light,Nordlys Records,4065629200201,DEX252500205,184,1.693205,USD
2025-07,2025-09-30,Tidal,SE,The Linden Hours,Album,Tidewater,Second Light,Nordlys Records,4065629200201,DEX252500205,148,1.356124,USD
2025-07,2025-09-30,Tidal,US,The Linden Hours,Album,Tidewater,Second Light,Nordlys Records,4065629200201,DEX252500205,369,3.818707,USD
2025-07,2025-09-30,Tidal,AT,The Linden Hours,Album,Tidewater,Glasshouse,Nordlys Records,4065629200201,DEX252500206,373,3.830859,USD
2025-07,2025-09-30,Tidal,DE,The Linden Hours,Album,Tidewater,Glasshouse,Nordlys Records,4065629200201,DEX252500206,1633,16.019403,USD
2025-07,2025-09-30,Tidal,GB,The Linden Hours,Album,Tidewater,Glasshouse,Nordlys Records,4065629200201,DEX252500206,567,5.139855,USD
2025-07,2025-09-30,Tidal,NL,The Linden Hours,Album,Tidewater,Glasshouse,Nordlys Records,4065629200201,DEX252500206,355,3.739925,USD
2025-07,2025-09-30,Tidal,SE,The Linden Hours,Album,Tidewater,Glasshouse,Nordlys Records,4065629200201,DEX252500206,247,2.515003,USD
2025-07,2025-09-30,Tidal,US,The Linden Hours,Album,Tidewater,Glasshouse,Nordlys Records,4065629200201,DEX252500206,841,8.225316,USD
2025-07,2025-09-30,Tidal,AT,The Linden Hours,Album,Tidewater,Summer Static,Nordlys Records,4065629200201,DEX252500207,814,7.825633,USD
2025-07,2025-09-30,Tidal,DE,The Linden Hours,Album,Tidewater,Summer Static,Nordlys Records,4065629200201,DEX252500207,3100,31.139500,USD
2025-07,2025-09-30,Tidal,GB,The Linden Hours,Album,Tidewater,Summer Static,Nordlys Records,4065629200201,DEX252500207,1188,11.549261,USD
2025-07,2025-09-30,Tidal,NL,The Linden Hours,Album,Tidewater,Summer Static,Nordlys Records,4065629200201,DEX252500207,864,8.280922,USD
2025-07,2025-09-30,Tidal,SE,The Linden Hours,Album,Tidewater,Summer Static,Nordlys Records,4065629200201,DEX252500207,558,5.260601,USD
2025-07,2025-09-30,Tidal,US,The Linden Hours,Album,Tidewater,Summer Static,Nordlys Records,4065629200201,DEX252500207,1786,18.868018,USD
2025-07,2025-09-30,Tidal,AT,The Linden Hours,Album,Tidewater,Tidewater,Nordlys Records,4065629200201,DEX252500208,297,3.061951,USD
2025-07,2025-09-30,Tidal,DE,The Linden Hours,Album,Tidewater,Tidewater,Nordlys Records,4065629200201,DEX252500208,1201,12.240592,USD
2025-07,2025-09-30,Tidal,GB,The Linden Hours,Album,Tidewater,Tidewater,Nordlys Records,4065629200201,DEX252500208,360,3.252816,USD
2025-07,2025-09-30,Tidal,NL,The Linden Hours,Album,Tidewater,Tidewater,Nordlys Records,4065629200201,DEX252500208,225,2.125620,USD
2025-07,2025-09-30,Tidal,SE,The Linden Hours,Album,Tidewater,Tidewater,Nordlys Records,4065629200201,DEX252500208,175,1.823045,USD
2025-07,2025-09-30,Tidal,US,The Linden Hours,Album,Tidewater,Tidewater,Nordlys Records,4065629200201,DEX252500208,558,5.063738,USD
2025-07,2025-09-30,YouTube Music,AT,The Linden Hours,Album,Tidewater,Linden,Nordlys Records,4065629200201,DEX252500201,747,1.553013,USD
2025-07,2025-09-30,YouTube Music,DE,The Linden Hours,Album,Tidewater,Linden,Nordlys Records,4065629200201,DEX252500201,3784,7.890775,USD
2025-07,2025-09-30,YouTube Music,GB,The Linden Hours,Album,Tidewater,Linden,Nordlys Records,4065629200201,DEX252500201,1264,2.710142,USD
2025-07,2025-09-30,YouTube Music,NL,The Linden Hours,Album,Tidewater,Linden,Nordlys Records,4065629200201,DEX252500201,643,1.390809,USD
2025-07,2025-09-30,YouTube Music,SE,The Linden Hours,Album,Tidewater,Linden,Nordlys Records,4065629200201,DEX252500201,603,1.242240,USD
2025-07,2025-09-30,YouTube Music,US,The Linden Hours,Album,Tidewater,Linden,Nordlys Records,4065629200201,DEX252500201,1683,3.534300,USD
2025-07,2025-09-30,YouTube Music,AT,The Linden Hours,Album,Tidewater,Paper Lanterns,Nordlys Records,4065629200201,DEX252500202,1296,2.871288,USD
2025-07,2025-09-30,YouTube Music,DE,The Linden Hours,Album,Tidewater,Paper Lanterns,Nordlys Records,4065629200201,DEX252500202,4999,10.476904,USD
2025-07,2025-09-30,YouTube Music,GB,The Linden Hours,Album,Tidewater,Paper Lanterns,Nordlys Records,4065629200201,DEX252500202,1503,3.194176,USD
2025-07,2025-09-30,YouTube Music,NL,The Linden Hours,Album,Tidewater,Paper Lanterns,Nordlys Records,4065629200201,DEX252500202,1219,2.437025,USD
2025-07,2025-09-30,YouTube Music,SE,The Linden Hours,Album,Tidewater,Paper Lanterns,Nordlys Records,4065629200201,DEX252500202,801,1.682100,USD
2025-07,2025-09-30,YouTube Music,US,The Linden Hours,Album,Tidewater,Paper Lanterns,Nordlys Records,4065629200201,DEX252500202,1818,3.565825,USD
2025-07,2025-09-30,YouTube Music,AT,The Linden Hours,Album,Tidewater,Salt and Iron,Nordlys Records,4065629200201,DEX252500203,657,1.378320,USD
2025-07,2025-09-30,YouTube Music,DE,The Linden Hours,Album,Tidewater,Salt and Iron,Nordlys Records,4065629200201,DEX252500203,2911,5.880802,USD
2025-07,2025-09-30,YouTube Music,GB,The Linden Hours,Album,Tidewater,Salt and Iron,Nordlys Records,4065629200201,DEX252500203,720,1.578528,USD
2025-07,2025-09-30,YouTube Music,NL,The Linden Hours,Album,Tidewater,Salt and Iron,Nordlys Records,4065629200201,DEX252500203,598,1.198033,USD
2025-07,2025-09-30,YouTube Music,SE,The Linden Hours,Album,Tidewater,Salt and Iron,Nordlys Records,4065629200201,DEX252500203,472,1.062566,USD
2025-07,2025-09-30,YouTube Music,US,The Linden Hours,Album,Tidewater,Salt and Iron,Nordlys Records,4065629200201,DEX252500203,1053,2.262160,USD
2025-07,2025-09-30,YouTube Music,AT,The Linden Hours,Album,Tidewater,The Quiet Year,Nordlys Records,4065629200201,DEX252500204,625,1.241625,USD
2025-07,2025-09-30,YouTube Music,DE,The Linden Hours,Album,Tidewater,The Quiet Year,Nordlys Records,4065629200201,DEX252500204,1903,4.116189,USD
2025-07,2025-09-30,YouTube Music,GB,The Linden Hours,Album,Tidewater,The Quiet Year,Nordlys Records,4065629200201,DEX252500204,769,1.666577,USD
2025-07,2025-09-30,YouTube Music,NL,The Linden Hours,Album,Tidewater,The Quiet Year,Nordlys Records,4065629200201,DEX252500204,373,0.771551,USD
2025-07,2025-09-30,YouTube Music,SE,The Linden Hours,Album,Tidewater,The Quiet Year,Nordlys Records,4065629200201,DEX252500204,355,0.743264,USD
2025-07,2025-09-30,YouTube Music,US,The Linden Hours,Album,Tidewater,The Quiet Year,Nordlys Records,4065629200201,DEX252500204,922,1.806475,USD
2025-07,2025-09-30,YouTube Music,AT,The Linden Hours,Album,Tidewater,Second Light,Nordlys Records,4065629200201,DEX252500205,436,0.980608,USD
2025-07,2025-09-30,YouTube Music,DE,The Linden Hours,Album,Tidewater,Second Light,Nordlys Records,4065629200201,DEX252500205,1516,3.374616,USD
2025-07,2025-09-30,YouTube Music,GB,The Linden Hours,Album,Tidewater,Second Light,Nordlys Records,4065629200201,DEX252500205,598,1.184219,USD
2025-07,2025-09-30,YouTube Music,NL,The Linden Hours,Album,Tidewater,Second Light,Nordlys Records,4065629200201,DEX252500205,373,0.824815,USD
2025-07,2025-09-30,YouTube Music,SE,The Linden Hours,Album,Tidewater,Second Light,Nordlys Records,4065629200201,DEX252500205,202,0.425048,USD
2025-07,2025-09-30,YouTube Music,US,The Linden Hours,Album,Tidewater,Second Light,Nordlys Records,4065629200201,DEX252500205,760,1.718892,USD
2025-07,2025-09-30,YouTube Music,AT,The Linden Hours,Album,Tidewater,Glasshouse,Nordlys Records,4065629200201,DEX252500206,607,1.371577,USD
2025-07,2025-09-30,YouTube Music,DE,The Linden Hours,Album,Tidewater,Glasshouse,Nordlys Records,4065629200201,DEX252500206,2785,5.632106,USD
2025-07,2025-09-30,YouTube Music,GB,The Linden Hours,Album,Tidewater,Glasshouse,Nordlys Records,4065629200201,DEX252500206,1089,2.440122,USD
2025-07,2025-09-30,YouTube Music,NL,The Linden Hours,Album,Tidewater,Glasshouse,Nordlys Records,4065629200201,DEX252500206,621,1.245416,USD
2025-07,2025-09-30,YouTube Music,SE,The Linden Hours,Album,Tidewater,Glasshouse,Nordlys Records,4065629200201,DEX252500206,436,0.862495,USD
2025-07,2025-09-30,YouTube Music,US,The Linden Hours,Album,Tidewater,Glasshouse,Nordlys Records,4065629200201,DEX252500206,1372,2.840863,USD
2025-07,2025-09-30,YouTube Music,AT,The Linden Hours,Album,Tidewater,Summer Static,Nordlys Records,4065629200201,DEX252500207,1503,3.263614,USD
2025-07,2025-09-30,YouTube Music,DE,The Linden Hours,Album,Tidewater,Summer Static,Nordlys Records,4065629200201,DEX252500207,6808,13.810709,USD
2025-07,2025-09-30,YouTube Music,GB,The Linden Hours,Album,Tidewater,Summer Static,Nordlys Records,4065629200201,DEX252500207,1930,3.854403,USD
2025-07,2025-09-30,YouTube Music,NL,The Linden Hours,Album,Tidewater,Summer Static,Nordlys Records,4065629200201,DEX252500207,1507,3.300782,USD
2025-07,2025-09-30,YouTube Music,SE,The Linden Hours,Album,Tidewater,Summer Static,Nordlys Records,4065629200201,DEX252500207,1161,2.545376,USD
2025-07,2025-09-30,YouTube Music,US,The Linden Hours,Album,Tidewater,Summer Static,Nordlys Records,4065629200201,DEX252500207,3064,6.698210,USD
2025-07,2025-09-30,YouTube Music,AT,The Linden Hours,Album,Tidewater,Tidewater,Nordlys Records,4065629200201,DEX252500208,373,0.818549,USD
2025-07,2025-09-30,YouTube Music,DE,The Linden Hours,Album,Tidewater,Tidewater,Nordlys Records,4065629200201,DEX252500208,2191,4.407854,USD
2025-07,2025-09-30,YouTube Music,GB,The Linden Hours,Album,Tidewater,Tidewater,Nordlys Records,4065629200201,DEX252500208,679,1.433030,USD
2025-07,2025-09-30,YouTube Music,NL,The Linden Hours,Album,Tidewater,Tidewater,Nordlys Records,4065629200201,DEX252500208,477,1.055792,USD
2025-07,2025-09-30,YouTube Music,SE,The Linden Hours,Album,Tidewater,Tidewater,Nordlys Records,4065629200201,DEX252500208,364,0.814086,USD
2025-07,2025-09-30,YouTube Music,US,The Linden Hours,Album,Tidewater,Tidewater,Nordlys Records,4065629200201,DEX252500208,1071,2.325569,USD
2025-08,2025-10-31,Amazon Music,AT,The Linden Hours,Album,Tidewater,Linden,Nordlys Records,4065629200201,DEX252500201,684,2.911788,USD
2025-08,2025-10-31,Amazon Music,DE,The Linden Hours,Album,Tidewater,Linden,Nordlys Records,4065629200201,DEX252500201,2286,10.492740,USD
2025-08,2025-10-31,Amazon Music,GB,The Linden Hours,Album,Tidewater,Linden,Nordlys Records,4065629200201,DEX252500201,985,4.091198,USD
2025-08,2025-10-31,Amazon Music,NL,The Linden Hours,Album,Tidewater,Linden,Nordlys Records,4065629200201,DEX252500201,459,1.937439,USD
2025-08,2025-10-31,Amazon Music,SE,The Linden Hours,Album,Tidewater,Linden,Nordlys Records,4065629200201,DEX252500201,508,2.269998,USD
2025-08,2025-10-31,Amazon Music,US,The Linden Hours,Album,Tidewater,Linden,Nordlys Records,4065629200201,DEX252500201,1431,6.503895,USD
2025-08,2025-10-31,Amazon Music,AT,The Linden Hours,Album,Tidewater,Paper Lanterns,Nordlys Records,4065629200201,DEX252500202,985,4.556610,USD
2025-08,2025-10-31,Amazon Music,DE,The Linden Hours,Album,Tidewater,Paper Lanterns,Nordlys Records,4065629200201,DEX252500202,4068,17.683596,USD
2025-08,2025-10-31,Amazon Music,GB,The Linden Hours,Album,Tidewater,Paper Lanterns,Nordlys Records,4065629200201,DEX252500202,1530,7.291215,USD
2025-08,2025-10-31,Amazon Music,NL,The Linden Hours,Album,Tidewater,Paper Lanterns,Nordlys Records,4065629200201,DEX252500202,931,4.327754,USD
2025-08,2025-10-31,Amazon Music,SE,The Linden Hours,Album,Tidewater,Paper Lanterns,Nordlys Records,4065629200201,DEX252500202,702,3.206385,USD
2025-08,2025-10-31,Amazon Music,US,The Linden Hours,Album,Tidewater,Paper Lanterns,Nordlys Records,4065629200201,DEX252500202,2245,9.455940,USD
2025-08,2025-10-31,Amazon Music,AT,The Linden Hours,Album,Tidewater,Salt and Iron,Nordlys Records,4065629200201,DEX252500203,585,2.695680,USD
2025-08,2025-10-31,Amazon Music,DE,The Linden Hours,Album,Tidewater,Salt and Iron,Nordlys Records,4065629200201,DEX252500203,2052,8.559918,USD
2025-08,2025-10-31,Amazon Music,GB,The Linden Hours,Album,Tidewater,Salt and Iron,Nordlys Records,4065629200201,DEX252500203,702,3.080025,USD
2025-08,2025-10-31,Amazon Music,NL,The Linden Hours,Album,Tidewater,Salt and Iron,Nordlys Records,4065629200201,DEX252500203,513,2.262330,USD
2025-08,2025-10-31,Amazon Music,SE,The Linden Hours,Album,Tidewater,Salt and Iron,Nordlys Records,4065629200201,DEX252500203,355,1.501650,USD
2025-08,2025-10-31,Amazon Music,US,The Linden Hours,Album,Tidewater,Salt and Iron,Nordlys Records,4065629200201,DEX252500203,1003,4.752716,USD
2025-08,2025-10-31,Amazon Music,AT,The Linden Hours,Album,Tidewater,The Quiet Year,Nordlys Records,4065629200201,DEX252500204,432,1.977048,USD
2025-08,2025-10-31,Amazon Music,DE,The Linden Hours,Album,Tidewater,The Quiet Year,Nordlys Records,4065629200201,DEX252500204,2079,9.514544,USD
2025-08,2025-10-31,Amazon Music,GB,The Linden Hours,Album,Tidewater,The Quiet Year,Nordlys Records,4065629200201,DEX252500204,508,2.370582,USD
2025-08,2025-10-31,Amazon Music,NL,The Linden Hours,Album,Tidewater,The Quiet Year,Nordlys Records,4065629200201,DEX252500204,400,1.715400,USD
2025-08,2025-10-31,Amazon Music,SE,The Linden Hours,Album,Tidewater,The Quiet Year,Nordlys Records,4065629200201,DEX252500204,342,1.497447,USD
2025-08,2025-10-31,Amazon Music,US,The Linden Hours,Album,Tidewater,The Quiet Year,Nordlys Records,4065629200201,DEX252500204,846,3.883140,USD
2025-08,2025-10-31,Amazon Music,AT,The Linden Hours,Album,Tidewater,Second Light,Nordlys Records,4065629200201,DEX252500205,310,1.453590,USD
2025-08,2025-10-31,Amazon Music,DE,The Linden Hours,Album,Tidewater,Second Light,Nordlys Records,4065629200201,DEX252500205,1426,6.911109,USD
2025-08,2025-10-31,Amazon Music,GB,The Linden Hours,Album,Tidewater,Second Light,Nordlys Records,4065629200201,DEX252500205,387,1.800711,USD
2025-08,2025-10-31,Amazon Music,NL,The Linden Hours,Album,Tidewater,Second Light,Nordlys Records,4065629200201,DEX252500205,297,1.407335,USD
2025-08,2025-10-31,Amazon Music,SE,The Linden Hours,Album,Tidewater,Second Light,Nordlys Records,4065629200201,DEX252500205,229,0.976914,USD
2025-08,2025-10-31,Amazon Music,US,The Linden Hours,Album,Tidewater,Second Light,Nordlys Records,4065629200201,DEX252500205,670,3.093390,USD
2025-08,2025-10-31,Amazon Music,AT,The Linden Hours,Album,Tidewater,Glasshouse,Nordlys Records,4065629200201,DEX252500206,594,2.475198,USD
2025-08,2025-10-31,Amazon Music,DE,The Linden Hours,Album,Tidewater,Glasshouse,Nordlys Records,4065629200201,DEX252500206,2398,11.006820,USD
2025-08,2025-10-31,Amazon Music,GB,The Linden Hours,Album,Tidewater,Glasshouse,Nordlys Records,4065629200201,DEX252500206,751,3.467367,USD
2025-08,2025-10-31,Amazon Music,NL,The Linden Hours,Album,Tidewater,Glasshouse,Nordlys Records,4065629200201,DEX252500206,598,2.900898,USD
2025-08,2025-10-31,Amazon Music,SE,The Linden Hours,Album,Tidewater,Glasshouse,Nordlys Records,4065629200201,DEX252500206,396,1.883574,USD
2025-08,2025-10-31,Amazon Music,US,The Linden Hours,Album,Tidewater,Glasshouse,Nordlys Records,4065629200201,DEX252500206,1345,5.949608,USD
2025-08,2025-10-31,Amazon Music,AT,The Linden Hours,Album,Tidewater,Summer Static,Nordlys Records,4065629200201,DEX252500207,1255,5.404658,USD
2025-08,2025-10-31,Amazon Music,DE,The Linden Hours,Album,Tidewater,Summer Static,Nordlys Records,4065629200201,DEX252500207,6286,29.079036,USD
2025-08,2025-10-31,Amazon Music,GB,The Linden Hours,Album,Tidewater,Summer Static,Nordlys Records,4065629200201,DEX252500207,1917,9.282114,USD
2025-08,2025-10-31,Amazon Music,NL,The Linden Hours,Album,Tidewater,Summer Static,Nordlys Records,4065629200201,DEX252500207,1539,7.382583,USD
2025-08,2025-10-31,Amazon Music,SE,The Linden Hours,Album,Tidewater,Summer Static,Nordlys Records,4065629200201,DEX252500207,909,4.282754,USD
2025-08,2025-10-31,Amazon Music,US,The Linden Hours,Album,Tidewater,Summer Static,Nordlys Records,4065629200201,DEX252500207,2254,9.554706,USD
2025-08,2025-10-31,Amazon Music,AT,The Linden Hours,Album,Tidewater,Tidewater,Nordlys Records,4065629200201,DEX252500208,468,2.158650,USD
2025-08,2025-10-31,Amazon Music,DE,The Linden Hours,Album,Tidewater,Tidewater,Nordlys Records,4065629200201,DEX252500208,1638,7.798518,USD
2025-08,2025-10-31,Amazon Music,GB,The Linden Hours,Album,Tidewater,Tidewater,Nordlys Records,4065629200201,DEX252500208,684,3.287304,USD
2025-08,2025-10-31,Amazon Music,NL,The Linden Hours,Album,Tidewater,Tidewater,Nordlys Records,4065629200201,DEX252500208,400,1.746000,USD
2025-08,2025-10-31,Amazon Music,SE,The Linden Hours,Album,Tidewater,Tidewater,Nordlys Records,4065629200201,DEX252500208,342,1.574397,USD
2025-08,2025-10-31,Amazon Music,US,The Linden Hours,Album,Tidewater,Tidewater,Nordlys Records,4065629200201,DEX252500208,801,3.849606,USD
2025-08,2025-10-31,Apple Music,AT,The Linden Hours,Album,Tidewater,Linden,Nordlys Records,4065629200201,DEX252500201,1233,8.439145,USD
2025-08,2025-10-31,Apple Music,DE,The Linden Hours,Album,Tidewater,Linden,Nordlys Records,4065629200201,DEX252500201,4698,34.656676,USD
2025-08,2025-10-31,Apple Music,GB,The Linden Hours,Album,Tidewater,Linden,Nordlys Records,4065629200201,DEX252500201,1498,10.359269,USD
2025-08,2025-10-31,Apple Music,NL,The Linden Hours,Album,Tidewater,Linden,Nordlys Records,4065629200201,DEX252500201,1134,8.526433,USD
2025-08,2025-10-31,Apple Music,SE,The Linden Hours,Album,Tidewater,Linden,Nordlys Records,4065629200201,DEX252500201,855,5.912667,USD
2025-08,2025-10-31,Apple Music,US,The Linden Hours,Album,Tidewater,Linden,Nordlys Records,4065629200201,DEX252500201,2218,14.676950,USD
2025-08,2025-10-31,Apple Music,AT,The Linden Hours,Album,Tidewater,Paper Lanterns,Nordlys Records,4065629200201,DEX252500202,1678,12.092507,USD
2025-08,2025-10-31,Apple Music,DE,The Linden Hours,Album,Tidewater,Paper Lanterns,Nordlys Records,4065629200201,DEX252500202,6615,45.792338,USD
2025-08,2025-10-31,Apple Music,GB,The Linden Hours,Album,Tidewater,Paper Lanterns,Nordlys Records,4065629200201,DEX252500202,2898,19.547010,USD
2025-08,2025-10-31,Apple Music,NL,The Linden Hours,Album,Tidewater,Paper Lanterns,Nordlys Records,4065629200201,DEX252500202,1620,11.881566,USD
2025-08,2025-10-31,Apple Music,SE,The Linden Hours,Album,Tidewater,Paper Lanterns,Nordlys Records,4065629200201,DEX252500202,1291,9.624405,USD
2025-08,2025-10-31,Apple Music,US,The Linden Hours,Album,Tidewater,Paper Lanterns,Nordlys Records,4065629200201,DEX252500202,3208,23.938417,USD
2025-08,2025-10-31,Apple Music,AT,The Linden Hours,Album,Tidewater,Salt and Iron,Nordlys Records,4065629200201,DEX252500203,760,5.369020,USD
2025-08,2025-10-31,Apple Music,DE,The Linden Hours,Album,Tidewater,Salt and Iron,Nordlys Records,4065629200201,DEX252500203,3631,25.883220,USD
2025-08,2025-10-31,Apple Music,GB,The Linden Hours,Album,Tidewater,Salt and Iron,Nordlys Records,4065629200201,DEX252500203,1368,9.032904,USD
2025-08,2025-10-31,Apple Music,NL,The Linden Hours,Album,Tidewater,Salt and Iron,Nordlys Records,4065629200201,DEX252500203,792,5.420765,USD
2025-08,2025-10-31,Apple Music,SE,The Linden Hours,Album,Tidewater,Salt and Iron,Nordlys Records,4065629200201,DEX252500203,571,3.887882,USD
2025-08,2025-10-31,Apple Music,US,The Linden Hours,Album,Tidewater,Salt and Iron,Nordlys Records,4065629200201,DEX252500203,1665,11.135853,USD
2025-08,2025-10-31,Apple Music,AT,The Linden Hours,Album,Tidewater,The Quiet Year,Nordlys Records,4065629200201,DEX252500204,774,5.885573,USD
2025-08,2025-10-31,Apple Music,DE,The Linden Hours,Album,Tidewater,The Quiet Year,Nordlys Records,4065629200201,DEX252500204,3402,25.651760,USD
2025-08,2025-10-31,Apple Music,GB,The Linden Hours,Album,Tidewater,The Quiet Year,Nordlys Records,4065629200201,DEX252500204,1071,7.794203,USD
2025-08,2025-10-31,Apple Music,NL,The Linden Hours,Album,Tidewater,The Quiet Year,Nordlys Records,4065629200201,DEX252500204,666,4.941387,USD
2025-08,2025-10-31,Apple Music,SE,The Linden Hours,Album,Tidewater,The Quiet Year,Nordlys Records,4065629200201,DEX252500204,607,4.184719,USD
2025-08,2025-10-31,Apple Music,US,The Linden Hours,Album,Tidewater,The Quiet Year,Nordlys Records,4065629200201,DEX252500204,1476,10.238569,USD
2025-08,2025-10-31,Apple Music,AT,The Linden Hours,Album,Tidewater,Second Light,Nordlys Records,4065629200201,DEX252500205,535,3.635165,USD
2025-08,2025-10-31,Apple Music,DE,The Linden Hours,Album,Tidewater,Second Light,Nordlys Records,4065629200201,DEX252500205,2124,15.366928,USD
2025-08,2025-10-31,Apple Music,GB,The Linden Hours,Album,Tidewater,Second Light,Nordlys Records,4065629200201,DEX252500205,1008,7.521797,USD
2025-08,2025-10-31,Apple Music,NL,The Linden Hours,Album,Tidewater,Second Light,Nordlys Records,4065629200201,DEX252500205,468,3.399224,USD
2025-08,2025-10-31,Apple Music,SE,The Linden Hours,Album,Tidewater,Second Light,Nordlys Records,4065629200201,DEX252500205,486,3.312576,USD
2025-08,2025-10-31,Apple Music,US,The Linden Hours,Album,Tidewater,Second Light,Nordlys Records,4065629200201,DEX252500205,1224,8.499211,USD
2025-08,2025-10-31,Apple Music,AT,The Linden Hours,Album,Tidewater,Glasshouse,Nordlys Records,4065629200201,DEX252500206,1021,7.662299,USD
2025-08,2025-10-31,Apple Music,DE,The Linden Hours,Album,Tidewater,Glasshouse,Nordlys Records,4065629200201,DEX252500206,4117,28.967624,USD
2025-08,2025-10-31,Apple Music,GB,The Linden Hours,Album,Tidewater,Glasshouse,Nordlys Records,4065629200201,DEX252500206,1476,11.066458,USD
2025-08,2025-10-31,Apple Music,NL,The Linden Hours,Album,Tidewater,Glasshouse,Nordlys Records,4065629200201,DEX252500206,913,6.871238,USD
2025-08,2025-10-31,Apple Music,SE,The Linden Hours,Album,Tidewater,Glasshouse,Nordlys Records,4065629200201,DEX252500206,706,4.621617,USD
2025-08,2025-10-31,Apple Music,US,The Linden Hours,Album,Tidewater,Glasshouse,Nordlys Records,4065629200201,DEX252500206,2245,15.764166,USD
2025-08,2025-10-31,Apple Music,AT,The Linden Hours,Album,Tidewater,Summer Static,Nordlys Records,4065629200201,DEX252500207,2380,17.759798,USD
2025-08,2025-10-31,Apple Music,DE,The Linden Hours,Album,Tidewater,Summer Static,Nordlys Records,4065629200201,DEX252500207,10129,74.576788,USD
2025-08,2025-10-31,Apple Music,GB,The Linden Hours,Album,Tidewater,Summer Static,Nordlys Records,4065629200201,DEX252500207,3370,24.190197,USD
2025-08,2025-10-31,Apple Music,NL,The Linden Hours,Album,Tidewater,Summer Static,Nordlys Records,4065629200201,DEX252500207,2191,16.131676,USD
2025-08,2025-10-31,Apple Music,SE,The Linden Hours,Album,Tidewater,Summer Static,Nordlys Records,4065629200201,DEX252500207,1755,12.385737,USD
2025-08,2025-10-31,Apple Music,US,The Linden Hours,Album,Tidewater,Summer Static,Nordlys Records,4065629200201,DEX252500207,5251,38.698820,USD
2025-08,2025-10-31,Apple Music,AT,The Linden Hours,Album,Tidewater,Tidewater,Nordlys Records,4065629200201,DEX252500208,778,5.103991,USD
2025-08,2025-10-31,Apple Music,DE,The Linden Hours,Album,Tidewater,Tidewater,Nordlys Records,4065629200201,DEX252500208,2596,18.929253,USD
2025-08,2025-10-31,Apple Music,GB,The Linden Hours,Album,Tidewater,Tidewater,Nordlys Records,4065629200201,DEX252500208,1003,7.327818,USD
2025-08,2025-10-31,Apple Music,NL,The Linden Hours,Album,Tidewater,Tidewater,Nordlys Records,4065629200201,DEX252500208,765,5.741096,USD
2025-08,2025-10-31,Apple Music,SE,The Linden Hours,Album,Tidewater,Tidewater,Nordlys Records,4065629200201,DEX252500208,535,4.094783,USD
2025-08,2025-10-31,Apple Music,US,The Linden Hours,Album,Tidewater,Tidewater,Nordlys Records,4065629200201,DEX252500208,1390,9.938083,USD
2025-08,2025-10-31,Deezer,AT,The Linden Hours,Album,Tidewater,Linden,Nordlys Records,4065629200201,DEX252500201,477,1.796191,USD
2025-07,2025-10-31,Deezer,AT,The Linden Hours,Album,Tidewater,Linden,Nordlys Records,4065629200201,DEX252500201,526,1.861409,USD
2025-08,2025-10-31,Deezer,DE,The Linden Hours,Album,Tidewater,Linden,Nordlys Records,4065629200201,DEX252500201,2052,7.896917,USD
2025-07,2025-10-31,Deezer,DE,The Linden Hours,Album,Tidewater,Linden,Nordlys Records,4065629200201,DEX252500201,1966,7.389014,USD
2025-08,2025-10-31,Deezer,GB,The Linden Hours,Album,Tidewater,Linden,Nordlys Records,4065629200201,DEX252500201,729,2.445941,USD
2025-07,2025-10-31,Deezer,GB,The Linden Hours,Album,Tidewater,Linden,Nordlys Records,4065629200201,DEX252500201,684,2.322043,USD
2025-08,2025-10-31,Deezer,NL,The Linden Hours,Album,Tidewater,Linden,Nordlys Records,4065629200201,DEX252500201,432,1.615853,USD
2025-07,2025-10-31,Deezer,NL,The Linden Hours,Album,Tidewater,Linden,Nordlys Records,4065629200201,DEX252500201,490,1.889244,USD
2025-08,2025-10-31,Deezer,SE,The Linden Hours,Album,Tidewater,Linden,Nordlys Records,4065629200201,DEX252500201,319,1.210414,USD
2025-07,2025-10-31,Deezer,SE,The Linden Hours,Album,Tidewater,Linden,Nordlys Records,4065629200201,DEX252500201,333,1.283915,USD
2025-08,2025-10-31,Deezer,US,The Linden Hours,Album,Tidewater,Linden,Nordlys Records,4065629200201,DEX252500201,891,3.056843,USD
2025-07,2025-10-31,Deezer,US,The Linden Hours,Album,Tidewater,Linden,Nordlys Records,4065629200201,DEX252500201,1071,3.867167,USD
2025-08,2025-10-31,Deezer,AT,The Linden Hours,Album,Tidewater,Paper Lanterns,Nordlys Records,4065629200201,DEX252500202,900,3.178440,USD
2025-07,2025-10-31,Deezer,AT,The Linden Hours,Album,Tidewater,Paper Lanterns,Nordlys Records,4065629200201,DEX252500202,963,3.303860,USD
2025-08,2025-10-31,Deezer,DE,The Linden Hours,Album,Tidewater,Paper Lanterns,Nordlys Records,4065629200201,DEX252500202,2907,10.119848,USD
2025-07,2025-10-31,Deezer,DE,The Linden Hours,Album,Tidewater,Paper Lanterns,Nordlys Records,4065629200201,DEX252500202,3366,12.953714,USD
2025-08,2025-10-31,Deezer,GB,The Linden Hours,Album,Tidewater,Paper Lanterns,Nordlys Records,4065629200201,DEX252500202,1066,3.879814,USD
2025-07,2025-10-31,Deezer,GB,The Linden Hours,Album,Tidewater,Paper Lanterns,Nordlys Records,4065629200201,DEX252500202,976,3.506573,USD
2025-08,2025-10-31,Deezer,NL,The Linden Hours,Album,Tidewater,Paper Lanterns,Nordlys Records,4065629200201,DEX252500202,742,2.625790,USD
2025-07,2025-10-31,Deezer,NL,The Linden Hours,Album,Tidewater,Paper Lanterns,Nordlys Records,4065629200201,DEX252500202,702,2.582798,USD
2025-08,2025-10-31,Deezer,SE,The Linden Hours,Album,Tidewater,Paper Lanterns,Nordlys Records,4065629200201,DEX252500202,576,1.971994,USD
2025-07,2025-10-31,Deezer,SE,The Linden Hours,Album,Tidewater,Paper Lanterns,Nordlys Records,4065629200201,DEX252500202,652,2.178202,USD
2025-08,2025-10-31,Deezer,US,The Linden Hours,Album,Tidewater,Paper Lanterns,Nordlys Records,4065629200201,DEX252500202,1498,5.667833,USD
2025-07,2025-10-31,Deezer,US,The Linden Hours,Album,Tidewater,Paper Lanterns,Nordlys Records,4065629200201,DEX252500202,1755,6.785532,USD
2025-08,2025-10-31,Deezer,AT,The Linden Hours,Album,Tidewater,Salt and Iron,Nordlys Records,4065629200201,DEX252500203,346,1.211969,USD
2025-07,2025-10-31,Deezer,AT,The Linden Hours,Album,Tidewater,Salt and Iron,Nordlys Records,4065629200201,DEX252500203,378,1.310450,USD
2025-08,2025-10-31,Deezer,DE,The Linden Hours,Album,Tidewater,Salt and Iron,Nordlys Records,4065629200201,DEX252500203,1633,6.084558,USD
2025-07,2025-10-31,Deezer,DE,The Linden Hours,Album,Tidewater,Salt and Iron,Nordlys Records,4065629200201,DEX252500203,1692,6.091200,USD
2025-08,2025-10-31,Deezer,GB,The Linden Hours,Album,Tidewater,Salt and Iron,Nordlys Records,4065629200201,DEX252500203,612,2.253874,USD
2025-07,2025-10-31,Deezer,GB,The Linden Hours,Album,Tidewater,Salt and Iron,Nordlys Records,4065629200201,DEX252500203,553,1.937048,USD
2025-08,2025-10-31,Deezer,NL,The Linden Hours,Album,Tidewater,Salt and Iron,Nordlys Records,4065629200201,DEX252500203,333,1.192806,USD
2025-07,2025-10-31,Deezer,NL,The Linden Hours,Album,Tidewater,Salt and Iron,Nordlys Records,4065629200201,DEX252500203,342,1.273061,USD
2025-08,2025-10-31,Deezer,SE,The Linden Hours,Album,Tidewater,Salt and Iron,Nordlys Records,4065629200201,DEX252500203,283,0.944428,USD
2025-07,2025-10-31,Deezer,SE,The Linden Hours,Album,Tidewater,Salt and Iron,Nordlys Records,4065629200201,DEX252500203,283,1.048345,USD
2025-08,2025-10-31,Deezer,US,The Linden Hours,Album,Tidewater,Salt and Iron,Nordlys Records,4065629200201,DEX252500203,621,2.195359,USD
2025-07,2025-10-31,Deezer,US,The Linden Hours,Album,Tidewater,Salt and Iron,Nordlys Records,4065629200201,DEX252500203,828,2.861568,USD
2025-08,2025-10-31,Deezer,AT,The Linden Hours,Album,Tidewater,The Quiet Year,Nordlys Records,4065629200201,DEX252500204,355,1.200042,USD
2025-07,2025-10-31,Deezer,AT,The Linden Hours,Album,Tidewater,The Quiet Year,Nordlys Records,4065629200201,DEX252500204,360,1.321920,USD
2025-08,2025-10-31,Deezer,DE,The Linden Hours,Album,Tidewater,The Quiet Year,Nordlys Records,4065629200201,DEX252500204,1350,4.791960,USD
2025-07,2025-10-31,Deezer,DE,The Linden Hours,Album,Tidewater,The Quiet Year,Nordlys Records,4065629200201,DEX252500204,1282,4.296751,USD
2025-08,2025-10-31,Deezer,GB,The Linden Hours,Album,Tidewater,The Quiet Year,Nordlys Records,4065629200201,DEX252500204,531,1.936451,USD
2025-07,2025-10-31,Deezer,GB,The Linden Hours,Album,Tidewater,The Quiet Year,Nordlys Records,4065629200201,DEX252500204,432,1.474330,USD
2025-08,2025-10-31,Deezer,NL,The Linden Hours,Album,Tidewater,The Quiet Year,Nordlys Records,4065629200201,DEX252500204,288,1.075162,USD
2025-07,2025-10-31,Deezer,NL,The Linden Hours,Album,Tidewater,The Quiet Year,Nordlys Records,4065629200201,DEX252500204,256,0.904090,USD
2025-08,2025-10-31,Deezer,SE,The Linden Hours,Album,Tidewater,The Quiet Year,Nordlys Records,4065629200201,DEX252500204,261,0.884164,USD
2025-07,2025-10-31,Deezer,SE,The Linden Hours,Album,Tidewater,The Quiet Year,Nordlys Records,4065629200201,DEX252500204,225,0.803520,USD
2025-08,2025-10-31,Deezer,US,The Linden Hours,Album,Tidewater,The Quiet Year,Nordlys Records,4065629200201,DEX252500204,616,2.228688,USD
2025-07,2025-10-31,Deezer,US,The Linden Hours,Album,Tidewater,The Quiet Year,Nordlys Records,4065629200201,DEX252500204,607,2.233274,USD
2025-08,2025-10-31,Deezer,AT,The Linden Hours,Album,Tidewater,Second Light,Nordlys Records,4065629200201,DEX252500205,261,0.999734,USD
2025-07,2025-10-31,Deezer,AT,The Linden Hours,Album,Tidewater,Second Light,Nordlys Records,4065629200201,DEX252500205,256,0.863539,USD
2025-08,2025-10-31,Deezer,DE,The Linden Hours,Album,Tidewater,Second Light,Nordlys Records,4065629200201,DEX252500205,931,3.247700,USD
2025-07,2025-10-31,Deezer,DE,The Linden Hours,Album,Tidewater,Second Light,Nordlys Records,4065629200201,DEX252500205,1089,3.889037,USD
2025-08,2025-10-31,Deezer,GB,The Linden Hours,Album,Tidewater,Second Light,Nordlys Records,4065629200201,DEX252500205,382,1.445335,USD
2025-07,2025-10-31,Deezer,GB,The Linden Hours,Album,Tidewater,Second Light,Nordlys Records,4065629200201,DEX252500205,337,1.148900,USD
2025-08,2025-10-31,Deezer,NL,The Linden Hours,Album,Tidewater,Second Light,Nordlys Records,4065629200201,DEX252500205,243,0.908042,USD
2025-07,2025-10-31,Deezer,NL,The Linden Hours,Album,Tidewater,Second Light,Nordlys Records,4065629200201,DEX252500205,256,0.924365,USD
2025-08,2025-10-31,Deezer,SE,The Linden Hours,Album,Tidewater,Second Light,Nordlys Records,4065629200201,DEX252500205,184,0.691546,USD
2025-07,2025-10-31,Deezer,SE,The Linden Hours,Album,Tidewater,Second Light,Nordlys Records,4065629200201,DEX252500205,175,0.665280,USD
2025-08,2025-10-31,Deezer,US,The Linden Hours,Album,Tidewater,Second Light,Nordlys Records,4065629200201,DEX252500205,549,2.073244,USD
2025-07,2025-10-31,Deezer,US,The Linden Hours,Album,Tidewater,Second Light,Nordlys Records,4065629200201,DEX252500205,526,1.768622,USD
2025-08,2025-10-31,Deezer,AT,The Linden Hours,Album,Tidewater,Glasshouse,Nordlys Records,4065629200201,DEX252500206,427,1.649416,USD
2025-07,2025-10-31,Deezer,AT,The Linden Hours,Album,Tidewater,Glasshouse,Nordlys Records,4065629200201,DEX252500206,445,1.710936,USD
2025-08,2025-10-31,Deezer,DE,The Linden Hours,Album,Tidewater,Glasshouse,Nordlys Records,4065629200201,DEX252500206,1773,6.440245,USD
2025-07,2025-10-31,Deezer,DE,The Linden Hours,Album,Tidewater,Glasshouse,Nordlys Records,4065629200201,DEX252500206,1692,5.999832,USD
2025-08,2025-10-31,Deezer,GB,The Linden Hours,Album,Tidewater,Glasshouse,Nordlys Records,4065629200201,DEX252500206,526,1.819750,USD
2025-07,2025-10-31,Deezer,GB,The Linden Hours,Album,Tidewater,Glasshouse,Nordlys Records,4065629200201,DEX252500206,652,2.255659,USD
2025-08,2025-10-31,Deezer,NL,The Linden Hours,Album,Tidewater,Glasshouse,Nordlys Records,4065629200201,DEX252500206,396,1.318680,USD
2025-07,2025-10-31,Deezer,NL,The Linden Hours,Album,Tidewater,Glasshouse,Nordlys Records,4065629200201,DEX252500206,441,1.524096,USD
2025-08,2025-10-31,Deezer,SE,The Linden Hours,Album,Tidewater,Glasshouse,Nordlys Records,4065629200201,DEX252500206,288,1.115597,USD
2025-07,2025-10-31,Deezer,SE,The Linden Hours,Album,Tidewater,Glasshouse,Nordlys Records,4065629200201,DEX252500206,364,1.339229,USD
2025-08,2025-10-31,Deezer,US,The Linden Hours,Album,Tidewater,Glasshouse,Nordlys Records,4065629200201,DEX252500206,904,3.469190,USD
2025-07,2025-10-31,Deezer,US,The Linden Hours,Album,Tidewater,Glasshouse,Nordlys Records,4065629200201,DEX252500206,1008,3.530822,USD
2025-08,2025-10-31,Deezer,AT,The Linden Hours,Album,Tidewater,Summer Static,Nordlys Records,4065629200201,DEX252500207,963,3.563870,USD
2025-07,2025-10-31,Deezer,AT,The Linden Hours,Album,Tidewater,Summer Static,Nordlys Records,4065629200201,DEX252500207,850,2.891700,USD
2025-08,2025-10-31,Deezer,DE,The Linden Hours,Album,Tidewater,Summer Static,Nordlys Records,4065629200201,DEX252500207,3672,13.628995,USD
2025-07,2025-10-31,Deezer,DE,The Linden Hours,Album,Tidewater,Summer Static,Nordlys Records,4065629200201,DEX252500207,4500,16.410600,USD
2025-08,2025-10-31,Deezer,GB,The Linden Hours,Album,Tidewater,Summer Static,Nordlys Records,4065629200201,DEX252500207,1422,5.257418,USD
2025-07,2025-10-31,Deezer,GB,The Linden Hours,Album,Tidewater,Summer Static,Nordlys Records,4065629200201,DEX252500207,1449,5.148587,USD
2025-08,2025-10-31,Deezer,NL,The Linden Hours,Album,Tidewater,Summer Static,Nordlys Records,4065629200201,DEX252500207,900,3.097440,USD
2025-07,2025-10-31,Deezer,NL,The Linden Hours,Album,Tidewater,Summer Static,Nordlys Records,4065629200201,DEX252500207,922,3.246178,USD
2025-08,2025-10-31,Deezer,SE,The Linden Hours,Album,Tidewater,Summer Static,Nordlys Records,4065629200201,DEX252500207,769,2.754558,USD
2025-07,2025-10-31,Deezer,SE,The Linden Hours,Album,Tidewater,Summer Static,Nordlys Records,4065629200201,DEX252500207,706,2.394187,USD
2025-08,2025-10-31,Deezer,US,The Linden Hours,Album,Tidewater,Summer Static,Nordlys Records,4065629200201,DEX252500207,2209,8.079638,USD
2025-07,2025-10-31,Deezer,US,The Linden Hours,Album,Tidewater,Summer Static,Nordlys Records,4065629200201,DEX252500207,2016,6.996326,USD
2025-08,2025-10-31,Deezer,AT,The Linden Hours,Album,Tidewater,Tidewater,Nordlys Records,4065629200201,DEX252500208,306,1.039910,USD
2025-07,2025-10-31,Deezer,AT,The Linden Hours,Album,Tidewater,Tidewater,Nordlys Records,4065629200201,DEX252500208,445,1.696518,USD
2025-08,2025-10-31,Deezer,DE,The Linden Hours,Album,Tidewater,Tidewater,Nordlys Records,4065629200201,DEX252500208,1197,3.977392,USD
2025-07,2025-10-31,Deezer,DE,The Linden Hours,Album,Tidewater,Tidewater,Nordlys Records,4065629200201,DEX252500208,1260,4.635792,USD
2025-08,2025-10-31,Deezer,GB,The Linden Hours,Album,Tidewater,Tidewater,Nordlys Records,4065629200201,DEX252500208,481,1.859738,USD
2025-07,2025-10-31,Deezer,GB,The Linden Hours,Album,Tidewater,Tidewater,Nordlys Records,4065629200201,DEX252500208,499,1.920352,USD
2025-08,2025-10-31,Deezer,NL,The Linden Hours,Album,Tidewater,Tidewater,Nordlys Records,4065629200201,DEX252500208,247,0.959447,USD
2025-07,2025-10-31,Deezer,NL,The Linden Hours,Album,Tidewater,Tidewater,Nordlys Records,4065629200201,DEX252500208,333,1.207192,USD
2025-08,2025-10-31,Deezer,SE,The Linden Hours,Album,Tidewater,Tidewater,Nordlys Records,4065629200201,DEX252500208,234,0.780905,USD
2025-07,2025-10-31,Deezer,SE,The Linden Hours,Album,Tidewater,Tidewater,Nordlys Records,4065629200201,DEX252500208,229,0.782356,USD
2025-08,2025-10-31,Deezer,US,The Linden Hours,Album,Tidewater,Tidewater,Nordlys Records,4065629200201,DEX252500208,625,2.317500,USD
2025-07,2025-10-31,Deezer,US,The Linden Hours,Album,Tidewater,Tidewater,Nordlys Records,4065629200201,DEX252500208,517,1.922620,USD
2025-08,2025-10-31,Spotify,AT,The Linden Hours,Album,Tidewater,Linden,Nordlys Records,4065629200201,DEX252500201,5463,16.729891,USD
2025-08,2025-10-31,Spotify,DE,The Linden Hours,Album,Tidewater,Linden,Nordlys Records,4065629200201,DEX252500201,23679,72.893434,USD
2025-08,2025-10-31,Spotify,GB,The Linden Hours,Album,Tidewater,Linden,Nordlys Records,4065629200201,DEX252500201,6547,22.312176,USD
2025-08,2025-10-31,Spotify,NL,The Linden Hours,Album,Tidewater,Linden,Nordlys Records,4065629200201,DEX252500201,4869,14.801760,USD
2025-08,2025-10-31,Spotify,SE,The Linden Hours,Album,Tidewater,Linden,Nordlys Records,4065629200201,DEX252500201,3352,11.262720,USD
2025-08,2025-10-31,Spotify,US,The Linden Hours,Album,Tidewater,Linden,Nordlys Records,4065629200201,DEX252500201,10269,30.461962,USD
2025-08,2025-10-31,Spotify,AT,The Linden Hours,Album,Tidewater,Paper Lanterns,Nordlys Records,4065629200201,DEX252500202,7870,23.773696,USD
2025-08,2025-10-31,Spotify,DE,The Linden Hours,Album,Tidewater,Paper Lanterns,Nordlys Records,4065629200201,DEX252500202,30469,98.378307,USD
2025-08,2025-10-31,Spotify,GB,The Linden Hours,Album,Tidewater,Paper Lanterns,Nordlys Records,4065629200201,DEX252500202,11403,33.716390,USD
2025-08,2025-10-31,Spotify,NL,The Linden Hours,Album,Tidewater,Paper Lanterns,Nordlys Records,4065629200201,DEX252500202,5499,18.775786,USD
2025-08,2025-10-31,Spotify,SE,The Linden Hours,Album,Tidewater,Paper Lanterns,Nordlys Records,4065629200201,DEX252500202,5409,18.226166,USD
2025-08,2025-10-31,Spotify,US,The Linden Hours,Album,Tidewater,Paper Lanterns,Nordlys Records,4065629200201,DEX252500202,15817,50.918086,USD
2025-08,2025-10-31,Spotify,AT,The Linden Hours,Album,Tidewater,Salt and Iron,Nordlys Records,4065629200201,DEX252500203,3487,11.950646,USD
2025-08,2025-10-31,Spotify,DE,The Linden Hours,Album,Tidewater,Salt and Iron,Nordlys Records,4065629200201,DEX252500203,15210,49.353408,USD
2025-08,2025-10-31,Spotify,GB,The Linden Hours,Album,Tidewater,Salt and Iron,Nordlys Records,4065629200201,DEX252500203,5413,15.953194,USD
2025-08,2025-10-31,Spotify,NL,The Linden Hours,Album,Tidewater,Salt and Iron,Nordlys Records,4065629200201,DEX252500203,3226,9.683162,USD
2025-08,2025-10-31,Spotify,SE,The Linden Hours,Album,Tidewater,Salt and Iron,Nordlys Records,4065629200201,DEX252500203,2632,8.464512,USD
2025-08,2025-10-31,Spotify,US,The Linden Hours,Album,Tidewater,Salt and Iron,Nordlys Records,4065629200201,DEX252500203,7308,22.567104,USD
2025-08,2025-10-31,Spotify,AT,The Linden Hours,Album,Tidewater,The Quiet Year,Nordlys Records,4065629200201,DEX252500204,3424,10.529485,USD
2025-08,2025-10-31,Spotify,DE,The Linden Hours,Album,Tidewater,The Quiet Year,Nordlys Records,4065629200201,DEX252500204,13315,40.562816,USD
2025-08,2025-10-31,Spotify,GB,The Linden Hours,Album,Tidewater,The Quiet Year,Nordlys Records,4065629200201,DEX252500204,4140,13.751424,USD
2025-08,2025-10-31,Spotify,NL,The Linden Hours,Album,Tidewater,The Quiet Year,Nordlys Records,4065629200201,DEX252500204,2664,8.004787,USD
2025-08,2025-10-31,Spotify,SE,The Linden Hours,Album,Tidewater,The Quiet Year,Nordlys Records,4065629200201,DEX252500204,2164,6.723981,USD
2025-08,2025-10-31,Spotify,US,The Linden Hours,Album,Tidewater,The Quiet Year,Nordlys Records,4065629200201,DEX252500204,6723,20.696083,USD
2025-08,2025-10-31,Spotify,AT,The Linden Hours,Album,Tidewater,Second Light,Nordlys Records,4065629200201,DEX252500205,2421,8.173296,USD
2025-08,2025-10-31,Spotify,DE,The Linden Hours,Album,Tidewater,Second Light,Nordlys Records,4065629200201,DEX252500205,9531,30.651696,USD
2025-08,2025-10-31,Spotify,GB,The Linden Hours,Album,Tidewater,Second Light,Nordlys Records,4065629200201,DEX252500205,4009,12.636368,USD
2025-08,2025-10-31,Spotify,NL,The Linden Hours,Album,Tidewater,Second Light,Nordlys Records,4065629200201,DEX252500205,2340,7.577856,USD
2025-08,2025-10-31,Spotify,SE,The Linden Hours,Album,Tidewater,Second Light,Nordlys Records,4065629200201,DEX252500205,1759,5.313587,USD
2025-08,2025-10-31,Spotify,US,The Linden Hours,Album,Tidewater,Second Light,Nordlys Records,4065629200201,DEX252500205,4414,15.226534,USD
2025-08,2025-10-31,Spotify,AT,The Linden Hours,Album,Tidewater,Glasshouse,Nordlys Records,4065629200201,DEX252500206,4180,14.031424,USD
2025-08,2025-10-31,Spotify,DE,The Linden Hours,Album,Tidewater,Glasshouse,Nordlys Records,4065629200201,DEX252500206,15610,49.952000,USD
2025-08,2025-10-31,Spotify,GB,The Linden Hours,Album,Tidewater,Glasshouse,Nordlys Records,4065629200201,DEX252500206,6003,20.496643,USD
2025-08,2025-10-31,Spotify,NL,The Linden Hours,Album,Tidewater,Glasshouse,Nordlys Records,4065629200201,DEX252500206,3681,12.368160,USD
2025-08,2025-10-31,Spotify,SE,The Linden Hours,Album,Tidewater,Glasshouse,Nordlys Records,4065629200201,DEX252500206,3339,10.813018,USD
2025-08,2025-10-31,Spotify,US,The Linden Hours,Album,Tidewater,Glasshouse,Nordlys Records,4065629200201,DEX252500206,8500,27.907200,USD
2025-08,2025-10-31,Spotify,AT,The Linden Hours,Album,Tidewater,Summer Static,Nordlys Records,4065629200201,DEX252500207,11326,38.925197,USD
2025-08,2025-10-31,Spotify,DE,The Linden Hours,Album,Tidewater,Summer Static,Nordlys Records,4065629200201,DEX252500207,42606,138.929645,USD
2025-08,2025-10-31,Spotify,GB,The Linden Hours,Album,Tidewater,Summer Static,Nordlys Records,4065629200201,DEX252500207,15219,47.191075,USD
2025-08,2025-10-31,Spotify,NL,The Linden Hours,Album,Tidewater,Summer Static,Nordlys Records,4065629200201,DEX252500207,8860,27.529792,USD
2025-08,2025-10-31,Spotify,SE,The Linden Hours,Album,Tidewater,Summer Static,Nordlys Records,4065629200201,DEX252500207,6921,21.527078,USD
2025-08,2025-10-31,Spotify,US,The Linden Hours,Album,Tidewater,Summer Static,Nordlys Records,4065629200201,DEX252500207,23022,76.617216,USD
2025-08,2025-10-31,Spotify,AT,The Linden Hours,Album,Tidewater,Tidewater,Nordlys Records,4065629200201,DEX252500208,3078,9.199526,USD
2025-08,2025-10-31,Spotify,DE,The Linden Hours,Album,Tidewater,Tidewater,Nordlys Records,4065629200201,DEX252500208,12024,37.899648,USD
2025-08,2025-10-31,Spotify,GB,The Linden Hours,Album,Tidewater,Tidewater,Nordlys Records,4065629200201,DEX252500208,4050,12.921120,USD
2025-08,2025-10-31,Spotify,NL,The Linden Hours,Album,Tidewater,Tidewater,Nordlys Records,4065629200201,DEX252500208,2884,9.893274,USD
2025-08,2025-10-31,Spotify,SE,The Linden Hours,Album,Tidewater,Tidewater,Nordlys Records,4065629200201,DEX252500208,2128,6.945792,USD
2025-08,2025-10-31,Spotify,US,The Linden Hours,Album,Tidewater,Tidewater,Nordlys Records,4065629200201,DEX252500208,6048,20.630938,USD
2025-08,2025-10-31,Tidal,AT,The Linden Hours,Album,Tidewater,Linden,Nordlys Records,4065629200201,DEX252500201,445,4.020842,USD
2025-08,2025-10-31,Tidal,DE,The Linden Hours,Album,Tidewater,Linden,Nordlys Records,4065629200201,DEX252500201,1890,19.262880,USD
2025-08,2025-10-31,Tidal,GB,The Linden Hours,Album,Tidewater,Linden,Nordlys Records,4065629200201,DEX252500201,571,5.237669,USD
2025-08,2025-10-31,Tidal,NL,The Linden Hours,Album,Tidewater,Linden,Nordlys Records,4065629200201,DEX252500201,351,3.340046,USD
2025-08,2025-10-31,Tidal,SE,The Linden Hours,Album,Tidewater,Linden,Nordlys Records,4065629200201,DEX252500201,324,3.362537,USD
2025-08,2025-10-31,Tidal,US,The Linden Hours,Album,Tidewater,Linden,Nordlys Records,4065629200201,DEX252500201,751,7.367160,USD
2025-08,2025-10-31,Tidal,AT,The Linden Hours,Album,Tidewater,Paper Lanterns,Nordlys Records,4065629200201,DEX252500202,634,6.362317,USD
2025-08,2025-10-31,Tidal,DE,The Linden Hours,Album,Tidewater,Paper Lanterns,Nordlys Records,4065629200201,DEX252500202,2664,26.107200,USD
2025-08,2025-10-31,Tidal,GB,The Linden Hours,Album,Tidewater,Paper Lanterns,Nordlys Records,4065629200201,DEX252500202,873,7.879523,USD
2025-08,2025-10-31,Tidal,NL,The Linden Hours,Album,Tidewater,Paper Lanterns,Nordlys Records,4065629200201,DEX252500202,576,5.588352,USD
2025-08,2025-10-31,Tidal,SE,The Linden Hours,Album,Tidewater,Paper Lanterns,Nordlys Records,4065629200201,DEX252500202,405,4.250799,USD
2025-08,2025-10-31,Tidal,US,The Linden Hours,Album,Tidewater,Paper Lanterns,Nordlys Records,4065629200201,DEX252500202,1350,13.401990,USD
2025-08,2025-10-31,Tidal,AT,The Linden Hours,Album,Tidewater,Salt and Iron,Nordlys Records,4065629200201,DEX252500203,279,2.747871,USD
2025-08,2025-10-31,Tidal,DE,The Linden Hours,Album,Tidewater,Salt and Iron,Nordlys Records,4065629200201,DEX252500203,1224,12.534984,USD
2025-08,2025-10-31,Tidal,GB,The Linden Hours,Album,Tidewater,Salt and Iron,Nordlys Records,4065629200201,DEX252500203,481,4.393262,USD
2025-08,2025-10-31,Tidal,NL,The Linden Hours,Album,Tidewater,Salt and Iron,Nordlys Records,4065629200201,DEX252500203,265,2.778790,USD
2025-08,2025-10-31,Tidal,SE,The Linden Hours,Album,Tidewater,Salt and Iron,Nordlys Records,4065629200201,DEX252500203,193,1.880052,USD
2025-08,2025-10-31,Tidal,US,The Linden Hours,Album,Tidewater,Salt and Iron,Nordlys Records,4065629200201,DEX252500203,643,6.099755,USD
2025-08,2025-10-31,Tidal,AT,The Linden Hours,Album,Tidewater,The Quiet Year,Nordlys Records,4065629200201,DEX252500204,292,2.858738,USD
2025-08,2025-10-31,Tidal,DE,The Linden Hours,Album,Tidewater,The Quiet Year,Nordlys Records,4065629200201,DEX252500204,877,7.975789,USD
2025-08,2025-10-31,Tidal,GB,The Linden Hours,Album,Tidewater,The Quiet Year,Nordlys Records,4065629200201,DEX252500204,382,3.739856,USD
2025-08,2025-10-31,Tidal,NL,The Linden Hours,Album,Tidewater,The Quiet Year,Nordlys Records,4065629200201,DEX252500204,252,2.657290,USD
2025-08,2025-10-31,Tidal,SE,The Linden Hours,Album,Tidewater,The Quiet Year,Nordlys Records,4065629200201,DEX252500204,193,1.957599,USD
2025-08,2025-10-31,Tidal,US,The Linden Hours,Album,Tidewater,The Quiet Year,Nordlys Records,4065629200201,DEX252500204,522,5.033750,USD
2025-08,2025-10-31,Tidal,AT,The Linden Hours,Album,Tidewater,Second Light,Nordlys Records,4065629200201,DEX252500205,184,1.844674,USD
2025-08,2025-10-31,Tidal,DE,The Linden Hours,Album,Tidewater,Second Light,Nordlys Records,4065629200201,DEX252500205,841,8.002788,USD
2025-08,2025-10-31,Tidal,GB,The Linden Hours,Album,Tidewater,Second Light,Nordlys Records,4065629200201,DEX252500205,319,3.157462,USD
2025-08,2025-10-31,Tidal,NL,The Linden Hours,Album,Tidewater,Second Light,Nordlys Records,4065629200201,DEX252500205,207,2.188859,USD
2025-08,2025-10-31,Tidal,SE,The Linden Hours,Album,Tidewater,Second Light,Nordlys Records,4065629200201,DEX252500205,144,1.408378,USD
2025-08,2025-10-31,Tidal,US,The Linden Hours,Album,Tidewater,Second Light,Nordlys Records,4065629200201,DEX252500205,364,3.520826,USD
2025-08,2025-10-31,Tidal,AT,The Linden Hours,Album,Tidewater,Glasshouse,Nordlys Records,4065629200201,DEX252500206,414,3.919255,USD
2025-08,2025-10-31,Tidal,DE,The Linden Hours,Album,Tidewater,Glasshouse,Nordlys Records,4065629200201,DEX252500206,1561,14.609399,USD
2025-08,2025-10-31,Tidal,GB,The Linden Hours,Album,Tidewater,Glasshouse,Nordlys Records,4065629200201,DEX252500206,594,5.914339,USD
2025-08,2025-10-31,Tidal,NL,The Linden Hours,Album,Tidewater,Glasshouse,Nordlys Records,4065629200201,DEX252500206,315,3.093174,USD
2025-08,2025-10-31,Tidal,SE,The Linden Hours,Album,Tidewater,Glasshouse,Nordlys Records,4065629200201,DEX252500206,306,2.947820,USD
2025-08,2025-10-31,Tidal,US,The Linden Hours,Album,Tidewater,Glasshouse,Nordlys Records,4065629200201,DEX252500206,706,6.455240,USD
2025-08,2025-10-31,Tidal,AT,The Linden Hours,Album,Tidewater,Summer Static,Nordlys Records,4065629200201,DEX252500207,819,7.713178,USD
2025-08,2025-10-31,Tidal,DE,The Linden Hours,Album,Tidewater,Summer Static,Nordlys Records,4065629200201,DEX252500207,3811,38.057408,USD
2025-08,2025-10-31,Tidal,GB,The Linden Hours,Album,Tidewater,Summer Static,Nordlys Records,4065629200201,DEX252500207,994,10.247742,USD
2025-08,2025-10-31,Tidal,NL,The Linden Hours,Album,Tidewater,Summer Static,Nordlys Records,4065629200201,DEX252500207,769,8.093879,USD
2025-08,2025-10-31,Tidal,SE,The Linden Hours,Album,Tidewater,Summer Static,Nordlys Records,4065629200201,DEX252500207,544,5.256563,USD
2025-08,2025-10-31,Tidal,US,The Linden Hours,Album,Tidewater,Summer Static,Nordlys Records,4065629200201,DEX252500207,1948,18.193151,USD
2025-08,2025-10-31,Tidal,AT,The Linden Hours,Album,Tidewater,Tidewater,Nordlys Records,4065629200201,DEX252500208,306,3.091763,USD
2025-08,2025-10-31,Tidal,DE,The Linden Hours,Album,Tidewater,Tidewater,Nordlys Records,4065629200201,DEX252500208,1044,10.998540,USD
2025-08,2025-10-31,Tidal,GB,The Linden Hours,Album,Tidewater,Tidewater,Nordlys Records,4065629200201,DEX252500208,400,3.735760,USD
2025-08,2025-10-31,Tidal,NL,The Linden Hours,Album,Tidewater,Tidewater,Nordlys Records,4065629200201,DEX252500208,238,2.192456,USD
2025-08,2025-10-31,Tidal,SE,The Linden Hours,Album,Tidewater,Tidewater,Nordlys Records,4065629200201,DEX252500208,207,2.036714,USD
2025-08,2025-10-31,Tidal,US,The Linden Hours,Album,Tidewater,Tidewater,Nordlys Records,4065629200201,DEX252500208,603,5.442557,USD
2025-08,2025-10-31,YouTube Music,AT,The Linden Hours,Album,Tidewater,Linden,Nordlys Records,4065629200201,DEX252500201,868,1.720723,USD
2025-08,2025-10-31,YouTube Music,DE,The Linden Hours,Album,Tidewater,Linden,Nordlys Records,4065629200201,DEX252500201,3658,7.090301,USD
2025-08,2025-10-31,YouTube Music,GB,The Linden Hours,Album,Tidewater,Linden,Nordlys Records,4065629200201,DEX252500201,1327,2.990129,USD
2025-08,2025-10-31,YouTube Music,NL,The Linden Hours,Album,Tidewater,Linden,Nordlys Records,4065629200201,DEX252500201,661,1.311755,USD
2025-08,2025-10-31,YouTube Music,SE,The Linden Hours,Album,Tidewater,Linden,Nordlys Records,4065629200201,DEX252500201,535,1.180799,USD
2025-08,2025-10-31,YouTube Music,US,The Linden Hours,Album,Tidewater,Linden,Nordlys Records,4065629200201,DEX252500201,1674,3.300961,USD
2025-08,2025-10-31,YouTube Music,AT,The Linden Hours,Album,Tidewater,Paper Lanterns,Nordlys Records,4065629200201,DEX252500202,1143,2.222678,USD
2025-08,2025-10-31,YouTube Music,DE,The Linden Hours,Album,Tidewater,Paper Lanterns,Nordlys Records,4065629200201,DEX252500202,4644,10.503335,USD
2025-08,2025-10-31,YouTube Music,GB,The Linden Hours,Album,Tidewater,Paper Lanterns,Nordlys Records,4065629200201,DEX252500202,1597,3.575044,USD
2025-08,2025-10-31,YouTube Music,NL,The Linden Hours,Album,Tidewater,Paper Lanterns,Nordlys Records,4065629200201,DEX252500202,1120,2.208528,USD
2025-08,2025-10-31,YouTube Music,SE,The Linden Hours,Album,Tidewater,Paper Lanterns,Nordlys Records,4065629200201,DEX252500202,886,1.979678,USD
2025-08,2025-10-31,YouTube Music,US,The Linden Hours,Album,Tidewater,Paper Lanterns,Nordlys Records,4065629200201,DEX252500202,2295,5.132768,USD
2025-08,2025-10-31,YouTube Music,AT,The Linden Hours,Album,Tidewater,Salt and Iron,Nordlys Records,4065629200201,DEX252500203,630,1.332261,USD
2025-08,2025-10-31,YouTube Music,DE,The Linden Hours,Album,Tidewater,Salt and Iron,Nordlys Records,4065629200201,DEX252500203,2232,4.354409,USD
2025-08,2025-10-31,YouTube Music,GB,The Linden Hours,Album,Tidewater,Salt and Iron,Nordlys Records,4065629200201,DEX252500203,765,1.490832,USD
2025-08,2025-10-31,YouTube Music,NL,The Linden Hours,Album,Tidewater,Salt and Iron,Nordlys Records,4065629200201,DEX252500203,436,0.986101,USD
2025-08,2025-10-31,YouTube Music,SE,The Linden Hours,Album,Tidewater,Salt and Iron,Nordlys Records,4065629200201,DEX252500203,441,0.993705,USD
2025-08,2025-10-31,YouTube Music,US,The Linden Hours,Album,Tidewater,Salt and Iron,Nordlys Records,4065629200201,DEX252500203,963,2.062746,USD
2025-08,2025-10-31,YouTube Music,AT,The Linden Hours,Album,Tidewater,The Quiet Year,Nordlys Records,4065629200201,DEX252500204,499,1.003888,USD
2025-08,2025-10-31,YouTube Music,DE,The Linden Hours,Album,Tidewater,The Quiet Year,Nordlys Records,4065629200201,DEX252500204,1912,3.938911,USD
2025-08,2025-10-31,YouTube Music,GB,The Linden Hours,Album,Tidewater,The Quiet Year,Nordlys Records,4065629200201,DEX252500204,639,1.327139,USD
2025-08,2025-10-31,YouTube Music,NL,The Linden Hours,Album,Tidewater,The Quiet Year,Nordlys Records,4065629200201,DEX252500204,454,0.942913,USD
2025-08,2025-10-31,YouTube Music,SE,The Linden Hours,Album,Tidewater,The Quiet Year,Nordlys Records,4065629200201,DEX252500204,333,0.676223,USD
2025-08,2025-10-31,YouTube Music,US,The Linden Hours,Album,Tidewater,The Quiet Year,Nordlys Records,4065629200201,DEX252500204,981,2.109542,USD
2025-08,2025-10-31,YouTube Music,AT,The Linden Hours,Album,Tidewater,Second Light,Nordlys Records,4065629200201,DEX252500205,391,0.762802,USD
2025-08,2025-10-31,YouTube Music,DE,The Linden Hours,Album,Tidewater,Second Light,Nordlys Records,4065629200201,DEX252500205,1521,3.283535,USD
2025-08,2025-10-31,YouTube Music,GB,The Linden Hours,Album,Tidewater,Second Light,Nordlys Records,4065629200201,DEX252500205,576,1.169683,USD
2025-08,2025-10-31,YouTube Music,NL,The Linden Hours,Album,Tidewater,Second Light,Nordlys Records,4065629200201,DEX252500205,342,0.708863,USD
2025-08,2025-10-31,YouTube Music,SE,The Linden Hours,Album,Tidewater,Second Light,Nordlys Records,4065629200201,DEX252500205,270,0.606123,USD
2025-08,2025-10-31,YouTube Music,US,The Linden Hours,Album,Tidewater,Second Light,Nordlys Records,4065629200201,DEX252500205,625,1.413563,USD
2025-08,2025-10-31,YouTube Music,AT,The Linden Hours,Album,Tidewater,Glasshouse,Nordlys Records,4065629200201,DEX252500206,724,1.540165,USD
2025-08,2025-10-31,YouTube Music,DE,The Linden Hours,Album,Tidewater,Glasshouse,Nordlys Records,4065629200201,DEX252500206,2574,5.778373,USD
2025-08,2025-10-31,YouTube Music,GB,The Linden Hours,Album,Tidewater,Glasshouse,Nordlys Records,4065629200201,DEX252500206,1035,2.112642,USD
2025-08,2025-10-31,YouTube Music,NL,The Linden Hours,Album,Tidewater,Glasshouse,Nordlys Records,4065629200201,DEX252500206,612,1.345604,USD
2025-08,2025-10-31,YouTube Music,SE,The Linden Hours,Album,Tidewater,Glasshouse,Nordlys Records,4065629200201,DEX252500206,481,1.007070,USD
2025-08,2025-10-31,YouTube Music,US,The Linden Hours,Album,Tidewater,Glasshouse,Nordlys Records,4065629200201,DEX252500206,1314,2.632468,USD
2025-08,2025-10-31,YouTube Music,AT,The Linden Hours,Album,Tidewater,Summer Static,Nordlys Records,4065629200201,DEX252500207,1597,3.179308,USD
2025-08,2025-10-31,YouTube Music,DE,The Linden Hours,Album,Tidewater,Summer Static,Nordlys Records,4065629200201,DEX252500207,7069,14.102655,USD
2025-08,2025-10-31,YouTube Music,GB,The Linden Hours,Album,Tidewater,Summer Static,Nordlys Records,4065629200201,DEX252500207,1917,4.086086,USD
2025-08,2025-10-31,YouTube Music,NL,The Linden Hours,Album,Tidewater,Summer Static,Nordlys Records,4065629200201,DEX252500207,1606,3.595192,USD
2025-08,2025-10-31,YouTube Music,SE,The Linden Hours,Album,Tidewater,Summer Static,Nordlys Records,4065629200201,DEX252500207,1039,2.105534,USD
2025-08,2025-10-31,YouTube Music,US,The Linden Hours,Album,Tidewater,Summer Static,Nordlys Records,4065629200201,DEX252500207,3294,6.696043,USD
2025-08,2025-10-31,YouTube Music,AT,The Linden Hours,Album,Tidewater,Tidewater,Nordlys Records,4065629200201,DEX252500208,441,0.885352,USD
2025-08,2025-10-31,YouTube Music,DE,The Linden Hours,Album,Tidewater,Tidewater,Nordlys Records,4065629200201,DEX252500208,1687,3.634810,USD
2025-08,2025-10-31,YouTube Music,GB,The Linden Hours,Album,Tidewater,Tidewater,Nordlys Records,4065629200201,DEX252500208,531,1.049309,USD
2025-08,2025-10-31,YouTube Music,NL,The Linden Hours,Album,Tidewater,Tidewater,Nordlys Records,4065629200201,DEX252500208,450,0.899640,USD
2025-08,2025-10-31,YouTube Music,SE,The Linden Hours,Album,Tidewater,Tidewater,Nordlys Records,4065629200201,DEX252500208,342,0.752674,USD
2025-08,2025-10-31,YouTube Music,US,The Linden Hours,Album,Tidewater,Tidewater,Nordlys Records,4065629200201,DEX252500208,931,1.845614,USD
2025-09,2025-11-28,Amazon Music,AT,The Linden Hours,Album,Tidewater,Linden,Nordlys Records,4065629200201,DEX252500201,724,3.401352,USD
2025-09,2025-11-28,Amazon Music,DE,The Linden Hours,Album,Tidewater,Linden,Nordlys Records,4065629200201,DEX252500201,2506,11.491263,USD
2025-09,2025-11-28,Amazon Music,GB,The Linden Hours,Album,Tidewater,Linden,Nordlys Records,4065629200201,DEX252500201,864,3.643056,USD
2025-09,2025-11-28,Amazon Music,NL,The Linden Hours,Album,Tidewater,Linden,Nordlys Records,4065629200201,DEX252500201,558,2.649105,USD
2025-09,2025-11-28,Amazon Music,SE,The Linden Hours,Album,Tidewater,Linden,Nordlys Records,4065629200201,DEX252500201,387,1.839024,USD
2025-09,2025-11-28,Amazon Music,US,The Linden Hours,Album,Tidewater,Linden,Nordlys Records,4065629200201,DEX252500201,1215,5.850225,USD
2025-09,2025-11-28,Amazon Music,AT,The Linden Hours,Album,Tidewater,Paper Lanterns,Nordlys Records,4065629200201,DEX252500202,918,4.205358,USD
2025-09,2025-11-28,Amazon Music,DE,The Linden Hours,Album,Tidewater,Paper Lanterns,Nordlys Records,4065629200201,DEX252500202,4648,22.547448,USD
2025-09,2025-11-28,Amazon Music,GB,The Linden Hours,Album,Tidewater,Paper Lanterns,Nordlys Records,4065629200201,DEX252500202,1435,6.399383,USD
2025-09,2025-11-28,Amazon Music,NL,The Linden Hours,Album,Tidewater,Paper Lanterns,Nordlys Records,4065629200201,DEX252500202,868,3.925530,USD
2025-09,2025-11-28,Amazon Music,SE,The Linden Hours,Album,Tidewater,Paper Lanterns,Nordlys Records,4065629200201,DEX252500202,652,2.928132,USD
2025-09,2025-11-28,Amazon Music,US,The Linden Hours,Album,Tidewater,Paper Lanterns,Nordlys Records,4065629200201,DEX252500202,2034,8.503137,USD
2025-09,2025-11-28,Amazon Music,AT,The Linden Hours,Album,Tidewater,Salt and Iron,Nordlys Records,4065629200201,DEX252500203,495,2.147310,USD
2025-09,2025-11-28,Amazon Music,DE,The Linden Hours,Album,Tidewater,Salt and Iron,Nordlys Records,4065629200201,DEX252500203,2052,9.169362,USD
2025-09,2025-11-28,Amazon Music,GB,The Linden Hours,Album,Tidewater,Salt and Iron,Nordlys Records,4065629200201,DEX252500203,733,3.334784,USD
2025-09,2025-11-28,Amazon Music,NL,The Linden Hours,Album,Tidewater,Salt and Iron,Nordlys Records,4065629200201,DEX252500203,436,2.103264,USD
2025-09,2025-11-28,Amazon Music,SE,The Linden Hours,Album,Tidewater,Salt and Iron,Nordlys Records,4065629200201,DEX252500203,337,1.613556,USD
2025-09,2025-11-28,Amazon Music,US,The Linden Hours,Album,Tidewater,Salt and Iron,Nordlys Records,4065629200201,DEX252500203,999,4.329167,USD
2025-09,2025-11-28,Amazon Music,AT,The Linden Hours,Album,Tidewater,The Quiet Year,Nordlys Records,4065629200201,DEX252500204,495,2.084940,USD
2025-09,2025-11-28,Amazon Music,DE,The Linden Hours,Album,Tidewater,The Quiet Year,Nordlys Records,4065629200201,DEX252500204,1525,6.910538,USD
2025-09,2025-11-28,Amazon Music,GB,The Linden Hours,Album,Tidewater,The Quiet Year,Nordlys Records,4065629200201,DEX252500204,562,2.443014,USD
2025-09,2025-11-28,Amazon Music,NL,The Linden Hours,Album,Tidewater,The Quiet Year,Nordlys Records,4065629200201,DEX252500204,369,1.569173,USD
2025-09,2025-11-28,Amazon Music,SE,The Linden Hours,Album,Tidewater,The Quiet Year,Nordlys Records,4065629200201,DEX252500204,297,1.307097,USD
2025-09,2025-11-28,Amazon Music,US,The Linden Hours,Album,Tidewater,The Quiet Year,Nordlys Records,4065629200201,DEX252500204,841,4.045631,USD
2025-09,2025-11-28,Amazon Music,AT,The Linden Hours,Album,Tidewater,Second Light,Nordlys Records,4065629200201,DEX252500205,274,1.207107,USD
2025-09,2025-11-28,Amazon Music,DE,The Linden Hours,Album,Tidewater,Second Light,Nordlys Records,4065629200201,DEX252500205,1336,6.084144,USD
2025-09,2025-11-28,Amazon Music,GB,The Linden Hours,Album,Tidewater,Second Light,Nordlys Records,4065629200201,DEX252500205,526,2.454579,USD
2025-09,2025-11-28,Amazon Music,NL,The Linden Hours,Album,Tidewater,Second Light,Nordlys Records,4065629200201,DEX252500205,342,1.434348,USD
2025-09,2025-11-28,Amazon Music,SE,The Linden Hours,Album,Tidewater,Second Light,Nordlys Records,4065629200201,DEX252500205,198,0.843777,USD
2025-09,2025-11-28,Amazon Music,US,The Linden Hours,Album,Tidewater,Second Light,Nordlys Records,4065629200201,DEX252500205,706,3.072159,USD
2025-09,2025-11-28,Amazon Music,AT,The Linden Hours,Album,Tidewater,Glasshouse,Nordlys Records,4065629200201,DEX252500206,612,2.820096,USD
2025-09,2025-11-28,Amazon Music,DE,The Linden Hours,Album,Tidewater,Glasshouse,Nordlys Records,4065629200201,DEX252500206,2362,11.404917,USD
2025-09,2025-11-28,Amazon Music,GB,The Linden Hours,Album,Tidewater,Glasshouse,Nordlys Records,4065629200201,DEX252500206,855,3.982163,USD
2025-09,2025-11-28,Amazon Music,NL,The Linden Hours,Album,Tidewater,Glasshouse,Nordlys Records,4065629200201,DEX252500206,634,2.938590,USD
2025-09,2025-11-28,Amazon Music,SE,The Linden Hours,Album,Tidewater,Glasshouse,Nordlys Records,4065629200201,DEX252500206,414,2.002725,USD
2025-09,2025-11-28,Amazon Music,US,The Linden Hours,Album,Tidewater,Glasshouse,Nordlys Records,4065629200201,DEX252500206,1161,5.072990,USD
2025-09,2025-11-28,Amazon Music,AT,The Linden Hours,Album,Tidewater,Summer Static,Nordlys Records,4065629200201,DEX252500207,1462,6.453999,USD
2025-09,2025-11-28,Amazon Music,DE,The Linden Hours,Album,Tidewater,Summer Static,Nordlys Records,4065629200201,DEX252500207,6138,27.179064,USD
2025-09,2025-11-28,Amazon Music,GB,The Linden Hours,Album,Tidewater,Summer Static,Nordlys Records,4065629200201,DEX252500207,2002,8.324316,USD
2025-09,2025-11-28,Amazon Music,NL,The Linden Hours,Album,Tidewater,Summer Static,Nordlys Records,4065629200201,DEX252500207,1075,5.113238,USD
2025-09,2025-11-28,Amazon Music,SE,The Linden Hours,Album,Tidewater,Summer Static,Nordlys Records,4065629200201,DEX252500207,913,4.293383,USD
2025-09,2025-11-28,Amazon Music,US,The Linden Hours,Album,Tidewater,Summer Static,Nordlys Records,4065629200201,DEX252500207,2223,9.823437,USD
2025-09,2025-11-28,Amazon Music,AT,The Linden Hours,Album,Tidewater,Tidewater,Nordlys Records,4065629200201,DEX252500208,418,1.732401,USD
2025-09,2025-11-28,Amazon Music,DE,The Linden Hours,Album,Tidewater,Tidewater,Nordlys Records,4065629200201,DEX252500208,1818,7.951932,USD
2025-09,2025-11-28,Amazon Music,GB,The Linden Hours,Album,Tidewater,Tidewater,Nordlys Records,4065629200201,DEX252500208,616,2.841300,USD
2025-09,2025-11-28,Amazon Music,NL,The Linden Hours,Album,Tidewater,Tidewater,Nordlys Records,4065629200201,DEX252500208,369,1.660500,USD
2025-09,2025-11-28,Amazon Music,SE,The Linden Hours,Album,Tidewater,Tidewater,Nordlys Records,4065629200201,DEX252500208,270,1.219860,USD
2025-09,2025-11-28,Amazon Music,US,The Linden Hours,Album,Tidewater,Tidewater,Nordlys Records,4065629200201,DEX252500208,891,3.752892,USD
2025-09,2025-11-28,Apple Music,AT,The Linden Hours,Album,Tidewater,Linden,Nordlys Records,4065629200201,DEX252500201,1327,9.063675,USD
2025-09,2025-11-28,Apple Music,DE,The Linden Hours,Album,Tidewater,Linden,Nordlys Records,4065629200201,DEX252500201,3919,27.463176,USD
2025-09,2025-11-28,Apple Music,GB,The Linden Hours,Album,Tidewater,Linden,Nordlys Records,4065629200201,DEX252500201,1611,10.866195,USD
2025-09,2025-11-28,Apple Music,NL,The Linden Hours,Album,Tidewater,Linden,Nordlys Records,4065629200201,DEX252500201,990,6.958710,USD
2025-09,2025-11-28,Apple Music,SE,The Linden Hours,Album,Tidewater,Linden,Nordlys Records,4065629200201,DEX252500201,1030,7.020480,USD
2025-09,2025-11-28,Apple Music,US,The Linden Hours,Album,Tidewater,Linden,Nordlys Records,4065629200201,DEX252500201,2200,16.635300,USD
2025-09,2025-11-28,Apple Music,AT,The Linden Hours,Album,Tidewater,Paper Lanterns,Nordlys Records,4065629200201,DEX252500202,1804,13.102993,USD
2025-09,2025-11-28,Apple Music,DE,The Linden Hours,Album,Tidewater,Paper Lanterns,Nordlys Records,4065629200201,DEX252500202,5908,44.547502,USD
2025-09,2025-11-28,Apple Music,GB,The Linden Hours,Album,Tidewater,Paper Lanterns,Nordlys Records,4065629200201,DEX252500202,2398,16.770413,USD
2025-09,2025-11-28,Apple Music,NL,The Linden Hours,Album,Tidewater,Paper Lanterns,Nordlys Records,4065629200201,DEX252500202,1449,9.516308,USD
2025-09,2025-11-28,Apple Music,SE,The Linden Hours,Album,Tidewater,Paper Lanterns,Nordlys Records,4065629200201,DEX252500202,1017,7.191817,USD
2025-09,2025-11-28,Apple Music,US,The Linden Hours,Album,Tidewater,Paper Lanterns,Nordlys Records,4065629200201,DEX252500202,3852,25.735597,USD
2025-09,2025-11-28,Apple Music,AT,The Linden Hours,Album,Tidewater,Salt and Iron,Nordlys Records,4065629200201,DEX252500203,855,5.688059,USD
2025-09,2025-11-28,Apple Music,DE,The Linden Hours,Album,Tidewater,Salt and Iron,Nordlys Records,4065629200201,DEX252500203,2866,21.732305,USD
2025-09,2025-11-28,Apple Music,GB,The Linden Hours,Album,Tidewater,Salt and Iron,Nordlys Records,4065629200201,DEX252500203,1197,8.141755,USD
2025-09,2025-11-28,Apple Music,NL,The Linden Hours,Album,Tidewater,Salt and Iron,Nordlys Records,4065629200201,DEX252500203,796,5.318156,USD
2025-09,2025-11-28,Apple Music,SE,The Linden Hours,Album,Tidewater,Salt and Iron,Nordlys Records,4065629200201,DEX252500203,688,4.967842,USD
2025-09,2025-11-28,Apple Music,US,The Linden Hours,Album,Tidewater,Salt and Iron,Nordlys Records,4065629200201,DEX252500203,1660,12.646378,USD
2025-09,2025-11-28,Apple Music,AT,The Linden Hours,Album,Tidewater,The Quiet Year,Nordlys Records,4065629200201,DEX252500204,778,5.302848,USD
2025-09,2025-11-28,Apple Music,DE,The Linden Hours,Album,Tidewater,The Quiet Year,Nordlys Records,4065629200201,DEX252500204,2875,19.514350,USD
2025-09,2025-11-28,Apple Music,GB,The Linden Hours,Album,Tidewater,The Quiet Year,Nordlys Records,4065629200201,DEX252500204,958,6.325674,USD
2025-09,2025-11-28,Apple Music,NL,The Linden Hours,Album,Tidewater,The Quiet Year,Nordlys Records,4065629200201,DEX252500204,571,3.766259,USD
2025-09,2025-11-28,Apple Music,SE,The Linden Hours,Album,Tidewater,The Quiet Year,Nordlys Records,4065629200201,DEX252500204,409,2.863245,USD
2025-09,2025-11-28,Apple Music,US,The Linden Hours,Album,Tidewater,The Quiet Year,Nordlys Records,4065629200201,DEX252500204,1489,10.614188,USD
2025-09,2025-11-28,Apple Music,AT,The Linden Hours,Album,Tidewater,Second Light,Nordlys Records,4065629200201,DEX252500205,634,4.730971,USD
2025-09,2025-11-28,Apple Music,DE,The Linden Hours,Album,Tidewater,Second Light,Nordlys Records,4065629200201,DEX252500205,2092,13.828329,USD
2025-09,2025-11-28,Apple Music,GB,The Linden Hours,Album,Tidewater,Second Light,Nordlys Records,4065629200201,DEX252500205,841,5.690458,USD
2025-09,2025-11-28,Apple Music,NL,The Linden Hours,Album,Tidewater,Second Light,Nordlys Records,4065629200201,DEX252500205,558,4.116310,USD
2025-09,2025-11-28,Apple Music,SE,The Linden Hours,Album,Tidewater,Second Light,Nordlys Records,4065629200201,DEX252500205,468,3.276281,USD
2025-09,2025-11-28,Apple Music,US,The Linden Hours,Album,Tidewater,Second Light,Nordlys Records,4065629200201,DEX252500205,1089,7.561798,USD
2025-09,2025-11-28,Apple Music,AT,The Linden Hours,Album,Tidewater,Glasshouse,Nordlys Records,4065629200201,DEX252500206,1039,7.531815,USD
2025-09,2025-11-28,Apple Music,DE,The Linden Hours,Album,Tidewater,Glasshouse,Nordlys Records,4065629200201,DEX252500206,4000,27.178800,USD
2025-09,2025-11-28,Apple Music,GB,The Linden Hours,Album,Tidewater,Glasshouse,Nordlys Records,4065629200201,DEX252500206,1584,12.044894,USD
2025-09,2025-11-28,Apple Music,NL,The Linden Hours,Album,Tidewater,Glasshouse,Nordlys Records,4065629200201,DEX252500206,990,7.141464,USD
2025-09,2025-11-28,Apple Music,SE,The Linden Hours,Album,Tidewater,Glasshouse,Nordlys Records,4065629200201,DEX252500206,810,5.595723,USD
2025-09,2025-11-28,Apple Music,US,The Linden Hours,Album,Tidewater,Glasshouse,Nordlys Records,4065629200201,DEX252500206,1827,13.270049,USD
2025-09,2025-11-28,Apple Music,AT,The Linden Hours,Album,Tidewater,Summer Static,Nordlys Records,4065629200201,DEX252500207,2245,15.126586,USD
2025-09,2025-11-28,Apple Music,DE,The Linden Hours,Album,Tidewater,Summer Static,Nordlys Records,4065629200201,DEX252500207,9805,67.527035,USD
2025-09,2025-11-28,Apple Music,GB,The Linden Hours,Album,Tidewater,Summer Static,Nordlys Records,4065629200201,DEX252500207,3586,23.652897,USD
2025-09,2025-11-28,Apple Music,NL,The Linden Hours,Album,Tidewater,Summer Static,Nordlys Records,4065629200201,DEX252500207,1710,13.051575,USD
2025-09,2025-11-28,Apple Music,SE,The Linden Hours,Album,Tidewater,Summer Static,Nordlys Records,4065629200201,DEX252500207,1314,9.777211,USD
2025-09,2025-11-28,Apple Music,US,The Linden Hours,Album,Tidewater,Summer Static,Nordlys Records,4065629200201,DEX252500207,4108,30.158471,USD
2025-09,2025-11-28,Apple Music,AT,The Linden Hours,Album,Tidewater,Tidewater,Nordlys Records,4065629200201,DEX252500208,688,4.542864,USD
2025-09,2025-11-28,Apple Music,DE,The Linden Hours,Album,Tidewater,Tidewater,Nordlys Records,4065629200201,DEX252500208,3244,22.848141,USD
2025-09,2025-11-28,Apple Music,GB,The Linden Hours,Album,Tidewater,Tidewater,Nordlys Records,4065629200201,DEX252500208,981,7.473552,USD
2025-09,2025-11-28,Apple Music,NL,The Linden Hours,Album,Tidewater,Tidewater,Nordlys Records,4065629200201,DEX252500208,535,3.695941,USD
2025-09,2025-11-28,Apple Music,SE,The Linden Hours,Album,Tidewater,Tidewater,Nordlys Records,4065629200201,DEX252500208,535,3.939045,USD
2025-09,2025-11-28,Apple Music,US,The Linden Hours,Album,Tidewater,Tidewater,Nordlys Records,4065629200201,DEX252500208,1363,10.035360,USD
2025-09,2025-11-28,Deezer,AT,The Linden Hours,Album,Tidewater,Linden,Nordlys Records,4065629200201,DEX252500201,549,1.842005,USD
2025-09,2025-11-28,Deezer,DE,The Linden Hours,Album,Tidewater,Linden,Nordlys Records,4065629200201,DEX252500201,2016,6.836659,USD
2025-09,2025-11-28,Deezer,GB,The Linden Hours,Album,Tidewater,Linden,Nordlys Records,4065629200201,DEX252500201,643,2.229152,USD
2025-09,2025-11-28,Deezer,NL,The Linden Hours,Album,Tidewater,Linden,Nordlys Records,4065629200201,DEX252500201,364,1.328746,USD
2025-09,2025-11-28,Deezer,SE,The Linden Hours,Album,Tidewater,Linden,Nordlys Records,4065629200201,DEX252500201,324,1.257379,USD
2025-09,2025-11-28,Deezer,US,The Linden Hours,Album,Tidewater,Linden,Nordlys Records,4065629200201,DEX252500201,1003,3.404984,USD
2025-09,2025-11-28,Deezer,AT,The Linden Hours,Album,Tidewater,Paper Lanterns,Nordlys Records,4065629200201,DEX252500202,625,2.160000,USD
2025-09,2025-11-28,Deezer,DE,The Linden Hours,Album,Tidewater,Paper Lanterns,Nordlys Records,4065629200201,DEX252500202,3532,12.664339,USD
2025-09,2025-11-28,Deezer,GB,The Linden Hours,Album,Tidewater,Paper Lanterns,Nordlys Records,4065629200201,DEX252500202,963,3.647074,USD
2025-09,2025-11-28,Deezer,NL,The Linden Hours,Album,Tidewater,Paper Lanterns,Nordlys Records,4065629200201,DEX252500202,634,2.134044,USD
2025-09,2025-11-28,Deezer,SE,The Linden Hours,Album,Tidewater,Paper Lanterns,Nordlys Records,4065629200201,DEX252500202,513,1.990850,USD
2025-09,2025-11-28,Deezer,US,The Linden Hours,Album,Tidewater,Paper Lanterns,Nordlys Records,4065629200201,DEX252500202,1512,5.225472,USD
2025-09,2025-11-28,Deezer,AT,The Linden Hours,Album,Tidewater,Salt and Iron,Nordlys Records,4065629200201,DEX252500203,423,1.547165,USD
2025-09,2025-11-28,Deezer,DE,The Linden Hours,Album,Tidewater,Salt and Iron,Nordlys Records,4065629200201,DEX252500203,1674,6.110770,USD
2025-09,2025-11-28,Deezer,GB,The Linden Hours,Album,Tidewater,Salt and Iron,Nordlys Records,4065629200201,DEX252500203,522,1.772086,USD
2025-09,2025-11-28,Deezer,NL,The Linden Hours,Album,Tidewater,Salt and Iron,Nordlys Records,4065629200201,DEX252500203,387,1.377875,USD
2025-09,2025-11-28,Deezer,SE,The Linden Hours,Album,Tidewater,Salt and Iron,Nordlys Records,4065629200201,DEX252500203,207,0.712411,USD
2025-09,2025-11-28,Deezer,US,The Linden Hours,Album,Tidewater,Salt and Iron,Nordlys Records,4065629200201,DEX252500203,657,2.424330,USD
2025-09,2025-11-28,Deezer,AT,The Linden Hours,Album,Tidewater,The Quiet Year,Nordlys Records,4065629200201,DEX252500204,306,1.183118,USD
2025-09,2025-11-28,Deezer,DE,The Linden Hours,Album,Tidewater,The Quiet Year,Nordlys Records,4065629200201,DEX252500204,1183,4.203436,USD
2025-09,2025-11-28,Deezer,GB,The Linden Hours,Album,Tidewater,The Quiet Year,Nordlys Records,4065629200201,DEX252500204,432,1.544314,USD
2025-09,2025-11-28,Deezer,NL,The Linden Hours,Album,Tidewater,The Quiet Year,Nordlys Records,4065629200201,DEX252500204,207,0.759359,USD
2025-09,2025-11-28,Deezer,SE,The Linden Hours,Album,Tidewater,The Quiet Year,Nordlys Records,4065629200201,DEX252500204,225,0.812430,USD
2025-09,2025-11-28,Deezer,US,The Linden Hours,Album,Tidewater,The Quiet Year,Nordlys Records,4065629200201,DEX252500204,670,2.385468,USD
2025-09,2025-11-28,Deezer,AT,The Linden Hours,Album,Tidewater,Second Light,Nordlys Records,4065629200201,DEX252500205,292,1.025971,USD
2025-09,2025-11-28,Deezer,DE,The Linden Hours,Album,Tidewater,Second Light,Nordlys Records,4065629200201,DEX252500205,1030,3.778452,USD
2025-09,2025-11-28,Deezer,GB,The Linden Hours,Album,Tidewater,Second Light,Nordlys Records,4065629200201,DEX252500205,382,1.379326,USD
2025-09,2025-11-28,Deezer,NL,The Linden Hours,Album,Tidewater,Second Light,Nordlys Records,4065629200201,DEX252500205,207,0.731786,USD
2025-09,2025-11-28,Deezer,SE,The Linden Hours,Album,Tidewater,Second Light,Nordlys Records,4065629200201,DEX252500205,171,0.586051,USD
2025-09,2025-11-28,Deezer,US,The Linden Hours,Album,Tidewater,Second Light,Nordlys Records,4065629200201,DEX252500205,504,1.868832,USD
2025-09,2025-11-28,Deezer,AT,The Linden Hours,Album,Tidewater,Glasshouse,Nordlys Records,4065629200201,DEX252500206,378,1.318615,USD
2025-09,2025-11-28,Deezer,DE,The Linden Hours,Album,Tidewater,Glasshouse,Nordlys Records,4065629200201,DEX252500206,1782,6.626902,USD
2025-09,2025-11-28,Deezer,GB,The Linden Hours,Album,Tidewater,Glasshouse,Nordlys Records,4065629200201,DEX252500206,589,2.069510,USD
2025-09,2025-11-28,Deezer,NL,The Linden Hours,Album,Tidewater,Glasshouse,Nordlys Records,4065629200201,DEX252500206,423,1.466456,USD
2025-09,2025-11-28,Deezer,SE,The Linden Hours,Album,Tidewater,Glasshouse,Nordlys Records,4065629200201,DEX252500206,288,0.977702,USD
2025-09,2025-11-28,Deezer,US,The Linden Hours,Album,Tidewater,Glasshouse,Nordlys Records,4065629200201,DEX252500206,751,2.817151,USD
2025-09,2025-11-28,Deezer,AT,The Linden Hours,Album,Tidewater,Summer Static,Nordlys Records,4065629200201,DEX252500207,931,3.130394,USD
2025-09,2025-11-28,Deezer,DE,The Linden Hours,Album,Tidewater,Summer Static,Nordlys Records,4065629200201,DEX252500207,3393,12.398022,USD
2025-09,2025-11-28,Deezer,GB,The Linden Hours,Album,Tidewater,Summer Static,Nordlys Records,4065629200201,DEX252500207,1345,5.113152,USD
2025-09,2025-11-28,Deezer,NL,The Linden Hours,Album,Tidewater,Summer Static,Nordlys Records,4065629200201,DEX252500207,931,3.096878,USD
2025-09,2025-11-28,Deezer,SE,The Linden Hours,Album,Tidewater,Summer Static,Nordlys Records,4065629200201,DEX252500207,738,2.563812,USD
2025-09,2025-11-28,Deezer,US,The Linden Hours,Album,Tidewater,Summer Static,Nordlys Records,4065629200201,DEX252500207,2290,8.639712,USD
2025-09,2025-11-28,Deezer,AT,The Linden Hours,Album,Tidewater,Tidewater,Nordlys Records,4065629200201,DEX252500208,279,0.993352,USD
2025-09,2025-11-28,Deezer,DE,The Linden Hours,Album,Tidewater,Tidewater,Nordlys Records,4065629200201,DEX252500208,1332,4.967827,USD
2025-09,2025-11-28,Deezer,GB,The Linden Hours,Album,Tidewater,Tidewater,Nordlys Records,4065629200201,DEX252500208,454,1.585368,USD
2025-09,2025-11-28,Deezer,NL,The Linden Hours,Album,Tidewater,Tidewater,Nordlys Records,4065629200201,DEX252500208,265,0.986436,USD
2025-09,2025-11-28,Deezer,SE,The Linden Hours,Album,Tidewater,Tidewater,Nordlys Records,4065629200201,DEX252500208,220,0.740520,USD
2025-09,2025-11-28,Deezer,US,The Linden Hours,Album,Tidewater,Tidewater,Nordlys Records,4065629200201,DEX252500208,670,2.339640,USD
2025-09,2025-11-28,Spotify,AT,The Linden Hours,Album,Tidewater,Linden,Nordlys Records,4065629200201,DEX252500201,4662,14.351501,USD
2025-09,2025-11-28,Spotify,DE,The Linden Hours,Album,Tidewater,Linden,Nordlys Records,4065629200201,DEX252500201,17383,58.351254,USD
2025-09,2025-11-28,Spotify,GB,The Linden Hours,Album,Tidewater,Linden,Nordlys Records,4065629200201,DEX252500201,6655,20.337680,USD
2025-09,2025-11-28,Spotify,NL,The Linden Hours,Album,Tidewater,Linden,Nordlys Records,4065629200201,DEX252500201,4626,13.915008,USD
2025-09,2025-11-28,Spotify,SE,The Linden Hours,Album,Tidewater,Linden,Nordlys Records,4065629200201,DEX252500201,3604,11.728858,USD
2025-09,2025-11-28,Spotify,US,The Linden Hours,Album,Tidewater,Linden,Nordlys Records,4065629200201,DEX252500201,9558,28.505779,USD
2025-09,2025-11-28,Spotify,AT,The Linden Hours,Album,Tidewater,Paper Lanterns,Nordlys Records,4065629200201,DEX252500202,5832,20.024755,USD
2025-09,2025-11-28,Spotify,DE,The Linden Hours,Album,Tidewater,Paper Lanterns,Nordlys Records,4065629200201,DEX252500202,27585,95.157216,USD
2025-09,2025-11-28,Spotify,GB,The Linden Hours,Album,Tidewater,Paper Lanterns,Nordlys Records,4065629200201,DEX252500202,9805,33.478192,USD
2025-09,2025-11-28,Spotify,NL,The Linden Hours,Album,Tidewater,Paper Lanterns,Nordlys Records,4065629200201,DEX252500202,6507,22.092566,USD
2025-09,2025-11-28,Spotify,SE,The Linden Hours,Album,Tidewater,Paper Lanterns,Nordlys Records,4065629200201,DEX252500202,5620,18.433600,USD
2025-09,2025-11-28,Spotify,US,The Linden Hours,Album,Tidewater,Paper Lanterns,Nordlys Records,4065629200201,DEX252500202,15030,51.510816,USD
2025-09,2025-11-28,Spotify,AT,The Linden Hours,Album,Tidewater,Salt and Iron,Nordlys Records,4065629200201,DEX252500203,3753,11.541226,USD
2025-09,2025-11-28,Spotify,DE,The Linden Hours,Album,Tidewater,Salt and Iron,Nordlys Records,4065629200201,DEX252500203,13288,42.819251,USD
2025-09,2025-11-28,Spotify,GB,The Linden Hours,Album,Tidewater,Salt and Iron,Nordlys Records,4065629200201,DEX252500203,5314,17.208858,USD
2025-09,2025-11-28,Spotify,NL,The Linden Hours,Album,Tidewater,Salt and Iron,Nordlys Records,4065629200201,DEX252500203,3231,9.739526,USD
2025-09,2025-11-28,Spotify,SE,The Linden Hours,Album,Tidewater,Salt and Iron,Nordlys Records,4065629200201,DEX252500203,2344,7.058253,USD
2025-09,2025-11-28,Spotify,US,The Linden Hours,Album,Tidewater,Salt and Iron,Nordlys Records,4065629200201,DEX252500203,7416,25.131341,USD
2025-09,2025-11-28,Spotify,AT,The Linden Hours,Album,Tidewater,The Quiet Year,Nordlys Records,4065629200201,DEX252500204,2722,8.501350,USD
2025-09,2025-11-28,Spotify,DE,The Linden Hours,Album,Tidewater,The Quiet Year,Nordlys Records,4065629200201,DEX252500204,12438,41.473267,USD
2025-09,2025-11-28,Spotify,GB,The Linden Hours,Album,Tidewater,The Quiet Year,Nordlys Records,4065629200201,DEX252500204,4072,13.147674,USD
2025-09,2025-11-28,Spotify,NL,The Linden Hours,Album,Tidewater,The Quiet Year,Nordlys Records,4065629200201,DEX252500204,2673,8.733226,USD
2025-09,2025-11-28,Spotify,SE,The Linden Hours,Album,Tidewater,The Quiet Year,Nordlys Records,4065629200201,DEX252500204,1813,5.859616,USD
2025-09,2025-11-28,Spotify,US,The Linden Hours,Album,Tidewater,The Quiet Year,Nordlys Records,4065629200201,DEX252500204,6669,20.743258,USD
2025-09,2025-11-28,Spotify,AT,The Linden Hours,Album,Tidewater,Second Light,Nordlys Records,4065629200201,DEX252500205,2241,7.350480,USD
2025-09,2025-11-28,Spotify,DE,The Linden Hours,Album,Tidewater,Second Light,Nordlys Records,4065629200201,DEX252500205,10534,33.978470,USD
2025-09,2025-11-28,Spotify,GB,The Linden Hours,Album,Tidewater,Second Light,Nordlys Records,4065629200201,DEX252500205,3199,10.380115,USD
2025-09,2025-11-28,Spotify,NL,The Linden Hours,Album,Tidewater,Second Light,Nordlys Records,4065629200201,DEX252500205,2461,8.426464,USD
2025-09,2025-11-28,Spotify,SE,The Linden Hours,Album,Tidewater,Second Light,Nordlys Records,4065629200201,DEX252500205,1579,4.855741,USD
2025-09,2025-11-28,Spotify,US,The Linden Hours,Album,Tidewater,Second Light,Nordlys Records,4065629200201,DEX252500205,4779,14.772845,USD
2025-09,2025-11-28,Spotify,AT,The Linden Hours,Album,Tidewater,Glasshouse,Nordlys Records,4065629200201,DEX252500206,3856,12.178790,USD
2025-09,2025-11-28,Spotify,DE,The Linden Hours,Album,Tidewater,Glasshouse,Nordlys Records,4065629200201,DEX252500206,18400,63.178240,USD
2025-09,2025-11-28,Spotify,GB,The Linden Hours,Album,Tidewater,Glasshouse,Nordlys Records,4065629200201,DEX252500206,4203,14.014483,USD
2025-09,2025-11-28,Spotify,NL,The Linden Hours,Album,Tidewater,Glasshouse,Nordlys Records,4065629200201,DEX252500206,3928,12.619878,USD
2025-09,2025-11-28,Spotify,SE,The Linden Hours,Album,Tidewater,Glasshouse,Nordlys Records,4065629200201,DEX252500206,3348,11.088576,USD
2025-09,2025-11-28,Spotify,US,The Linden Hours,Album,Tidewater,Glasshouse,Nordlys Records,4065629200201,DEX252500206,11133,35.803728,USD
2025-09,2025-11-28,Spotify,AT,The Linden Hours,Album,Tidewater,Summer Static,Nordlys Records,4065629200201,DEX252500207,10422,33.817306,USD
2025-09,2025-11-28,Spotify,DE,The Linden Hours,Album,Tidewater,Summer Static,Nordlys Records,4065629200201,DEX252500207,41008,122.564710,USD
2025-09,2025-11-28,Spotify,GB,The Linden Hours,Album,Tidewater,Summer Static,Nordlys Records,4065629200201,DEX252500207,12208,41.057946,USD
2025-09,2025-11-28,Spotify,NL,The Linden Hours,Album,Tidewater,Summer Static,Nordlys Records,4065629200201,DEX252500207,8716,27.779635,USD
2025-09,2025-11-28,Spotify,SE,The Linden Hours,Album,Tidewater,Summer Static,Nordlys Records,4065629200201,DEX252500207,6480,19.367424,USD
2025-09,2025-11-28,Spotify,US,The Linden Hours,Album,Tidewater,Summer Static,Nordlys Records,4065629200201,DEX252500207,19440,66.686976,USD
2025-09,2025-11-28,Spotify,AT,The Linden Hours,Album,Tidewater,Tidewater,Nordlys Records,4065629200201,DEX252500208,2632,8.211840,USD
2025-09,2025-11-28,Spotify,DE,The Linden Hours,Album,Tidewater,Tidewater,Nordlys Records,4065629200201,DEX252500208,12946,40.432947,USD
2025-09,2025-11-28,Spotify,GB,The Linden Hours,Album,Tidewater,Tidewater,Nordlys Records,4065629200201,DEX252500208,4162,12.439386,USD
2025-09,2025-11-28,Spotify,NL,The Linden Hours,Album,Tidewater,Tidewater,Nordlys Records,4065629200201,DEX252500208,2349,7.727270,USD
2025-09,2025-11-28,Spotify,SE,The Linden Hours,Album,Tidewater,Tidewater,Nordlys Records,4065629200201,DEX252500208,2349,7.238678,USD
2025-09,2025-11-28,Spotify,US,The Linden Hours,Album,Tidewater,Tidewater,Nordlys Records,4065629200201,DEX252500208,6093,19.614586,USD
2025-09,2025-11-28,Tidal,AT,The Linden Hours,Album,Tidewater,Linden,Nordlys Records,4065629200201,DEX252500201,454,4.382462,USD
2025-09,2025-11-28,Tidal,DE,The Linden Hours,Album,Tidewater,Linden,Nordlys Records,4065629200201,DEX252500201,1584,16.408022,USD
2025-09,2025-11-28,Tidal,GB,The Linden Hours,Album,Tidewater,Linden,Nordlys Records,4065629200201,DEX252500201,567,5.923336,USD
2025-09,2025-11-28,Tidal,NL,The Linden Hours,Album,Tidewater,Linden,Nordlys Records,4065629200201,DEX252500201,382,3.578882,USD
2025-09,2025-11-28,Tidal,SE,The Linden Hours,Album,Tidewater,Linden,Nordlys Records,4065629200201,DEX252500201,319,3.060550,USD
2025-09,2025-11-28,Tidal,US,The Linden Hours,Album,Tidewater,Linden,Nordlys Records,4065629200201,DEX252500201,864,8.594208,USD
2025-09,2025-11-28,Tidal,AT,The Linden Hours,Album,Tidewater,Paper Lanterns,Nordlys Records,4065629200201,DEX252500202,616,6.211867,USD
2025-09,2025-11-28,Tidal,DE,The Linden Hours,Album,Tidewater,Paper Lanterns,Nordlys Records,4065629200201,DEX252500202,2484,22.760892,USD
2025-09,2025-11-28,Tidal,GB,The Linden Hours,Album,Tidewater,Paper Lanterns,Nordlys Records,4065629200201,DEX252500202,778,7.807386,USD
2025-09,2025-11-28,Tidal,NL,The Linden Hours,Album,Tidewater,Paper Lanterns,Nordlys Records,4065629200201,DEX252500202,468,4.513018,USD
2025-09,2025-11-28,Tidal,SE,The Linden Hours,Album,Tidewater,Paper Lanterns,Nordlys Records,4065629200201,DEX252500202,481,5.039052,USD
2025-09,2025-11-28,Tidal,US,The Linden Hours,Album,Tidewater,Paper Lanterns,Nordlys Records,4065629200201,DEX252500202,1012,10.661420,USD
2025-09,2025-11-28,Tidal,AT,The Linden Hours,Album,Tidewater,Salt and Iron,Nordlys Records,4065629200201,DEX252500203,333,3.191605,USD
2025-09,2025-11-28,Tidal,DE,The Linden Hours,Album,Tidewater,Salt and Iron,Nordlys Records,4065629200201,DEX252500203,1278,12.236339,USD
2025-09,2025-11-28,Tidal,GB,The Linden Hours,Album,Tidewater,Salt and Iron,Nordlys Records,4065629200201,DEX252500203,445,4.487469,USD
2025-09,2025-11-28,Tidal,NL,The Linden Hours,Album,Tidewater,Salt and Iron,Nordlys Records,4065629200201,DEX252500203,274,2.489180,USD
2025-09,2025-11-28,Tidal,SE,The Linden Hours,Album,Tidewater,Salt and Iron,Nordlys Records,4065629200201,DEX252500203,198,1.839499,USD
2025-09,2025-11-28,Tidal,US,The Linden Hours,Album,Tidewater,Salt and Iron,Nordlys Records,4065629200201,DEX252500203,531,5.136151,USD
2025-09,2025-11-28,Tidal,AT,The Linden Hours,Album,Tidewater,The Quiet Year,Nordlys Records,4065629200201,DEX252500204,261,2.555242,USD
2025-09,2025-11-28,Tidal,DE,The Linden Hours,Album,Tidewater,The Quiet Year,Nordlys Records,4065629200201,DEX252500204,1021,10.416038,USD
2025-09,2025-11-28,Tidal,GB,The Linden Hours,Album,Tidewater,The Quiet Year,Nordlys Records,4065629200201,DEX252500204,310,2.840530,USD
2025-09,2025-11-28,Tidal,NL,The Linden Hours,Album,Tidewater,The Quiet Year,Nordlys Records,4065629200201,DEX252500204,229,2.174630,USD
2025-09,2025-11-28,Tidal,SE,The Linden Hours,Album,Tidewater,The Quiet Year,Nordlys Records,4065629200201,DEX252500204,202,2.088478,USD
2025-09,2025-11-28,Tidal,US,The Linden Hours,Album,Tidewater,The Quiet Year,Nordlys Records,4065629200201,DEX252500204,481,4.775079,USD
2025-09,2025-11-28,Tidal,AT,The Linden Hours,Album,Tidewater,Second Light,Nordlys Records,4065629200201,DEX252500205,175,1.732150,USD
2025-09,2025-11-28,Tidal,DE,The Linden Hours,Album,Tidewater,Second Light,Nordlys Records,4065629200201,DEX252500205,859,8.990638,USD
2025-09,2025-11-28,Tidal,GB,The Linden Hours,Album,Tidewater,Second Light,Nordlys Records,4065629200201,DEX252500205,274,2.580477,USD
2025-09,2025-11-28,Tidal,NL,The Linden Hours,Album,Tidewater,Second Light,Nordlys Records,4065629200201,DEX252500205,162,1.535209,USD
2025-09,2025-11-28,Tidal,SE,The Linden Hours,Album,Tidewater,Second Light,Nordlys Records,4065629200201,DEX252500205,139,1.339043,USD
2025-09,2025-11-28,Tidal,US,The Linden Hours,Album,Tidewater,Second Light,Nordlys Records,4065629200201,DEX252500205,508,4.988357,USD
2025-09,2025-11-28,Tidal,AT,The Linden Hours,Album,Tidewater,Glasshouse,Nordlys Records,4065629200201,DEX252500206,418,4.420016,USD
2025-09,2025-11-28,Tidal,DE,The Linden Hours,Album,Tidewater,Glasshouse,Nordlys Records,4065629200201,DEX252500206,1489,14.387909,USD
2025-09,2025-11-28,Tidal,GB,The Linden Hours,Album,Tidewater,Glasshouse,Nordlys Records,4065629200201,DEX252500206,463,4.696209,USD
2025-09,2025-11-28,Tidal,NL,The Linden Hours,Album,Tidewater,Glasshouse,Nordlys Records,4065629200201,DEX252500206,346,3.316202,USD
2025-09,2025-11-28,Tidal,SE,The Linden Hours,Album,Tidewater,Glasshouse,Nordlys Records,4065629200201,DEX252500206,229,2.410271,USD
2025-09,2025-11-28,Tidal,US,The Linden Hours,Album,Tidewater,Glasshouse,Nordlys Records,4065629200201,DEX252500206,706,6.538266,USD
2025-09,2025-11-28,Tidal,AT,The Linden Hours,Album,Tidewater,Summer Static,Nordlys Records,4065629200201,DEX252500207,747,7.584142,USD
2025-09,2025-11-28,Tidal,DE,The Linden Hours,Album,Tidewater,Summer Static,Nordlys Records,4065629200201,DEX252500207,3505,32.665899,USD
2025-09,2025-11-28,Tidal,GB,The Linden Hours,Album,Tidewater,Summer Static,Nordlys Records,4065629200201,DEX252500207,1201,11.557944,USD
2025-09,2025-11-28,Tidal,NL,The Linden Hours,Album,Tidewater,Summer Static,Nordlys Records,4065629200201,DEX252500207,805,7.952112,USD
2025-09,2025-11-28,Tidal,SE,The Linden Hours,Album,Tidewater,Summer Static,Nordlys Records,4065629200201,DEX252500207,612,5.829667,USD
2025-09,2025-11-28,Tidal,US,The Linden Hours,Album,Tidewater,Summer Static,Nordlys Records,4065629200201,DEX252500207,1638,14.848470,USD
2025-09,2025-11-28,Tidal,AT,The Linden Hours,Album,Tidewater,Tidewater,Nordlys Records,4065629200201,DEX252500208,274,2.776497,USD
2025-09,2025-11-28,Tidal,DE,The Linden Hours,Album,Tidewater,Tidewater,Nordlys Records,4065629200201,DEX252500208,985,9.083473,USD
2025-09,2025-11-28,Tidal,GB,The Linden Hours,Album,Tidewater,Tidewater,Nordlys Records,4065629200201,DEX252500208,319,3.235617,USD
2025-09,2025-11-28,Tidal,NL,The Linden Hours,Album,Tidewater,Tidewater,Nordlys Records,4065629200201,DEX252500208,220,2.207744,USD
2025-09,2025-11-28,Tidal,SE,The Linden Hours,Album,Tidewater,Tidewater,Nordlys Records,4065629200201,DEX252500208,171,1.583631,USD
2025-09,2025-11-28,Tidal,US,The Linden Hours,Album,Tidewater,Tidewater,Nordlys Records,4065629200201,DEX252500208,441,4.261295,USD
2025-09,2025-11-28,YouTube Music,AT,The Linden Hours,Album,Tidewater,Linden,Nordlys Records,4065629200201,DEX252500201,801,1.756112,USD
2025-09,2025-11-28,YouTube Music,DE,The Linden Hours,Album,Tidewater,Linden,Nordlys Records,4065629200201,DEX252500201,3024,5.842368,USD
2025-09,2025-11-28,YouTube Music,GB,The Linden Hours,Album,Tidewater,Linden,Nordlys Records,4065629200201,DEX252500201,958,2.112390,USD
2025-09,2025-11-28,YouTube Music,NL,The Linden Hours,Album,Tidewater,Linden,Nordlys Records,4065629200201,DEX252500201,639,1.364712,USD
2025-09,2025-11-28,YouTube Music,SE,The Linden Hours,Album,Tidewater,Linden,Nordlys Records,4065629200201,DEX252500201,445,0.947583,USD
2025-09,2025-11-28,YouTube Music,US,The Linden Hours,Album,Tidewater,Linden,Nordlys Records,4065629200201,DEX252500201,1534,2.973352,USD
2025-09,2025-11-28,YouTube Music,AT,The Linden Hours,Album,Tidewater,Paper Lanterns,Nordlys Records,4065629200201,DEX252500202,1377,2.807841,USD
2025-09,2025-11-28,YouTube Music,DE,The Linden Hours,Album,Tidewater,Paper Lanterns,Nordlys Records,4065629200201,DEX252500202,3757,7.566222,USD
2025-09,2025-11-28,YouTube Music,GB,The Linden Hours,Album,Tidewater,Paper Lanterns,Nordlys Records,4065629200201,DEX252500202,1462,2.849146,USD
2025-09,2025-11-28,YouTube Music,NL,The Linden Hours,Album,Tidewater,Paper Lanterns,Nordlys Records,4065629200201,DEX252500202,1080,2.172744,USD
2025-09,2025-11-28,YouTube Music,SE,The Linden Hours,Album,Tidewater,Paper Lanterns,Nordlys Records,4065629200201,DEX252500202,922,1.864561,USD
2025-09,2025-11-28,YouTube Music,US,The Linden Hours,Album,Tidewater,Paper Lanterns,Nordlys Records,4065629200201,DEX252500202,2398,5.101265,USD
2025-09,2025-11-28,YouTube Music,AT,The Linden Hours,Album,Tidewater,Salt and Iron,Nordlys Records,4065629200201,DEX252500203,517,1.125871,USD
2025-09,2025-11-28,YouTube Music,DE,The Linden Hours,Album,Tidewater,Salt and Iron,Nordlys Records,4065629200201,DEX252500203,2056,4.555068,USD
2025-09,2025-11-28,YouTube Music,GB,The Linden Hours,Album,Tidewater,Salt and Iron,Nordlys Records,4065629200201,DEX252500203,769,1.626204,USD
2025-09,2025-11-28,YouTube Music,NL,The Linden Hours,Album,Tidewater,Salt and Iron,Nordlys Records,4065629200201,DEX252500203,472,1.062566,USD
2025-09,2025-11-28,YouTube Music,SE,The Linden Hours,Album,Tidewater,Salt and Iron,Nordlys Records,4065629200201,DEX252500203,409,0.856323,USD
2025-09,2025-11-28,YouTube Music,US,The Linden Hours,Album,Tidewater,Salt and Iron,Nordlys Records,4065629200201,DEX252500203,1228,2.586536,USD
2025-09,2025-11-28,YouTube Music,AT,The Linden Hours,Album,Tidewater,The Quiet Year,Nordlys Records,4065629200201,DEX252500204,387,0.787506,USD
2025-09,2025-11-28,YouTube Music,DE,The Linden Hours,Album,Tidewater,The Quiet Year,Nordlys Records,4065629200201,DEX252500204,1561,3.304325,USD
2025-09,2025-11-28,YouTube Music,GB,The Linden Hours,Album,Tidewater,The Quiet Year,Nordlys Records,4065629200201,DEX252500204,607,1.268327,USD
2025-09,2025-11-28,YouTube Music,NL,The Linden Hours,Album,Tidewater,The Quiet Year,Nordlys Records,4065629200201,DEX252500204,391,0.784972,USD
2025-09,2025-11-28,YouTube Music,SE,The Linden Hours,Album,Tidewater,The Quiet Year,Nordlys Records,4065629200201,DEX252500204,297,0.603742,USD
2025-09,2025-11-28,YouTube Music,US,The Linden Hours,Album,Tidewater,The Quiet Year,Nordlys Records,4065629200201,DEX252500204,1066,2.205021,USD
2025-09,2025-11-28,YouTube Music,AT,The Linden Hours,Album,Tidewater,Second Light,Nordlys Records,4065629200201,DEX252500205,301,0.603023,USD
2025-09,2025-11-28,YouTube Music,DE,The Linden Hours,Album,Tidewater,Second Light,Nordlys Records,4065629200201,DEX252500205,1395,2.923641,USD
2025-09,2025-11-28,YouTube Music,GB,The Linden Hours,Album,Tidewater,Second Light,Nordlys Records,4065629200201,DEX252500205,522,1.133471,USD
2025-09,2025-11-28,YouTube Music,NL,The Linden Hours,Album,Tidewater,Second Light,Nordlys Records,4065629200201,DEX252500205,328,0.723929,USD
2025-09,2025-11-28,YouTube Music,SE,The Linden Hours,Album,Tidewater,Second Light,Nordlys Records,4065629200201,DEX252500205,261,0.576053,USD
2025-09,2025-11-28,YouTube Music,US,The Linden Hours,Album,Tidewater,Second Light,Nordlys Records,4065629200201,DEX252500205,805,1.617809,USD
2025-09,2025-11-28,YouTube Music,AT,The Linden Hours,Album,Tidewater,Glasshouse,Nordlys Records,4065629200201,DEX252500206,693,1.555716,USD
2025-09,2025-11-28,YouTube Music,DE,The Linden Hours,Album,Tidewater,Glasshouse,Nordlys Records,4065629200201,DEX252500206,2596,5.457052,USD
2025-09,2025-11-28,YouTube Music,GB,The Linden Hours,Album,Tidewater,Glasshouse,Nordlys Records,4065629200201,DEX252500206,846,1.710866,USD
2025-09,2025-11-28,YouTube Music,NL,The Linden Hours,Album,Tidewater,Glasshouse,Nordlys Records,4065629200201,DEX252500206,544,1.158394,USD
2025-09,2025-11-28,YouTube Music,SE,The Linden Hours,Album,Tidewater,Glasshouse,Nordlys Records,4065629200201,DEX252500206,463,0.994663,USD
2025-09,2025-11-28,YouTube Music,US,The Linden Hours,Album,Tidewater,Glasshouse,Nordlys Records,4065629200201,DEX252500206,1336,2.785961,USD
2025-09,2025-11-28,YouTube Music,AT,The Linden Hours,Album,Tidewater,Summer Static,Nordlys Records,4065629200201,DEX252500207,1566,3.134036,USD
2025-09,2025-11-28,YouTube Music,DE,The Linden Hours,Album,Tidewater,Summer Static,Nordlys Records,4065629200201,DEX252500207,5877,12.662584,USD
2025-09,2025-11-28,YouTube Music,GB,The Linden Hours,Album,Tidewater,Summer Static,Nordlys Records,4065629200201,DEX252500207,2092,4.138394,USD
2025-09,2025-11-28,YouTube Music,NL,The Linden Hours,Album,Tidewater,Summer Static,Nordlys Records,4065629200201,DEX252500207,1584,3.239914,USD
2025-09,2025-11-28,YouTube Music,SE,The Linden Hours,Album,Tidewater,Summer Static,Nordlys Records,4065629200201,DEX252500207,1242,2.472574,USD
2025-09,2025-11-28,YouTube Music,US,The Linden Hours,Album,Tidewater,Summer Static,Nordlys Records,4065629200201,DEX252500207,3006,5.877031,USD
2025-09,2025-11-28,YouTube Music,AT,The Linden Hours,Album,Tidewater,Tidewater,Nordlys Records,4065629200201,DEX252500208,499,1.041613,USD
2025-09,2025-11-28,YouTube Music,DE,The Linden Hours,Album,Tidewater,Tidewater,Nordlys Records,4065629200201,DEX252500208,1894,4.180247,USD
2025-09,2025-11-28,YouTube Music,GB,The Linden Hours,Album,Tidewater,Tidewater,Nordlys Records,4065629200201,DEX252500208,670,1.436547,USD
2025-09,2025-11-28,YouTube Music,NL,The Linden Hours,Album,Tidewater,Tidewater,Nordlys Records,4065629200201,DEX252500208,423,0.955811,USD
2025-09,2025-11-28,YouTube Music,SE,The Linden Hours,Album,Tidewater,Tidewater,Nordlys Records,4065629200201,DEX252500208,324,0.712379,USD
2025-09,2025-11-28,YouTube Music,US,The Linden Hours,Album,Tidewater,Tidewater,Nordlys Records,4065629200201,DEX252500208,1026,2.036097,USD
2025-10,2025-12-31,Amazon Music,AT,The Linden Hours,Album,Tidewater,Linden,Nordlys Records,4065629200201,DEX252500201,562,2.440485,USD
2025-10,2025-12-31,Amazon Music,DE,The Linden Hours,Album,Tidewater,Linden,Nordlys Records,4065629200201,DEX252500201,2547,12.332574,USD
2025-10,2025-12-31,Amazon Music,GB,The Linden Hours,Album,Tidewater,Linden,Nordlys Records,4065629200201,DEX252500201,792,3.588948,USD
2025-10,2025-12-31,Amazon Music,NL,The Linden Hours,Album,Tidewater,Linden,Nordlys Records,4065629200201,DEX252500201,427,1.819661,USD
2025-10,2025-12-31,Amazon Music,SE,The Linden Hours,Album,Tidewater,Linden,Nordlys Records,4065629200201,DEX252500201,405,1.693103,USD
2025-10,2025-12-31,Amazon Music,US,The Linden Hours,Album,Tidewater,Linden,Nordlys Records,4065629200201,DEX252500201,1282,5.769000,USD
2025-10,2025-12-31,Amazon Music,AT,The Linden Hours,Album,Tidewater,Paper Lanterns,Nordlys Records,4065629200201,DEX252500202,1125,5.265000,USD
2025-10,2025-12-31,Amazon Music,DE,The Linden Hours,Album,Tidewater,Paper Lanterns,Nordlys Records,4065629200201,DEX252500202,3906,16.399341,USD
2025-10,2025-12-31,Amazon Music,GB,The Linden Hours,Album,Tidewater,Paper Lanterns,Nordlys Records,4065629200201,DEX252500202,1372,6.637050,USD
2025-10,2025-12-31,Amazon Music,NL,The Linden Hours,Album,Tidewater,Paper Lanterns,Nordlys Records,4065629200201,DEX252500202,936,4.241484,USD
2025-10,2025-12-31,Amazon Music,SE,The Linden Hours,Album,Tidewater,Paper Lanterns,Nordlys Records,4065629200201,DEX252500202,585,2.614073,USD
2025-10,2025-12-31,Amazon Music,US,The Linden Hours,Album,Tidewater,Paper Lanterns,Nordlys Records,4065629200201,DEX252500202,2079,9.776498,USD
2025-10,2025-12-31,Amazon Music,AT,The Linden Hours,Album,Tidewater,Salt and Iron,Nordlys Records,4065629200201,DEX252500203,517,2.354418,USD
2025-10,2025-12-31,Amazon Music,DE,The Linden Hours,Album,Tidewater,Salt and Iron,Nordlys Records,4065629200201,DEX252500203,2079,8.943858,USD
2025-10,2025-12-31,Amazon Music,GB,The Linden Hours,Album,Tidewater,Salt and Iron,Nordlys Records,4065629200201,DEX252500203,648,3.079296,USD
2025-10,2025-12-31,Amazon Music,NL,The Linden Hours,Album,Tidewater,Salt and Iron,Nordlys Records,4065629200201,DEX252500203,486,2.082024,USD
2025-10,2025-12-31,Amazon Music,SE,The Linden Hours,Album,Tidewater,Salt and Iron,Nordlys Records,4065629200201,DEX252500203,319,1.544598,USD
2025-10,2025-12-31,Amazon Music,US,The Linden Hours,Album,Tidewater,Salt and Iron,Nordlys Records,4065629200201,DEX252500203,945,4.222733,USD
2025-10,2025-12-31,Amazon Music,AT,The Linden Hours,Album,Tidewater,The Quiet Year,Nordlys Records,4065629200201,DEX252500204,346,1.552329,USD
2025-10,2025-12-31,Amazon Music,DE,The Linden Hours,Album,Tidewater,The Quiet Year,Nordlys Records,4065629200201,DEX252500204,1791,8.559189,USD
2025-10,2025-12-31,Amazon Music,GB,The Linden Hours,Album,Tidewater,The Quiet Year,Nordlys Records,4065629200201,DEX252500204,562,2.331738,USD
2025-10,2025-12-31,Amazon Music,NL,The Linden Hours,Album,Tidewater,The Quiet Year,Nordlys Records,4065629200201,DEX252500204,337,1.545314,USD
2025-10,2025-12-31,Amazon Music,SE,The Linden Hours,Album,Tidewater,The Quiet Year,Nordlys Records,4065629200201,DEX252500204,234,1.036152,USD
2025-10,2025-12-31,Amazon Music,US,The Linden Hours,Album,Tidewater,The Quiet Year,Nordlys Records,4065629200201,DEX252500204,760,3.214800,USD
2025-10,2025-12-31,Amazon Music,AT,The Linden Hours,Album,Tidewater,Second Light,Nordlys Records,4065629200201,DEX252500205,310,1.390815,USD
2025-10,2025-12-31,Amazon Music,DE,The Linden Hours,Album,Tidewater,Second Light,Nordlys Records,4065629200201,DEX252500205,1246,5.421969,USD
2025-10,2025-12-31,Amazon Music,GB,The Linden Hours,Album,Tidewater,Second Light,Nordlys Records,4065629200201,DEX252500205,499,2.348793,USD
2025-10,2025-12-31,Amazon Music,NL,The Linden Hours,Album,Tidewater,Second Light,Nordlys Records,4065629200201,DEX252500205,274,1.173816,USD
2025-10,2025-12-31,Amazon Music,SE,The Linden Hours,Album,Tidewater,Second Light,Nordlys Records,4065629200201,DEX252500205,220,0.961290,USD
2025-10,2025-12-31,Amazon Music,US,The Linden Hours,Album,Tidewater,Second Light,Nordlys Records,4065629200201,DEX252500205,526,2.546892,USD
2025-10,2025-12-31,Amazon Music,AT,The Linden Hours,Album,Tidewater,Glasshouse,Nordlys Records,4065629200201,DEX252500206,477,2.307488,USD
2025-10,2025-12-31,Amazon Music,DE,The Linden Hours,Album,Tidewater,Glasshouse,Nordlys Records,4065629200201,DEX252500206,2151,9.379436,USD
2025-10,2025-12-31,Amazon Music,GB,The Linden Hours,Album,Tidewater,Glasshouse,Nordlys Records,4065629200201,DEX252500206,922,3.829527,USD
2025-10,2025-12-31,Amazon Music,NL,The Linden Hours,Album,Tidewater,Glasshouse,Nordlys Records,4065629200201,DEX252500206,504,2.222640,USD
2025-10,2025-12-31,Amazon Music,SE,The Linden Hours,Album,Tidewater,Glasshouse,Nordlys Records,4065629200201,DEX252500206,346,1.491606,USD
2025-10,2025-12-31,Amazon Music,US,The Linden Hours,Album,Tidewater,Glasshouse,Nordlys Records,4065629200201,DEX252500206,1224,5.717304,USD
2025-10,2025-12-31,Amazon Music,AT,The Linden Hours,Album,Tidewater,Summer Static,Nordlys Records,4065629200201,DEX252500207,1156,5.358060,USD
2025-10,2025-12-31,Amazon Music,DE,The Linden Hours,Album,Tidewater,Summer Static,Nordlys Records,4065629200201,DEX252500207,5400,24.858900,USD
2025-10,2025-12-31,Amazon Music,GB,The Linden Hours,Album,Tidewater,Summer Static,Nordlys Records,4065629200201,DEX252500207,1561,7.052598,USD
2025-10,2025-12-31,Amazon Music,NL,The Linden Hours,Album,Tidewater,Summer Static,Nordlys Records,4065629200201,DEX252500207,1035,4.545720,USD
2025-10,2025-12-31,Amazon Music,SE,The Linden Hours,Album,Tidewater,Summer Static,Nordlys Records,4065629200201,DEX252500207,823,3.610913,USD
2025-10,2025-12-31,Amazon Music,US,The Linden Hours,Album,Tidewater,Summer Static,Nordlys Records,4065629200201,DEX252500207,2745,11.413710,USD
2025-10,2025-12-31,Amazon Music,AT,The Linden Hours,Album,Tidewater,Tidewater,Nordlys Records,4065629200201,DEX252500208,373,1.772496,USD
2025-10,2025-12-31,Amazon Music,DE,The Linden Hours,Album,Tidewater,Tidewater,Nordlys Records,4065629200201,DEX252500208,1512,6.783588,USD
2025-10,2025-12-31,Amazon Music,GB,The Linden Hours,Album,Tidewater,Tidewater,Nordlys Records,4065629200201,DEX252500208,459,2.075828,USD
2025-10,2025-12-31,Amazon Music,NL,The Linden Hours,Album,Tidewater,Tidewater,Nordlys Records,4065629200201,DEX252500208,324,1.357398,USD
2025-10,2025-12-31,Amazon Music,SE,The Linden Hours,Album,Tidewater,Tidewater,Nordlys Records,4065629200201,DEX252500208,324,1.401138,USD
2025-10,2025-12-31,Amazon Music,US,The Linden Hours,Album,Tidewater,Tidewater,Nordlys Records,4065629200201,DEX252500208,733,3.103889,USD
2025-10,2025-12-31,Apple Music,AT,The Linden Hours,Album,Tidewater,Linden,Nordlys Records,4065629200201,DEX252500201,1449,10.781719,USD
2025-10,2025-12-31,Apple Music,DE,The Linden Hours,Album,Tidewater,Linden,Nordlys Records,4065629200201,DEX252500201,4207,27.928170,USD
2025-10,2025-12-31,Apple Music,GB,The Linden Hours,Album,Tidewater,Linden,Nordlys Records,4065629200201,DEX252500201,1467,10.353206,USD
2025-10,2025-12-31,Apple Music,NL,The Linden Hours,Album,Tidewater,Linden,Nordlys Records,4065629200201,DEX252500201,1071,7.923472,USD
2025-10,2025-12-31,Apple Music,SE,The Linden Hours,Album,Tidewater,Linden,Nordlys Records,4065629200201,DEX252500201,706,4.957461,USD
2025-10,2025-12-31,Apple Music,US,The Linden Hours,Album,Tidewater,Linden,Nordlys Records,4065629200201,DEX252500201,2272,16.889366,USD
2025-10,2025-12-31,Apple Music,AT,The Linden Hours,Album,Tidewater,Paper Lanterns,Nordlys Records,4065629200201,DEX252500202,1998,14.753232,USD
2025-10,2025-12-31,Apple Music,DE,The Linden Hours,Album,Tidewater,Paper Lanterns,Nordlys Records,4065629200201,DEX252500202,6327,44.068188,USD
2025-10,2025-12-31,Apple Music,GB,The Linden Hours,Album,Tidewater,Paper Lanterns,Nordlys Records,4065629200201,DEX252500202,2587,18.624848,USD
2025-10,2025-12-31,Apple Music,NL,The Linden Hours,Album,Tidewater,Paper Lanterns,Nordlys Records,4065629200201,DEX252500202,1462,10.629325,USD
2025-10,2025-12-31,Apple Music,SE,The Linden Hours,Album,Tidewater,Paper Lanterns,Nordlys Records,4065629200201,DEX252500202,1093,7.504210,USD
2025-10,2025-12-31,Apple Music,US,The Linden Hours,Album,Tidewater,Paper Lanterns,Nordlys Records,4065629200201,DEX252500202,3483,23.196083,USD
2025-10,2025-12-31,Apple Music,AT,The Linden Hours,Album,Tidewater,Salt and Iron,Nordlys Records,4065629200201,DEX252500203,873,5.913178,USD
2025-10,2025-12-31,Apple Music,DE,The Linden Hours,Album,Tidewater,Salt and Iron,Nordlys Records,4065629200201,DEX252500203,3595,26.953872,USD
2025-10,2025-12-31,Apple Music,GB,The Linden Hours,Album,Tidewater,Salt and Iron,Nordlys Records,4065629200201,DEX252500203,1116,8.486176,USD
2025-10,2025-12-31,Apple Music,NL,The Linden Hours,Album,Tidewater,Salt and Iron,Nordlys Records,4065629200201,DEX252500203,675,5.060880,USD
2025-10,2025-12-31,Apple Music,SE,The Linden Hours,Album,Tidewater,Salt and Iron,Nordlys Records,4065629200201,DEX252500203,621,4.563419,USD
2025-10,2025-12-31,Apple Music,US,The Linden Hours,Album,Tidewater,Salt and Iron,Nordlys Records,4065629200201,DEX252500203,1638,12.455516,USD
2025-10,2025-12-31,Apple Music,AT,The Linden Hours,Album,Tidewater,The Quiet Year,Nordlys Records,4065629200201,DEX252500204,634,4.456386,USD
2025-10,2025-12-31,Apple Music,DE,The Linden Hours,Album,Tidewater,The Quiet Year,Nordlys Records,4065629200201,DEX252500204,2479,17.301685,USD
2025-10,2025-12-31,Apple Music,GB,The Linden Hours,Album,Tidewater,The Quiet Year,Nordlys Records,4065629200201,DEX252500204,972,6.763176,USD
2025-10,2025-12-31,Apple Music,NL,The Linden Hours,Album,Tidewater,The Quiet Year,Nordlys Records,4065629200201,DEX252500204,652,4.874548,USD
2025-10,2025-12-31,Apple Music,SE,The Linden Hours,Album,Tidewater,The Quiet Year,Nordlys Records,4065629200201,DEX252500204,427,3.071112,USD
2025-10,2025-12-31,Apple Music,US,The Linden Hours,Album,Tidewater,The Quiet Year,Nordlys Records,4065629200201,DEX252500204,1705,12.553404,USD
2025-10,2025-12-31,Apple Music,AT,The Linden Hours,Album,Tidewater,Second Light,Nordlys Records,4065629200201,DEX252500205,571,4.009505,USD
2025-10,2025-12-31,Apple Music,DE,The Linden Hours,Album,Tidewater,Second Light,Nordlys Records,4065629200201,DEX252500205,2380,16.914898,USD
2025-10,2025-12-31,Apple Music,GB,The Linden Hours,Album,Tidewater,Second Light,Nordlys Records,4065629200201,DEX252500205,823,5.457642,USD
2025-10,2025-12-31,Apple Music,NL,The Linden Hours,Album,Tidewater,Second Light,Nordlys Records,4065629200201,DEX252500205,423,2.799076,USD
2025-10,2025-12-31,Apple Music,SE,The Linden Hours,Album,Tidewater,Second Light,Nordlys Records,4065629200201,DEX252500205,472,3.609242,USD
2025-10,2025-12-31,Apple Music,US,The Linden Hours,Album,Tidewater,Second Light,Nordlys Records,4065629200201,DEX252500205,1129,7.470819,USD
2025-10,2025-12-31,Apple Music,AT,The Linden Hours,Album,Tidewater,Glasshouse,Nordlys Records,4065629200201,DEX252500206,1089,7.971589,USD
2025-10,2025-12-31,Apple Music,DE,The Linden Hours,Album,Tidewater,Glasshouse,Nordlys Records,4065629200201,DEX252500206,4041,26.969634,USD
2025-10,2025-12-31,Apple Music,GB,The Linden Hours,Album,Tidewater,Glasshouse,Nordlys Records,4065629200201,DEX252500206,1174,8.543785,USD
2025-10,2025-12-31,Apple Music,NL,The Linden Hours,Album,Tidewater,Glasshouse,Nordlys Records,4065629200201,DEX252500206,976,7.012755,USD
2025-10,2025-12-31,Apple Music,SE,The Linden Hours,Album,Tidewater,Glasshouse,Nordlys Records,4065629200201,DEX252500206,711,5.356034,USD
2025-10,2025-12-31,Apple Music,US,The Linden Hours,Album,Tidewater,Glasshouse,Nordlys Records,4065629200201,DEX252500206,2083,14.582250,USD
2025-10,2025-12-31,Apple Music,AT,The Linden Hours,Album,Tidewater,Summer Static,Nordlys Records,4065629200201,DEX252500207,2106,15.281557,USD
2025-10,2025-12-31,Apple Music,DE,The Linden Hours,Album,Tidewater,Summer Static,Nordlys Records,4065629200201,DEX252500207,9166,65.924622,USD
2025-10,2025-12-31,Apple Music,GB,The Linden Hours,Album,Tidewater,Summer Static,Nordlys Records,4065629200201,DEX252500207,2700,19.438380,USD
2025-10,2025-12-31,Apple Music,NL,The Linden Hours,Album,Tidewater,Summer Static,Nordlys Records,4065629200201,DEX252500207,2146,14.474770,USD
2025-10,2025-12-31,Apple Music,SE,The Linden Hours,Album,Tidewater,Summer Static,Nordlys Records,4065629200201,DEX252500207,1507,11.202586,USD
2025-10,2025-12-31,Apple Music,US,The Linden Hours,Album,Tidewater,Summer Static,Nordlys Records,4065629200201,DEX252500207,4180,29.292186,USD
2025-10,2025-12-31,Apple Music,AT,The Linden Hours,Album,Tidewater,Tidewater,Nordlys Records,4065629200201,DEX252500208,657,4.716012,USD
2025-10,2025-12-31,Apple Music,DE,The Linden Hours,Album,Tidewater,Tidewater,Nordlys Records,4065629200201,DEX252500208,2718,20.803028,USD
2025-10,2025-12-31,Apple Music,GB,The Linden Hours,Album,Tidewater,Tidewater,Nordlys Records,4065629200201,DEX252500208,1008,6.741706,USD
2025-10,2025-12-31,Apple Music,NL,The Linden Hours,Album,Tidewater,Tidewater,Nordlys Records,4065629200201,DEX252500208,513,3.846269,USD
2025-10,2025-12-31,Apple Music,SE,The Linden Hours,Album,Tidewater,Tidewater,Nordlys Records,4065629200201,DEX252500208,450,3.281265,USD
2025-10,2025-12-31,Apple Music,US,The Linden Hours,Album,Tidewater,Tidewater,Nordlys Records,4065629200201,DEX252500208,1318,9.750828,USD
2025-10,2025-12-31,Deezer,AT,The Linden Hours,Album,Tidewater,Linden,Nordlys Records,4065629200201,DEX252500201,495,1.896048,USD
2025-10,2025-12-31,Deezer,DE,The Linden Hours,Album,Tidewater,Linden,Nordlys Records,4065629200201,DEX252500201,1890,6.695136,USD
2025-10,2025-12-31,Deezer,GB,The Linden Hours,Album,Tidewater,Linden,Nordlys Records,4065629200201,DEX252500201,715,2.378376,USD
2025-10,2025-12-31,Deezer,NL,The Linden Hours,Album,Tidewater,Linden,Nordlys Records,4065629200201,DEX252500201,396,1.439856,USD
2025-10,2025-12-31,Deezer,SE,The Linden Hours,Album,Tidewater,Linden,Nordlys Records,4065629200201,DEX252500201,315,1.152144,USD
2025-10,2025-12-31,Deezer,US,The Linden Hours,Album,Tidewater,Linden,Nordlys Records,4065629200201,DEX252500201,846,3.073010,USD
2025-10,2025-12-31,Deezer,AT,The Linden Hours,Album,Tidewater,Paper Lanterns,Nordlys Records,4065629200201,DEX252500202,706,2.518726,USD
2025-10,2025-12-31,Deezer,DE,The Linden Hours,Album,Tidewater,Paper Lanterns,Nordlys Records,4065629200201,DEX252500202,2493,8.965825,USD
2025-10,2025-12-31,Deezer,GB,The Linden Hours,Album,Tidewater,Paper Lanterns,Nordlys Records,4065629200201,DEX252500202,1053,3.821126,USD
2025-10,2025-12-31,Deezer,NL,The Linden Hours,Album,Tidewater,Paper Lanterns,Nordlys Records,4065629200201,DEX252500202,549,1.849910,USD
2025-10,2025-12-31,Deezer,SE,The Linden Hours,Album,Tidewater,Paper Lanterns,Nordlys Records,4065629200201,DEX252500202,499,1.844903,USD
2025-10,2025-12-31,Deezer,US,The Linden Hours,Album,Tidewater,Paper Lanterns,Nordlys Records,4065629200201,DEX252500202,1440,5.572800,USD
2025-10,2025-12-31,Deezer,AT,The Linden Hours,Album,Tidewater,Salt and Iron,Nordlys Records,4065629200201,DEX252500203,396,1.387109,USD
2025-10,2025-12-31,Deezer,DE,The Linden Hours,Album,Tidewater,Salt and Iron,Nordlys Records,4065629200201,DEX252500203,1458,5.217307,USD
2025-10,2025-12-31,Deezer,GB,The Linden Hours,Album,Tidewater,Salt and Iron,Nordlys Records,4065629200201,DEX252500203,562,2.162801,USD
2025-10,2025-12-31,Deezer,NL,The Linden Hours,Album,Tidewater,Salt and Iron,Nordlys Records,4065629200201,DEX252500203,360,1.360800,USD
2025-10,2025-12-31,Deezer,SE,The Linden Hours,Album,Tidewater,Salt and Iron,Nordlys Records,4065629200201,DEX252500203,274,1.052489,USD
2025-10,2025-12-31,Deezer,US,The Linden Hours,Album,Tidewater,Salt and Iron,Nordlys Records,4065629200201,DEX252500203,706,2.729678,USD
2025-10,2025-12-31,Deezer,AT,The Linden Hours,Album,Tidewater,The Quiet Year,Nordlys Records,4065629200201,DEX252500204,324,1.077754,USD
2025-10,2025-12-31,Deezer,DE,The Linden Hours,Album,Tidewater,The Quiet Year,Nordlys Records,4065629200201,DEX252500204,1332,4.608187,USD
2025-10,2025-12-31,Deezer,GB,The Linden Hours,Album,Tidewater,The Quiet Year,Nordlys Records,4065629200201,DEX252500204,378,1.368965,USD
2025-10,2025-12-31,Deezer,NL,The Linden Hours,Album,Tidewater,The Quiet Year,Nordlys Records,4065629200201,DEX252500204,243,0.841558,USD
2025-10,2025-12-31,Deezer,SE,The Linden Hours,Album,Tidewater,The Quiet Year,Nordlys Records,4065629200201,DEX252500204,225,0.822960,USD
2025-10,2025-12-31,Deezer,US,The Linden Hours,Album,Tidewater,The Quiet Year,Nordlys Records,4065629200201,DEX252500204,598,2.073146,USD
2025-10,2025-12-31,Deezer,AT,The Linden Hours,Album,Tidewater,Second Light,Nordlys Records,4065629200201,DEX252500205,193,0.680209,USD
2025-10,2025-12-31,Deezer,DE,The Linden Hours,Album,Tidewater,Second Light,Nordlys Records,4065629200201,DEX252500205,828,3.195418,USD
2025-10,2025-12-31,Deezer,GB,The Linden Hours,Album,Tidewater,Second Light,Nordlys Records,4065629200201,DEX252500205,265,0.890082,USD
2025-10,2025-12-31,Deezer,NL,The Linden Hours,Album,Tidewater,Second Light,Nordlys Records,4065629200201,DEX252500205,207,0.689310,USD
2025-10,2025-12-31,Deezer,SE,The Linden Hours,Album,Tidewater,Second Light,Nordlys Records,4065629200201,DEX252500205,180,0.633096,USD
2025-10,2025-12-31,Deezer,US,The Linden Hours,Album,Tidewater,Second Light,Nordlys Records,4065629200201,DEX252500205,463,1.540123,USD
2025-10,2025-12-31,Deezer,AT,The Linden Hours,Album,Tidewater,Glasshouse,Nordlys Records,4065629200201,DEX252500206,382,1.362823,USD
2025-10,2025-12-31,Deezer,DE,The Linden Hours,Album,Tidewater,Glasshouse,Nordlys Records,4065629200201,DEX252500206,1881,6.879946,USD
2025-10,2025-12-31,Deezer,GB,The Linden Hours,Album,Tidewater,Glasshouse,Nordlys Records,4065629200201,DEX252500206,553,1.939039,USD
2025-10,2025-12-31,Deezer,NL,The Linden Hours,Album,Tidewater,Glasshouse,Nordlys Records,4065629200201,DEX252500206,396,1.459814,USD
2025-10,2025-12-31,Deezer,SE,The Linden Hours,Album,Tidewater,Glasshouse,Nordlys Records,4065629200201,DEX252500206,283,1.092154,USD
2025-10,2025-12-31,Deezer,US,The Linden Hours,Album,Tidewater,Glasshouse,Nordlys Records,4065629200201,DEX252500206,787,2.626376,USD
2025-10,2025-12-31,Deezer,AT,The Linden Hours,Album,Tidewater,Summer Static,Nordlys Records,4065629200201,DEX252500207,787,2.725538,USD
2025-10,2025-12-31,Deezer,DE,The Linden Hours,Album,Tidewater,Summer Static,Nordlys Records,4065629200201,DEX252500207,4522,15.986174,USD
2025-10,2025-12-31,Deezer,GB,The Linden Hours,Album,Tidewater,Summer Static,Nordlys Records,4065629200201,DEX252500207,1327,4.428464,USD
2025-10,2025-12-31,Deezer,NL,The Linden Hours,Album,Tidewater,Summer Static,Nordlys Records,4065629200201,DEX252500207,900,3.421440,USD
2025-10,2025-12-31,Deezer,SE,The Linden Hours,Album,Tidewater,Summer Static,Nordlys Records,4065629200201,DEX252500207,733,2.805044,USD
2025-10,2025-12-31,Deezer,US,The Linden Hours,Album,Tidewater,Summer Static,Nordlys Records,4065629200201,DEX252500207,2205,7.898310,USD
2025-10,2025-12-31,Deezer,AT,The Linden Hours,Album,Tidewater,Tidewater,Nordlys Records,4065629200201,DEX252500208,315,1.136268,USD
2025-10,2025-12-31,Deezer,DE,The Linden Hours,Album,Tidewater,Tidewater,Nordlys Records,4065629200201,DEX252500208,1399,5.434276,USD
2025-10,2025-12-31,Deezer,GB,The Linden Hours,Album,Tidewater,Tidewater,Nordlys Records,4065629200201,DEX252500208,436,1.693598,USD
2025-10,2025-12-31,Deezer,NL,The Linden Hours,Album,Tidewater,Tidewater,Nordlys Records,4065629200201,DEX252500208,310,1.093680,USD
2025-10,2025-12-31,Deezer,SE,The Linden Hours,Album,Tidewater,Tidewater,Nordlys Records,4065629200201,DEX252500208,184,0.707443,USD
2025-10,2025-12-31,Deezer,US,The Linden Hours,Album,Tidewater,Tidewater,Nordlys Records,4065629200201,DEX252500208,661,2.543792,USD
2025-10,2025-12-31,Spotify,AT,The Linden Hours,Album,Tidewater,Linden,Nordlys Records,4065629200201,DEX252500201,5350,17.958880,USD
2025-10,2025-12-31,Spotify,DE,The Linden Hours,Album,Tidewater,Linden,Nordlys Records,4065629200201,DEX252500201,15867,49.962010,USD
2025-10,2025-12-31,Spotify,GB,The Linden Hours,Album,Tidewater,Linden,Nordlys Records,4065629200201,DEX252500201,7191,23.954659,USD
2025-10,2025-12-31,Spotify,NL,The Linden Hours,Album,Tidewater,Linden,Nordlys Records,4065629200201,DEX252500201,3874,11.541421,USD
2025-10,2025-12-31,Spotify,SE,The Linden Hours,Album,Tidewater,Linden,Nordlys Records,4065629200201,DEX252500201,2997,10.021968,USD
2025-10,2025-12-31,Spotify,US,The Linden Hours,Album,Tidewater,Linden,Nordlys Records,4065629200201,DEX252500201,8892,26.263411,USD
2025-10,2025-12-31,Spotify,AT,The Linden Hours,Album,Tidewater,Paper Lanterns,Nordlys Records,4065629200201,DEX252500202,7285,22.472768,USD
2025-10,2025-12-31,Spotify,DE,The Linden Hours,Album,Tidewater,Paper Lanterns,Nordlys Records,4065629200201,DEX252500202,26815,80.144672,USD
2025-10,2025-12-31,Spotify,GB,The Linden Hours,Album,Tidewater,Paper Lanterns,Nordlys Records,4065629200201,DEX252500202,8514,26.046029,USD
2025-10,2025-12-31,Spotify,NL,The Linden Hours,Album,Tidewater,Paper Lanterns,Nordlys Records,4065629200201,DEX252500202,6156,18.320256,USD
2025-10,2025-12-31,Spotify,SE,The Linden Hours,Album,Tidewater,Paper Lanterns,Nordlys Records,4065629200201,DEX252500202,4833,15.218150,USD
2025-10,2025-12-31,Spotify,US,The Linden Hours,Album,Tidewater,Paper Lanterns,Nordlys Records,4065629200201,DEX252500202,14454,45.929030,USD
2025-10,2025-12-31,Spotify,AT,The Linden Hours,Album,Tidewater,Salt and Iron,Nordlys Records,4065629200201,DEX252500203,3429,11.345875,USD
2025-10,2025-12-31,Spotify,DE,The Linden Hours,Album,Tidewater,Salt and Iron,Nordlys Records,4065629200201,DEX252500203,11551,39.365808,USD
2025-10,2025-12-31,Spotify,GB,The Linden Hours,Album,Tidewater,Salt and Iron,Nordlys Records,4065629200201,DEX252500203,5940,19.730304,USD
2025-10,2025-12-31,Spotify,NL,The Linden Hours,Album,Tidewater,Salt and Iron,Nordlys Records,4065629200201,DEX252500203,3397,11.250864,USD
2025-10,2025-12-31,Spotify,SE,The Linden Hours,Album,Tidewater,Salt and Iron,Nordlys Records,4065629200201,DEX252500203,2574,7.989696,USD
2025-10,2025-12-31,Spotify,US,The Linden Hours,Album,Tidewater,Salt and Iron,Nordlys Records,4065629200201,DEX252500203,5503,17.768086,USD
2025-10,2025-12-31,Spotify,AT,The Linden Hours,Album,Tidewater,The Quiet Year,Nordlys Records,4065629200201,DEX252500204,3096,9.649613,USD
2025-10,2025-12-31,Spotify,DE,The Linden Hours,Album,Tidewater,The Quiet Year,Nordlys Records,4065629200201,DEX252500204,10683,34.083043,USD
2025-10,2025-12-31,Spotify,GB,The Linden Hours,Album,Tidewater,The Quiet Year,Nordlys Records,4065629200201,DEX252500204,4882,16.840947,USD
2025-10,2025-12-31,Spotify,NL,The Linden Hours,Album,Tidewater,The Quiet Year,Nordlys Records,4065629200201,DEX252500204,2691,9.127872,USD
2025-10,2025-12-31,Spotify,SE,The Linden Hours,Album,Tidewater,The Quiet Year,Nordlys Records,4065629200201,DEX252500204,1858,6.159642,USD
2025-10,2025-12-31,Spotify,US,The Linden Hours,Album,Tidewater,The Quiet Year,Nordlys Records,4065629200201,DEX252500204,5607,18.247421,USD
2025-10,2025-12-31,Spotify,AT,The Linden Hours,Album,Tidewater,Second Light,Nordlys Records,4065629200201,DEX252500205,2160,6.566400,USD
2025-10,2025-12-31,Spotify,DE,The Linden Hours,Album,Tidewater,Second Light,Nordlys Records,4065629200201,DEX252500205,10584,32.818867,USD
2025-10,2025-12-31,Spotify,GB,The Linden Hours,Album,Tidewater,Second Light,Nordlys Records,4065629200201,DEX252500205,4059,13.664218,USD
2025-10,2025-12-31,Spotify,NL,The Linden Hours,Album,Tidewater,Second Light,Nordlys Records,4065629200201,DEX252500205,2065,6.112400,USD
2025-10,2025-12-31,Spotify,SE,The Linden Hours,Album,Tidewater,Second Light,Nordlys Records,4065629200201,DEX252500205,1525,4.870240,USD
2025-10,2025-12-31,Spotify,US,The Linden Hours,Album,Tidewater,Second Light,Nordlys Records,4065629200201,DEX252500205,5071,15.318477,USD
2025-10,2025-12-31,Spotify,AT,The Linden Hours,Album,Tidewater,Glasshouse,Nordlys Records,4065629200201,DEX252500206,4252,14.259507,USD
2025-10,2025-12-31,Spotify,DE,The Linden Hours,Album,Tidewater,Glasshouse,Nordlys Records,4065629200201,DEX252500206,14413,44.553466,USD
2025-10,2025-12-31,Spotify,GB,The Linden Hours,Album,Tidewater,Glasshouse,Nordlys Records,4065629200201,DEX252500206,5656,18.877466,USD
2025-10,2025-12-31,Spotify,NL,The Linden Hours,Album,Tidewater,Glasshouse,Nordlys Records,4065629200201,DEX252500206,3181,10.331888,USD
2025-10,2025-12-31,Spotify,SE,The Linden Hours,Album,Tidewater,Glasshouse,Nordlys Records,4065629200201,DEX252500206,2853,9.677376,USD
2025-10,2025-12-31,Spotify,US,The Linden Hours,Album,Tidewater,Glasshouse,Nordlys Records,4065629200201,DEX252500206,7735,26.583648,USD
2025-10,2025-12-31,Spotify,AT,The Linden Hours,Album,Tidewater,Summer Static,Nordlys Records,4065629200201,DEX252500207,8860,27.104512,USD
2025-10,2025-12-31,Spotify,DE,The Linden Hours,Album,Tidewater,Summer Static,Nordlys Records,4065629200201,DEX252500207,35559,120.957494,USD
2025-10,2025-12-31,Spotify,GB,The Linden Hours,Album,Tidewater,Summer Static,Nordlys Records,4065629200201,DEX252500207,14040,42.951168,USD
2025-10,2025-12-31,Spotify,NL,The Linden Hours,Album,Tidewater,Summer Static,Nordlys Records,4065629200201,DEX252500207,8671,27.247750,USD
2025-10,2025-12-31,Spotify,SE,The Linden Hours,Album,Tidewater,Summer Static,Nordlys Records,4065629200201,DEX252500207,5931,17.536781,USD
2025-10,2025-12-31,Spotify,US,The Linden Hours,Album,Tidewater,Summer Static,Nordlys Records,4065629200201,DEX252500207,18373,56.794618,USD
2025-10,2025-12-31,Spotify,AT,The Linden Hours,Album,Tidewater,Tidewater,Nordlys Records,4065629200201,DEX252500208,3672,10.869120,USD
2025-10,2025-12-31,Spotify,DE,The Linden Hours,Album,Tidewater,Tidewater,Nordlys Records,4065629200201,DEX252500208,13702,41.171770,USD
2025-10,2025-12-31,Spotify,GB,The Linden Hours,Album,Tidewater,Tidewater,Nordlys Records,4065629200201,DEX252500208,4032,13.715251,USD
2025-10,2025-12-31,Spotify,NL,The Linden Hours,Album,Tidewater,Tidewater,Nordlys Records,4065629200201,DEX252500208,2731,8.144934,USD
2025-10,2025-12-31,Spotify,SE,The Linden Hours,Album,Tidewater,Tidewater,Nordlys Records,4065629200201,DEX252500208,1921,5.729190,USD
2025-10,2025-12-31,Spotify,US,The Linden Hours,Album,Tidewater,Tidewater,Nordlys Records,4065629200201,DEX252500208,5283,17.649446,USD
2025-10,2025-12-31,Tidal,AT,The Linden Hours,Album,Tidewater,Linden,Nordlys Records,4065629200201,DEX252500201,418,3.920255,USD
2025-10,2025-12-31,Tidal,DE,The Linden Hours,Album,Tidewater,Linden,Nordlys Records,4065629200201,DEX252500201,1516,14.039676,USD
2025-10,2025-12-31,Tidal,GB,The Linden Hours,Album,Tidewater,Linden,Nordlys Records,4065629200201,DEX252500201,580,5.837468,USD
2025-10,2025-12-31,Tidal,NL,The Linden Hours,Album,Tidewater,Linden,Nordlys Records,4065629200201,DEX252500201,373,3.841825,USD
2025-10,2025-12-31,Tidal,SE,The Linden Hours,Album,Tidewater,Linden,Nordlys Records,4065629200201,DEX252500201,252,2.501705,USD
2025-10,2025-12-31,Tidal,US,The Linden Hours,Album,Tidewater,Linden,Nordlys Records,4065629200201,DEX252500201,828,8.463319,USD
2025-10,2025-12-31,Tidal,AT,The Linden Hours,Album,Tidewater,Paper Lanterns,Nordlys Records,4065629200201,DEX252500202,508,4.689653,USD
2025-10,2025-12-31,Tidal,DE,The Linden Hours,Album,Tidewater,Paper Lanterns,Nordlys Records,4065629200201,DEX252500202,2520,24.523128,USD
2025-10,2025-12-31,Tidal,GB,The Linden Hours,Album,Tidewater,Paper Lanterns,Nordlys Records,4065629200201,DEX252500202,895,9.367428,USD
2025-10,2025-12-31,Tidal,NL,The Linden Hours,Album,Tidewater,Paper Lanterns,Nordlys Records,4065629200201,DEX252500202,513,4.635263,USD
2025-10,2025-12-31,Tidal,SE,The Linden Hours,Album,Tidewater,Paper Lanterns,Nordlys Records,4065629200201,DEX252500202,441,4.001987,USD
2025-10,2025-12-31,Tidal,US,The Linden Hours,Album,Tidewater,Paper Lanterns,Nordlys Records,4065629200201,DEX252500202,918,9.365252,USD
2025-10,2025-12-31,Tidal,AT,The Linden Hours,Album,Tidewater,Salt and Iron,Nordlys Records,4065629200201,DEX252500203,261,2.483624,USD
2025-10,2025-12-31,Tidal,DE,The Linden Hours,Album,Tidewater,Salt and Iron,Nordlys Records,4065629200201,DEX252500203,1062,11.219393,USD
2025-10,2025-12-31,Tidal,GB,The Linden Hours,Album,Tidewater,Salt and Iron,Nordlys Records,4065629200201,DEX252500203,391,3.785818,USD
2025-10,2025-12-31,Tidal,NL,The Linden Hours,Album,Tidewater,Salt and Iron,Nordlys Records,4065629200201,DEX252500203,274,2.470384,USD
2025-10,2025-12-31,Tidal,SE,The Linden Hours,Album,Tidewater,Salt and Iron,Nordlys Records,4065629200201,DEX252500203,180,1.889244,USD
2025-10,2025-12-31,Tidal,US,The Linden Hours,Album,Tidewater,Salt and Iron,Nordlys Records,4065629200201,DEX252500203,652,6.421548,USD
2025-10,2025-12-31,Tidal,AT,The Linden Hours,Album,Tidewater,The Quiet Year,Nordlys Records,4065629200201,DEX252500204,238,2.227442,USD
2025-10,2025-12-31,Tidal,DE,The Linden Hours,Album,Tidewater,The Quiet Year,Nordlys Records,4065629200201,DEX252500204,1035,10.295145,USD
2025-10,2025-12-31,Tidal,GB,The Linden Hours,Album,Tidewater,The Quiet Year,Nordlys Records,4065629200201,DEX252500204,373,3.929555,USD
2025-10,2025-12-31,Tidal,NL,The Linden Hours,Album,Tidewater,The Quiet Year,Nordlys Records,4065629200201,DEX252500204,234,2.254216,USD
2025-10,2025-12-31,Tidal,SE,The Linden Hours,Album,Tidewater,The Quiet Year,Nordlys Records,4065629200201,DEX252500204,171,1.608768,USD
2025-10,2025-12-31,Tidal,US,The Linden Hours,Album,Tidewater,The Quiet Year,Nordlys Records,4065629200201,DEX252500204,571,5.802845,USD
2025-10,2025-12-31,Tidal,AT,The Linden Hours,Album,Tidewater,Second Light,Nordlys Records,4065629200201,DEX252500205,229,2.188095,USD
2025-10,2025-12-31,Tidal,DE,The Linden Hours,Album,Tidewater,Second Light,Nordlys Records,4065629200201,DEX252500205,679,7.179882,USD
2025-10,2025-12-31,Tidal,GB,The Linden Hours,Album,Tidewater,Second Light,Nordlys Records,4065629200201,DEX252500205,306,2.947820,USD
2025-10,2025-12-31,Tidal,NL,The Linden Hours,Album,Tidewater,Second Light,Nordlys Records,4065629200201,DEX252500205,171,1.705964,USD
2025-10,2025-12-31,Tidal,SE,The Linden Hours,Album,Tidewater,Second Light,Nordlys Records,4065629200201,DEX252500205,117,1.097296,USD
2025-10,2025-12-31,Tidal,US,The Linden Hours,Album,Tidewater,Second Light,Nordlys Records,4065629200201,DEX252500205,355,3.538143,USD
2025-10,2025-12-31,Tidal,AT,The Linden Hours,Album,Tidewater,Glasshouse,Nordlys Records,4065629200201,DEX252500206,360,3.782016,USD
2025-10,2025-12-31,Tidal,DE,The Linden Hours,Album,Tidewater,Glasshouse,Nordlys Records,4065629200201,DEX252500206,1201,11.063612,USD
2025-10,2025-12-31,Tidal,GB,The Linden Hours,Album,Tidewater,Glasshouse,Nordlys Records,4065629200201,DEX252500206,517,4.681538,USD
2025-10,2025-12-31,Tidal,NL,The Linden Hours,Album,Tidewater,Glasshouse,Nordlys Records,4065629200201,DEX252500206,306,3.226709,USD
2025-10,2025-12-31,Tidal,SE,The Linden Hours,Album,Tidewater,Glasshouse,Nordlys Records,4065629200201,DEX252500206,234,2.277148,USD
2025-10,2025-12-31,Tidal,US,The Linden Hours,Album,Tidewater,Glasshouse,Nordlys Records,4065629200201,DEX252500206,670,6.296794,USD
2025-10,2025-12-31,Tidal,AT,The Linden Hours,Album,Tidewater,Summer Static,Nordlys Records,4065629200201,DEX252500207,832,8.422669,USD
2025-10,2025-12-31,Tidal,DE,The Linden Hours,Album,Tidewater,Summer Static,Nordlys Records,4065629200201,DEX252500207,3150,33.216120,USD
2025-10,2025-12-31,Tidal,GB,The Linden Hours,Album,Tidewater,Summer Static,Nordlys Records,4065629200201,DEX252500207,1278,12.624595,USD
2025-10,2025-12-31,Tidal,NL,The Linden Hours,Album,Tidewater,Summer Static,Nordlys Records,4065629200201,DEX252500207,666,6.885774,USD
2025-10,2025-12-31,Tidal,SE,The Linden Hours,Album,Tidewater,Summer Static,Nordlys Records,4065629200201,DEX252500207,666,6.546380,USD
2025-10,2025-12-31,Tidal,US,The Linden Hours,Album,Tidewater,Summer Static,Nordlys Records,4065629200201,DEX252500207,1377,13.319170,USD
2025-10,2025-12-31,Tidal,AT,The Linden Hours,Album,Tidewater,Tidewater,Nordlys Records,4065629200201,DEX252500208,207,1.870369,USD
2025-10,2025-12-31,Tidal,DE,The Linden Hours,Album,Tidewater,Tidewater,Nordlys Records,4065629200201,DEX252500208,1066,11.021374,USD
2025-10,2025-12-31,Tidal,GB,The Linden Hours,Album,Tidewater,Tidewater,Nordlys Records,4065629200201,DEX252500208,346,3.261950,USD
2025-10,2025-12-31,Tidal,NL,The Linden Hours,Album,Tidewater,Tidewater,Nordlys Records,4065629200201,DEX252500208,184,1.878934,USD
2025-10,2025-12-31,Tidal,SE,The Linden Hours,Album,Tidewater,Tidewater,Nordlys Records,4065629200201,DEX252500208,184,1.749104,USD
2025-10,2025-12-31,Tidal,US,The Linden Hours,Album,Tidewater,Tidewater,Nordlys Records,4065629200201,DEX252500208,445,4.439498,USD
2025-10,2025-12-31,YouTube Music,AT,The Linden Hours,Album,Tidewater,Linden,Nordlys Records,4065629200201,DEX252500201,684,1.489547,USD
2025-10,2025-12-31,YouTube Music,DE,The Linden Hours,Album,Tidewater,Linden,Nordlys Records,4065629200201,DEX252500201,2538,5.265842,USD
2025-10,2025-12-31,YouTube Music,GB,The Linden Hours,Album,Tidewater,Linden,Nordlys Records,4065629200201,DEX252500201,801,1.804893,USD
2025-10,2025-12-31,YouTube Music,NL,The Linden Hours,Album,Tidewater,Linden,Nordlys Records,4065629200201,DEX252500201,666,1.436362,USD
2025-10,2025-12-31,YouTube Music,SE,The Linden Hours,Album,Tidewater,Linden,Nordlys Records,4065629200201,DEX252500201,432,0.954374,USD
2025-10,2025-12-31,YouTube Music,US,The Linden Hours,Album,Tidewater,Linden,Nordlys Records,4065629200201,DEX252500201,1368,2.901528,USD
2025-10,2025-12-31,YouTube Music,AT,The Linden Hours,Album,Tidewater,Paper Lanterns,Nordlys Records,4065629200201,DEX252500202,1053,2.198032,USD
2025-10,2025-12-31,YouTube Music,DE,The Linden Hours,Album,Tidewater,Paper Lanterns,Nordlys Records,4065629200201,DEX252500202,4860,10.440738,USD
2025-10,2025-12-31,YouTube Music,GB,The Linden Hours,Album,Tidewater,Paper Lanterns,Nordlys Records,4065629200201,DEX252500202,1399,2.755750,USD
2025-10,2025-12-31,YouTube Music,NL,The Linden Hours,Album,Tidewater,Paper Lanterns,Nordlys Records,4065629200201,DEX252500202,1012,2.076320,USD
2025-10,2025-12-31,YouTube Music,SE,The Linden Hours,Album,Tidewater,Paper Lanterns,Nordlys Records,4065629200201,DEX252500202,805,1.756430,USD
2025-10,2025-12-31,YouTube Music,US,The Linden Hours,Album,Tidewater,Paper Lanterns,Nordlys Records,4065629200201,DEX252500202,1759,3.889677,USD
2025-10,2025-12-31,YouTube Music,AT,The Linden Hours,Album,Tidewater,Salt and Iron,Nordlys Records,4065629200201,DEX252500203,612,1.262066,USD
2025-10,2025-12-31,YouTube Music,DE,The Linden Hours,Album,Tidewater,Salt and Iron,Nordlys Records,4065629200201,DEX252500203,1827,3.721599,USD
2025-10,2025-12-31,YouTube Music,GB,The Linden Hours,Album,Tidewater,Salt and Iron,Nordlys Records,4065629200201,DEX252500203,792,1.664863,USD
2025-10,2025-12-31,YouTube Music,NL,The Linden Hours,Album,Tidewater,Salt and Iron,Nordlys Records,4065629200201,DEX252500203,495,1.042619,USD
2025-10,2025-12-31,YouTube Music,SE,The Linden Hours,Album,Tidewater,Salt and Iron,Nordlys Records,4065629200201,DEX252500203,355,0.776066,USD
2025-10,2025-12-31,YouTube Music,US,The Linden Hours,Album,Tidewater,Salt and Iron,Nordlys Records,4065629200201,DEX252500203,1233,2.604836,USD
2025-10,2025-12-31,YouTube Music,AT,The Linden Hours,Album,Tidewater,The Quiet Year,Nordlys Records,4065629200201,DEX252500204,522,1.123605,USD
2025-10,2025-12-31,YouTube Music,DE,The Linden Hours,Album,Tidewater,The Quiet Year,Nordlys Records,4065629200201,DEX252500204,1827,3.817517,USD
2025-10,2025-12-31,YouTube Music,GB,The Linden Hours,Album,Tidewater,The Quiet Year,Nordlys Records,4065629200201,DEX252500204,576,1.192666,USD
2025-10,2025-12-31,YouTube Music,NL,The Linden Hours,Album,Tidewater,The Quiet Year,Nordlys Records,4065629200201,DEX252500204,423,0.876752,USD
2025-10,2025-12-31,YouTube Music,SE,The Linden Hours,Album,Tidewater,The Quiet Year,Nordlys Records,4065629200201,DEX252500204,360,0.815724,USD
2025-10,2025-12-31,YouTube Music,US,The Linden Hours,Album,Tidewater,The Quiet Year,Nordlys Records,4065629200201,DEX252500204,760,1.674204,USD
2025-10,2025-12-31,YouTube Music,AT,The Linden Hours,Album,Tidewater,Second Light,Nordlys Records,4065629200201,DEX252500205,279,0.565979,USD
2025-10,2025-12-31,YouTube Music,DE,The Linden Hours,Album,Tidewater,Second Light,Nordlys Records,4065629200201,DEX252500205,1377,3.042068,USD
2025-10,2025-12-31,YouTube Music,GB,The Linden Hours,Album,Tidewater,Second Light,Nordlys Records,4065629200201,DEX252500205,499,1.039517,USD
2025-10,2025-12-31,YouTube Music,NL,The Linden Hours,Album,Tidewater,Second Light,Nordlys Records,4065629200201,DEX252500205,301,0.625779,USD
2025-10,2025-12-31,YouTube Music,SE,The Linden Hours,Album,Tidewater,Second Light,Nordlys Records,4065629200201,DEX252500205,265,0.521441,USD
2025-10,2025-12-31,YouTube Music,US,The Linden Hours,Album,Tidewater,Second Light,Nordlys Records,4065629200201,DEX252500205,742,1.522361,USD
2025-10,2025-12-31,YouTube Music,AT,The Linden Hours,Album,Tidewater,Glasshouse,Nordlys Records,4065629200201,DEX252500206,639,1.343242,USD
2025-10,2025-12-31,YouTube Music,DE,The Linden Hours,Album,Tidewater,Glasshouse,Nordlys Records,4065629200201,DEX252500206,2340,5.179356,USD
2025-10,2025-12-31,YouTube Music,GB,The Linden Hours,Album,Tidewater,Glasshouse,Nordlys Records,4065629200201,DEX252500206,895,1.887018,USD
2025-10,2025-12-31,YouTube Music,NL,The Linden Hours,Album,Tidewater,Glasshouse,Nordlys Records,4065629200201,DEX252500206,513,1.035285,USD
2025-10,2025-12-31,YouTube Music,SE,The Linden Hours,Album,Tidewater,Glasshouse,Nordlys Records,4065629200201,DEX252500206,495,1.005197,USD
2025-10,2025-12-31,YouTube Music,US,The Linden Hours,Album,Tidewater,Glasshouse,Nordlys Records,4065629200201,DEX252500206,1260,2.529576,USD
2025-10,2025-12-31,YouTube Music,AT,The Linden Hours,Album,Tidewater,Summer Static,Nordlys Records,4065629200201,DEX252500207,1269,2.771496,USD
2025-10,2025-12-31,YouTube Music,DE,The Linden Hours,Album,Tidewater,Summer Static,Nordlys Records,4065629200201,DEX252500207,6120,11.862396,USD
2025-10,2025-12-31,YouTube Music,GB,The Linden Hours,Album,Tidewater,Summer Static,Nordlys Records,4065629200201,DEX252500207,2196,4.657716,USD
2025-10,2025-12-31,YouTube Music,NL,The Linden Hours,Album,Tidewater,Summer Static,Nordlys Records,4065629200201,DEX252500207,1408,2.859226,USD
2025-10,2025-12-31,YouTube Music,SE,The Linden Hours,Album,Tidewater,Summer Static,Nordlys Records,4065629200201,DEX252500207,1129,2.408834,USD
2025-10,2025-12-31,YouTube Music,US,The Linden Hours,Album,Tidewater,Summer Static,Nordlys Records,4065629200201,DEX252500207,2371,4.670396,USD
2025-10,2025-12-31,YouTube Music,AT,The Linden Hours,Album,Tidewater,Tidewater,Nordlys Records,4065629200201,DEX252500208,535,1.078560,USD
2025-10,2025-12-31,YouTube Music,DE,The Linden Hours,Album,Tidewater,Tidewater,Nordlys Records,4065629200201,DEX252500208,1926,3.882816,USD
2025-10,2025-12-31,YouTube Music,GB,The Linden Hours,Album,Tidewater,Tidewater,Nordlys Records,4065629200201,DEX252500208,652,1.411645,USD
2025-10,2025-12-31,YouTube Music,NL,The Linden Hours,Album,Tidewater,Tidewater,Nordlys Records,4065629200201,DEX252500208,409,0.880373,USD
2025-10,2025-12-31,YouTube Music,SE,The Linden Hours,Album,Tidewater,Tidewater,Nordlys Records,4065629200201,DEX252500208,355,0.799922,USD
2025-10,2025-12-31,YouTube Music,US,The Linden Hours,Album,Tidewater,Tidewater,Nordlys Records,4065629200201,DEX252500208,823,1.657440,USD
2025-11,2026-01-30,Amazon Music,AT,The Linden Hours,Album,Tidewater,Linden,Nordlys Records,4065629200201,DEX252500201,621,2.990115,USD
2025-11,2026-01-30,Amazon Music,DE,The Linden Hours,Album,Tidewater,Linden,Nordlys Records,4065629200201,DEX252500201,2790,12.755880,USD
2025-11,2026-01-30,Amazon Music,GB,The Linden Hours,Album,Tidewater,Linden,Nordlys Records,4065629200201,DEX252500201,940,4.356900,USD
2025-11,2026-01-30,Amazon Music,NL,The Linden Hours,Album,Tidewater,Linden,Nordlys Records,4065629200201,DEX252500201,517,2.205522,USD
2025-11,2026-01-30,Amazon Music,SE,The Linden Hours,Album,Tidewater,Linden,Nordlys Records,4065629200201,DEX252500201,454,2.059344,USD
2025-11,2026-01-30,Amazon Music,US,The Linden Hours,Album,Tidewater,Linden,Nordlys Records,4065629200201,DEX252500201,1206,5.106807,USD
2025-11,2026-01-30,Amazon Music,AT,The Linden Hours,Album,Tidewater,Paper Lanterns,Nordlys Records,4065629200201,DEX252500202,886,4.198311,USD
2025-11,2026-01-30,Amazon Music,DE,The Linden Hours,Album,Tidewater,Paper Lanterns,Nordlys Records,4065629200201,DEX252500202,3330,15.584400,USD
2025-11,2026-01-30,Amazon Music,GB,The Linden Hours,Album,Tidewater,Paper Lanterns,Nordlys Records,4065629200201,DEX252500202,1071,5.161685,USD
2025-11,2026-01-30,Amazon Music,NL,The Linden Hours,Album,Tidewater,Paper Lanterns,Nordlys Records,4065629200201,DEX252500202,949,4.283312,USD
2025-11,2026-01-30,Amazon Music,SE,The Linden Hours,Album,Tidewater,Paper Lanterns,Nordlys Records,4065629200201,DEX252500202,711,3.058722,USD
2025-11,2026-01-30,Amazon Music,US,The Linden Hours,Album,Tidewater,Paper Lanterns,Nordlys Records,4065629200201,DEX252500202,1876,7.817292,USD
2025-11,2026-01-30,Amazon Music,AT,The Linden Hours,Album,Tidewater,Salt and Iron,Nordlys Records,4065629200201,DEX252500203,423,1.920632,USD
2025-11,2026-01-30,Amazon Music,DE,The Linden Hours,Album,Tidewater,Salt and Iron,Nordlys Records,4065629200201,DEX252500203,1795,8.618693,USD
2025-11,2026-01-30,Amazon Music,GB,The Linden Hours,Album,Tidewater,Salt and Iron,Nordlys Records,4065629200201,DEX252500203,675,3.271388,USD
2025-11,2026-01-30,Amazon Music,NL,The Linden Hours,Album,Tidewater,Salt and Iron,Nordlys Records,4065629200201,DEX252500203,400,1.886400,USD
2025-11,2026-01-30,Amazon Music,SE,The Linden Hours,Album,Tidewater,Salt and Iron,Nordlys Records,4065629200201,DEX252500203,315,1.312605,USD
2025-11,2026-01-30,Amazon Music,US,The Linden Hours,Album,Tidewater,Salt and Iron,Nordlys Records,4065629200201,DEX252500203,855,3.882128,USD
2025-11,2026-01-30,Amazon Music,AT,The Linden Hours,Album,Tidewater,The Quiet Year,Nordlys Records,4065629200201,DEX252500204,369,1.560870,USD
2025-11,2026-01-30,Amazon Music,DE,The Linden Hours,Album,Tidewater,The Quiet Year,Nordlys Records,4065629200201,DEX252500204,1408,6.082560,USD
2025-11,2026-01-30,Amazon Music,GB,The Linden Hours,Album,Tidewater,The Quiet Year,Nordlys Records,4065629200201,DEX252500204,648,2.778948,USD
2025-11,2026-01-30,Amazon Music,NL,The Linden Hours,Album,Tidewater,The Quiet Year,Nordlys Records,4065629200201,DEX252500204,310,1.435455,USD
2025-11,2026-01-30,Amazon Music,SE,The Linden Hours,Album,Tidewater,The Quiet Year,Nordlys Records,4065629200201,DEX252500204,252,1.181628,USD
2025-11,2026-01-30,Amazon Music,US,The Linden Hours,Album,Tidewater,The Quiet Year,Nordlys Records,4065629200201,DEX252500204,765,3.308243,USD
2025-11,2026-01-30,Amazon Music,AT,The Linden Hours,Album,Tidewater,Second Light,Nordlys Records,4065629200201,DEX252500205,288,1.276560,USD
2025-11,2026-01-30,Amazon Music,DE,The Linden Hours,Album,Tidewater,Second Light,Nordlys Records,4065629200201,DEX252500205,1354,5.861466,USD
2025-11,2026-01-30,Amazon Music,GB,The Linden Hours,Album,Tidewater,Second Light,Nordlys Records,4065629200201,DEX252500205,387,1.666616,USD
2025-11,2026-01-30,Amazon Music,NL,The Linden Hours,Album,Tidewater,Second Light,Nordlys Records,4065629200201,DEX252500205,256,1.243008,USD
2025-11,2026-01-30,Amazon Music,SE,The Linden Hours,Album,Tidewater,Second Light,Nordlys Records,4065629200201,DEX252500205,207,0.922185,USD
2025-11,2026-01-30,Amazon Music,US,The Linden Hours,Album,Tidewater,Second Light,Nordlys Records,4065629200201,DEX252500205,594,2.582118,USD
2025-11,2026-01-30,Amazon Music,AT,The Linden Hours,Album,Tidewater,Glasshouse,Nordlys Records,4065629200201,DEX252500206,513,2.292341,USD
2025-11,2026-01-30,Amazon Music,DE,The Linden Hours,Album,Tidewater,Glasshouse,Nordlys Records,4065629200201,DEX252500206,2070,10.050885,USD
2025-11,2026-01-30,Amazon Music,GB,The Linden Hours,Album,Tidewater,Glasshouse,Nordlys Records,4065629200201,DEX252500206,666,2.910087,USD
2025-11,2026-01-30,Amazon Music,NL,The Linden Hours,Album,Tidewater,Glasshouse,Nordlys Records,4065629200201,DEX252500206,441,1.887260,USD
2025-11,2026-01-30,Amazon Music,SE,The Linden Hours,Album,Tidewater,Glasshouse,Nordlys Records,4065629200201,DEX252500206,324,1.498824,USD
2025-11,2026-01-30,Amazon Music,US,The Linden Hours,Album,Tidewater,Glasshouse,Nordlys Records,4065629200201,DEX252500206,1062,4.692978,USD
2025-11,2026-01-30,Amazon Music,AT,The Linden Hours,Album,Tidewater,Summer Static,Nordlys Records,4065629200201,DEX252500207,1260,5.363820,USD
2025-11,2026-01-30,Amazon Music,DE,The Linden Hours,Album,Tidewater,Summer Static,Nordlys Records,4065629200201,DEX252500207,4176,19.957104,USD
2025-11,2026-01-30,Amazon Music,GB,The Linden Hours,Album,Tidewater,Summer Static,Nordlys Records,4065629200201,DEX252500207,1926,9.005013,USD
2025-11,2026-01-30,Amazon Music,NL,The Linden Hours,Album,Tidewater,Summer Static,Nordlys Records,4065629200201,DEX252500207,1030,4.746240,USD
2025-11,2026-01-30,Amazon Music,SE,The Linden Hours,Album,Tidewater,Summer Static,Nordlys Records,4065629200201,DEX252500207,859,4.000793,USD
2025-11,2026-01-30,Amazon Music,US,The Linden Hours,Album,Tidewater,Summer Static,Nordlys Records,4065629200201,DEX252500207,2709,11.312784,USD
2025-11,2026-01-30,Amazon Music,AT,The Linden Hours,Album,Tidewater,Tidewater,Nordlys Records,4065629200201,DEX252500208,364,1.751022,USD
2025-11,2026-01-30,Amazon Music,DE,The Linden Hours,Album,Tidewater,Tidewater,Nordlys Records,4065629200201,DEX252500208,1471,6.149516,USD
2025-11,2026-01-30,Amazon Music,GB,The Linden Hours,Album,Tidewater,Tidewater,Nordlys Records,4065629200201,DEX252500208,603,2.775911,USD
2025-11,2026-01-30,Amazon Music,NL,The Linden Hours,Album,Tidewater,Tidewater,Nordlys Records,4065629200201,DEX252500208,306,1.477521,USD
2025-11,2026-01-30,Amazon Music,SE,The Linden Hours,Album,Tidewater,Tidewater,Nordlys Records,4065629200201,DEX252500208,283,1.295150,USD
2025-11,2026-01-30,Amazon Music,US,The Linden Hours,Album,Tidewater,Tidewater,Nordlys Records,4065629200201,DEX252500208,733,3.282008,USD
2025-11,2026-01-30,Apple Music,AT,The Linden Hours,Album,Tidewater,Linden,Nordlys Records,4065629200201,DEX252500201,1120,7.681632,USD
2025-11,2026-01-30,Apple Music,DE,The Linden Hours,Album,Tidewater,Linden,Nordlys Records,4065629200201,DEX252500201,5310,36.607671,USD
2025-11,2026-01-30,Apple Music,GB,The Linden Hours,Album,Tidewater,Linden,Nordlys Records,4065629200201,DEX252500201,1444,10.990573,USD
2025-11,2026-01-30,Apple Music,NL,The Linden Hours,Album,Tidewater,Linden,Nordlys Records,4065629200201,DEX252500201,859,5.659779,USD
2025-11,2026-01-30,Apple Music,SE,The Linden Hours,Album,Tidewater,Linden,Nordlys Records,4065629200201,DEX252500201,702,4.964263,USD
2025-11,2026-01-30,Apple Music,US,The Linden Hours,Album,Tidewater,Linden,Nordlys Records,4065629200201,DEX252500201,2299,16.812587,USD
2025-11,2026-01-30,Apple Music,AT,The Linden Hours,Album,Tidewater,Paper Lanterns,Nordlys Records,4065629200201,DEX252500202,1881,14.129696,USD
2025-11,2026-01-30,Apple Music,DE,The Linden Hours,Album,Tidewater,Paper Lanterns,Nordlys Records,4065629200201,DEX252500202,6840,49.195332,USD
2025-11,2026-01-30,Apple Music,GB,The Linden Hours,Album,Tidewater,Paper Lanterns,Nordlys Records,4065629200201,DEX252500202,2101,15.200525,USD
2025-11,2026-01-30,Apple Music,NL,The Linden Hours,Album,Tidewater,Paper Lanterns,Nordlys Records,4065629200201,DEX252500202,1215,8.022645,USD
2025-11,2026-01-30,Apple Music,SE,The Linden Hours,Album,Tidewater,Paper Lanterns,Nordlys Records,4065629200201,DEX252500202,994,6.598669,USD
2025-11,2026-01-30,Apple Music,US,The Linden Hours,Album,Tidewater,Paper Lanterns,Nordlys Records,4065629200201,DEX252500202,3501,25.727099,USD
2025-11,2026-01-30,Apple Music,AT,The Linden Hours,Album,Tidewater,Salt and Iron,Nordlys Records,4065629200201,DEX252500203,886,6.120754,USD
2025-11,2026-01-30,Apple Music,DE,The Linden Hours,Album,Tidewater,Salt and Iron,Nordlys Records,4065629200201,DEX252500203,2817,20.760727,USD
2025-11,2026-01-30,Apple Music,GB,The Linden Hours,Album,Tidewater,Salt and Iron,Nordlys Records,4065629200201,DEX252500203,994,7.502016,USD
2025-11,2026-01-30,Apple Music,NL,The Linden Hours,Album,Tidewater,Salt and Iron,Nordlys Records,4065629200201,DEX252500203,720,5.485176,USD
2025-11,2026-01-30,Apple Music,SE,The Linden Hours,Album,Tidewater,Salt and Iron,Nordlys Records,4065629200201,DEX252500203,526,3.689785,USD
2025-11,2026-01-30,Apple Music,US,The Linden Hours,Album,Tidewater,Salt and Iron,Nordlys Records,4065629200201,DEX252500203,1458,10.589891,USD
2025-11,2026-01-30,Apple Music,AT,The Linden Hours,Album,Tidewater,The Quiet Year,Nordlys Records,4065629200201,DEX252500204,589,4.257174,USD
2025-11,2026-01-30,Apple Music,DE,The Linden Hours,Album,Tidewater,The Quiet Year,Nordlys Records,4065629200201,DEX252500204,2902,21.078097,USD
2025-11,2026-01-30,Apple Music,GB,The Linden Hours,Album,Tidewater,The Quiet Year,Nordlys Records,4065629200201,DEX252500204,859,5.976922,USD
2025-11,2026-01-30,Apple Music,NL,The Linden Hours,Album,Tidewater,The Quiet Year,Nordlys Records,4065629200201,DEX252500204,670,5.104261,USD
2025-11,2026-01-30,Apple Music,SE,The Linden Hours,Album,Tidewater,The Quiet Year,Nordlys Records,4065629200201,DEX252500204,463,3.471389,USD
2025-11,2026-01-30,Apple Music,US,The Linden Hours,Album,Tidewater,The Quiet Year,Nordlys Records,4065629200201,DEX252500204,1386,10.234224,USD
2025-11,2026-01-30,Apple Music,AT,The Linden Hours,Album,Tidewater,Second Light,Nordlys Records,4065629200201,DEX252500205,562,3.818621,USD
2025-11,2026-01-30,Apple Music,DE,The Linden Hours,Album,Tidewater,Second Light,Nordlys Records,4065629200201,DEX252500205,2601,17.174403,USD
2025-11,2026-01-30,Apple Music,GB,The Linden Hours,Album,Tidewater,Second Light,Nordlys Records,4065629200201,DEX252500205,715,4.726222,USD
2025-11,2026-01-30,Apple Music,NL,The Linden Hours,Album,Tidewater,Second Light,Nordlys Records,4065629200201,DEX252500205,549,3.652332,USD
2025-11,2026-01-30,Apple Music,SE,The Linden Hours,Album,Tidewater,Second Light,Nordlys Records,4065629200201,DEX252500205,387,2.915310,USD
2025-11,2026-01-30,Apple Music,US,The Linden Hours,Album,Tidewater,Second Light,Nordlys Records,4065629200201,DEX252500205,1071,7.588892,USD
2025-11,2026-01-30,Apple Music,AT,The Linden Hours,Album,Tidewater,Glasshouse,Nordlys Records,4065629200201,DEX252500206,900,6.805350,USD
2025-11,2026-01-30,Apple Music,DE,The Linden Hours,Album,Tidewater,Glasshouse,Nordlys Records,4065629200201,DEX252500206,3910,29.676509,USD
2025-11,2026-01-30,Apple Music,GB,The Linden Hours,Album,Tidewater,Glasshouse,Nordlys Records,4065629200201,DEX252500206,1300,8.833110,USD
2025-11,2026-01-30,Apple Music,NL,The Linden Hours,Album,Tidewater,Glasshouse,Nordlys Records,4065629200201,DEX252500206,729,4.948160,USD
2025-11,2026-01-30,Apple Music,SE,The Linden Hours,Album,Tidewater,Glasshouse,Nordlys Records,4065629200201,DEX252500206,715,4.858211,USD
2025-11,2026-01-30,Apple Music,US,The Linden Hours,Album,Tidewater,Glasshouse,Nordlys Records,4065629200201,DEX252500206,1939,13.835735,USD
2025-11,2026-01-30,Apple Music,AT,The Linden Hours,Album,Tidewater,Summer Static,Nordlys Records,4065629200201,DEX252500207,1750,12.164075,USD
2025-11,2026-01-30,Apple Music,DE,The Linden Hours,Album,Tidewater,Summer Static,Nordlys Records,4065629200201,DEX252500207,7231,52.366902,USD
2025-11,2026-01-30,Apple Music,GB,The Linden Hours,Album,Tidewater,Summer Static,Nordlys Records,4065629200201,DEX252500207,3312,23.350594,USD
2025-11,2026-01-30,Apple Music,NL,The Linden Hours,Album,Tidewater,Summer Static,Nordlys Records,4065629200201,DEX252500207,1953,13.907899,USD
2025-11,2026-01-30,Apple Music,SE,The Linden Hours,Album,Tidewater,Summer Static,Nordlys Records,4065629200201,DEX252500207,1912,14.267535,USD
2025-11,2026-01-30,Apple Music,US,The Linden Hours,Album,Tidewater,Summer Static,Nordlys Records,4065629200201,DEX252500207,4765,33.662343,USD
2025-11,2026-01-30,Apple Music,AT,The Linden Hours,Album,Tidewater,Tidewater,Nordlys Records,4065629200201,DEX252500208,706,5.323381,USD
2025-11,2026-01-30,Apple Music,DE,The Linden Hours,Album,Tidewater,Tidewater,Nordlys Records,4065629200201,DEX252500208,2772,19.976418,USD
2025-11,2026-01-30,Apple Music,GB,The Linden Hours,Album,Tidewater,Tidewater,Nordlys Records,4065629200201,DEX252500208,877,6.139526,USD
2025-11,2026-01-30,Apple Music,NL,The Linden Hours,Album,Tidewater,Tidewater,Nordlys Records,4065629200201,DEX252500208,594,4.478879,USD
2025-11,2026-01-30,Apple Music,SE,The Linden Hours,Album,Tidewater,Tidewater,Nordlys Records,4065629200201,DEX252500208,441,3.297048,USD
2025-11,2026-01-30,Apple Music,US,The Linden Hours,Album,Tidewater,Tidewater,Nordlys Records,4065629200201,DEX252500208,1449,10.339340,USD
2025-11,2026-01-30,Deezer,AT,The Linden Hours,Album,Tidewater,Linden,Nordlys Records,4065629200201,DEX252500201,351,1.306562,USD
2025-11,2026-01-30,Deezer,DE,The Linden Hours,Album,Tidewater,Linden,Nordlys Records,4065629200201,DEX252500201,2083,7.311330,USD
2025-11,2026-01-30,Deezer,GB,The Linden Hours,Album,Tidewater,Linden,Nordlys Records,4065629200201,DEX252500201,738,2.675398,USD
2025-11,2026-01-30,Deezer,NL,The Linden Hours,Album,Tidewater,Linden,Nordlys Records,4065629200201,DEX252500201,441,1.611414,USD
2025-11,2026-01-30,Deezer,SE,The Linden Hours,Album,Tidewater,Linden,Nordlys Records,4065629200201,DEX252500201,315,1.056888,USD
2025-11,2026-01-30,Deezer,US,The Linden Hours,Album,Tidewater,Linden,Nordlys Records,4065629200201,DEX252500201,904,3.339014,USD
2025-11,2026-01-30,Deezer,AT,The Linden Hours,Album,Tidewater,Paper Lanterns,Nordlys Records,4065629200201,DEX252500202,810,2.808108,USD
2025-11,2026-01-30,Deezer,DE,The Linden Hours,Album,Tidewater,Paper Lanterns,Nordlys Records,4065629200201,DEX252500202,2745,9.852354,USD
2025-11,2026-01-30,Deezer,GB,The Linden Hours,Album,Tidewater,Paper Lanterns,Nordlys Records,4065629200201,DEX252500202,1030,3.763620,USD
2025-11,2026-01-30,Deezer,NL,The Linden Hours,Album,Tidewater,Paper Lanterns,Nordlys Records,4065629200201,DEX252500202,576,2.150323,USD
2025-11,2026-01-30,Deezer,SE,The Linden Hours,Album,Tidewater,Paper Lanterns,Nordlys Records,4065629200201,DEX252500202,495,1.899612,USD
2025-11,2026-01-30,Deezer,US,The Linden Hours,Album,Tidewater,Paper Lanterns,Nordlys Records,4065629200201,DEX252500202,1300,4.361760,USD
2025-11,2026-01-30,Deezer,AT,The Linden Hours,Album,Tidewater,Salt and Iron,Nordlys Records,4065629200201,DEX252500203,346,1.292933,USD
2025-11,2026-01-30,Deezer,DE,The Linden Hours,Album,Tidewater,Salt and Iron,Nordlys Records,4065629200201,DEX252500203,1084,3.843864,USD
2025-11,2026-01-30,Deezer,GB,The Linden Hours,Album,Tidewater,Salt and Iron,Nordlys Records,4065629200201,DEX252500203,450,1.743120,USD
2025-11,2026-01-30,Deezer,NL,The Linden Hours,Album,Tidewater,Salt and Iron,Nordlys Records,4065629200201,DEX252500203,274,1.027829,USD
2025-11,2026-01-30,Deezer,SE,The Linden Hours,Album,Tidewater,Salt and Iron,Nordlys Records,4065629200201,DEX252500203,216,0.785376,USD
2025-11,2026-01-30,Deezer,US,The Linden Hours,Album,Tidewater,Salt and Iron,Nordlys Records,4065629200201,DEX252500203,765,2.924748,USD
2025-11,2026-01-30,Deezer,AT,The Linden Hours,Album,Tidewater,The Quiet Year,Nordlys Records,4065629200201,DEX252500204,238,0.847375,USD
2025-11,2026-01-30,Deezer,DE,The Linden Hours,Album,Tidewater,The Quiet Year,Nordlys Records,4065629200201,DEX252500204,1026,3.822876,USD
2025-11,2026-01-30,Deezer,GB,The Linden Hours,Album,Tidewater,The Quiet Year,Nordlys Records,4065629200201,DEX252500204,400,1.370880,USD
2025-11,2026-01-30,Deezer,NL,The Linden Hours,Album,Tidewater,The Quiet Year,Nordlys Records,4065629200201,DEX252500204,252,0.937138,USD
2025-11,2026-01-30,Deezer,SE,The Linden Hours,Album,Tidewater,The Quiet Year,Nordlys Records,4065629200201,DEX252500204,207,0.793638,USD
2025-11,2026-01-30,Deezer,US,The Linden Hours,Album,Tidewater,The Quiet Year,Nordlys Records,4065629200201,DEX252500204,589,2.116159,USD
2025-11,2026-01-30,Deezer,AT,The Linden Hours,Album,Tidewater,Second Light,Nordlys Records,4065629200201,DEX252500205,238,0.841378,USD
2025-11,2026-01-30,Deezer,DE,The Linden Hours,Album,Tidewater,Second Light,Nordlys Records,4065629200201,DEX252500205,918,3.248618,USD
2025-11,2026-01-30,Deezer,GB,The Linden Hours,Album,Tidewater,Second Light,Nordlys Records,4065629200201,DEX252500205,342,1.225044,USD
2025-11,2026-01-30,Deezer,NL,The Linden Hours,Album,Tidewater,Second Light,Nordlys Records,4065629200201,DEX252500205,202,0.713383,USD
2025-11,2026-01-30,Deezer,SE,The Linden Hours,Album,Tidewater,Second Light,Nordlys Records,4065629200201,DEX252500205,175,0.664650,USD
2025-11,2026-01-30,Deezer,US,The Linden Hours,Album,Tidewater,Second Light,Nordlys Records,4065629200201,DEX252500205,409,1.467983,USD
2025-11,2026-01-30,Deezer,AT,The Linden Hours,Album,Tidewater,Glasshouse,Nordlys Records,4065629200201,DEX252500206,391,1.363964,USD
2025-11,2026-01-30,Deezer,DE,The Linden Hours,Album,Tidewater,Glasshouse,Nordlys Records,4065629200201,DEX252500206,1719,6.046067,USD
2025-11,2026-01-30,Deezer,GB,The Linden Hours,Album,Tidewater,Glasshouse,Nordlys Records,4065629200201,DEX252500206,675,2.604960,USD
2025-11,2026-01-30,Deezer,NL,The Linden Hours,Album,Tidewater,Glasshouse,Nordlys Records,4065629200201,DEX252500206,337,1.176804,USD
2025-11,2026-01-30,Deezer,SE,The Linden Hours,Album,Tidewater,Glasshouse,Nordlys Records,4065629200201,DEX252500206,279,1.019466,USD
2025-11,2026-01-30,Deezer,US,The Linden Hours,Album,Tidewater,Glasshouse,Nordlys Records,4065629200201,DEX252500206,841,2.812640,USD
2025-11,2026-01-30,Deezer,AT,The Linden Hours,Album,Tidewater,Summer Static,Nordlys Records,4065629200201,DEX252500207,837,3.088530,USD
2025-11,2026-01-30,Deezer,DE,The Linden Hours,Album,Tidewater,Summer Static,Nordlys Records,4065629200201,DEX252500207,3523,13.164746,USD
2025-11,2026-01-30,Deezer,GB,The Linden Hours,Album,Tidewater,Summer Static,Nordlys Records,4065629200201,DEX252500207,1386,4.735130,USD
2025-11,2026-01-30,Deezer,NL,The Linden Hours,Album,Tidewater,Summer Static,Nordlys Records,4065629200201,DEX252500207,693,2.494800,USD
2025-11,2026-01-30,Deezer,SE,The Linden Hours,Album,Tidewater,Summer Static,Nordlys Records,4065629200201,DEX252500207,661,2.339147,USD
2025-11,2026-01-30,Deezer,US,The Linden Hours,Album,Tidewater,Summer Static,Nordlys Records,4065629200201,DEX252500207,1863,6.673266,USD
2025-11,2026-01-30,Deezer,AT,The Linden Hours,Album,Tidewater,Tidewater,Nordlys Records,4065629200201,DEX252500208,265,1.016010,USD
2025-11,2026-01-30,Deezer,DE,The Linden Hours,Album,Tidewater,Tidewater,Nordlys Records,4065629200201,DEX252500208,1143,3.884371,USD
2025-11,2026-01-30,Deezer,GB,The Linden Hours,Album,Tidewater,Tidewater,Nordlys Records,4065629200201,DEX252500208,360,1.340064,USD
2025-11,2026-01-30,Deezer,NL,The Linden Hours,Album,Tidewater,Tidewater,Nordlys Records,4065629200201,DEX252500208,252,0.867283,USD
2025-11,2026-01-30,Deezer,SE,The Linden Hours,Album,Tidewater,Tidewater,Nordlys Records,4065629200201,DEX252500208,198,0.752004,USD
2025-11,2026-01-30,Deezer,US,The Linden Hours,Album,Tidewater,Tidewater,Nordlys Records,4065629200201,DEX252500208,607,2.303201,USD
2025-11,2026-01-30,Spotify,AT,The Linden Hours,Album,Tidewater,Linden,Nordlys Records,4065629200201,DEX252500201,4990,15.584768,USD
2025-11,2026-01-30,Spotify,DE,The Linden Hours,Album,Tidewater,Linden,Nordlys Records,4065629200201,DEX252500201,19210,62.455552,USD
2025-11,2026-01-30,Spotify,GB,The Linden Hours,Album,Tidewater,Linden,Nordlys Records,4065629200201,DEX252500201,5967,20.411914,USD
2025-11,2026-01-30,Spotify,NL,The Linden Hours,Album,Tidewater,Linden,Nordlys Records,4065629200201,DEX252500201,3249,10.251245,USD
2025-11,2026-01-30,Spotify,SE,The Linden Hours,Album,Tidewater,Linden,Nordlys Records,4065629200201,DEX252500201,2965,9.260288,USD
2025-11,2026-01-30,Spotify,US,The Linden Hours,Album,Tidewater,Linden,Nordlys Records,4065629200201,DEX252500201,9985,32.303472,USD
2025-11,2026-01-30,Spotify,AT,The Linden Hours,Album,Tidewater,Paper Lanterns,Nordlys Records,4065629200201,DEX252500202,7537,22.840125,USD
2025-11,2026-01-30,Spotify,DE,The Linden Hours,Album,Tidewater,Paper Lanterns,Nordlys Records,4065629200201,DEX252500202,27004,86.758451,USD
2025-11,2026-01-30,Spotify,GB,The Linden Hours,Album,Tidewater,Paper Lanterns,Nordlys Records,4065629200201,DEX252500202,10431,31.910515,USD
2025-11,2026-01-30,Spotify,NL,The Linden Hours,Album,Tidewater,Paper Lanterns,Nordlys Records,4065629200201,DEX252500202,6241,18.832842,USD
2025-11,2026-01-30,Spotify,SE,The Linden Hours,Album,Tidewater,Paper Lanterns,Nordlys Records,4065629200201,DEX252500202,5391,17.734234,USD
2025-11,2026-01-30,Spotify,US,The Linden Hours,Album,Tidewater,Paper Lanterns,Nordlys Records,4065629200201,DEX252500202,10287,33.510931,USD
2025-11,2026-01-30,Spotify,AT,The Linden Hours,Album,Tidewater,Salt and Iron,Nordlys Records,4065629200201,DEX252500203,3231,10.618358,USD
2025-11,2026-01-30,Spotify,DE,The Linden Hours,Album,Tidewater,Salt and Iron,Nordlys Records,4065629200201,DEX252500203,12852,38.329805,USD
2025-11,2026-01-30,Spotify,GB,The Linden Hours,Album,Tidewater,Salt and Iron,Nordlys Records,4065629200201,DEX252500203,4959,16.313126,USD
2025-11,2026-01-30,Spotify,NL,The Linden Hours,Album,Tidewater,Salt and Iron,Nordlys Records,4065629200201,DEX252500203,3028,8.924122,USD
2025-11,2026-01-30,Spotify,SE,The Linden Hours,Album,Tidewater,Salt and Iron,Nordlys Records,4065629200201,DEX252500203,2308,7.850893,USD
2025-11,2026-01-30,Spotify,US,The Linden Hours,Album,Tidewater,Salt and Iron,Nordlys Records,4065629200201,DEX252500203,6201,19.009786,USD
2025-11,2026-01-30,Spotify,AT,The Linden Hours,Album,Tidewater,The Quiet Year,Nordlys Records,4065629200201,DEX252500204,2493,7.347370,USD
2025-11,2026-01-30,Spotify,DE,The Linden Hours,Album,Tidewater,The Quiet Year,Nordlys Records,4065629200201,DEX252500204,11592,35.499341,USD
2025-11,2026-01-30,Spotify,GB,The Linden Hours,Album,Tidewater,The Quiet Year,Nordlys Records,4065629200201,DEX252500204,3379,10.239722,USD
2025-11,2026-01-30,Spotify,NL,The Linden Hours,Album,Tidewater,The Quiet Year,Nordlys Records,4065629200201,DEX252500204,2956,8.806515,USD
2025-11,2026-01-30,Spotify,SE,The Linden Hours,Album,Tidewater,The Quiet Year,Nordlys Records,4065629200201,DEX252500204,1935,5.814288,USD
2025-11,2026-01-30,Spotify,US,The Linden Hours,Album,Tidewater,The Quiet Year,Nordlys Records,4065629200201,DEX252500204,6102,20.151245,USD
2025-11,2026-01-30,Spotify,AT,The Linden Hours,Album,Tidewater,Second Light,Nordlys Records,4065629200201,DEX252500205,2430,7.838208,USD
2025-11,2026-01-30,Spotify,DE,The Linden Hours,Album,Tidewater,Second Light,Nordlys Records,4065629200201,DEX252500205,7222,21.769997,USD
2025-11,2026-01-30,Spotify,GB,The Linden Hours,Album,Tidewater,Second Light,Nordlys Records,4065629200201,DEX252500205,3505,11.148704,USD
2025-11,2026-01-30,Spotify,NL,The Linden Hours,Album,Tidewater,Second Light,Nordlys Records,4065629200201,DEX252500205,2083,6.858902,USD
2025-11,2026-01-30,Spotify,SE,The Linden Hours,Album,Tidewater,Second Light,Nordlys Records,4065629200201,DEX252500205,1642,5.002189,USD
2025-11,2026-01-30,Spotify,US,The Linden Hours,Album,Tidewater,Second Light,Nordlys Records,4065629200201,DEX252500205,4333,14.836192,USD
2025-11,2026-01-30,Spotify,AT,The Linden Hours,Album,Tidewater,Glasshouse,Nordlys Records,4065629200201,DEX252500206,4207,13.354701,USD
2025-11,2026-01-30,Spotify,DE,The Linden Hours,Album,Tidewater,Glasshouse,Nordlys Records,4065629200201,DEX252500206,15979,54.456432,USD
2025-11,2026-01-30,Spotify,GB,The Linden Hours,Album,Tidewater,Glasshouse,Nordlys Records,4065629200201,DEX252500206,6084,18.222797,USD
2025-11,2026-01-30,Spotify,NL,The Linden Hours,Album,Tidewater,Glasshouse,Nordlys Records,4065629200201,DEX252500206,3478,10.328269,USD
2025-11,2026-01-30,Spotify,SE,The Linden Hours,Album,Tidewater,Glasshouse,Nordlys Records,4065629200201,DEX252500206,2826,8.627213,USD
2025-11,2026-01-30,Spotify,US,The Linden Hours,Album,Tidewater,Glasshouse,Nordlys Records,4065629200201,DEX252500206,6246,21.326342,USD
2025-11,2026-01-30,Spotify,AT,The Linden Hours,Album,Tidewater,Summer Static,Nordlys Records,4065629200201,DEX252500207,9918,30.309408,USD
2025-11,2026-01-30,Spotify,DE,The Linden Hours,Album,Tidewater,Summer Static,Nordlys Records,4065629200201,DEX252500207,30748,93.769101,USD
2025-11,2026-01-30,Spotify,GB,The Linden Hours,Album,Tidewater,Summer Static,Nordlys Records,4065629200201,DEX252500207,12717,39.310790,USD
2025-11,2026-01-30,Spotify,NL,The Linden Hours,Album,Tidewater,Summer Static,Nordlys Records,4065629200201,DEX252500207,8068,24.939802,USD
2025-11,2026-01-30,Spotify,SE,The Linden Hours,Album,Tidewater,Summer Static,Nordlys Records,4065629200201,DEX252500207,6844,20.718157,USD
2025-11,2026-01-30,Spotify,US,The Linden Hours,Album,Tidewater,Summer Static,Nordlys Records,4065629200201,DEX252500207,15966,49.507373,USD
2025-11,2026-01-30,Spotify,AT,The Linden Hours,Album,Tidewater,Tidewater,Nordlys Records,4065629200201,DEX252500208,3235,10.341648,USD
2025-11,2026-01-30,Spotify,DE,The Linden Hours,Album,Tidewater,Tidewater,Nordlys Records,4065629200201,DEX252500208,12780,43.390656,USD
2025-11,2026-01-30,Spotify,GB,The Linden Hours,Album,Tidewater,Tidewater,Nordlys Records,4065629200201,DEX252500208,3559,10.773805,USD
2025-11,2026-01-30,Spotify,NL,The Linden Hours,Album,Tidewater,Tidewater,Nordlys Records,4065629200201,DEX252500208,3051,9.929174,USD
2025-11,2026-01-30,Spotify,SE,The Linden Hours,Album,Tidewater,Tidewater,Nordlys Records,4065629200201,DEX252500208,1917,6.091459,USD
2025-11,2026-01-30,Spotify,US,The Linden Hours,Album,Tidewater,Tidewater,Nordlys Records,4065629200201,DEX252500208,5787,18.481363,USD
2025-11,2026-01-30,Tidal,AT,The Linden Hours,Album,Tidewater,Linden,Nordlys Records,4065629200201,DEX252500201,333,3.207922,USD
2025-11,2026-01-30,Tidal,DE,The Linden Hours,Album,Tidewater,Linden,Nordlys Records,4065629200201,DEX252500201,1548,16.035113,USD
2025-11,2026-01-30,Tidal,GB,The Linden Hours,Album,Tidewater,Linden,Nordlys Records,4065629200201,DEX252500201,625,6.253625,USD
2025-11,2026-01-30,Tidal,NL,The Linden Hours,Album,Tidewater,Linden,Nordlys Records,4065629200201,DEX252500201,333,3.194869,USD
2025-11,2026-01-30,Tidal,SE,The Linden Hours,Album,Tidewater,Linden,Nordlys Records,4065629200201,DEX252500201,256,2.320640,USD
2025-11,2026-01-30,Tidal,US,The Linden Hours,Album,Tidewater,Linden,Nordlys Records,4065629200201,DEX252500201,679,6.800592,USD
2025-11,2026-01-30,Tidal,AT,The Linden Hours,Album,Tidewater,Paper Lanterns,Nordlys Records,4065629200201,DEX252500202,693,6.614824,USD
2025-11,2026-01-30,Tidal,DE,The Linden Hours,Album,Tidewater,Paper Lanterns,Nordlys Records,4065629200201,DEX252500202,2061,20.419976,USD
2025-11,2026-01-30,Tidal,GB,The Linden Hours,Album,Tidewater,Paper Lanterns,Nordlys Records,4065629200201,DEX252500202,864,8.052307,USD
2025-11,2026-01-30,Tidal,NL,The Linden Hours,Album,Tidewater,Paper Lanterns,Nordlys Records,4065629200201,DEX252500202,585,5.325957,USD
2025-11,2026-01-30,Tidal,SE,The Linden Hours,Album,Tidewater,Paper Lanterns,Nordlys Records,4065629200201,DEX252500202,405,3.830085,USD
2025-11,2026-01-30,Tidal,US,The Linden Hours,Album,Tidewater,Paper Lanterns,Nordlys Records,4065629200201,DEX252500202,1359,14.024065,USD
2025-11,2026-01-30,Tidal,AT,The Linden Hours,Album,Tidewater,Salt and Iron,Nordlys Records,4065629200201,DEX252500203,342,3.569454,USD
2025-11,2026-01-30,Tidal,DE,The Linden Hours,Album,Tidewater,Salt and Iron,Nordlys Records,4065629200201,DEX252500203,1053,10.463872,USD
2025-11,2026-01-30,Tidal,GB,The Linden Hours,Album,Tidewater,Salt and Iron,Nordlys Records,4065629200201,DEX252500203,427,4.000478,USD
2025-11,2026-01-30,Tidal,NL,The Linden Hours,Album,Tidewater,Salt and Iron,Nordlys Records,4065629200201,DEX252500203,265,2.674910,USD
2025-11,2026-01-30,Tidal,SE,The Linden Hours,Album,Tidewater,Salt and Iron,Nordlys Records,4065629200201,DEX252500203,184,1.754514,USD
2025-11,2026-01-30,Tidal,US,The Linden Hours,Album,Tidewater,Salt and Iron,Nordlys Records,4065629200201,DEX252500203,540,5.419008,USD
2025-11,2026-01-30,Tidal,AT,The Linden Hours,Album,Tidewater,The Quiet Year,Nordlys Records,4065629200201,DEX252500204,261,2.683132,USD
2025-11,2026-01-30,Tidal,DE,The Linden Hours,Album,Tidewater,The Quiet Year,Nordlys Records,4065629200201,DEX252500204,1066,11.282544,USD
2025-11,2026-01-30,Tidal,GB,The Linden Hours,Album,Tidewater,The Quiet Year,Nordlys Records,4065629200201,DEX252500204,319,2.904240,USD
2025-11,2026-01-30,Tidal,NL,The Linden Hours,Album,Tidewater,The Quiet Year,Nordlys Records,4065629200201,DEX252500204,207,2.091487,USD
2025-11,2026-01-30,Tidal,SE,The Linden Hours,Album,Tidewater,The Quiet Year,Nordlys Records,4065629200201,DEX252500204,148,1.560630,USD
2025-11,2026-01-30,Tidal,US,The Linden Hours,Album,Tidewater,The Quiet Year,Nordlys Records,4065629200201,DEX252500204,508,5.087925,USD
2025-11,2026-01-30,Tidal,AT,The Linden Hours,Album,Tidewater,Second Light,Nordlys Records,4065629200201,DEX252500205,189,1.959628,USD
2025-11,2026-01-30,Tidal,DE,The Linden Hours,Album,Tidewater,Second Light,Nordlys Records,4065629200201,DEX252500205,819,7.600811,USD
2025-11,2026-01-30,Tidal,GB,The Linden Hours,Album,Tidewater,Second Light,Nordlys Records,4065629200201,DEX252500205,274,2.730848,USD
2025-11,2026-01-30,Tidal,NL,The Linden Hours,Album,Tidewater,Second Light,Nordlys Records,4065629200201,DEX252500205,144,1.478938,USD
2025-11,2026-01-30,Tidal,SE,The Linden Hours,Album,Tidewater,Second Light,Nordlys Records,4065629200201,DEX252500205,117,1.142014,USD
2025-11,2026-01-30,Tidal,US,The Linden Hours,Album,Tidewater,Second Light,Nordlys Records,4065629200201,DEX252500205,405,4.191264,USD
2025-11,2026-01-30,Tidal,AT,The Linden Hours,Album,Tidewater,Glasshouse,Nordlys Records,4065629200201,DEX252500206,360,3.422160,USD
2025-11,2026-01-30,Tidal,DE,The Linden Hours,Album,Tidewater,Glasshouse,Nordlys Records,4065629200201,DEX252500206,1183,11.234005,USD
2025-11,2026-01-30,Tidal,GB,The Linden Hours,Album,Tidewater,Glasshouse,Nordlys Records,4065629200201,DEX252500206,495,4.559940,USD
2025-11,2026-01-30,Tidal,NL,The Linden Hours,Album,Tidewater,Glasshouse,Nordlys Records,4065629200201,DEX252500206,288,2.622010,USD
2025-11,2026-01-30,Tidal,SE,The Linden Hours,Album,Tidewater,Glasshouse,Nordlys Records,4065629200201,DEX252500206,238,2.250766,USD
2025-11,2026-01-30,Tidal,US,The Linden Hours,Album,Tidewater,Glasshouse,Nordlys Records,4065629200201,DEX252500206,693,7.063056,USD
2025-11,2026-01-30,Tidal,AT,The Linden Hours,Album,Tidewater,Summer Static,Nordlys Records,4065629200201,DEX252500207,846,7.652408,USD
2025-11,2026-01-30,Tidal,DE,The Linden Hours,Album,Tidewater,Summer Static,Nordlys Records,4065629200201,DEX252500207,2407,24.697264,USD
2025-11,2026-01-30,Tidal,GB,The Linden Hours,Album,Tidewater,Summer Static,Nordlys Records,4065629200201,DEX252500207,1071,10.852657,USD
2025-11,2026-01-30,Tidal,NL,The Linden Hours,Album,Tidewater,Summer Static,Nordlys Records,4065629200201,DEX252500207,715,6.789783,USD
2025-11,2026-01-30,Tidal,SE,The Linden Hours,Album,Tidewater,Summer Static,Nordlys Records,4065629200201,DEX252500207,567,5.512147,USD
2025-11,2026-01-30,Tidal,US,The Linden Hours,Album,Tidewater,Summer Static,Nordlys Records,4065629200201,DEX252500207,1552,15.483373,USD
2025-11,2026-01-30,Tidal,AT,The Linden Hours,Album,Tidewater,Tidewater,Nordlys Records,4065629200201,DEX252500208,261,2.588494,USD
2025-11,2026-01-30,Tidal,DE,The Linden Hours,Album,Tidewater,Tidewater,Nordlys Records,4065629200201,DEX252500208,931,9.652980,USD
2025-11,2026-01-30,Tidal,GB,The Linden Hours,Album,Tidewater,Tidewater,Nordlys Records,4065629200201,DEX252500208,355,3.698177,USD
2025-11,2026-01-30,Tidal,NL,The Linden Hours,Album,Tidewater,Tidewater,Nordlys Records,4065629200201,DEX252500208,189,1.957775,USD
2025-11,2026-01-30,Tidal,SE,The Linden Hours,Album,Tidewater,Tidewater,Nordlys Records,4065629200201,DEX252500208,121,1.106351,USD
2025-11,2026-01-30,Tidal,US,The Linden Hours,Album,Tidewater,Tidewater,Nordlys Records,4065629200201,DEX252500208,517,5.188198,USD
2025-11,2026-01-30,YouTube Music,AT,The Linden Hours,Album,Tidewater,Linden,Nordlys Records,4065629200201,DEX252500201,715,1.555554,USD
2025-11,2026-01-30,YouTube Music,DE,The Linden Hours,Album,Tidewater,Linden,Nordlys Records,4065629200201,DEX252500201,2889,6.400580,USD
2025-11,2026-01-30,YouTube Music,GB,The Linden Hours,Album,Tidewater,Linden,Nordlys Records,4065629200201,DEX252500201,828,1.693591,USD
2025-11,2026-01-30,YouTube Music,NL,The Linden Hours,Album,Tidewater,Linden,Nordlys Records,4065629200201,DEX252500201,598,1.297241,USD
2025-11,2026-01-30,YouTube Music,SE,The Linden Hours,Album,Tidewater,Linden,Nordlys Records,4065629200201,DEX252500201,409,0.891538,USD
2025-11,2026-01-30,YouTube Music,US,The Linden Hours,Album,Tidewater,Linden,Nordlys Records,4065629200201,DEX252500201,1489,2.976809,USD
2025-11,2026-01-30,YouTube Music,AT,The Linden Hours,Album,Tidewater,Paper Lanterns,Nordlys Records,4065629200201,DEX252500202,1039,2.273540,USD
2025-11,2026-01-30,YouTube Music,DE,The Linden Hours,Album,Tidewater,Paper Lanterns,Nordlys Records,4065629200201,DEX252500202,4050,9.057825,USD
2025-11,2026-01-30,YouTube Music,GB,The Linden Hours,Album,Tidewater,Paper Lanterns,Nordlys Records,4065629200201,DEX252500202,1705,3.609144,USD
2025-11,2026-01-30,YouTube Music,NL,The Linden Hours,Album,Tidewater,Paper Lanterns,Nordlys Records,4065629200201,DEX252500202,936,1.932185,USD
2025-11,2026-01-30,YouTube Music,SE,The Linden Hours,Album,Tidewater,Paper Lanterns,Nordlys Records,4065629200201,DEX252500202,715,1.465464,USD
2025-11,2026-01-30,YouTube Music,US,The Linden Hours,Album,Tidewater,Paper Lanterns,Nordlys Records,4065629200201,DEX252500202,2101,4.500342,USD
2025-11,2026-01-30,YouTube Music,AT,The Linden Hours,Album,Tidewater,Salt and Iron,Nordlys Records,4065629200201,DEX252500203,504,1.005480,USD
2025-11,2026-01-30,YouTube Music,DE,The Linden Hours,Album,Tidewater,Salt and Iron,Nordlys Records,4065629200201,DEX252500203,1962,4.017195,USD
2025-11,2026-01-30,YouTube Music,GB,The Linden Hours,Album,Tidewater,Salt and Iron,Nordlys Records,4065629200201,DEX252500203,846,1.842334,USD
2025-11,2026-01-30,YouTube Music,NL,The Linden Hours,Album,Tidewater,Salt and Iron,Nordlys Records,4065629200201,DEX252500203,409,0.814237,USD
2025-11,2026-01-30,YouTube Music,SE,The Linden Hours,Album,Tidewater,Salt and Iron,Nordlys Records,4065629200201,DEX252500203,324,0.729389,USD
2025-11,2026-01-30,YouTube Music,US,The Linden Hours,Album,Tidewater,Salt and Iron,Nordlys Records,4065629200201,DEX252500203,1134,2.469512,USD
2025-11,2026-01-30,YouTube Music,AT,The Linden Hours,Album,Tidewater,The Quiet Year,Nordlys Records,4065629200201,DEX252500204,391,0.810426,USD
2025-11,2026-01-30,YouTube Music,DE,The Linden Hours,Album,Tidewater,The Quiet Year,Nordlys Records,4065629200201,DEX252500204,1804,4.015704,USD
2025-11,2026-01-30,YouTube Music,GB,The Linden Hours,Album,Tidewater,The Quiet Year,Nordlys Records,4065629200201,DEX252500204,558,1.146020,USD
2025-11,2026-01-30,YouTube Music,NL,The Linden Hours,Album,Tidewater,The Quiet Year,Nordlys Records,4065629200201,DEX252500204,405,0.802872,USD
2025-11,2026-01-30,YouTube Music,SE,The Linden Hours,Album,Tidewater,The Quiet Year,Nordlys Records,4065629200201,DEX252500204,315,0.670761,USD
2025-11,2026-01-30,YouTube Music,US,The Linden Hours,Album,Tidewater,The Quiet Year,Nordlys Records,4065629200201,DEX252500204,895,1.824995,USD
2025-11,2026-01-30,YouTube Music,AT,The Linden Hours,Album,Tidewater,Second Light,Nordlys Records,4065629200201,DEX252500205,328,0.701198,USD
2025-11,2026-01-30,YouTube Music,DE,The Linden Hours,Album,Tidewater,Second Light,Nordlys Records,4065629200201,DEX252500205,1264,2.805701,USD
2025-11,2026-01-30,YouTube Music,GB,The Linden Hours,Album,Tidewater,Second Light,Nordlys Records,4065629200201,DEX252500205,490,1.091769,USD
2025-11,2026-01-30,YouTube Music,NL,The Linden Hours,Album,Tidewater,Second Light,Nordlys Records,4065629200201,DEX252500205,306,0.601474,USD
2025-11,2026-01-30,YouTube Music,SE,The Linden Hours,Album,Tidewater,Second Light,Nordlys Records,4065629200201,DEX252500205,220,0.466620,USD
2025-11,2026-01-30,YouTube Music,US,The Linden Hours,Album,Tidewater,Second Light,Nordlys Records,4065629200201,DEX252500205,756,1.466942,USD
2025-11,2026-01-30,YouTube Music,AT,The Linden Hours,Album,Tidewater,Glasshouse,Nordlys Records,4065629200201,DEX252500206,657,1.365903,USD
2025-11,2026-01-30,YouTube Music,DE,The Linden Hours,Album,Tidewater,Glasshouse,Nordlys Records,4065629200201,DEX252500206,2475,5.415795,USD
2025-11,2026-01-30,YouTube Music,GB,The Linden Hours,Album,Tidewater,Glasshouse,Nordlys Records,4065629200201,DEX252500206,850,1.876035,USD
2025-11,2026-01-30,YouTube Music,NL,The Linden Hours,Album,Tidewater,Glasshouse,Nordlys Records,4065629200201,DEX252500206,540,1.185030,USD
2025-11,2026-01-30,YouTube Music,SE,The Linden Hours,Album,Tidewater,Glasshouse,Nordlys Records,4065629200201,DEX252500206,337,0.702038,USD
2025-11,2026-01-30,YouTube Music,US,The Linden Hours,Album,Tidewater,Glasshouse,Nordlys Records,4065629200201,DEX252500206,1048,2.117170,USD
2025-11,2026-01-30,YouTube Music,AT,The Linden Hours,Album,Tidewater,Summer Static,Nordlys Records,4065629200201,DEX252500207,1498,3.394318,USD
2025-11,2026-01-30,YouTube Music,DE,The Linden Hours,Album,Tidewater,Summer Static,Nordlys Records,4065629200201,DEX252500207,5503,11.128717,USD
2025-11,2026-01-30,YouTube Music,GB,The Linden Hours,Album,Tidewater,Summer Static,Nordlys Records,4065629200201,DEX252500207,2151,4.467412,USD
2025-11,2026-01-30,YouTube Music,NL,The Linden Hours,Album,Tidewater,Summer Static,Nordlys Records,4065629200201,DEX252500207,1273,2.491516,USD
2025-11,2026-01-30,YouTube Music,SE,The Linden Hours,Album,Tidewater,Summer Static,Nordlys Records,4065629200201,DEX252500207,927,1.948647,USD
2025-11,2026-01-30,YouTube Music,US,The Linden Hours,Album,Tidewater,Summer Static,Nordlys Records,4065629200201,DEX252500207,3060,6.284628,USD
2025-11,2026-01-30,YouTube Music,AT,The Linden Hours,Album,Tidewater,Tidewater,Nordlys Records,4065629200201,DEX252500208,369,0.748553,USD
2025-11,2026-01-30,YouTube Music,DE,The Linden Hours,Album,Tidewater,Tidewater,Nordlys Records,4065629200201,DEX252500208,1998,4.485310,USD
2025-11,2026-01-30,YouTube Music,GB,The Linden Hours,Album,Tidewater,Tidewater,Nordlys Records,4065629200201,DEX252500208,549,1.166735,USD
2025-11,2026-01-30,YouTube Music,NL,The Linden Hours,Album,Tidewater,Tidewater,Nordlys Records,4065629200201,DEX252500208,382,0.769310,USD
2025-11,2026-01-30,YouTube Music,SE,The Linden Hours,Album,Tidewater,Tidewater,Nordlys Records,4065629200201,DEX252500208,297,0.606860,USD
2025-11,2026-01-30,YouTube Music,US,The Linden Hours,Album,Tidewater,Tidewater,Nordlys Records,4065629200201,DEX252500208,738,1.583896,USD
2025-12,2026-02-27,Amazon Music,AT,The Linden Hours,Album,Tidewater,Linden,Nordlys Records,4065629200201,DEX252500201,652,2.843046,USD
2025-12,2026-02-27,Amazon Music,DE,The Linden Hours,Album,Tidewater,Linden,Nordlys Records,4065629200201,DEX252500201,2011,9.655817,USD
2025-12,2026-02-27,Amazon Music,GB,The Linden Hours,Album,Tidewater,Linden,Nordlys Records,4065629200201,DEX252500201,886,4.150467,USD
2025-12,2026-02-27,Amazon Music,NL,The Linden Hours,Album,Tidewater,Linden,Nordlys Records,4065629200201,DEX252500201,423,1.937763,USD
2025-12,2026-02-27,Amazon Music,SE,The Linden Hours,Album,Tidewater,Linden,Nordlys Records,4065629200201,DEX252500201,360,1.644300,USD
2025-12,2026-02-27,Amazon Music,US,The Linden Hours,Album,Tidewater,Linden,Nordlys Records,4065629200201,DEX252500201,1098,5.128758,USD
2025-12,2026-02-27,Amazon Music,AT,The Linden Hours,Album,Tidewater,Paper Lanterns,Nordlys Records,4065629200201,DEX252500202,954,4.524822,USD
2025-12,2026-02-27,Amazon Music,DE,The Linden Hours,Album,Tidewater,Paper Lanterns,Nordlys Records,4065629200201,DEX252500202,3937,18.620042,USD
2025-12,2026-02-27,Amazon Music,GB,The Linden Hours,Album,Tidewater,Paper Lanterns,Nordlys Records,4065629200201,DEX252500202,1282,6.213213,USD
2025-12,2026-02-27,Amazon Music,NL,The Linden Hours,Album,Tidewater,Paper Lanterns,Nordlys Records,4065629200201,DEX252500202,670,2.782845,USD
2025-12,2026-02-27,Amazon Music,SE,The Linden Hours,Album,Tidewater,Paper Lanterns,Nordlys Records,4065629200201,DEX252500202,612,2.588760,USD
2025-12,2026-02-27,Amazon Music,US,The Linden Hours,Album,Tidewater,Paper Lanterns,Nordlys Records,4065629200201,DEX252500202,1768,7.526376,USD
2025-12,2026-02-27,Amazon Music,AT,The Linden Hours,Album,Tidewater,Salt and Iron,Nordlys Records,4065629200201,DEX252500203,432,2.033424,USD
2025-12,2026-02-27,Amazon Music,DE,The Linden Hours,Album,Tidewater,Salt and Iron,Nordlys Records,4065629200201,DEX252500203,1777,8.516273,USD
2025-12,2026-02-27,Amazon Music,GB,The Linden Hours,Album,Tidewater,Salt and Iron,Nordlys Records,4065629200201,DEX252500203,562,2.665566,USD
2025-12,2026-02-27,Amazon Music,NL,The Linden Hours,Album,Tidewater,Salt and Iron,Nordlys Records,4065629200201,DEX252500203,409,1.897556,USD
2025-12,2026-02-27,Amazon Music,SE,The Linden Hours,Album,Tidewater,Salt and Iron,Nordlys Records,4065629200201,DEX252500203,315,1.441598,USD
2025-12,2026-02-27,Amazon Music,US,The Linden Hours,Album,Tidewater,Salt and Iron,Nordlys Records,4065629200201,DEX252500203,832,3.564288,USD
2025-12,2026-02-27,Amazon Music,AT,The Linden Hours,Album,Tidewater,The Quiet Year,Nordlys Records,4065629200201,DEX252500204,337,1.551380,USD
2025-12,2026-02-27,Amazon Music,DE,The Linden Hours,Album,Tidewater,The Quiet Year,Nordlys Records,4065629200201,DEX252500204,1489,6.988622,USD
2025-12,2026-02-27,Amazon Music,GB,The Linden Hours,Album,Tidewater,The Quiet Year,Nordlys Records,4065629200201,DEX252500204,387,1.750208,USD
2025-12,2026-02-27,Amazon Music,NL,The Linden Hours,Album,Tidewater,The Quiet Year,Nordlys Records,4065629200201,DEX252500204,351,1.671111,USD
2025-12,2026-02-27,Amazon Music,SE,The Linden Hours,Album,Tidewater,The Quiet Year,Nordlys Records,4065629200201,DEX252500204,202,0.849915,USD
2025-12,2026-02-27,Amazon Music,US,The Linden Hours,Album,Tidewater,The Quiet Year,Nordlys Records,4065629200201,DEX252500204,697,2.898126,USD
2025-12,2026-02-27,Amazon Music,AT,The Linden Hours,Album,Tidewater,Second Light,Nordlys Records,4065629200201,DEX252500205,306,1.478898,USD
2025-12,2026-02-27,Amazon Music,DE,The Linden Hours,Album,Tidewater,Second Light,Nordlys Records,4065629200201,DEX252500205,1210,5.167305,USD
2025-12,2026-02-27,Amazon Music,GB,The Linden Hours,Album,Tidewater,Second Light,Nordlys Records,4065629200201,DEX252500205,333,1.513485,USD
2025-12,2026-02-27,Amazon Music,NL,The Linden Hours,Album,Tidewater,Second Light,Nordlys Records,4065629200201,DEX252500205,265,1.157918,USD
2025-12,2026-02-27,Amazon Music,SE,The Linden Hours,Album,Tidewater,Second Light,Nordlys Records,4065629200201,DEX252500205,202,0.968994,USD
2025-12,2026-02-27,Amazon Music,US,The Linden Hours,Album,Tidewater,Second Light,Nordlys Records,4065629200201,DEX252500205,684,3.130326,USD
2025-12,2026-02-27,Amazon Music,AT,The Linden Hours,Album,Tidewater,Glasshouse,Nordlys Records,4065629200201,DEX252500206,463,1.948073,USD
2025-12,2026-02-27,Amazon Music,DE,The Linden Hours,Album,Tidewater,Glasshouse,Nordlys Records,4065629200201,DEX252500206,1890,8.870715,USD
2025-12,2026-02-27,Amazon Music,GB,The Linden Hours,Album,Tidewater,Glasshouse,Nordlys Records,4065629200201,DEX252500206,769,3.477803,USD
2025-12,2026-02-27,Amazon Music,NL,The Linden Hours,Album,Tidewater,Glasshouse,Nordlys Records,4065629200201,DEX252500206,517,2.466090,USD
2025-12,2026-02-27,Amazon Music,SE,The Linden Hours,Album,Tidewater,Glasshouse,Nordlys Records,4065629200201,DEX252500206,337,1.539248,USD
2025-12,2026-02-27,Amazon Music,US,The Linden Hours,Album,Tidewater,Glasshouse,Nordlys Records,4065629200201,DEX252500206,1008,4.322808,USD
2025-12,2026-02-27,Amazon Music,AT,The Linden Hours,Album,Tidewater,Summer Static,Nordlys Records,4065629200201,DEX252500207,1012,4.503906,USD
2025-12,2026-02-27,Amazon Music,DE,The Linden Hours,Album,Tidewater,Summer Static,Nordlys Records,4065629200201,DEX252500207,4117,19.915988,USD
2025-12,2026-02-27,Amazon Music,GB,The Linden Hours,Album,Tidewater,Summer Static,Nordlys Records,4065629200201,DEX252500207,1683,7.982469,USD
2025-12,2026-02-27,Amazon Music,NL,The Linden Hours,Album,Tidewater,Summer Static,Nordlys Records,4065629200201,DEX252500207,999,4.594401,USD
2025-12,2026-02-27,Amazon Music,SE,The Linden Hours,Album,Tidewater,Summer Static,Nordlys Records,4065629200201,DEX252500207,670,2.963745,USD
2025-12,2026-02-27,Amazon Music,US,The Linden Hours,Album,Tidewater,Summer Static,Nordlys Records,4065629200201,DEX252500207,2398,11.427669,USD
2025-12,2026-02-27,Amazon Music,AT,The Linden Hours,Album,Tidewater,Tidewater,Nordlys Records,4065629200201,DEX252500208,315,1.505385,USD
2025-12,2026-02-27,Amazon Music,DE,The Linden Hours,Album,Tidewater,Tidewater,Nordlys Records,4065629200201,DEX252500208,1566,6.997671,USD
2025-12,2026-02-27,Amazon Music,GB,The Linden Hours,Album,Tidewater,Tidewater,Nordlys Records,4065629200201,DEX252500208,535,2.525468,USD
2025-12,2026-02-27,Amazon Music,NL,The Linden Hours,Album,Tidewater,Tidewater,Nordlys Records,4065629200201,DEX252500208,319,1.419710,USD
2025-12,2026-02-27,Amazon Music,SE,The Linden Hours,Album,Tidewater,Tidewater,Nordlys Records,4065629200201,DEX252500208,220,1.048410,USD
2025-12,2026-02-27,Amazon Music,US,The Linden Hours,Album,Tidewater,Tidewater,Nordlys Records,4065629200201,DEX252500208,760,3.666240,USD
2025-12,2026-02-27,Apple Music,AT,The Linden Hours,Album,Tidewater,Linden,Nordlys Records,4065629200201,DEX252500201,1026,7.080631,USD
2025-12,2026-02-27,Apple Music,DE,The Linden Hours,Album,Tidewater,Linden,Nordlys Records,4065629200201,DEX252500201,4194,28.884078,USD
2025-12,2026-02-27,Apple Music,GB,The Linden Hours,Album,Tidewater,Linden,Nordlys Records,4065629200201,DEX252500201,1444,10.898301,USD
2025-12,2026-02-27,Apple Music,NL,The Linden Hours,Album,Tidewater,Linden,Nordlys Records,4065629200201,DEX252500201,949,6.845706,USD
2025-12,2026-02-27,Apple Music,SE,The Linden Hours,Album,Tidewater,Linden,Nordlys Records,4065629200201,DEX252500201,688,4.552634,USD
2025-12,2026-02-27,Apple Music,US,The Linden Hours,Album,Tidewater,Linden,Nordlys Records,4065629200201,DEX252500201,2133,14.371941,USD
2025-12,2026-02-27,Apple Music,AT,The Linden Hours,Album,Tidewater,Paper Lanterns,Nordlys Records,4065629200201,DEX252500202,1381,9.157963,USD
2025-12,2026-02-27,Apple Music,DE,The Linden Hours,Album,Tidewater,Paper Lanterns,Nordlys Records,4065629200201,DEX252500202,5688,38.607869,USD
2025-12,2026-02-27,Apple Music,GB,The Linden Hours,Album,Tidewater,Paper Lanterns,Nordlys Records,4065629200201,DEX252500202,1845,13.819973,USD
2025-12,2026-02-27,Apple Music,NL,The Linden Hours,Album,Tidewater,Paper Lanterns,Nordlys Records,4065629200201,DEX252500202,1215,8.591994,USD
2025-12,2026-02-27,Apple Music,SE,The Linden Hours,Album,Tidewater,Paper Lanterns,Nordlys Records,4065629200201,DEX252500202,1192,8.564758,USD
2025-12,2026-02-27,Apple Music,US,The Linden Hours,Album,Tidewater,Paper Lanterns,Nordlys Records,4065629200201,DEX252500202,2835,21.155054,USD
2025-12,2026-02-27,Apple Music,AT,The Linden Hours,Album,Tidewater,Salt and Iron,Nordlys Records,4065629200201,DEX252500203,792,5.803142,USD
2025-12,2026-02-27,Apple Music,DE,The Linden Hours,Album,Tidewater,Salt and Iron,Nordlys Records,4065629200201,DEX252500203,3060,20.335536,USD
2025-12,2026-02-27,Apple Music,GB,The Linden Hours,Album,Tidewater,Salt and Iron,Nordlys Records,4065629200201,DEX252500203,859,6.531922,USD
2025-12,2026-02-27,Apple Music,NL,The Linden Hours,Album,Tidewater,Salt and Iron,Nordlys Records,4065629200201,DEX252500203,625,4.508500,USD
2025-12,2026-02-27,Apple Music,SE,The Linden Hours,Album,Tidewater,Salt and Iron,Nordlys Records,4065629200201,DEX252500203,508,3.671722,USD
2025-12,2026-02-27,Apple Music,US,The Linden Hours,Album,Tidewater,Salt and Iron,Nordlys Records,4065629200201,DEX252500203,1714,12.790039,USD
2025-12,2026-02-27,Apple Music,AT,The Linden Hours,Album,Tidewater,The Quiet Year,Nordlys Records,4065629200201,DEX252500204,576,3.807418,USD
2025-12,2026-02-27,Apple Music,DE,The Linden Hours,Album,Tidewater,The Quiet Year,Nordlys Records,4065629200201,DEX252500204,2299,17.041108,USD
2025-12,2026-02-27,Apple Music,GB,The Linden Hours,Album,Tidewater,The Quiet Year,Nordlys Records,4065629200201,DEX252500204,967,7.202119,USD
2025-12,2026-02-27,Apple Music,NL,The Linden Hours,Album,Tidewater,The Quiet Year,Nordlys Records,4065629200201,DEX252500204,630,4.343283,USD
2025-12,2026-02-27,Apple Music,SE,The Linden Hours,Album,Tidewater,The Quiet Year,Nordlys Records,4065629200201,DEX252500204,400,2.655400,USD
2025-12,2026-02-27,Apple Music,US,The Linden Hours,Album,Tidewater,The Quiet Year,Nordlys Records,4065629200201,DEX252500204,1323,8.839095,USD
2025-12,2026-02-27,Apple Music,AT,The Linden Hours,Album,Tidewater,Second Light,Nordlys Records,4065629200201,DEX252500205,481,3.240930,USD
2025-12,2026-02-27,Apple Music,DE,The Linden Hours,Album,Tidewater,Second Light,Nordlys Records,4065629200201,DEX252500205,1836,12.735781,USD
2025-12,2026-02-27,Apple Music,GB,The Linden Hours,Album,Tidewater,Second Light,Nordlys Records,4065629200201,DEX252500205,729,4.911929,USD
2025-12,2026-02-27,Apple Music,NL,The Linden Hours,Album,Tidewater,Second Light,Nordlys Records,4065629200201,DEX252500205,391,2.623415,USD
2025-12,2026-02-27,Apple Music,SE,The Linden Hours,Album,Tidewater,Second Light,Nordlys Records,4065629200201,DEX252500205,364,2.623166,USD
2025-12,2026-02-27,Apple Music,US,The Linden Hours,Album,Tidewater,Second Light,Nordlys Records,4065629200201,DEX252500205,927,6.147308,USD
2025-12,2026-02-27,Apple Music,AT,The Linden Hours,Album,Tidewater,Glasshouse,Nordlys Records,4065629200201,DEX252500206,918,6.609049,USD
2025-12,2026-02-27,Apple Music,DE,The Linden Hours,Album,Tidewater,Glasshouse,Nordlys Records,4065629200201,DEX252500206,3982,27.367490,USD
2025-12,2026-02-27,Apple Music,GB,The Linden Hours,Album,Tidewater,Glasshouse,Nordlys Records,4065629200201,DEX252500206,1192,8.530906,USD
2025-12,2026-02-27,Apple Music,NL,The Linden Hours,Album,Tidewater,Glasshouse,Nordlys Records,4065629200201,DEX252500206,787,5.297140,USD
2025-12,2026-02-27,Apple Music,SE,The Linden Hours,Album,Tidewater,Glasshouse,Nordlys Records,4065629200201,DEX252500206,594,4.504183,USD
2025-12,2026-02-27,Apple Music,US,The Linden Hours,Album,Tidewater,Glasshouse,Nordlys Records,4065629200201,DEX252500206,1507,11.159787,USD
2025-12,2026-02-27,Apple Music,AT,The Linden Hours,Album,Tidewater,Summer Static,Nordlys Records,4065629200201,DEX252500207,2124,15.457410,USD
2025-12,2026-02-27,Apple Music,DE,The Linden Hours,Album,Tidewater,Summer Static,Nordlys Records,4065629200201,DEX252500207,8419,55.112458,USD
2025-12,2026-02-27,Apple Music,GB,The Linden Hours,Album,Tidewater,Summer Static,Nordlys Records,4065629200201,DEX252500207,2668,19.776283,USD
2025-12,2026-02-27,Apple Music,NL,The Linden Hours,Album,Tidewater,Summer Static,Nordlys Records,4065629200201,DEX252500207,1768,12.439825,USD
2025-12,2026-02-27,Apple Music,SE,The Linden Hours,Album,Tidewater,Summer Static,Nordlys Records,4065629200201,DEX252500207,1305,8.811491,USD
2025-12,2026-02-27,Apple Music,US,The Linden Hours,Album,Tidewater,Summer Static,Nordlys Records,4065629200201,DEX252500207,3708,25.089440,USD
2025-12,2026-02-27,Apple Music,AT,The Linden Hours,Album,Tidewater,Tidewater,Nordlys Records,4065629200201,DEX252500208,625,4.135750,USD
2025-12,2026-02-27,Apple Music,DE,The Linden Hours,Album,Tidewater,Tidewater,Nordlys Records,4065629200201,DEX252500208,2700,18.939960,USD
2025-12,2026-02-27,Apple Music,GB,The Linden Hours,Album,Tidewater,Tidewater,Nordlys Records,4065629200201,DEX252500208,949,6.407743,USD
2025-12,2026-02-27,Apple Music,NL,The Linden Hours,Album,Tidewater,Tidewater,Nordlys Records,4065629200201,DEX252500208,544,3.684730,USD
2025-12,2026-02-27,Apple Music,SE,The Linden Hours,Album,Tidewater,Tidewater,Nordlys Records,4065629200201,DEX252500208,535,4.037806,USD
2025-12,2026-02-27,Apple Music,US,The Linden Hours,Album,Tidewater,Tidewater,Nordlys Records,4065629200201,DEX252500208,1422,10.237547,USD
2025-12,2026-02-27,Deezer,AT,The Linden Hours,Album,Tidewater,Linden,Nordlys Records,4065629200201,DEX252500201,445,1.573164,USD
2025-12,2026-02-27,Deezer,DE,The Linden Hours,Album,Tidewater,Linden,Nordlys Records,4065629200201,DEX252500201,1534,5.710162,USD
2025-12,2026-02-27,Deezer,GB,The Linden Hours,Album,Tidewater,Linden,Nordlys Records,4065629200201,DEX252500201,472,1.767168,USD
2025-12,2026-02-27,Deezer,NL,The Linden Hours,Album,Tidewater,Linden,Nordlys Records,4065629200201,DEX252500201,373,1.242090,USD
2025-12,2026-02-27,Deezer,SE,The Linden Hours,Album,Tidewater,Linden,Nordlys Records,4065629200201,DEX252500201,360,1.368576,USD
2025-12,2026-02-27,Deezer,US,The Linden Hours,Album,Tidewater,Linden,Nordlys Records,4065629200201,DEX252500201,895,3.434652,USD
2025-12,2026-02-27,Deezer,AT,The Linden Hours,Album,Tidewater,Paper Lanterns,Nordlys Records,4065629200201,DEX252500202,697,2.484108,USD
2025-12,2026-02-27,Deezer,DE,The Linden Hours,Album,Tidewater,Paper Lanterns,Nordlys Records,4065629200201,DEX252500202,2245,8.292132,USD
2025-12,2026-02-27,Deezer,GB,The Linden Hours,Album,Tidewater,Paper Lanterns,Nordlys Records,4065629200201,DEX252500202,612,2.042366,USD
2025-12,2026-02-27,Deezer,NL,The Linden Hours,Album,Tidewater,Paper Lanterns,Nordlys Records,4065629200201,DEX252500202,598,2.202314,USD
2025-12,2026-02-27,Deezer,SE,The Linden Hours,Album,Tidewater,Paper Lanterns,Nordlys Records,4065629200201,DEX252500202,490,1.677564,USD
2025-12,2026-02-27,Deezer,US,The Linden Hours,Album,Tidewater,Paper Lanterns,Nordlys Records,4065629200201,DEX252500202,1318,4.863420,USD
2025-12,2026-02-27,Deezer,AT,The Linden Hours,Album,Tidewater,Salt and Iron,Nordlys Records,4065629200201,DEX252500203,400,1.363680,USD
2025-12,2026-02-27,Deezer,DE,The Linden Hours,Album,Tidewater,Salt and Iron,Nordlys Records,4065629200201,DEX252500203,1381,5.130691,USD
2025-12,2026-02-27,Deezer,GB,The Linden Hours,Album,Tidewater,Salt and Iron,Nordlys Records,4065629200201,DEX252500203,499,1.672448,USD
2025-12,2026-02-27,Deezer,NL,The Linden Hours,Album,Tidewater,Salt and Iron,Nordlys Records,4065629200201,DEX252500203,265,0.986436,USD
2025-12,2026-02-27,Deezer,SE,The Linden Hours,Album,Tidewater,Salt and Iron,Nordlys Records,4065629200201,DEX252500203,238,0.849089,USD
2025-12,2026-02-27,Deezer,US,The Linden Hours,Album,Tidewater,Salt and Iron,Nordlys Records,4065629200201,DEX252500203,585,2.023866,USD
2025-12,2026-02-27,Deezer,AT,The Linden Hours,Album,Tidewater,The Quiet Year,Nordlys Records,4065629200201,DEX252500204,292,1.061712,USD
2025-12,2026-02-27,Deezer,DE,The Linden Hours,Album,Tidewater,The Quiet Year,Nordlys Records,4065629200201,DEX252500204,1044,3.660682,USD
2025-12,2026-02-27,Deezer,GB,The Linden Hours,Album,Tidewater,The Quiet Year,Nordlys Records,4065629200201,DEX252500204,369,1.234084,USD
2025-12,2026-02-27,Deezer,NL,The Linden Hours,Album,Tidewater,The Quiet Year,Nordlys Records,4065629200201,DEX252500204,288,1.015027,USD
2025-12,2026-02-27,Deezer,SE,The Linden Hours,Album,Tidewater,The Quiet Year,Nordlys Records,4065629200201,DEX252500204,166,0.613735,USD
2025-12,2026-02-27,Deezer,US,The Linden Hours,Album,Tidewater,The Quiet Year,Nordlys Records,4065629200201,DEX252500204,540,1.998432,USD
2025-12,2026-02-27,Deezer,AT,The Linden Hours,Album,Tidewater,Second Light,Nordlys Records,4065629200201,DEX252500205,193,0.639911,USD
2025-12,2026-02-27,Deezer,DE,The Linden Hours,Album,Tidewater,Second Light,Nordlys Records,4065629200201,DEX252500205,882,3.162499,USD
2025-12,2026-02-27,Deezer,GB,The Linden Hours,Album,Tidewater,Second Light,Nordlys Records,4065629200201,DEX252500205,333,1.147252,USD
2025-12,2026-02-27,Deezer,NL,The Linden Hours,Album,Tidewater,Second Light,Nordlys Records,4065629200201,DEX252500205,202,0.699566,USD
2025-12,2026-02-27,Deezer,SE,The Linden Hours,Album,Tidewater,Second Light,Nordlys Records,4065629200201,DEX252500205,166,0.559354,USD
2025-12,2026-02-27,Deezer,US,The Linden Hours,Album,Tidewater,Second Light,Nordlys Records,4065629200201,DEX252500205,477,1.670836,USD
2025-12,2026-02-27,Deezer,AT,The Linden Hours,Album,Tidewater,Glasshouse,Nordlys Records,4065629200201,DEX252500206,342,1.248437,USD
2025-12,2026-02-27,Deezer,DE,The Linden Hours,Album,Tidewater,Glasshouse,Nordlys Records,4065629200201,DEX252500206,1354,5.049878,USD
2025-12,2026-02-27,Deezer,GB,The Linden Hours,Album,Tidewater,Glasshouse,Nordlys Records,4065629200201,DEX252500206,562,2.102105,USD
2025-12,2026-02-27,Deezer,NL,The Linden Hours,Album,Tidewater,Glasshouse,Nordlys Records,4065629200201,DEX252500206,337,1.182870,USD
2025-12,2026-02-27,Deezer,SE,The Linden Hours,Album,Tidewater,Glasshouse,Nordlys Records,4065629200201,DEX252500206,279,1.076717,USD
2025-12,2026-02-27,Deezer,US,The Linden Hours,Album,Tidewater,Glasshouse,Nordlys Records,4065629200201,DEX252500206,774,2.903429,USD
2025-12,2026-02-27,Deezer,AT,The Linden Hours,Album,Tidewater,Summer Static,Nordlys Records,4065629200201,DEX252500207,828,2.748298,USD
2025-12,2026-02-27,Deezer,DE,The Linden Hours,Album,Tidewater,Summer Static,Nordlys Records,4065629200201,DEX252500207,3636,13.665542,USD
2025-12,2026-02-27,Deezer,GB,The Linden Hours,Album,Tidewater,Summer Static,Nordlys Records,4065629200201,DEX252500207,1341,4.537944,USD
2025-12,2026-02-27,Deezer,NL,The Linden Hours,Album,Tidewater,Summer Static,Nordlys Records,4065629200201,DEX252500207,814,2.789741,USD
2025-12,2026-02-27,Deezer,SE,The Linden Hours,Album,Tidewater,Summer Static,Nordlys Records,4065629200201,DEX252500207,630,2.184084,USD
2025-12,2026-02-27,Deezer,US,The Linden Hours,Album,Tidewater,Summer Static,Nordlys Records,4065629200201,DEX252500207,1557,5.627621,USD
2025-12,2026-02-27,Deezer,AT,The Linden Hours,Album,Tidewater,Tidewater,Nordlys Records,4065629200201,DEX252500208,274,0.939053,USD
2025-12,2026-02-27,Deezer,DE,The Linden Hours,Album,Tidewater,Tidewater,Nordlys Records,4065629200201,DEX252500208,994,3.682174,USD
2025-12,2026-02-27,Deezer,GB,The Linden Hours,Album,Tidewater,Tidewater,Nordlys Records,4065629200201,DEX252500208,351,1.353316,USD
2025-12,2026-02-27,Deezer,NL,The Linden Hours,Album,Tidewater,Tidewater,Nordlys Records,4065629200201,DEX252500208,252,0.848232,USD
2025-12,2026-02-27,Deezer,SE,The Linden Hours,Album,Tidewater,Tidewater,Nordlys Records,4065629200201,DEX252500208,171,0.598979,USD
2025-12,2026-02-27,Deezer,US,The Linden Hours,Album,Tidewater,Tidewater,Nordlys Records,4065629200201,DEX252500208,486,1.740852,USD
2025-12,2026-02-27,Spotify,AT,The Linden Hours,Album,Tidewater,Linden,Nordlys Records,4065629200201,DEX252500201,4585,14.129136,USD
2025-12,2026-02-27,Spotify,DE,The Linden Hours,Album,Tidewater,Linden,Nordlys Records,4065629200201,DEX252500201,13909,46.645222,USD
2025-12,2026-02-27,Spotify,GB,The Linden Hours,Album,Tidewater,Linden,Nordlys Records,4065629200201,DEX252500201,5980,19.155136,USD
2025-12,2026-02-27,Spotify,NL,The Linden Hours,Album,Tidewater,Linden,Nordlys Records,4065629200201,DEX252500201,3681,10.989994,USD
2025-12,2026-02-27,Spotify,SE,The Linden Hours,Album,Tidewater,Linden,Nordlys Records,4065629200201,DEX252500201,3001,9.862486,USD
2025-12,2026-02-27,Spotify,US,The Linden Hours,Album,Tidewater,Linden,Nordlys Records,4065629200201,DEX252500201,7186,22.075392,USD
2025-12,2026-02-27,Spotify,AT,The Linden Hours,Album,Tidewater,Paper Lanterns,Nordlys Records,4065629200201,DEX252500202,6318,18.640627,USD
2025-12,2026-02-27,Spotify,DE,The Linden Hours,Album,Tidewater,Paper Lanterns,Nordlys Records,4065629200201,DEX252500202,26082,83.712787,USD
2025-12,2026-02-27,Spotify,GB,The Linden Hours,Album,Tidewater,Paper Lanterns,Nordlys Records,4065629200201,DEX252500202,8901,28.540166,USD
2025-12,2026-02-27,Spotify,NL,The Linden Hours,Album,Tidewater,Paper Lanterns,Nordlys Records,4065629200201,DEX252500202,5782,19.279501,USD
2025-12,2026-02-27,Spotify,SE,The Linden Hours,Album,Tidewater,Paper Lanterns,Nordlys Records,4065629200201,DEX252500202,4086,12.879072,USD
2025-12,2026-02-27,Spotify,US,The Linden Hours,Album,Tidewater,Paper Lanterns,Nordlys Records,4065629200201,DEX252500202,11880,40.182912,USD
2025-12,2026-02-27,Spotify,AT,The Linden Hours,Album,Tidewater,Salt and Iron,Nordlys Records,4065629200201,DEX252500203,3375,11.383200,USD
2025-12,2026-02-27,Spotify,DE,The Linden Hours,Album,Tidewater,Salt and Iron,Nordlys Records,4065629200201,DEX252500203,12591,43.353331,USD
2025-12,2026-02-27,Spotify,GB,The Linden Hours,Album,Tidewater,Salt and Iron,Nordlys Records,4065629200201,DEX252500203,5031,15.197645,USD
2025-12,2026-02-27,Spotify,NL,The Linden Hours,Album,Tidewater,Salt and Iron,Nordlys Records,4065629200201,DEX252500203,2497,7.878534,USD
2025-12,2026-02-27,Spotify,SE,The Linden Hours,Album,Tidewater,Salt and Iron,Nordlys Records,4065629200201,DEX252500203,2160,6.386688,USD
2025-12,2026-02-27,Spotify,US,The Linden Hours,Album,Tidewater,Salt and Iron,Nordlys Records,4065629200201,DEX252500203,6858,20.189952,USD
2025-12,2026-02-27,Spotify,AT,The Linden Hours,Album,Tidewater,The Quiet Year,Nordlys Records,4065629200201,DEX252500204,2808,8.832845,USD
2025-12,2026-02-27,Spotify,DE,The Linden Hours,Album,Tidewater,The Quiet Year,Nordlys Records,4065629200201,DEX252500204,10287,31.963766,USD
2025-12,2026-02-27,Spotify,GB,The Linden Hours,Album,Tidewater,The Quiet Year,Nordlys Records,4065629200201,DEX252500204,3460,10.950208,USD
2025-12,2026-02-27,Spotify,NL,The Linden Hours,Album,Tidewater,The Quiet Year,Nordlys Records,4065629200201,DEX252500204,2425,7.162480,USD
2025-12,2026-02-27,Spotify,SE,The Linden Hours,Album,Tidewater,The Quiet Year,Nordlys Records,4065629200201,DEX252500204,1881,5.838624,USD
2025-12,2026-02-27,Spotify,US,The Linden Hours,Album,Tidewater,The Quiet Year,Nordlys Records,4065629200201,DEX252500204,5404,18.537882,USD
2025-12,2026-02-27,Spotify,AT,The Linden Hours,Album,Tidewater,Second Light,Nordlys Records,4065629200201,DEX252500205,2115,7.153776,USD
2025-12,2026-02-27,Spotify,DE,The Linden Hours,Album,Tidewater,Second Light,Nordlys Records,4065629200201,DEX252500205,7434,25.406438,USD
2025-12,2026-02-27,Spotify,GB,The Linden Hours,Album,Tidewater,Second Light,Nordlys Records,4065629200201,DEX252500205,2862,9.423994,USD
2025-12,2026-02-27,Spotify,NL,The Linden Hours,Album,Tidewater,Second Light,Nordlys Records,4065629200201,DEX252500205,1800,6.186240,USD
2025-12,2026-02-27,Spotify,SE,The Linden Hours,Album,Tidewater,Second Light,Nordlys Records,4065629200201,DEX252500205,1426,4.567763,USD
2025-12,2026-02-27,Spotify,US,The Linden Hours,Album,Tidewater,Second Light,Nordlys Records,4065629200201,DEX252500205,4900,16.808960,USD
2025-12,2026-02-27,Spotify,AT,The Linden Hours,Album,Tidewater,Glasshouse,Nordlys Records,4065629200201,DEX252500206,3325,10.778320,USD
2025-12,2026-02-27,Spotify,DE,The Linden Hours,Album,Tidewater,Glasshouse,Nordlys Records,4065629200201,DEX252500206,17001,56.851344,USD
2025-12,2026-02-27,Spotify,GB,The Linden Hours,Album,Tidewater,Glasshouse,Nordlys Records,4065629200201,DEX252500206,4626,14.699578,USD
2025-12,2026-02-27,Spotify,NL,The Linden Hours,Album,Tidewater,Glasshouse,Nordlys Records,4065629200201,DEX252500206,3582,11.462400,USD
2025-12,2026-02-27,Spotify,SE,The Linden Hours,Album,Tidewater,Glasshouse,Nordlys Records,4065629200201,DEX252500206,2902,9.936448,USD
2025-12,2026-02-27,Spotify,US,The Linden Hours,Album,Tidewater,Glasshouse,Nordlys Records,4065629200201,DEX252500206,6142,18.258938,USD
2025-12,2026-02-27,Spotify,AT,The Linden Hours,Album,Tidewater,Summer Static,Nordlys Records,4065629200201,DEX252500207,8167,27.232045,USD
2025-12,2026-02-27,Spotify,DE,The Linden Hours,Album,Tidewater,Summer Static,Nordlys Records,4065629200201,DEX252500207,36283,115.408966,USD
2025-12,2026-02-27,Spotify,GB,The Linden Hours,Album,Tidewater,Summer Static,Nordlys Records,4065629200201,DEX252500207,11533,34.728170,USD
2025-12,2026-02-27,Spotify,NL,The Linden Hours,Album,Tidewater,Summer Static,Nordlys Records,4065629200201,DEX252500207,7200,21.427200,USD
2025-12,2026-02-27,Spotify,SE,The Linden Hours,Album,Tidewater,Summer Static,Nordlys Records,4065629200201,DEX252500207,6228,19.630656,USD
2025-12,2026-02-27,Spotify,US,The Linden Hours,Album,Tidewater,Summer Static,Nordlys Records,4065629200201,DEX252500207,13824,42.378854,USD
2025-12,2026-02-27,Spotify,AT,The Linden Hours,Album,Tidewater,Tidewater,Nordlys Records,4065629200201,DEX252500208,2722,8.266170,USD
2025-12,2026-02-27,Spotify,DE,The Linden Hours,Album,Tidewater,Tidewater,Nordlys Records,4065629200201,DEX252500208,10066,30.020838,USD
2025-12,2026-02-27,Spotify,GB,The Linden Hours,Album,Tidewater,Tidewater,Nordlys Records,4065629200201,DEX252500208,3879,11.705270,USD
2025-12,2026-02-27,Spotify,NL,The Linden Hours,Album,Tidewater,Tidewater,Nordlys Records,4065629200201,DEX252500208,2628,8.317094,USD
2025-12,2026-02-27,Spotify,SE,The Linden Hours,Album,Tidewater,Tidewater,Nordlys Records,4065629200201,DEX252500208,1759,5.319216,USD
2025-12,2026-02-27,Spotify,US,The Linden Hours,Album,Tidewater,Tidewater,Nordlys Records,4065629200201,DEX252500208,5566,18.862061,USD
2025-12,2026-02-27,Tidal,AT,The Linden Hours,Album,Tidewater,Linden,Nordlys Records,4065629200201,DEX252500201,391,4.080867,USD
2025-12,2026-02-27,Tidal,DE,The Linden Hours,Album,Tidewater,Linden,Nordlys Records,4065629200201,DEX252500201,1656,15.092784,USD
2025-12,2026-02-27,Tidal,GB,The Linden Hours,Album,Tidewater,Linden,Nordlys Records,4065629200201,DEX252500201,517,5.178065,USD
2025-12,2026-02-27,Tidal,NL,The Linden Hours,Album,Tidewater,Linden,Nordlys Records,4065629200201,DEX252500201,274,2.712052,USD
2025-12,2026-02-27,Tidal,SE,The Linden Hours,Album,Tidewater,Linden,Nordlys Records,4065629200201,DEX252500201,229,2.367631,USD
2025-12,2026-02-27,Tidal,US,The Linden Hours,Album,Tidewater,Linden,Nordlys Records,4065629200201,DEX252500201,823,7.944419,USD
2025-12,2026-02-27,Tidal,AT,The Linden Hours,Album,Tidewater,Paper Lanterns,Nordlys Records,4065629200201,DEX252500202,580,6.076196,USD
2025-12,2026-02-27,Tidal,DE,The Linden Hours,Album,Tidewater,Paper Lanterns,Nordlys Records,4065629200201,DEX252500202,2061,21.328877,USD
2025-12,2026-02-27,Tidal,GB,The Linden Hours,Album,Tidewater,Paper Lanterns,Nordlys Records,4065629200201,DEX252500202,760,7.164976,USD
2025-12,2026-02-27,Tidal,NL,The Linden Hours,Album,Tidewater,Paper Lanterns,Nordlys Records,4065629200201,DEX252500202,481,4.751510,USD
2025-12,2026-02-27,Tidal,SE,The Linden Hours,Album,Tidewater,Paper Lanterns,Nordlys Records,4065629200201,DEX252500202,396,3.822588,USD
2025-12,2026-02-27,Tidal,US,The Linden Hours,Album,Tidewater,Paper Lanterns,Nordlys Records,4065629200201,DEX252500202,954,9.461390,USD
2025-12,2026-02-27,Tidal,AT,The Linden Hours,Album,Tidewater,Salt and Iron,Nordlys Records,4065629200201,DEX252500203,288,2.873203,USD
2025-12,2026-02-27,Tidal,DE,The Linden Hours,Album,Tidewater,Salt and Iron,Nordlys Records,4065629200201,DEX252500203,981,10.036807,USD
2025-12,2026-02-27,Tidal,GB,The Linden Hours,Album,Tidewater,Salt and Iron,Nordlys Records,4065629200201,DEX252500203,387,3.781222,USD
2025-12,2026-02-27,Tidal,NL,The Linden Hours,Album,Tidewater,Salt and Iron,Nordlys Records,4065629200201,DEX252500203,265,2.682701,USD
2025-12,2026-02-27,Tidal,SE,The Linden Hours,Album,Tidewater,Salt and Iron,Nordlys Records,4065629200201,DEX252500203,193,1.934902,USD
2025-12,2026-02-27,Tidal,US,The Linden Hours,Album,Tidewater,Salt and Iron,Nordlys Records,4065629200201,DEX252500203,603,6.334877,USD
2025-12,2026-02-27,Tidal,AT,The Linden Hours,Album,Tidewater,The Quiet Year,Nordlys Records,4065629200201,DEX252500204,211,1.927190,USD
2025-12,2026-02-27,Tidal,DE,The Linden Hours,Album,Tidewater,The Quiet Year,Nordlys Records,4065629200201,DEX252500204,918,9.140342,USD
2025-12,2026-02-27,Tidal,GB,The Linden Hours,Album,Tidewater,The Quiet Year,Nordlys Records,4065629200201,DEX252500204,342,3.251052,USD
2025-12,2026-02-27,Tidal,NL,The Linden Hours,Album,Tidewater,The Quiet Year,Nordlys Records,4065629200201,DEX252500204,234,2.371169,USD
2025-12,2026-02-27,Tidal,SE,The Linden Hours,Album,Tidewater,The Quiet Year,Nordlys Records,4065629200201,DEX252500204,162,1.547910,USD
2025-12,2026-02-27,Tidal,US,The Linden Hours,Album,Tidewater,The Quiet Year,Nordlys Records,4065629200201,DEX252500204,468,4.288284,USD
2025-12,2026-02-27,Tidal,AT,The Linden Hours,Album,Tidewater,Second Light,Nordlys Records,4065629200201,DEX252500205,202,2.056804,USD
2025-12,2026-02-27,Tidal,DE,The Linden Hours,Album,Tidewater,Second Light,Nordlys Records,4065629200201,DEX252500205,720,7.324128,USD
2025-12,2026-02-27,Tidal,GB,The Linden Hours,Album,Tidewater,Second Light,Nordlys Records,4065629200201,DEX252500205,234,2.297786,USD
2025-12,2026-02-27,Tidal,NL,The Linden Hours,Album,Tidewater,Second Light,Nordlys Records,4065629200201,DEX252500205,153,1.556377,USD
2025-12,2026-02-27,Tidal,SE,The Linden Hours,Album,Tidewater,Second Light,Nordlys Records,4065629200201,DEX252500205,144,1.414022,USD
2025-12,2026-02-27,Tidal,US,The Linden Hours,Album,Tidewater,Second Light,Nordlys Records,4065629200201,DEX252500205,351,3.281569,USD
2025-12,2026-02-27,Tidal,AT,The Linden Hours,Album,Tidewater,Glasshouse,Nordlys Records,4065629200201,DEX252500206,342,3.234294,USD
2025-12,2026-02-27,Tidal,DE,The Linden Hours,Album,Tidewater,Glasshouse,Nordlys Records,4065629200201,DEX252500206,1318,13.110146,USD
2025-12,2026-02-27,Tidal,GB,The Linden Hours,Album,Tidewater,Glasshouse,Nordlys Records,4065629200201,DEX252500206,454,4.360216,USD
2025-12,2026-02-27,Tidal,NL,The Linden Hours,Album,Tidewater,Glasshouse,Nordlys Records,4065629200201,DEX252500206,364,3.342466,USD
2025-12,2026-02-27,Tidal,SE,The Linden Hours,Album,Tidewater,Glasshouse,Nordlys Records,4065629200201,DEX252500206,211,2.109156,USD
2025-12,2026-02-27,Tidal,US,The Linden Hours,Album,Tidewater,Glasshouse,Nordlys Records,4065629200201,DEX252500206,630,6.174000,USD
2025-12,2026-02-27,Tidal,AT,The Linden Hours,Album,Tidewater,Summer Static,Nordlys Records,4065629200201,DEX252500207,742,6.915292,USD
2025-12,2026-02-27,Tidal,DE,The Linden Hours,Album,Tidewater,Summer Static,Nordlys Records,4065629200201,DEX252500207,3235,30.181256,USD
2025-12,2026-02-27,Tidal,GB,The Linden Hours,Album,Tidewater,Summer Static,Nordlys Records,4065629200201,DEX252500207,850,7.971810,USD
2025-12,2026-02-27,Tidal,NL,The Linden Hours,Album,Tidewater,Summer Static,Nordlys Records,4065629200201,DEX252500207,513,5.384345,USD
2025-12,2026-02-27,Tidal,SE,The Linden Hours,Album,Tidewater,Summer Static,Nordlys Records,4065629200201,DEX252500207,657,6.026530,USD
2025-12,2026-02-27,Tidal,US,The Linden Hours,Album,Tidewater,Summer Static,Nordlys Records,4065629200201,DEX252500207,1309,13.662033,USD
2025-12,2026-02-27,Tidal,AT,The Linden Hours,Album,Tidewater,Tidewater,Nordlys Records,4065629200201,DEX252500208,220,2.067604,USD
2025-12,2026-02-27,Tidal,DE,The Linden Hours,Album,Tidewater,Tidewater,Nordlys Records,4065629200201,DEX252500208,931,8.777096,USD
2025-12,2026-02-27,Tidal,GB,The Linden Hours,Album,Tidewater,Tidewater,Nordlys Records,4065629200201,DEX252500208,378,3.756262,USD
2025-12,2026-02-27,Tidal,NL,The Linden Hours,Album,Tidewater,Tidewater,Nordlys Records,4065629200201,DEX252500208,198,1.882188,USD
2025-12,2026-02-27,Tidal,SE,The Linden Hours,Album,Tidewater,Tidewater,Nordlys Records,4065629200201,DEX252500208,162,1.649516,USD
2025-12,2026-02-27,Tidal,US,The Linden Hours,Album,Tidewater,Tidewater,Nordlys Records,4065629200201,DEX252500208,490,4.922050,USD
2025-12,2026-02-27,YouTube Music,AT,The Linden Hours,Album,Tidewater,Linden,Nordlys Records,4065629200201,DEX252500201,634,1.239533,USD
2025-12,2026-02-27,YouTube Music,DE,The Linden Hours,Album,Tidewater,Linden,Nordlys Records,4065629200201,DEX252500201,2349,4.789846,USD
2025-12,2026-02-27,YouTube Music,GB,The Linden Hours,Album,Tidewater,Linden,Nordlys Records,4065629200201,DEX252500201,882,1.994819,USD
2025-12,2026-02-27,YouTube Music,NL,The Linden Hours,Album,Tidewater,Linden,Nordlys Records,4065629200201,DEX252500201,553,1.247236,USD
2025-12,2026-02-27,YouTube Music,SE,The Linden Hours,Album,Tidewater,Linden,Nordlys Records,4065629200201,DEX252500201,472,0.993182,USD
2025-12,2026-02-27,YouTube Music,US,The Linden Hours,Album,Tidewater,Linden,Nordlys Records,4065629200201,DEX252500201,1188,2.504779,USD
2025-12,2026-02-27,YouTube Music,AT,The Linden Hours,Album,Tidewater,Paper Lanterns,Nordlys Records,4065629200201,DEX252500202,891,1.770061,USD
2025-12,2026-02-27,YouTube Music,DE,The Linden Hours,Album,Tidewater,Paper Lanterns,Nordlys Records,4065629200201,DEX252500202,3771,7.800314,USD
2025-12,2026-02-27,YouTube Music,GB,The Linden Hours,Album,Tidewater,Paper Lanterns,Nordlys Records,4065629200201,DEX252500202,1147,2.577309,USD
2025-12,2026-02-27,YouTube Music,NL,The Linden Hours,Album,Tidewater,Paper Lanterns,Nordlys Records,4065629200201,DEX252500202,792,1.586693,USD
2025-12,2026-02-27,YouTube Music,SE,The Linden Hours,Album,Tidewater,Paper Lanterns,Nordlys Records,4065629200201,DEX252500202,729,1.535493,USD
2025-12,2026-02-27,YouTube Music,US,The Linden Hours,Album,Tidewater,Paper Lanterns,Nordlys Records,4065629200201,DEX252500202,1737,3.443429,USD
2025-12,2026-02-27,YouTube Music,AT,The Linden Hours,Album,Tidewater,Salt and Iron,Nordlys Records,4065629200201,DEX252500203,508,0.988924,USD
2025-12,2026-02-27,YouTube Music,DE,The Linden Hours,Album,Tidewater,Salt and Iron,Nordlys Records,4065629200201,DEX252500203,2367,4.965729,USD
2025-12,2026-02-27,YouTube Music,GB,The Linden Hours,Album,Tidewater,Salt and Iron,Nordlys Records,4065629200201,DEX252500203,805,1.709096,USD
2025-12,2026-02-27,YouTube Music,NL,The Linden Hours,Album,Tidewater,Salt and Iron,Nordlys Records,4065629200201,DEX252500203,436,0.860664,USD
2025-12,2026-02-27,YouTube Music,SE,The Linden Hours,Album,Tidewater,Salt and Iron,Nordlys Records,4065629200201,DEX252500203,333,0.716083,USD
2025-12,2026-02-27,YouTube Music,US,The Linden Hours,Album,Tidewater,Salt and Iron,Nordlys Records,4065629200201,DEX252500203,918,2.080096,USD
2025-12,2026-02-27,YouTube Music,AT,The Linden Hours,Album,Tidewater,The Quiet Year,Nordlys Records,4065629200201,DEX252500204,468,1.048648,USD
2025-12,2026-02-27,YouTube Music,DE,The Linden Hours,Album,Tidewater,The Quiet Year,Nordlys Records,4065629200201,DEX252500204,1660,3.395364,USD
2025-12,2026-02-27,YouTube Music,GB,The Linden Hours,Album,Tidewater,The Quiet Year,Nordlys Records,4065629200201,DEX252500204,639,1.406311,USD
2025-12,2026-02-27,YouTube Music,NL,The Linden Hours,Album,Tidewater,The Quiet Year,Nordlys Records,4065629200201,DEX252500204,378,0.836665,USD
2025-12,2026-02-27,YouTube Music,SE,The Linden Hours,Album,Tidewater,The Quiet Year,Nordlys Records,4065629200201,DEX252500204,247,0.518181,USD
2025-12,2026-02-27,YouTube Music,US,The Linden Hours,Album,Tidewater,The Quiet Year,Nordlys Records,4065629200201,DEX252500204,819,1.799015,USD
2025-12,2026-02-27,YouTube Music,AT,The Linden Hours,Album,Tidewater,Second Light,Nordlys Records,4065629200201,DEX252500205,400,0.809760,USD
2025-12,2026-02-27,YouTube Music,DE,The Linden Hours,Album,Tidewater,Second Light,Nordlys Records,4065629200201,DEX252500205,1120,2.314368,USD
2025-12,2026-02-27,YouTube Music,GB,The Linden Hours,Album,Tidewater,Second Light,Nordlys Records,4065629200201,DEX252500205,477,0.969646,USD
2025-12,2026-02-27,YouTube Music,NL,The Linden Hours,Album,Tidewater,Second Light,Nordlys Records,4065629200201,DEX252500205,306,0.594405,USD
2025-12,2026-02-27,YouTube Music,SE,The Linden Hours,Album,Tidewater,Second Light,Nordlys Records,4065629200201,DEX252500205,220,0.466620,USD
2025-12,2026-02-27,YouTube Music,US,The Linden Hours,Album,Tidewater,Second Light,Nordlys Records,4065629200201,DEX252500205,747,1.462028,USD
2025-12,2026-02-27,YouTube Music,AT,The Linden Hours,Album,Tidewater,Glasshouse,Nordlys Records,4065629200201,DEX252500206,612,1.319900,USD
2025-12,2026-02-27,YouTube Music,DE,The Linden Hours,Album,Tidewater,Glasshouse,Nordlys Records,4065629200201,DEX252500206,2349,4.612262,USD
2025-12,2026-02-27,YouTube Music,GB,The Linden Hours,Album,Tidewater,Glasshouse,Nordlys Records,4065629200201,DEX252500206,720,1.508976,USD
2025-12,2026-02-27,YouTube Music,NL,The Linden Hours,Album,Tidewater,Glasshouse,Nordlys Records,4065629200201,DEX252500206,513,1.041749,USD
2025-12,2026-02-27,YouTube Music,SE,The Linden Hours,Album,Tidewater,Glasshouse,Nordlys Records,4065629200201,DEX252500206,414,0.912001,USD
2025-12,2026-02-27,YouTube Music,US,The Linden Hours,Album,Tidewater,Glasshouse,Nordlys Records,4065629200201,DEX252500206,990,1.933470,USD
2025-12,2026-02-27,YouTube Music,AT,The Linden Hours,Album,Tidewater,Summer Static,Nordlys Records,4065629200201,DEX252500207,1336,2.929046,USD
2025-12,2026-02-27,YouTube Music,DE,The Linden Hours,Album,Tidewater,Summer Static,Nordlys Records,4065629200201,DEX252500207,5490,11.609703,USD
2025-12,2026-02-27,YouTube Music,GB,The Linden Hours,Album,Tidewater,Summer Static,Nordlys Records,4065629200201,DEX252500207,1953,4.310466,USD
2025-12,2026-02-27,YouTube Music,NL,The Linden Hours,Album,Tidewater,Summer Static,Nordlys Records,4065629200201,DEX252500207,1314,2.900129,USD
2025-12,2026-02-27,YouTube Music,SE,The Linden Hours,Album,Tidewater,Summer Static,Nordlys Records,4065629200201,DEX252500207,873,1.719635,USD
2025-12,2026-02-27,YouTube Music,US,The Linden Hours,Album,Tidewater,Summer Static,Nordlys Records,4065629200201,DEX252500207,2574,5.686481,USD
2025-12,2026-02-27,YouTube Music,AT,The Linden Hours,Album,Tidewater,Tidewater,Nordlys Records,4065629200201,DEX252500208,423,0.875864,USD
2025-12,2026-02-27,YouTube Music,DE,The Linden Hours,Album,Tidewater,Tidewater,Nordlys Records,4065629200201,DEX252500208,1575,3.171893,USD
2025-12,2026-02-27,YouTube Music,GB,The Linden Hours,Album,Tidewater,Tidewater,Nordlys Records,4065629200201,DEX252500208,526,1.053788,USD
2025-12,2026-02-27,YouTube Music,NL,The Linden Hours,Album,Tidewater,Tidewater,Nordlys Records,4065629200201,DEX252500208,454,0.968654,USD
2025-12,2026-02-27,YouTube Music,SE,The Linden Hours,Album,Tidewater,Tidewater,Nordlys Records,4065629200201,DEX252500208,238,0.481307,USD
2025-12,2026-02-27,YouTube Music,US,The Linden Hours,Album,Tidewater,Tidewater,Nordlys Records,4065629200201,DEX252500208,792,1.585030,USD
2026-01,2026-03-31,Amazon Music,AT,The Linden Hours,Album,Tidewater,Linden,Nordlys Records,4065629200201,DEX252500201,679,2.841615,USD
2026-01,2026-03-31,Amazon Music,DE,The Linden Hours,Album,Tidewater,Linden,Nordlys Records,4065629200201,DEX252500201,2416,10.882872,USD
2026-01,2026-03-31,Amazon Music,GB,The Linden Hours,Album,Tidewater,Linden,Nordlys Records,4065629200201,DEX252500201,765,3.583643,USD
2026-01,2026-03-31,Amazon Music,NL,The Linden Hours,Album,Tidewater,Linden,Nordlys Records,4065629200201,DEX252500201,495,2.254230,USD
2026-01,2026-03-31,Amazon Music,SE,The Linden Hours,Album,Tidewater,Linden,Nordlys Records,4065629200201,DEX252500201,409,1.800009,USD
2026-01,2026-03-31,Amazon Music,US,The Linden Hours,Album,Tidewater,Linden,Nordlys Records,4065629200201,DEX252500201,1120,4.798080,USD
2026-01,2026-03-31,Amazon Music,AT,The Linden Hours,Album,Tidewater,Paper Lanterns,Nordlys Records,4065629200201,DEX252500202,913,3.833231,USD
2026-01,2026-03-31,Amazon Music,DE,The Linden Hours,Album,Tidewater,Paper Lanterns,Nordlys Records,4065629200201,DEX252500202,3600,14.920200,USD
2026-01,2026-03-31,Amazon Music,GB,The Linden Hours,Album,Tidewater,Paper Lanterns,Nordlys Records,4065629200201,DEX252500202,1152,5.386176,USD
2026-01,2026-03-31,Amazon Music,NL,The Linden Hours,Album,Tidewater,Paper Lanterns,Nordlys Records,4065629200201,DEX252500202,864,4.132944,USD
2026-01,2026-03-31,Amazon Music,SE,The Linden Hours,Album,Tidewater,Paper Lanterns,Nordlys Records,4065629200201,DEX252500202,585,2.471918,USD
2026-01,2026-03-31,Amazon Music,US,The Linden Hours,Album,Tidewater,Paper Lanterns,Nordlys Records,4065629200201,DEX252500202,1791,7.729061,USD
2026-01,2026-03-31,Amazon Music,AT,The Linden Hours,Album,Tidewater,Salt and Iron,Nordlys Records,4065629200201,DEX252500203,364,1.698606,USD
2026-01,2026-03-31,Amazon Music,DE,The Linden Hours,Album,Tidewater,Salt and Iron,Nordlys Records,4065629200201,DEX252500203,1561,7.523240,USD
2026-01,2026-03-31,Amazon Music,GB,The Linden Hours,Album,Tidewater,Salt and Iron,Nordlys Records,4065629200201,DEX252500203,567,2.439234,USD
2026-01,2026-03-31,Amazon Music,NL,The Linden Hours,Album,Tidewater,Salt and Iron,Nordlys Records,4065629200201,DEX252500203,432,1.833192,USD
2026-01,2026-03-31,Amazon Music,SE,The Linden Hours,Album,Tidewater,Salt and Iron,Nordlys Records,4065629200201,DEX252500203,306,1.416933,USD
2026-01,2026-03-31,Amazon Music,US,The Linden Hours,Album,Tidewater,Salt and Iron,Nordlys Records,4065629200201,DEX252500203,931,4.243964,USD
2026-01,2026-03-31,Amazon Music,AT,The Linden Hours,Album,Tidewater,The Quiet Year,Nordlys Records,4065629200201,DEX252500204,391,1.831640,USD
2026-01,2026-03-31,Amazon Music,DE,The Linden Hours,Album,Tidewater,The Quiet Year,Nordlys Records,4065629200201,DEX252500204,1507,6.333921,USD
2026-01,2026-03-31,Amazon Music,GB,The Linden Hours,Album,Tidewater,The Quiet Year,Nordlys Records,4065629200201,DEX252500204,481,2.257574,USD
2026-01,2026-03-31,Amazon Music,NL,The Linden Hours,Album,Tidewater,The Quiet Year,Nordlys Records,4065629200201,DEX252500204,364,1.513512,USD
2026-01,2026-03-31,Amazon Music,SE,The Linden Hours,Album,Tidewater,The Quiet Year,Nordlys Records,4065629200201,DEX252500204,238,1.047438,USD
2026-01,2026-03-31,Amazon Music,US,The Linden Hours,Album,Tidewater,The Quiet Year,Nordlys Records,4065629200201,DEX252500204,760,3.177180,USD
2026-01,2026-03-31,Amazon Music,AT,The Linden Hours,Album,Tidewater,Second Light,Nordlys Records,4065629200201,DEX252500205,247,1.061483,USD
2026-01,2026-03-31,Amazon Music,DE,The Linden Hours,Album,Tidewater,Second Light,Nordlys Records,4065629200201,DEX252500205,963,4.554509,USD
2026-01,2026-03-31,Amazon Music,GB,The Linden Hours,Album,Tidewater,Second Light,Nordlys Records,4065629200201,DEX252500205,378,1.672083,USD
2026-01,2026-03-31,Amazon Music,NL,The Linden Hours,Album,Tidewater,Second Light,Nordlys Records,4065629200201,DEX252500205,265,1.140030,USD
2026-01,2026-03-31,Amazon Music,SE,The Linden Hours,Album,Tidewater,Second Light,Nordlys Records,4065629200201,DEX252500205,184,0.889272,USD
2026-01,2026-03-31,Amazon Music,US,The Linden Hours,Album,Tidewater,Second Light,Nordlys Records,4065629200201,DEX252500205,594,2.496582,USD
2026-01,2026-03-31,Amazon Music,AT,The Linden Hours,Album,Tidewater,Glasshouse,Nordlys Records,4065629200201,DEX252500206,508,2.400300,USD
2026-01,2026-03-31,Amazon Music,DE,The Linden Hours,Album,Tidewater,Glasshouse,Nordlys Records,4065629200201,DEX252500206,1728,8.079264,USD
2026-01,2026-03-31,Amazon Music,GB,The Linden Hours,Album,Tidewater,Glasshouse,Nordlys Records,4065629200201,DEX252500206,630,2.616705,USD
2026-01,2026-03-31,Amazon Music,NL,The Linden Hours,Album,Tidewater,Glasshouse,Nordlys Records,4065629200201,DEX252500206,463,2.177258,USD
2026-01,2026-03-31,Amazon Music,SE,The Linden Hours,Album,Tidewater,Glasshouse,Nordlys Records,4065629200201,DEX252500206,396,1.796256,USD
2026-01,2026-03-31,Amazon Music,US,The Linden Hours,Album,Tidewater,Glasshouse,Nordlys Records,4065629200201,DEX252500206,841,3.602844,USD
2026-01,2026-03-31,Amazon Music,AT,The Linden Hours,Album,Tidewater,Summer Static,Nordlys Records,4065629200201,DEX252500207,981,4.480718,USD
2026-01,2026-03-31,Amazon Music,DE,The Linden Hours,Album,Tidewater,Summer Static,Nordlys Records,4065629200201,DEX252500207,5202,22.402413,USD
2026-01,2026-03-31,Amazon Music,GB,The Linden Hours,Album,Tidewater,Summer Static,Nordlys Records,4065629200201,DEX252500207,1404,6.393816,USD
2026-01,2026-03-31,Amazon Music,NL,The Linden Hours,Album,Tidewater,Summer Static,Nordlys Records,4065629200201,DEX252500207,927,4.346703,USD
2026-01,2026-03-31,Amazon Music,SE,The Linden Hours,Album,Tidewater,Summer Static,Nordlys Records,4065629200201,DEX252500207,769,3.335922,USD
2026-01,2026-03-31,Amazon Music,US,The Linden Hours,Album,Tidewater,Summer Static,Nordlys Records,4065629200201,DEX252500207,2466,10.974933,USD
2026-01,2026-03-31,Amazon Music,AT,The Linden Hours,Album,Tidewater,Tidewater,Nordlys Records,4065629200201,DEX252500208,369,1.622309,USD
2026-01,2026-03-31,Amazon Music,DE,The Linden Hours,Album,Tidewater,Tidewater,Nordlys Records,4065629200201,DEX252500208,1417,6.350994,USD
2026-01,2026-03-31,Amazon Music,GB,The Linden Hours,Album,Tidewater,Tidewater,Nordlys Records,4065629200201,DEX252500208,441,2.024190,USD
2026-01,2026-03-31,Amazon Music,NL,The Linden Hours,Album,Tidewater,Tidewater,Nordlys Records,4065629200201,DEX252500208,283,1.279868,USD
2026-01,2026-03-31,Amazon Music,SE,The Linden Hours,Album,Tidewater,Tidewater,Nordlys Records,4065629200201,DEX252500208,207,0.909144,USD
2026-01,2026-03-31,Amazon Music,US,The Linden Hours,Album,Tidewater,Tidewater,Nordlys Records,4065629200201,DEX252500208,796,3.800502,USD
2026-01,2026-03-31,Apple Music,AT,The Linden Hours,Album,Tidewater,Linden,Nordlys Records,4065629200201,DEX252500201,922,6.703309,USD
2026-01,2026-03-31,Apple Music,DE,The Linden Hours,Album,Tidewater,Linden,Nordlys Records,4065629200201,DEX252500201,4216,29.424729,USD
2026-01,2026-03-31,Apple Music,GB,The Linden Hours,Album,Tidewater,Linden,Nordlys Records,4065629200201,DEX252500201,1188,9.042106,USD
2026-01,2026-03-31,Apple Music,NL,The Linden Hours,Album,Tidewater,Linden,Nordlys Records,4065629200201,DEX252500201,981,7.104402,USD
2026-01,2026-03-31,Apple Music,SE,The Linden Hours,Album,Tidewater,Linden,Nordlys Records,4065629200201,DEX252500201,828,6.066922,USD
2026-01,2026-03-31,Apple Music,US,The Linden Hours,Album,Tidewater,Linden,Nordlys Records,4065629200201,DEX252500201,1935,13.985793,USD
2026-01,2026-03-31,Apple Music,AT,The Linden Hours,Album,Tidewater,Paper Lanterns,Nordlys Records,4065629200201,DEX252500202,1476,10.458641,USD
2026-01,2026-03-31,Apple Music,DE,The Linden Hours,Album,Tidewater,Paper Lanterns,Nordlys Records,4065629200201,DEX252500202,6349,46.610549,USD
2026-01,2026-03-31,Apple Music,GB,The Linden Hours,Album,Tidewater,Paper Lanterns,Nordlys Records,4065629200201,DEX252500202,1984,14.720288,USD
2026-01,2026-03-31,Apple Music,NL,The Linden Hours,Album,Tidewater,Paper Lanterns,Nordlys Records,4065629200201,DEX252500202,1152,7.614835,USD
2026-01,2026-03-31,Apple Music,SE,The Linden Hours,Album,Tidewater,Paper Lanterns,Nordlys Records,4065629200201,DEX252500202,927,6.989765,USD
2026-01,2026-03-31,Apple Music,US,The Linden Hours,Album,Tidewater,Paper Lanterns,Nordlys Records,4065629200201,DEX252500202,3415,25.531565,USD
2026-01,2026-03-31,Apple Music,AT,The Linden Hours,Album,Tidewater,Salt and Iron,Nordlys Records,4065629200201,DEX252500203,684,4.846687,USD
2026-01,2026-03-31,Apple Music,DE,The Linden Hours,Album,Tidewater,Salt and Iron,Nordlys Records,4065629200201,DEX252500203,2475,17.361630,USD
2026-01,2026-03-31,Apple Music,GB,The Linden Hours,Album,Tidewater,Salt and Iron,Nordlys Records,4065629200201,DEX252500203,931,7.006706,USD
2026-01,2026-03-31,Apple Music,NL,The Linden Hours,Album,Tidewater,Salt and Iron,Nordlys Records,4065629200201,DEX252500203,666,4.624571,USD
2026-01,2026-03-31,Apple Music,SE,The Linden Hours,Album,Tidewater,Salt and Iron,Nordlys Records,4065629200201,DEX252500203,454,3.281421,USD
2026-01,2026-03-31,Apple Music,US,The Linden Hours,Album,Tidewater,Salt and Iron,Nordlys Records,4065629200201,DEX252500203,1467,10.665677,USD
2026-01,2026-03-31,Apple Music,AT,The Linden Hours,Album,Tidewater,The Quiet Year,Nordlys Records,4065629200201,DEX252500204,697,4.656727,USD
2026-01,2026-03-31,Apple Music,DE,The Linden Hours,Album,Tidewater,The Quiet Year,Nordlys Records,4065629200201,DEX252500204,2506,16.742837,USD
2026-01,2026-03-31,Apple Music,GB,The Linden Hours,Album,Tidewater,The Quiet Year,Nordlys Records,4065629200201,DEX252500204,589,4.390995,USD
2026-01,2026-03-31,Apple Music,NL,The Linden Hours,Album,Tidewater,The Quiet Year,Nordlys Records,4065629200201,DEX252500204,675,5.022540,USD
2026-01,2026-03-31,Apple Music,SE,The Linden Hours,Album,Tidewater,The Quiet Year,Nordlys Records,4065629200201,DEX252500204,427,3.107493,USD
2026-01,2026-03-31,Apple Music,US,The Linden Hours,Album,Tidewater,The Quiet Year,Nordlys Records,4065629200201,DEX252500204,1116,7.543267,USD
2026-01,2026-03-31,Apple Music,AT,The Linden Hours,Album,Tidewater,Second Light,Nordlys Records,4065629200201,DEX252500205,373,2.574148,USD
2026-01,2026-03-31,Apple Music,DE,The Linden Hours,Album,Tidewater,Second Light,Nordlys Records,4065629200201,DEX252500205,2092,14.303632,USD
2026-01,2026-03-31,Apple Music,GB,The Linden Hours,Album,Tidewater,Second Light,Nordlys Records,4065629200201,DEX252500205,634,4.168296,USD
2026-01,2026-03-31,Apple Music,NL,The Linden Hours,Album,Tidewater,Second Light,Nordlys Records,4065629200201,DEX252500205,414,2.813006,USD
2026-01,2026-03-31,Apple Music,SE,The Linden Hours,Album,Tidewater,Second Light,Nordlys Records,4065629200201,DEX252500205,319,2.369085,USD
2026-01,2026-03-31,Apple Music,US,The Linden Hours,Album,Tidewater,Second Light,Nordlys Records,4065629200201,DEX252500205,940,6.740740,USD
2026-01,2026-03-31,Apple Music,AT,The Linden Hours,Album,Tidewater,Glasshouse,Nordlys Records,4065629200201,DEX252500206,819,6.018422,USD
2026-01,2026-03-31,Apple Music,DE,The Linden Hours,Album,Tidewater,Glasshouse,Nordlys Records,4065629200201,DEX252500206,3568,26.827435,USD
2026-01,2026-03-31,Apple Music,GB,The Linden Hours,Album,Tidewater,Glasshouse,Nordlys Records,4065629200201,DEX252500206,1318,9.825690,USD
2026-01,2026-03-31,Apple Music,NL,The Linden Hours,Album,Tidewater,Glasshouse,Nordlys Records,4065629200201,DEX252500206,873,6.663173,USD
2026-01,2026-03-31,Apple Music,SE,The Linden Hours,Album,Tidewater,Glasshouse,Nordlys Records,4065629200201,DEX252500206,625,4.459688,USD
2026-01,2026-03-31,Apple Music,US,The Linden Hours,Album,Tidewater,Glasshouse,Nordlys Records,4065629200201,DEX252500206,1813,12.975278,USD
2026-01,2026-03-31,Apple Music,AT,The Linden Hours,Album,Tidewater,Summer Static,Nordlys Records,4065629200201,DEX252500207,2034,13.921510,USD
2026-01,2026-03-31,Apple Music,DE,The Linden Hours,Album,Tidewater,Summer Static,Nordlys Records,4065629200201,DEX252500207,7803,51.357005,USD
2026-01,2026-03-31,Apple Music,GB,The Linden Hours,Album,Tidewater,Summer Static,Nordlys Records,4065629200201,DEX252500207,3253,23.211782,USD
2026-01,2026-03-31,Apple Music,NL,The Linden Hours,Album,Tidewater,Summer Static,Nordlys Records,4065629200201,DEX252500207,1836,12.592390,USD
2026-01,2026-03-31,Apple Music,SE,The Linden Hours,Album,Tidewater,Summer Static,Nordlys Records,4065629200201,DEX252500207,1440,9.866160,USD
2026-01,2026-03-31,Apple Music,US,The Linden Hours,Album,Tidewater,Summer Static,Nordlys Records,4065629200201,DEX252500207,4450,33.522295,USD
2026-01,2026-03-31,Apple Music,AT,The Linden Hours,Album,Tidewater,Tidewater,Nordlys Records,4065629200201,DEX252500208,711,5.376227,USD
2026-01,2026-03-31,Apple Music,DE,The Linden Hours,Album,Tidewater,Tidewater,Nordlys Records,4065629200201,DEX252500208,2151,15.959345,USD
2026-01,2026-03-31,Apple Music,GB,The Linden Hours,Album,Tidewater,Tidewater,Nordlys Records,4065629200201,DEX252500208,706,4.827134,USD
2026-01,2026-03-31,Apple Music,NL,The Linden Hours,Album,Tidewater,Tidewater,Nordlys Records,4065629200201,DEX252500208,630,4.607190,USD
2026-01,2026-03-31,Apple Music,SE,The Linden Hours,Album,Tidewater,Tidewater,Nordlys Records,4065629200201,DEX252500208,328,2.326471,USD
2026-01,2026-03-31,Apple Music,US,The Linden Hours,Album,Tidewater,Tidewater,Nordlys Records,4065629200201,DEX252500208,1282,9.038485,USD
2026-01,2026-03-31,Deezer,AT,The Linden Hours,Album,Tidewater,Linden,Nordlys Records,4065629200201,DEX252500201,364,1.231776,USD
2026-01,2026-03-31,Deezer,DE,The Linden Hours,Album,Tidewater,Linden,Nordlys Records,4065629200201,DEX252500201,1701,5.890903,USD
2026-01,2026-03-31,Deezer,GB,The Linden Hours,Album,Tidewater,Linden,Nordlys Records,4065629200201,DEX252500201,594,2.234628,USD
2026-01,2026-03-31,Deezer,NL,The Linden Hours,Album,Tidewater,Linden,Nordlys Records,4065629200201,DEX252500201,360,1.394496,USD
2026-01,2026-03-31,Deezer,SE,The Linden Hours,Album,Tidewater,Linden,Nordlys Records,4065629200201,DEX252500201,346,1.164636,USD
2026-01,2026-03-31,Deezer,US,The Linden Hours,Album,Tidewater,Linden,Nordlys Records,4065629200201,DEX252500201,850,3.056940,USD
2026-01,2026-03-31,Deezer,AT,The Linden Hours,Album,Tidewater,Paper Lanterns,Nordlys Records,4065629200201,DEX252500202,427,1.489547,USD
2026-01,2026-03-31,Deezer,DE,The Linden Hours,Album,Tidewater,Paper Lanterns,Nordlys Records,4065629200201,DEX252500202,2290,8.054388,USD
2026-01,2026-03-31,Deezer,GB,The Linden Hours,Album,Tidewater,Paper Lanterns,Nordlys Records,4065629200201,DEX252500202,841,3.200173,USD
2026-01,2026-03-31,Deezer,NL,The Linden Hours,Album,Tidewater,Paper Lanterns,Nordlys Records,4065629200201,DEX252500202,517,1.931926,USD
2026-01,2026-03-31,Deezer,SE,The Linden Hours,Album,Tidewater,Paper Lanterns,Nordlys Records,4065629200201,DEX252500202,382,1.459087,USD
2026-01,2026-03-31,Deezer,US,The Linden Hours,Album,Tidewater,Paper Lanterns,Nordlys Records,4065629200201,DEX252500202,1332,5.063731,USD
2026-01,2026-03-31,Deezer,AT,The Linden Hours,Album,Tidewater,Salt and Iron,Nordlys Records,4065629200201,DEX252500203,265,0.894852,USD
2026-01,2026-03-31,Deezer,DE,The Linden Hours,Album,Tidewater,Salt and Iron,Nordlys Records,4065629200201,DEX252500203,1467,5.386824,USD
2026-01,2026-03-31,Deezer,GB,The Linden Hours,Album,Tidewater,Salt and Iron,Nordlys Records,4065629200201,DEX252500203,391,1.348481,USD
2026-01,2026-03-31,Deezer,NL,The Linden Hours,Album,Tidewater,Salt and Iron,Nordlys Records,4065629200201,DEX252500203,292,1.079582,USD
2026-01,2026-03-31,Deezer,SE,The Linden Hours,Album,Tidewater,Salt and Iron,Nordlys Records,4065629200201,DEX252500203,207,0.725825,USD
2026-01,2026-03-31,Deezer,US,The Linden Hours,Album,Tidewater,Salt and Iron,Nordlys Records,4065629200201,DEX252500203,706,2.417062,USD
2026-01,2026-03-31,Deezer,AT,The Linden Hours,Album,Tidewater,The Quiet Year,Nordlys Records,4065629200201,DEX252500204,279,1.023484,USD
2026-01,2026-03-31,Deezer,DE,The Linden Hours,Album,Tidewater,The Quiet Year,Nordlys Records,4065629200201,DEX252500204,801,2.725002,USD
2026-01,2026-03-31,Deezer,GB,The Linden Hours,Album,Tidewater,The Quiet Year,Nordlys Records,4065629200201,DEX252500204,373,1.413968,USD
2026-01,2026-03-31,Deezer,NL,The Linden Hours,Album,Tidewater,The Quiet Year,Nordlys Records,4065629200201,DEX252500204,238,0.892786,USD
2026-01,2026-03-31,Deezer,SE,The Linden Hours,Album,Tidewater,The Quiet Year,Nordlys Records,4065629200201,DEX252500204,180,0.651888,USD
2026-01,2026-03-31,Deezer,US,The Linden Hours,Album,Tidewater,The Quiet Year,Nordlys Records,4065629200201,DEX252500204,490,1.822212,USD
2026-01,2026-03-31,Deezer,AT,The Linden Hours,Album,Tidewater,Second Light,Nordlys Records,4065629200201,DEX252500205,225,0.787320,USD
2026-01,2026-03-31,Deezer,DE,The Linden Hours,Album,Tidewater,Second Light,Nordlys Records,4065629200201,DEX252500205,652,2.283826,USD
2026-01,2026-03-31,Deezer,GB,The Linden Hours,Album,Tidewater,Second Light,Nordlys Records,4065629200201,DEX252500205,306,1.056434,USD
2026-01,2026-03-31,Deezer,NL,The Linden Hours,Album,Tidewater,Second Light,Nordlys Records,4065629200201,DEX252500205,171,0.598363,USD
2026-01,2026-03-31,Deezer,SE,The Linden Hours,Album,Tidewater,Second Light,Nordlys Records,4065629200201,DEX252500205,148,0.540259,USD
2026-01,2026-03-31,Deezer,US,The Linden Hours,Album,Tidewater,Second Light,Nordlys Records,4065629200201,DEX252500205,405,1.545480,USD
2026-01,2026-03-31,Deezer,AT,The Linden Hours,Album,Tidewater,Glasshouse,Nordlys Records,4065629200201,DEX252500206,346,1.280477,USD
2026-01,2026-03-31,Deezer,DE,The Linden Hours,Album,Tidewater,Glasshouse,Nordlys Records,4065629200201,DEX252500206,1449,5.425056,USD
2026-01,2026-03-31,Deezer,GB,The Linden Hours,Album,Tidewater,Glasshouse,Nordlys Records,4065629200201,DEX252500206,499,1.846699,USD
2026-01,2026-03-31,Deezer,NL,The Linden Hours,Album,Tidewater,Glasshouse,Nordlys Records,4065629200201,DEX252500206,333,1.129270,USD
2026-01,2026-03-31,Deezer,SE,The Linden Hours,Album,Tidewater,Glasshouse,Nordlys Records,4065629200201,DEX252500206,274,0.983441,USD
2026-01,2026-03-31,Deezer,US,The Linden Hours,Album,Tidewater,Glasshouse,Nordlys Records,4065629200201,DEX252500206,612,2.174558,USD
2026-01,2026-03-31,Deezer,AT,The Linden Hours,Album,Tidewater,Summer Static,Nordlys Records,4065629200201,DEX252500207,913,3.447853,USD
2026-01,2026-03-31,Deezer,DE,The Linden Hours,Album,Tidewater,Summer Static,Nordlys Records,4065629200201,DEX252500207,3024,10.527149,USD
2026-01,2026-03-31,Deezer,GB,The Linden Hours,Album,Tidewater,Summer Static,Nordlys Records,4065629200201,DEX252500207,1075,3.800340,USD
2026-01,2026-03-31,Deezer,NL,The Linden Hours,Album,Tidewater,Summer Static,Nordlys Records,4065629200201,DEX252500207,733,2.533248,USD
2026-01,2026-03-31,Deezer,SE,The Linden Hours,Album,Tidewater,Summer Static,Nordlys Records,4065629200201,DEX252500207,486,1.621879,USD
2026-01,2026-03-31,Deezer,US,The Linden Hours,Album,Tidewater,Summer Static,Nordlys Records,4065629200201,DEX252500207,1741,6.123445,USD
2026-01,2026-03-31,Deezer,AT,The Linden Hours,Album,Tidewater,Tidewater,Nordlys Records,4065629200201,DEX252500208,256,0.929894,USD
2026-01,2026-03-31,Deezer,DE,The Linden Hours,Album,Tidewater,Tidewater,Nordlys Records,4065629200201,DEX252500208,1138,4.006670,USD
2026-01,2026-03-31,Deezer,GB,The Linden Hours,Album,Tidewater,Tidewater,Nordlys Records,4065629200201,DEX252500208,346,1.274249,USD
2026-01,2026-03-31,Deezer,NL,The Linden Hours,Album,Tidewater,Tidewater,Nordlys Records,4065629200201,DEX252500208,256,0.915149,USD
2026-01,2026-03-31,Deezer,SE,The Linden Hours,Album,Tidewater,Tidewater,Nordlys Records,4065629200201,DEX252500208,198,0.762696,USD
2026-01,2026-03-31,Deezer,US,The Linden Hours,Album,Tidewater,Tidewater,Nordlys Records,4065629200201,DEX252500208,522,1.841616,USD
2026-01,2026-03-31,Spotify,AT,The Linden Hours,Album,Tidewater,Linden,Nordlys Records,4065629200201,DEX252500201,3645,12.340512,USD
2026-01,2026-03-31,Spotify,DE,The Linden Hours,Album,Tidewater,Linden,Nordlys Records,4065629200201,DEX252500201,18490,59.818848,USD
2026-01,2026-03-31,Spotify,GB,The Linden Hours,Album,Tidewater,Linden,Nordlys Records,4065629200201,DEX252500201,6309,20.309933,USD
2026-01,2026-03-31,Spotify,NL,The Linden Hours,Album,Tidewater,Linden,Nordlys Records,4065629200201,DEX252500201,4054,13.841978,USD
2026-01,2026-03-31,Spotify,SE,The Linden Hours,Album,Tidewater,Linden,Nordlys Records,4065629200201,DEX252500201,2164,6.426214,USD
2026-01,2026-03-31,Spotify,US,The Linden Hours,Album,Tidewater,Linden,Nordlys Records,4065629200201,DEX252500201,8608,25.755136,USD
2026-01,2026-03-31,Spotify,AT,The Linden Hours,Album,Tidewater,Paper Lanterns,Nordlys Records,4065629200201,DEX252500202,5319,17.871840,USD
2026-01,2026-03-31,Spotify,DE,The Linden Hours,Album,Tidewater,Paper Lanterns,Nordlys Records,4065629200201,DEX252500202,26289,85.723171,USD
2026-01,2026-03-31,Spotify,GB,The Linden Hours,Album,Tidewater,Paper Lanterns,Nordlys Records,4065629200201,DEX252500202,7524,23.282266,USD
2026-01,2026-03-31,Spotify,NL,The Linden Hours,Album,Tidewater,Paper Lanterns,Nordlys Records,4065629200201,DEX252500202,6570,19.426176,USD
2026-01,2026-03-31,Spotify,SE,The Linden Hours,Album,Tidewater,Paper Lanterns,Nordlys Records,4065629200201,DEX252500202,4315,13.946080,USD
2026-01,2026-03-31,Spotify,US,The Linden Hours,Album,Tidewater,Paper Lanterns,Nordlys Records,4065629200201,DEX252500202,11349,34.355693,USD
2026-01,2026-03-31,Spotify,AT,The Linden Hours,Album,Tidewater,Salt and Iron,Nordlys Records,4065629200201,DEX252500203,3276,10.881562,USD
2026-01,2026-03-31,Spotify,DE,The Linden Hours,Album,Tidewater,Salt and Iron,Nordlys Records,4065629200201,DEX252500203,9355,28.349392,USD
2026-01,2026-03-31,Spotify,GB,The Linden Hours,Album,Tidewater,Salt and Iron,Nordlys Records,4065629200201,DEX252500203,4176,14.017997,USD
2026-01,2026-03-31,Spotify,NL,The Linden Hours,Album,Tidewater,Salt and Iron,Nordlys Records,4065629200201,DEX252500203,2331,7.280179,USD
2026-01,2026-03-31,Spotify,SE,The Linden Hours,Album,Tidewater,Salt and Iron,Nordlys Records,4065629200201,DEX252500203,2281,7.306499,USD
2026-01,2026-03-31,Spotify,US,The Linden Hours,Album,Tidewater,Salt and Iron,Nordlys Records,4065629200201,DEX252500203,6016,20.233011,USD
2026-01,2026-03-31,Spotify,AT,The Linden Hours,Album,Tidewater,The Quiet Year,Nordlys Records,4065629200201,DEX252500204,2655,8.784864,USD
2026-01,2026-03-31,Spotify,DE,The Linden Hours,Album,Tidewater,The Quiet Year,Nordlys Records,4065629200201,DEX252500204,10462,35.687974,USD
2026-01,2026-03-31,Spotify,GB,The Linden Hours,Album,Tidewater,The Quiet Year,Nordlys Records,4065629200201,DEX252500204,3438,11.485670,USD
2026-01,2026-03-31,Spotify,NL,The Linden Hours,Album,Tidewater,The Quiet Year,Nordlys Records,4065629200201,DEX252500204,2038,6.228128,USD
2026-01,2026-03-31,Spotify,SE,The Linden Hours,Album,Tidewater,The Quiet Year,Nordlys Records,4065629200201,DEX252500204,2034,6.970925,USD
2026-01,2026-03-31,Spotify,US,The Linden Hours,Album,Tidewater,The Quiet Year,Nordlys Records,4065629200201,DEX252500204,4914,16.369517,USD
2026-01,2026-03-31,Spotify,AT,The Linden Hours,Album,Tidewater,Second Light,Nordlys Records,4065629200201,DEX252500205,2191,7.375782,USD
2026-01,2026-03-31,Spotify,DE,The Linden Hours,Album,Tidewater,Second Light,Nordlys Records,4065629200201,DEX252500205,8347,26.790531,USD
2026-01,2026-03-31,Spotify,GB,The Linden Hours,Album,Tidewater,Second Light,Nordlys Records,4065629200201,DEX252500205,2997,9.676714,USD
2026-01,2026-03-31,Spotify,NL,The Linden Hours,Album,Tidewater,Second Light,Nordlys Records,4065629200201,DEX252500205,1773,5.582822,USD
2026-01,2026-03-31,Spotify,SE,The Linden Hours,Album,Tidewater,Second Light,Nordlys Records,4065629200201,DEX252500205,1539,5.269536,USD
2026-01,2026-03-31,Spotify,US,The Linden Hours,Album,Tidewater,Second Light,Nordlys Records,4065629200201,DEX252500205,3753,11.265005,USD
2026-01,2026-03-31,Spotify,AT,The Linden Hours,Album,Tidewater,Glasshouse,Nordlys Records,4065629200201,DEX252500206,3280,10.716416,USD
2026-01,2026-03-31,Spotify,DE,The Linden Hours,Album,Tidewater,Glasshouse,Nordlys Records,4065629200201,DEX252500206,14179,42.015213,USD
2026-01,2026-03-31,Spotify,GB,The Linden Hours,Album,Tidewater,Glasshouse,Nordlys Records,4065629200201,DEX252500206,4963,16.612154,USD
2026-01,2026-03-31,Spotify,NL,The Linden Hours,Album,Tidewater,Glasshouse,Nordlys Records,4065629200201,DEX252500206,3006,9.388339,USD
2026-01,2026-03-31,Spotify,SE,The Linden Hours,Album,Tidewater,Glasshouse,Nordlys Records,4065629200201,DEX252500206,2421,8.243021,USD
2026-01,2026-03-31,Spotify,US,The Linden Hours,Album,Tidewater,Glasshouse,Nordlys Records,4065629200201,DEX252500206,7290,25.194240,USD
2026-01,2026-03-31,Spotify,AT,The Linden Hours,Album,Tidewater,Summer Static,Nordlys Records,4065629200201,DEX252500207,8640,26.348544,USD
2026-01,2026-03-31,Spotify,DE,The Linden Hours,Album,Tidewater,Summer Static,Nordlys Records,4065629200201,DEX252500207,30996,98.988826,USD
2026-01,2026-03-31,Spotify,GB,The Linden Hours,Album,Tidewater,Summer Static,Nordlys Records,4065629200201,DEX252500207,10773,35.818070,USD
2026-01,2026-03-31,Spotify,NL,The Linden Hours,Album,Tidewater,Summer Static,Nordlys Records,4065629200201,DEX252500207,7713,25.940362,USD
2026-01,2026-03-31,Spotify,SE,The Linden Hours,Album,Tidewater,Summer Static,Nordlys Records,4065629200201,DEX252500207,6079,20.522704,USD
2026-01,2026-03-31,Spotify,US,The Linden Hours,Album,Tidewater,Summer Static,Nordlys Records,4065629200201,DEX252500207,17739,54.834797,USD
2026-01,2026-03-31,Spotify,AT,The Linden Hours,Album,Tidewater,Tidewater,Nordlys Records,4065629200201,DEX252500208,2641,7.884970,USD
2026-01,2026-03-31,Spotify,DE,The Linden Hours,Album,Tidewater,Tidewater,Nordlys Records,4065629200201,DEX252500208,11578,35.938112,USD
2026-01,2026-03-31,Spotify,GB,The Linden Hours,Album,Tidewater,Tidewater,Nordlys Records,4065629200201,DEX252500208,3348,11.077862,USD
2026-01,2026-03-31,Spotify,NL,The Linden Hours,Album,Tidewater,Tidewater,Nordlys Records,4065629200201,DEX252500208,2232,7.213824,USD
2026-01,2026-03-31,Spotify,SE,The Linden Hours,Album,Tidewater,Tidewater,Nordlys Records,4065629200201,DEX252500208,1782,6.118675,USD
2026-01,2026-03-31,Spotify,US,The Linden Hours,Album,Tidewater,Tidewater,Nordlys Records,4065629200201,DEX252500208,4171,12.853354,USD
2026-01,2026-03-31,Tidal,AT,The Linden Hours,Album,Tidewater,Linden,Nordlys Records,4065629200201,DEX252500201,355,3.280697,USD
2026-01,2026-03-31,Tidal,DE,The Linden Hours,Album,Tidewater,Linden,Nordlys Records,4065629200201,DEX252500201,1323,12.537542,USD
2026-01,2026-03-31,Tidal,GB,The Linden Hours,Album,Tidewater,Linden,Nordlys Records,4065629200201,DEX252500201,549,5.541606,USD
2026-01,2026-03-31,Tidal,NL,The Linden Hours,Album,Tidewater,Linden,Nordlys Records,4065629200201,DEX252500201,279,2.944733,USD
2026-01,2026-03-31,Tidal,SE,The Linden Hours,Album,Tidewater,Linden,Nordlys Records,4065629200201,DEX252500201,193,1.961382,USD
2026-01,2026-03-31,Tidal,US,The Linden Hours,Album,Tidewater,Linden,Nordlys Records,4065629200201,DEX252500201,702,7.017192,USD
2026-01,2026-03-31,Tidal,AT,The Linden Hours,Album,Tidewater,Paper Lanterns,Nordlys Records,4065629200201,DEX252500202,526,5.190884,USD
2026-01,2026-03-31,Tidal,DE,The Linden Hours,Album,Tidewater,Paper Lanterns,Nordlys Records,4065629200201,DEX252500202,2484,23.053010,USD
2026-01,2026-03-31,Tidal,GB,The Linden Hours,Album,Tidewater,Paper Lanterns,Nordlys Records,4065629200201,DEX252500202,738,6.964801,USD
2026-01,2026-03-31,Tidal,NL,The Linden Hours,Album,Tidewater,Paper Lanterns,Nordlys Records,4065629200201,DEX252500202,391,3.613387,USD
2026-01,2026-03-31,Tidal,SE,The Linden Hours,Album,Tidewater,Paper Lanterns,Nordlys Records,4065629200201,DEX252500202,355,3.579891,USD
2026-01,2026-03-31,Tidal,US,The Linden Hours,Album,Tidewater,Paper Lanterns,Nordlys Records,4065629200201,DEX252500202,1026,9.903978,USD
2026-01,2026-03-31,Tidal,AT,The Linden Hours,Album,Tidewater,Salt and Iron,Nordlys Records,4065629200201,DEX252500203,261,2.726615,USD
2026-01,2026-03-31,Tidal,DE,The Linden Hours,Album,Tidewater,Salt and Iron,Nordlys Records,4065629200201,DEX252500203,1071,10.138943,USD
2026-01,2026-03-31,Tidal,GB,The Linden Hours,Album,Tidewater,Salt and Iron,Nordlys Records,4065629200201,DEX252500203,337,3.157286,USD
2026-01,2026-03-31,Tidal,NL,The Linden Hours,Album,Tidewater,Salt and Iron,Nordlys Records,4065629200201,DEX252500203,234,2.286320,USD
2026-01,2026-03-31,Tidal,SE,The Linden Hours,Album,Tidewater,Salt and Iron,Nordlys Records,4065629200201,DEX252500203,162,1.644754,USD
2026-01,2026-03-31,Tidal,US,The Linden Hours,Album,Tidewater,Salt and Iron,Nordlys Records,4065629200201,DEX252500203,553,5.603660,USD
2026-01,2026-03-31,Tidal,AT,The Linden Hours,Album,Tidewater,The Quiet Year,Nordlys Records,4065629200201,DEX252500204,220,2.076228,USD
2026-01,2026-03-31,Tidal,DE,The Linden Hours,Album,Tidewater,The Quiet Year,Nordlys Records,4065629200201,DEX252500204,891,8.321405,USD
2026-01,2026-03-31,Tidal,GB,The Linden Hours,Album,Tidewater,The Quiet Year,Nordlys Records,4065629200201,DEX252500204,319,3.007404,USD
2026-01,2026-03-31,Tidal,NL,The Linden Hours,Album,Tidewater,The Quiet Year,Nordlys Records,4065629200201,DEX252500204,175,1.812755,USD
2026-01,2026-03-31,Tidal,SE,The Linden Hours,Album,Tidewater,The Quiet Year,Nordlys Records,4065629200201,DEX252500204,171,1.731101,USD
2026-01,2026-03-31,Tidal,US,The Linden Hours,Album,Tidewater,The Quiet Year,Nordlys Records,4065629200201,DEX252500204,459,4.606157,USD
2026-01,2026-03-31,Tidal,AT,The Linden Hours,Album,Tidewater,Second Light,Nordlys Records,4065629200201,DEX252500205,180,1.735776,USD
2026-01,2026-03-31,Tidal,DE,The Linden Hours,Album,Tidewater,Second Light,Nordlys Records,4065629200201,DEX252500205,814,8.009109,USD
2026-01,2026-03-31,Tidal,GB,The Linden Hours,Album,Tidewater,Second Light,Nordlys Records,4065629200201,DEX252500205,234,2.284027,USD
2026-01,2026-03-31,Tidal,NL,The Linden Hours,Album,Tidewater,Second Light,Nordlys Records,4065629200201,DEX252500205,153,1.535386,USD
2026-01,2026-03-31,Tidal,SE,The Linden Hours,Album,Tidewater,Second Light,Nordlys Records,4065629200201,DEX252500205,112,1.035037,USD
2026-01,2026-03-31,Tidal,US,The Linden Hours,Album,Tidewater,Second Light,Nordlys Records,4065629200201,DEX252500205,369,3.460703,USD
2026-01,2026-03-31,Tidal,AT,The Linden Hours,Album,Tidewater,Glasshouse,Nordlys Records,4065629200201,DEX252500206,292,2.672734,USD
2026-01,2026-03-31,Tidal,DE,The Linden Hours,Album,Tidewater,Glasshouse,Nordlys Records,4065629200201,DEX252500206,1417,13.345023,USD
2026-01,2026-03-31,Tidal,GB,The Linden Hours,Album,Tidewater,Glasshouse,Nordlys Records,4065629200201,DEX252500206,409,4.272741,USD
2026-01,2026-03-31,Tidal,NL,The Linden Hours,Album,Tidewater,Glasshouse,Nordlys Records,4065629200201,DEX252500206,288,2.712326,USD
2026-01,2026-03-31,Tidal,SE,The Linden Hours,Album,Tidewater,Glasshouse,Nordlys Records,4065629200201,DEX252500206,189,1.957775,USD
2026-01,2026-03-31,Tidal,US,The Linden Hours,Album,Tidewater,Glasshouse,Nordlys Records,4065629200201,DEX252500206,544,5.699053,USD
2026-01,2026-03-31,Tidal,AT,The Linden Hours,Album,Tidewater,Summer Static,Nordlys Records,4065629200201,DEX252500207,756,7.645882,USD
2026-01,2026-03-31,Tidal,DE,The Linden Hours,Album,Tidewater,Summer Static,Nordlys Records,4065629200201,DEX252500207,2947,27.147764,USD
2026-01,2026-03-31,Tidal,GB,The Linden Hours,Album,Tidewater,Summer Static,Nordlys Records,4065629200201,DEX252500207,778,7.738766,USD
2026-01,2026-03-31,Tidal,NL,The Linden Hours,Album,Tidewater,Summer Static,Nordlys Records,4065629200201,DEX252500207,612,5.769691,USD
2026-01,2026-03-31,Tidal,SE,The Linden Hours,Album,Tidewater,Summer Static,Nordlys Records,4065629200201,DEX252500207,522,5.366264,USD
2026-01,2026-03-31,Tidal,US,The Linden Hours,Album,Tidewater,Summer Static,Nordlys Records,4065629200201,DEX252500207,1458,15.431472,USD
2026-01,2026-03-31,Tidal,AT,The Linden Hours,Album,Tidewater,Tidewater,Nordlys Records,4065629200201,DEX252500208,220,2.054668,USD
2026-01,2026-03-31,Tidal,DE,The Linden Hours,Album,Tidewater,Tidewater,Nordlys Records,4065629200201,DEX252500208,828,8.447090,USD
2026-01,2026-03-31,Tidal,GB,The Linden Hours,Album,Tidewater,Tidewater,Nordlys Records,4065629200201,DEX252500208,306,3.112754,USD
2026-01,2026-03-31,Tidal,NL,The Linden Hours,Album,Tidewater,Tidewater,Nordlys Records,4065629200201,DEX252500208,207,2.010343,USD
2026-01,2026-03-31,Tidal,SE,The Linden Hours,Album,Tidewater,Tidewater,Nordlys Records,4065629200201,DEX252500208,112,1.106381,USD
2026-01,2026-03-31,Tidal,US,The Linden Hours,Album,Tidewater,Tidewater,Nordlys Records,4065629200201,DEX252500208,400,4.068960,USD
2026-01,2026-03-31,YouTube Music,AT,The Linden Hours,Album,Tidewater,Linden,Nordlys Records,4065629200201,DEX252500201,630,1.248912,USD
2026-01,2026-03-31,YouTube Music,DE,The Linden Hours,Album,Tidewater,Linden,Nordlys Records,4065629200201,DEX252500201,2799,5.995458,USD
2026-01,2026-03-31,YouTube Music,GB,The Linden Hours,Album,Tidewater,Linden,Nordlys Records,4065629200201,DEX252500201,810,1.677186,USD
2026-01,2026-03-31,YouTube Music,NL,The Linden Hours,Album,Tidewater,Linden,Nordlys Records,4065629200201,DEX252500201,576,1.237421,USD
2026-01,2026-03-31,YouTube Music,SE,The Linden Hours,Album,Tidewater,Linden,Nordlys Records,4065629200201,DEX252500201,454,0.885709,USD
2026-01,2026-03-31,YouTube Music,US,The Linden Hours,Album,Tidewater,Linden,Nordlys Records,4065629200201,DEX252500201,1381,2.833398,USD
2026-01,2026-03-31,YouTube Music,AT,The Linden Hours,Album,Tidewater,Paper Lanterns,Nordlys Records,4065629200201,DEX252500202,1120,2.443728,USD
2026-01,2026-03-31,YouTube Music,DE,The Linden Hours,Album,Tidewater,Paper Lanterns,Nordlys Records,4065629200201,DEX252500202,3982,7.910641,USD
2026-01,2026-03-31,YouTube Music,GB,The Linden Hours,Album,Tidewater,Paper Lanterns,Nordlys Records,4065629200201,DEX252500202,1053,2.388204,USD
2026-01,2026-03-31,YouTube Music,NL,The Linden Hours,Album,Tidewater,Paper Lanterns,Nordlys Records,4065629200201,DEX252500202,801,1.682100,USD
2026-01,2026-03-31,YouTube Music,SE,The Linden Hours,Album,Tidewater,Paper Lanterns,Nordlys Records,4065629200201,DEX252500202,634,1.243528,USD
2026-01,2026-03-31,YouTube Music,US,The Linden Hours,Album,Tidewater,Paper Lanterns,Nordlys Records,4065629200201,DEX252500202,1804,3.989185,USD
2026-01,2026-03-31,YouTube Music,AT,The Linden Hours,Album,Tidewater,Salt and Iron,Nordlys Records,4065629200201,DEX252500203,472,1.035804,USD
2026-01,2026-03-31,YouTube Music,DE,The Linden Hours,Album,Tidewater,Salt and Iron,Nordlys Records,4065629200201,DEX252500203,2223,4.752329,USD
2026-01,2026-03-31,YouTube Music,GB,The Linden Hours,Album,Tidewater,Salt and Iron,Nordlys Records,4065629200201,DEX252500203,693,1.365071,USD
2026-01,2026-03-31,YouTube Music,NL,The Linden Hours,Album,Tidewater,Salt and Iron,Nordlys Records,4065629200201,DEX252500203,378,0.821583,USD
2026-01,2026-03-31,YouTube Music,SE,The Linden Hours,Album,Tidewater,Salt and Iron,Nordlys Records,4065629200201,DEX252500203,319,0.713444,USD
2026-01,2026-03-31,YouTube Music,US,The Linden Hours,Album,Tidewater,Salt and Iron,Nordlys Records,4065629200201,DEX252500203,1003,2.192658,USD
2026-01,2026-03-31,YouTube Music,AT,The Linden Hours,Album,Tidewater,The Quiet Year,Nordlys Records,4065629200201,DEX252500204,346,0.782548,USD
2026-01,2026-03-31,YouTube Music,DE,The Linden Hours,Album,Tidewater,The Quiet Year,Nordlys Records,4065629200201,DEX252500204,1611,3.613151,USD
2026-01,2026-03-31,YouTube Music,GB,The Linden Hours,Album,Tidewater,The Quiet Year,Nordlys Records,4065629200201,DEX252500204,531,1.050424,USD
2026-01,2026-03-31,YouTube Music,NL,The Linden Hours,Album,Tidewater,The Quiet Year,Nordlys Records,4065629200201,DEX252500204,364,0.785039,USD
2026-01,2026-03-31,YouTube Music,SE,The Linden Hours,Album,Tidewater,The Quiet Year,Nordlys Records,4065629200201,DEX252500204,301,0.647270,USD
2026-01,2026-03-31,YouTube Music,US,The Linden Hours,Album,Tidewater,The Quiet Year,Nordlys Records,4065629200201,DEX252500204,967,2.048976,USD
2026-01,2026-03-31,YouTube Music,AT,The Linden Hours,Album,Tidewater,Second Light,Nordlys Records,4065629200201,DEX252500205,319,0.627026,USD
2026-01,2026-03-31,YouTube Music,DE,The Linden Hours,Album,Tidewater,Second Light,Nordlys Records,4065629200201,DEX252500205,1291,2.795144,USD
2026-01,2026-03-31,YouTube Music,GB,The Linden Hours,Album,Tidewater,Second Light,Nordlys Records,4065629200201,DEX252500205,472,1.008050,USD
2026-01,2026-03-31,YouTube Music,NL,The Linden Hours,Album,Tidewater,Second Light,Nordlys Records,4065629200201,DEX252500205,265,0.524780,USD
2026-01,2026-03-31,YouTube Music,SE,The Linden Hours,Album,Tidewater,Second Light,Nordlys Records,4065629200201,DEX252500205,211,0.422274,USD
2026-01,2026-03-31,YouTube Music,US,The Linden Hours,Album,Tidewater,Second Light,Nordlys Records,4065629200201,DEX252500205,652,1.362354,USD
2026-01,2026-03-31,YouTube Music,AT,The Linden Hours,Album,Tidewater,Glasshouse,Nordlys Records,4065629200201,DEX252500206,612,1.318615,USD
2026-01,2026-03-31,YouTube Music,DE,The Linden Hours,Album,Tidewater,Glasshouse,Nordlys Records,4065629200201,DEX252500206,2061,4.406006,USD
2026-01,2026-03-31,YouTube Music,GB,The Linden Hours,Album,Tidewater,Glasshouse,Nordlys Records,4065629200201,DEX252500206,846,1.893856,USD
2026-01,2026-03-31,YouTube Music,NL,The Linden Hours,Album,Tidewater,Glasshouse,Nordlys Records,4065629200201,DEX252500206,508,1.009193,USD
2026-01,2026-03-31,YouTube Music,SE,The Linden Hours,Album,Tidewater,Glasshouse,Nordlys Records,4065629200201,DEX252500206,382,0.762090,USD
2026-01,2026-03-31,YouTube Music,US,The Linden Hours,Album,Tidewater,Glasshouse,Nordlys Records,4065629200201,DEX252500206,1269,2.840783,USD
2026-01,2026-03-31,YouTube Music,AT,The Linden Hours,Album,Tidewater,Summer Static,Nordlys Records,4065629200201,DEX252500207,1170,2.614248,USD
2026-01,2026-03-31,YouTube Music,DE,The Linden Hours,Album,Tidewater,Summer Static,Nordlys Records,4065629200201,DEX252500207,5251,10.189040,USD
2026-01,2026-03-31,YouTube Music,GB,The Linden Hours,Album,Tidewater,Summer Static,Nordlys Records,4065629200201,DEX252500207,1584,3.130142,USD
2026-01,2026-03-31,YouTube Music,NL,The Linden Hours,Album,Tidewater,Summer Static,Nordlys Records,4065629200201,DEX252500207,940,1.847664,USD
2026-01,2026-03-31,YouTube Music,SE,The Linden Hours,Album,Tidewater,Summer Static,Nordlys Records,4065629200201,DEX252500207,837,1.697938,USD
2026-01,2026-03-31,YouTube Music,US,The Linden Hours,Album,Tidewater,Summer Static,Nordlys Records,4065629200201,DEX252500207,2767,5.955968,USD
2026-01,2026-03-31,YouTube Music,AT,The Linden Hours,Album,Tidewater,Tidewater,Nordlys Records,4065629200201,DEX252500208,369,0.812870,USD
2026-01,2026-03-31,YouTube Music,DE,The Linden Hours,Album,Tidewater,Tidewater,Nordlys Records,4065629200201,DEX252500208,1728,3.418330,USD
2026-01,2026-03-31,YouTube Music,GB,The Linden Hours,Album,Tidewater,Tidewater,Nordlys Records,4065629200201,DEX252500208,517,1.004273,USD
2026-01,2026-03-31,YouTube Music,NL,The Linden Hours,Album,Tidewater,Tidewater,Nordlys Records,4065629200201,DEX252500208,400,0.863520,USD
2026-01,2026-03-31,YouTube Music,SE,The Linden Hours,Album,Tidewater,Tidewater,Nordlys Records,4065629200201,DEX252500208,288,0.587866,USD
2026-01,2026-03-31,YouTube Music,US,The Linden Hours,Album,Tidewater,Tidewater,Nordlys Records,4065629200201,DEX252500208,774,1.631902,USD
2026-02,2026-04-30,Amazon Music,AT,The Linden Hours,Album,Tidewater,Linden,Nordlys Records,4065629200201,DEX252500201,562,2.584638,USD
2026-02,2026-04-30,Amazon Music,DE,The Linden Hours,Album,Tidewater,Linden,Nordlys Records,4065629200201,DEX252500201,2106,10.045620,USD
2026-02,2026-04-30,Amazon Music,GB,The Linden Hours,Album,Tidewater,Linden,Nordlys Records,4065629200201,DEX252500201,697,3.327827,USD
2026-02,2026-04-30,Amazon Music,NL,The Linden Hours,Album,Tidewater,Linden,Nordlys Records,4065629200201,DEX252500201,454,1.957194,USD
2026-02,2026-04-30,Amazon Music,SE,The Linden Hours,Album,Tidewater,Linden,Nordlys Records,4065629200201,DEX252500201,279,1.271822,USD
2026-02,2026-04-30,Amazon Music,US,The Linden Hours,Album,Tidewater,Linden,Nordlys Records,4065629200201,DEX252500201,1026,4.580064,USD
2026-02,2026-04-30,Amazon Music,AT,The Linden Hours,Album,Tidewater,Paper Lanterns,Nordlys Records,4065629200201,DEX252500202,661,3.022092,USD
2026-02,2026-04-30,Amazon Music,DE,The Linden Hours,Album,Tidewater,Paper Lanterns,Nordlys Records,4065629200201,DEX252500202,3510,16.489980,USD
2026-02,2026-04-30,Amazon Music,GB,The Linden Hours,Album,Tidewater,Paper Lanterns,Nordlys Records,4065629200201,DEX252500202,1107,4.692573,USD
2026-02,2026-04-30,Amazon Music,NL,The Linden Hours,Album,Tidewater,Paper Lanterns,Nordlys Records,4065629200201,DEX252500202,648,3.140532,USD
2026-02,2026-04-30,Amazon Music,SE,The Linden Hours,Album,Tidewater,Paper Lanterns,Nordlys Records,4065629200201,DEX252500202,472,2.259936,USD
2026-02,2026-04-30,Amazon Music,US,The Linden Hours,Album,Tidewater,Paper Lanterns,Nordlys Records,4065629200201,DEX252500202,1413,5.868896,USD
2026-02,2026-04-30,Amazon Music,AT,The Linden Hours,Album,Tidewater,Salt and Iron,Nordlys Records,4065629200201,DEX252500203,454,1.940850,USD
2026-02,2026-04-30,Amazon Music,DE,The Linden Hours,Album,Tidewater,Salt and Iron,Nordlys Records,4065629200201,DEX252500203,1674,7.593264,USD
2026-02,2026-04-30,Amazon Music,GB,The Linden Hours,Album,Tidewater,Salt and Iron,Nordlys Records,4065629200201,DEX252500203,567,2.380550,USD
2026-02,2026-04-30,Amazon Music,NL,The Linden Hours,Album,Tidewater,Salt and Iron,Nordlys Records,4065629200201,DEX252500203,360,1.610280,USD
2026-02,2026-04-30,Amazon Music,SE,The Linden Hours,Album,Tidewater,Salt and Iron,Nordlys Records,4065629200201,DEX252500203,297,1.285713,USD
2026-02,2026-04-30,Amazon Music,US,The Linden Hours,Album,Tidewater,Salt and Iron,Nordlys Records,4065629200201,DEX252500203,715,3.069495,USD
2026-02,2026-04-30,Amazon Music,AT,The Linden Hours,Album,Tidewater,The Quiet Year,Nordlys Records,4065629200201,DEX252500204,301,1.391072,USD
2026-02,2026-04-30,Amazon Music,DE,The Linden Hours,Album,Tidewater,The Quiet Year,Nordlys Records,4065629200201,DEX252500204,1251,5.302989,USD
2026-02,2026-04-30,Amazon Music,GB,The Linden Hours,Album,Tidewater,The Quiet Year,Nordlys Records,4065629200201,DEX252500204,418,1.826451,USD
2026-02,2026-04-30,Amazon Music,NL,The Linden Hours,Album,Tidewater,The Quiet Year,Nordlys Records,4065629200201,DEX252500204,333,1.538960,USD
2026-02,2026-04-30,Amazon Music,SE,The Linden Hours,Album,Tidewater,The Quiet Year,Nordlys Records,4065629200201,DEX252500204,252,1.183896,USD
2026-02,2026-04-30,Amazon Music,US,The Linden Hours,Album,Tidewater,The Quiet Year,Nordlys Records,4065629200201,DEX252500204,720,3.061800,USD
2026-02,2026-04-30,Amazon Music,AT,The Linden Hours,Album,Tidewater,Second Light,Nordlys Records,4065629200201,DEX252500205,288,1.245456,USD
2026-02,2026-04-30,Amazon Music,DE,The Linden Hours,Album,Tidewater,Second Light,Nordlys Records,4065629200201,DEX252500205,1021,4.419909,USD
2026-02,2026-04-30,Amazon Music,GB,The Linden Hours,Album,Tidewater,Second Light,Nordlys Records,4065629200201,DEX252500205,373,1.725498,USD
2026-02,2026-04-30,Amazon Music,NL,The Linden Hours,Album,Tidewater,Second Light,Nordlys Records,4065629200201,DEX252500205,234,1.109862,USD
2026-02,2026-04-30,Amazon Music,SE,The Linden Hours,Album,Tidewater,Second Light,Nordlys Records,4065629200201,DEX252500205,207,0.965966,USD
2026-02,2026-04-30,Amazon Music,US,The Linden Hours,Album,Tidewater,Second Light,Nordlys Records,4065629200201,DEX252500205,576,2.573856,USD
2026-02,2026-04-30,Amazon Music,AT,The Linden Hours,Album,Tidewater,Glasshouse,Nordlys Records,4065629200201,DEX252500206,405,1.868063,USD
2026-02,2026-04-30,Amazon Music,DE,The Linden Hours,Album,Tidewater,Glasshouse,Nordlys Records,4065629200201,DEX252500206,1827,8.418816,USD
2026-02,2026-04-30,Amazon Music,GB,The Linden Hours,Album,Tidewater,Glasshouse,Nordlys Records,4065629200201,DEX252500206,643,2.991879,USD
2026-02,2026-04-30,Amazon Music,NL,The Linden Hours,Album,Tidewater,Glasshouse,Nordlys Records,4065629200201,DEX252500206,445,2.102625,USD
2026-02,2026-04-30,Amazon Music,SE,The Linden Hours,Album,Tidewater,Glasshouse,Nordlys Records,4065629200201,DEX252500206,324,1.411344,USD
2026-02,2026-04-30,Amazon Music,US,The Linden Hours,Album,Tidewater,Glasshouse,Nordlys Records,4065629200201,DEX252500206,945,4.507650,USD
2026-02,2026-04-30,Amazon Music,AT,The Linden Hours,Album,Tidewater,Summer Static,Nordlys Records,4065629200201,DEX252500207,945,4.312035,USD
2026-02,2026-04-30,Amazon Music,DE,The Linden Hours,Album,Tidewater,Summer Static,Nordlys Records,4065629200201,DEX252500207,3775,15.917288,USD
2026-02,2026-04-30,Amazon Music,GB,The Linden Hours,Album,Tidewater,Summer Static,Nordlys Records,4065629200201,DEX252500207,1629,6.817365,USD
2026-02,2026-04-30,Amazon Music,NL,The Linden Hours,Album,Tidewater,Summer Static,Nordlys Records,4065629200201,DEX252500207,1062,4.587840,USD
2026-02,2026-04-30,Amazon Music,SE,The Linden Hours,Album,Tidewater,Summer Static,Nordlys Records,4065629200201,DEX252500207,639,2.688593,USD
2026-02,2026-04-30,Amazon Music,US,The Linden Hours,Album,Tidewater,Summer Static,Nordlys Records,4065629200201,DEX252500207,2151,10.308668,USD
2026-02,2026-04-30,Amazon Music,AT,The Linden Hours,Album,Tidewater,Tidewater,Nordlys Records,4065629200201,DEX252500208,369,1.706994,USD
2026-02,2026-04-30,Amazon Music,DE,The Linden Hours,Album,Tidewater,Tidewater,Nordlys Records,4065629200201,DEX252500208,1422,6.840531,USD
2026-02,2026-04-30,Amazon Music,GB,The Linden Hours,Album,Tidewater,Tidewater,Nordlys Records,4065629200201,DEX252500208,409,1.985900,USD
2026-02,2026-04-30,Amazon Music,NL,The Linden Hours,Album,Tidewater,Tidewater,Nordlys Records,4065629200201,DEX252500208,279,1.279355,USD
2026-02,2026-04-30,Amazon Music,SE,The Linden Hours,Album,Tidewater,Tidewater,Nordlys Records,4065629200201,DEX252500208,198,0.866052,USD
2026-02,2026-04-30,Amazon Music,US,The Linden Hours,Album,Tidewater,Tidewater,Nordlys Records,4065629200201,DEX252500208,508,2.219706,USD
2026-02,2026-04-30,Apple Music,AT,The Linden Hours,Album,Tidewater,Linden,Nordlys Records,4065629200201,DEX252500201,913,6.644358,USD
2026-02,2026-04-30,Apple Music,DE,The Linden Hours,Album,Tidewater,Linden,Nordlys Records,4065629200201,DEX252500201,3564,23.533092,USD
2026-02,2026-04-30,Apple Music,GB,The Linden Hours,Album,Tidewater,Linden,Nordlys Records,4065629200201,DEX252500201,1422,9.349081,USD
2026-02,2026-04-30,Apple Music,NL,The Linden Hours,Album,Tidewater,Linden,Nordlys Records,4065629200201,DEX252500201,751,5.150809,USD
2026-02,2026-04-30,Apple Music,SE,The Linden Hours,Album,Tidewater,Linden,Nordlys Records,4065629200201,DEX252500201,661,4.430286,USD
2026-02,2026-04-30,Apple Music,US,The Linden Hours,Album,Tidewater,Linden,Nordlys Records,4065629200201,DEX252500201,1656,12.004510,USD
2026-02,2026-04-30,Apple Music,AT,The Linden Hours,Album,Tidewater,Paper Lanterns,Nordlys Records,4065629200201,DEX252500202,1404,10.546567,USD
2026-02,2026-04-30,Apple Music,DE,The Linden Hours,Album,Tidewater,Paper Lanterns,Nordlys Records,4065629200201,DEX252500202,4891,33.788495,USD
2026-02,2026-04-30,Apple Music,GB,The Linden Hours,Album,Tidewater,Paper Lanterns,Nordlys Records,4065629200201,DEX252500202,1894,12.479187,USD
2026-02,2026-04-30,Apple Music,NL,The Linden Hours,Album,Tidewater,Paper Lanterns,Nordlys Records,4065629200201,DEX252500202,1228,8.849582,USD
2026-02,2026-04-30,Apple Music,SE,The Linden Hours,Album,Tidewater,Paper Lanterns,Nordlys Records,4065629200201,DEX252500202,1026,7.626976,USD
2026-02,2026-04-30,Apple Music,US,The Linden Hours,Album,Tidewater,Paper Lanterns,Nordlys Records,4065629200201,DEX252500202,2682,19.575382,USD
2026-02,2026-04-30,Apple Music,AT,The Linden Hours,Album,Tidewater,Salt and Iron,Nordlys Records,4065629200201,DEX252500203,702,5.358015,USD
2026-02,2026-04-30,Apple Music,DE,The Linden Hours,Album,Tidewater,Salt and Iron,Nordlys Records,4065629200201,DEX252500203,2781,18.283963,USD
2026-02,2026-04-30,Apple Music,GB,The Linden Hours,Album,Tidewater,Salt and Iron,Nordlys Records,4065629200201,DEX252500203,909,6.499077,USD
2026-02,2026-04-30,Apple Music,NL,The Linden Hours,Album,Tidewater,Salt and Iron,Nordlys Records,4065629200201,DEX252500203,571,3.960856,USD
2026-02,2026-04-30,Apple Music,SE,The Linden Hours,Album,Tidewater,Salt and Iron,Nordlys Records,4065629200201,DEX252500203,553,4.008752,USD
2026-02,2026-04-30,Apple Music,US,The Linden Hours,Album,Tidewater,Salt and Iron,Nordlys Records,4065629200201,DEX252500203,1548,10.452251,USD
2026-02,2026-04-30,Apple Music,AT,The Linden Hours,Album,Tidewater,The Quiet Year,Nordlys Records,4065629200201,DEX252500204,544,4.086419,USD
2026-02,2026-04-30,Apple Music,DE,The Linden Hours,Album,Tidewater,The Quiet Year,Nordlys Records,4065629200201,DEX252500204,1804,13.602521,USD
2026-02,2026-04-30,Apple Music,GB,The Linden Hours,Album,Tidewater,The Quiet Year,Nordlys Records,4065629200201,DEX252500204,805,5.441156,USD
2026-02,2026-04-30,Apple Music,NL,The Linden Hours,Album,Tidewater,The Quiet Year,Nordlys Records,4065629200201,DEX252500204,531,3.822881,USD
2026-02,2026-04-30,Apple Music,SE,The Linden Hours,Album,Tidewater,The Quiet Year,Nordlys Records,4065629200201,DEX252500204,427,2.871020,USD
2026-02,2026-04-30,Apple Music,US,The Linden Hours,Album,Tidewater,The Quiet Year,Nordlys Records,4065629200201,DEX252500204,1039,7.458046,USD
2026-02,2026-04-30,Apple Music,AT,The Linden Hours,Album,Tidewater,Second Light,Nordlys Records,4065629200201,DEX252500205,409,2.776128,USD
2026-02,2026-04-30,Apple Music,DE,The Linden Hours,Album,Tidewater,Second Light,Nordlys Records,4065629200201,DEX252500205,2047,14.054088,USD
2026-02,2026-04-30,Apple Music,GB,The Linden Hours,Album,Tidewater,Second Light,Nordlys Records,4065629200201,DEX252500205,562,4.217641,USD
2026-02,2026-04-30,Apple Music,NL,The Linden Hours,Album,Tidewater,Second Light,Nordlys Records,4065629200201,DEX252500205,319,2.380410,USD
2026-02,2026-04-30,Apple Music,SE,The Linden Hours,Album,Tidewater,Second Light,Nordlys Records,4065629200201,DEX252500205,292,2.085639,USD
2026-02,2026-04-30,Apple Music,US,The Linden Hours,Album,Tidewater,Second Light,Nordlys Records,4065629200201,DEX252500205,958,6.992250,USD
2026-02,2026-04-30,Apple Music,AT,The Linden Hours,Album,Tidewater,Glasshouse,Nordlys Records,4065629200201,DEX252500206,783,5.214623,USD
2026-02,2026-04-30,Apple Music,DE,The Linden Hours,Album,Tidewater,Glasshouse,Nordlys Records,4065629200201,DEX252500206,3276,24.701695,USD
2026-02,2026-04-30,Apple Music,GB,The Linden Hours,Album,Tidewater,Glasshouse,Nordlys Records,4065629200201,DEX252500206,1021,7.473822,USD
2026-02,2026-04-30,Apple Music,NL,The Linden Hours,Album,Tidewater,Glasshouse,Nordlys Records,4065629200201,DEX252500206,675,5.065673,USD
2026-02,2026-04-30,Apple Music,SE,The Linden Hours,Album,Tidewater,Glasshouse,Nordlys Records,4065629200201,DEX252500206,607,3.982163,USD
2026-02,2026-04-30,Apple Music,US,The Linden Hours,Album,Tidewater,Glasshouse,Nordlys Records,4065629200201,DEX252500206,1566,10.896228,USD
2026-02,2026-04-30,Apple Music,AT,The Linden Hours,Album,Tidewater,Summer Static,Nordlys Records,4065629200201,DEX252500207,1795,12.413143,USD
2026-02,2026-04-30,Apple Music,DE,The Linden Hours,Album,Tidewater,Summer Static,Nordlys Records,4065629200201,DEX252500207,8244,61.810214,USD
2026-02,2026-04-30,Apple Music,GB,The Linden Hours,Album,Tidewater,Summer Static,Nordlys Records,4065629200201,DEX252500207,2695,19.536325,USD
2026-02,2026-04-30,Apple Music,NL,The Linden Hours,Album,Tidewater,Summer Static,Nordlys Records,4065629200201,DEX252500207,1651,12.062041,USD
2026-02,2026-04-30,Apple Music,SE,The Linden Hours,Album,Tidewater,Summer Static,Nordlys Records,4065629200201,DEX252500207,1147,7.671365,USD
2026-02,2026-04-30,Apple Music,US,The Linden Hours,Album,Tidewater,Summer Static,Nordlys Records,4065629200201,DEX252500207,3406,24.738800,USD
2026-02,2026-04-30,Apple Music,AT,The Linden Hours,Album,Tidewater,Tidewater,Nordlys Records,4065629200201,DEX252500208,657,4.757994,USD
2026-02,2026-04-30,Apple Music,DE,The Linden Hours,Album,Tidewater,Tidewater,Nordlys Records,4065629200201,DEX252500208,2340,17.029350,USD
2026-02,2026-04-30,Apple Music,GB,The Linden Hours,Album,Tidewater,Tidewater,Nordlys Records,4065629200201,DEX252500208,913,6.670287,USD
2026-02,2026-04-30,Apple Music,NL,The Linden Hours,Album,Tidewater,Tidewater,Nordlys Records,4065629200201,DEX252500208,463,3.191968,USD
2026-02,2026-04-30,Apple Music,SE,The Linden Hours,Album,Tidewater,Tidewater,Nordlys Records,4065629200201,DEX252500208,418,2.852056,USD
2026-02,2026-04-30,Apple Music,US,The Linden Hours,Album,Tidewater,Tidewater,Nordlys Records,4065629200201,DEX252500208,1174,8.443760,USD
2026-02,2026-04-30,Deezer,AT,The Linden Hours,Album,Tidewater,Linden,Nordlys Records,4065629200201,DEX252500201,355,1.179594,USD
2026-02,2026-04-30,Deezer,DE,The Linden Hours,Album,Tidewater,Linden,Nordlys Records,4065629200201,DEX252500201,1413,4.990151,USD
2026-02,2026-04-30,Deezer,GB,The Linden Hours,Album,Tidewater,Linden,Nordlys Records,4065629200201,DEX252500201,603,2.238095,USD
2026-02,2026-04-30,Deezer,NL,The Linden Hours,Album,Tidewater,Linden,Nordlys Records,4065629200201,DEX252500201,346,1.276740,USD
2026-02,2026-04-30,Deezer,SE,The Linden Hours,Album,Tidewater,Linden,Nordlys Records,4065629200201,DEX252500201,265,0.879588,USD
2026-02,2026-04-30,Deezer,US,The Linden Hours,Album,Tidewater,Linden,Nordlys Records,4065629200201,DEX252500201,702,2.696522,USD
2026-02,2026-04-30,Deezer,AT,The Linden Hours,Album,Tidewater,Paper Lanterns,Nordlys Records,4065629200201,DEX252500202,544,1.819354,USD
2026-02,2026-04-30,Deezer,DE,The Linden Hours,Album,Tidewater,Paper Lanterns,Nordlys Records,4065629200201,DEX252500202,2421,8.942206,USD
2026-02,2026-04-30,Deezer,GB,The Linden Hours,Album,Tidewater,Paper Lanterns,Nordlys Records,4065629200201,DEX252500202,679,2.290403,USD
2026-02,2026-04-30,Deezer,NL,The Linden Hours,Album,Tidewater,Paper Lanterns,Nordlys Records,4065629200201,DEX252500202,540,2.047032,USD
2026-02,2026-04-30,Deezer,SE,The Linden Hours,Album,Tidewater,Paper Lanterns,Nordlys Records,4065629200201,DEX252500202,382,1.445335,USD
2026-02,2026-04-30,Deezer,US,The Linden Hours,Album,Tidewater,Paper Lanterns,Nordlys Records,4065629200201,DEX252500202,945,3.517668,USD
2026-02,2026-04-30,Deezer,AT,The Linden Hours,Album,Tidewater,Salt and Iron,Nordlys Records,4065629200201,DEX252500203,274,1.036706,USD
2026-02,2026-04-30,Deezer,DE,The Linden Hours,Album,Tidewater,Salt and Iron,Nordlys Records,4065629200201,DEX252500203,1210,4.582512,USD
2026-02,2026-04-30,Deezer,GB,The Linden Hours,Album,Tidewater,Salt and Iron,Nordlys Records,4065629200201,DEX252500203,369,1.414746,USD
2026-02,2026-04-30,Deezer,NL,The Linden Hours,Album,Tidewater,Salt and Iron,Nordlys Records,4065629200201,DEX252500203,220,0.819720,USD
2026-02,2026-04-30,Deezer,SE,The Linden Hours,Album,Tidewater,Salt and Iron,Nordlys Records,4065629200201,DEX252500203,171,0.608828,USD
2026-02,2026-04-30,Deezer,US,The Linden Hours,Album,Tidewater,Salt and Iron,Nordlys Records,4065629200201,DEX252500203,661,2.327249,USD
2026-02,2026-04-30,Deezer,AT,The Linden Hours,Album,Tidewater,The Quiet Year,Nordlys Records,4065629200201,DEX252500204,252,0.902664,USD
2026-02,2026-04-30,Deezer,DE,The Linden Hours,Album,Tidewater,The Quiet Year,Nordlys Records,4065629200201,DEX252500204,940,3.411072,USD
2026-02,2026-04-30,Deezer,GB,The Linden Hours,Album,Tidewater,The Quiet Year,Nordlys Records,4065629200201,DEX252500204,378,1.260101,USD
2026-02,2026-04-30,Deezer,NL,The Linden Hours,Album,Tidewater,The Quiet Year,Nordlys Records,4065629200201,DEX252500204,234,0.887047,USD
2026-02,2026-04-30,Deezer,SE,The Linden Hours,Album,Tidewater,The Quiet Year,Nordlys Records,4065629200201,DEX252500204,189,0.698090,USD
2026-02,2026-04-30,Deezer,US,The Linden Hours,Album,Tidewater,The Quiet Year,Nordlys Records,4065629200201,DEX252500204,490,1.649340,USD
2026-02,2026-04-30,Deezer,AT,The Linden Hours,Album,Tidewater,Second Light,Nordlys Records,4065629200201,DEX252500205,207,0.721354,USD
2026-02,2026-04-30,Deezer,DE,The Linden Hours,Album,Tidewater,Second Light,Nordlys Records,4065629200201,DEX252500205,873,3.211942,USD
2026-02,2026-04-30,Deezer,GB,The Linden Hours,Album,Tidewater,Second Light,Nordlys Records,4065629200201,DEX252500205,243,0.821437,USD
2026-02,2026-04-30,Deezer,NL,The Linden Hours,Album,Tidewater,Second Light,Nordlys Records,4065629200201,DEX252500205,202,0.709747,USD
2026-02,2026-04-30,Deezer,SE,The Linden Hours,Album,Tidewater,Second Light,Nordlys Records,4065629200201,DEX252500205,144,0.525658,USD
2026-02,2026-04-30,Deezer,US,The Linden Hours,Album,Tidewater,Second Light,Nordlys Records,4065629200201,DEX252500205,355,1.366182,USD
2026-02,2026-04-30,Deezer,AT,The Linden Hours,Album,Tidewater,Glasshouse,Nordlys Records,4065629200201,DEX252500206,346,1.340266,USD
2026-02,2026-04-30,Deezer,DE,The Linden Hours,Album,Tidewater,Glasshouse,Nordlys Records,4065629200201,DEX252500206,1242,4.346006,USD
2026-02,2026-04-30,Deezer,GB,The Linden Hours,Album,Tidewater,Glasshouse,Nordlys Records,4065629200201,DEX252500206,531,2.020561,USD
2026-02,2026-04-30,Deezer,NL,The Linden Hours,Album,Tidewater,Glasshouse,Nordlys Records,4065629200201,DEX252500206,333,1.137661,USD
2026-02,2026-04-30,Deezer,SE,The Linden Hours,Album,Tidewater,Glasshouse,Nordlys Records,4065629200201,DEX252500206,252,0.932602,USD
2026-02,2026-04-30,Deezer,US,The Linden Hours,Album,Tidewater,Glasshouse,Nordlys Records,4065629200201,DEX252500206,594,1.980158,USD
2026-02,2026-04-30,Deezer,AT,The Linden Hours,Album,Tidewater,Summer Static,Nordlys Records,4065629200201,DEX252500207,846,3.234427,USD
2026-02,2026-04-30,Deezer,DE,The Linden Hours,Album,Tidewater,Summer Static,Nordlys Records,4065629200201,DEX252500207,3028,11.053411,USD
2026-02,2026-04-30,Deezer,GB,The Linden Hours,Album,Tidewater,Summer Static,Nordlys Records,4065629200201,DEX252500207,981,3.658738,USD
2026-02,2026-04-30,Deezer,NL,The Linden Hours,Album,Tidewater,Summer Static,Nordlys Records,4065629200201,DEX252500207,589,2.194614,USD
2026-02,2026-04-30,Deezer,SE,The Linden Hours,Album,Tidewater,Summer Static,Nordlys Records,4065629200201,DEX252500207,594,2.067833,USD
2026-02,2026-04-30,Deezer,US,The Linden Hours,Album,Tidewater,Summer Static,Nordlys Records,4065629200201,DEX252500207,1683,6.295093,USD
2026-02,2026-04-30,Deezer,AT,The Linden Hours,Album,Tidewater,Tidewater,Nordlys Records,4065629200201,DEX252500208,279,0.975272,USD
2026-02,2026-04-30,Deezer,DE,The Linden Hours,Album,Tidewater,Tidewater,Nordlys Records,4065629200201,DEX252500208,805,3.019716,USD
2026-02,2026-04-30,Deezer,GB,The Linden Hours,Album,Tidewater,Tidewater,Nordlys Records,4065629200201,DEX252500208,351,1.285081,USD
2026-02,2026-04-30,Deezer,NL,The Linden Hours,Album,Tidewater,Tidewater,Nordlys Records,4065629200201,DEX252500208,202,0.761378,USD
2026-02,2026-04-30,Deezer,SE,The Linden Hours,Album,Tidewater,Tidewater,Nordlys Records,4065629200201,DEX252500208,157,0.572548,USD
2026-02,2026-04-30,Deezer,US,The Linden Hours,Album,Tidewater,Tidewater,Nordlys Records,4065629200201,DEX252500208,468,1.565179,USD
2026-02,2026-04-30,Spotify,AT,The Linden Hours,Album,Tidewater,Linden,Nordlys Records,4065629200201,DEX252500201,3798,13.065120,USD
2026-02,2026-04-30,Spotify,DE,The Linden Hours,Album,Tidewater,Linden,Nordlys Records,4065629200201,DEX252500201,15898,49.652634,USD
2026-02,2026-04-30,Spotify,GB,The Linden Hours,Album,Tidewater,Linden,Nordlys Records,4065629200201,DEX252500201,5193,17.797450,USD
2026-02,2026-04-30,Spotify,NL,The Linden Hours,Album,Tidewater,Linden,Nordlys Records,4065629200201,DEX252500201,3798,12.664051,USD
2026-02,2026-04-30,Spotify,SE,The Linden Hours,Album,Tidewater,Linden,Nordlys Records,4065629200201,DEX252500201,2565,8.240832,USD
2026-02,2026-04-30,Spotify,US,The Linden Hours,Album,Tidewater,Linden,Nordlys Records,4065629200201,DEX252500201,9157,28.101002,USD
2026-02,2026-04-30,Spotify,AT,The Linden Hours,Album,Tidewater,Paper Lanterns,Nordlys Records,4065629200201,DEX252500202,5472,18.893722,USD
2026-02,2026-04-30,Spotify,DE,The Linden Hours,Album,Tidewater,Paper Lanterns,Nordlys Records,4065629200201,DEX252500202,24156,83.251238,USD
2026-02,2026-04-30,Spotify,GB,The Linden Hours,Album,Tidewater,Paper Lanterns,Nordlys Records,4065629200201,DEX252500202,7969,25.118288,USD
2026-02,2026-04-30,Spotify,NL,The Linden Hours,Album,Tidewater,Paper Lanterns,Nordlys Records,4065629200201,DEX252500202,5008,16.346112,USD
2026-02,2026-04-30,Spotify,SE,The Linden Hours,Album,Tidewater,Paper Lanterns,Nordlys Records,4065629200201,DEX252500202,4018,12.613306,USD
2026-02,2026-04-30,Spotify,US,The Linden Hours,Album,Tidewater,Paper Lanterns,Nordlys Records,4065629200201,DEX252500202,11803,34.936880,USD
2026-02,2026-04-30,Spotify,AT,The Linden Hours,Album,Tidewater,Salt and Iron,Nordlys Records,4065629200201,DEX252500203,2461,8.150832,USD
2026-02,2026-04-30,Spotify,DE,The Linden Hours,Album,Tidewater,Salt and Iron,Nordlys Records,4065629200201,DEX252500203,12024,37.130112,USD
2026-02,2026-04-30,Spotify,GB,The Linden Hours,Album,Tidewater,Salt and Iron,Nordlys Records,4065629200201,DEX252500203,4594,15.582848,USD
2026-02,2026-04-30,Spotify,NL,The Linden Hours,Album,Tidewater,Salt and Iron,Nordlys Records,4065629200201,DEX252500203,2907,9.721008,USD
2026-02,2026-04-30,Spotify,SE,The Linden Hours,Album,Tidewater,Salt and Iron,Nordlys Records,4065629200201,DEX252500203,1998,5.946048,USD
2026-02,2026-04-30,Spotify,US,The Linden Hours,Album,Tidewater,Salt and Iron,Nordlys Records,4065629200201,DEX252500203,6007,19.030176,USD
2026-02,2026-04-30,Spotify,AT,The Linden Hours,Album,Tidewater,The Quiet Year,Nordlys Records,4065629200201,DEX252500204,2236,6.640026,USD
2026-02,2026-04-30,Spotify,DE,The Linden Hours,Album,Tidewater,The Quiet Year,Nordlys Records,4065629200201,DEX252500204,9094,29.944723,USD
2026-02,2026-04-30,Spotify,GB,The Linden Hours,Album,Tidewater,The Quiet Year,Nordlys Records,4065629200201,DEX252500204,3168,10.685030,USD
2026-02,2026-04-30,Spotify,NL,The Linden Hours,Album,Tidewater,The Quiet Year,Nordlys Records,4065629200201,DEX252500204,2218,7.480870,USD
2026-02,2026-04-30,Spotify,SE,The Linden Hours,Album,Tidewater,The Quiet Year,Nordlys Records,4065629200201,DEX252500204,1516,4.511616,USD
2026-02,2026-04-30,Spotify,US,The Linden Hours,Album,Tidewater,The Quiet Year,Nordlys Records,4065629200201,DEX252500204,4815,14.853312,USD
2026-02,2026-04-30,Spotify,AT,The Linden Hours,Album,Tidewater,Second Light,Nordlys Records,4065629200201,DEX252500205,1795,5.732512,USD
2026-02,2026-04-30,Spotify,DE,The Linden Hours,Album,Tidewater,Second Light,Nordlys Records,4065629200201,DEX252500205,6925,22.226480,USD
2026-02,2026-04-30,Spotify,GB,The Linden Hours,Album,Tidewater,Second Light,Nordlys Records,4065629200201,DEX252500205,2398,7.857766,USD
2026-02,2026-04-30,Spotify,NL,The Linden Hours,Album,Tidewater,Second Light,Nordlys Records,4065629200201,DEX252500205,1818,5.515085,USD
2026-02,2026-04-30,Spotify,SE,The Linden Hours,Album,Tidewater,Second Light,Nordlys Records,4065629200201,DEX252500205,1323,4.377542,USD
2026-02,2026-04-30,Spotify,US,The Linden Hours,Album,Tidewater,Second Light,Nordlys Records,4065629200201,DEX252500205,3766,11.123258,USD
2026-02,2026-04-30,Spotify,AT,The Linden Hours,Album,Tidewater,Glasshouse,Nordlys Records,4065629200201,DEX252500206,3343,11.382246,USD
2026-02,2026-04-30,Spotify,DE,The Linden Hours,Album,Tidewater,Glasshouse,Nordlys Records,4065629200201,DEX252500206,15237,51.732662,USD
2026-02,2026-04-30,Spotify,GB,The Linden Hours,Album,Tidewater,Glasshouse,Nordlys Records,4065629200201,DEX252500206,4675,15.378880,USD
2026-02,2026-04-30,Spotify,NL,The Linden Hours,Album,Tidewater,Glasshouse,Nordlys Records,4065629200201,DEX252500206,2371,7.746531,USD
2026-02,2026-04-30,Spotify,SE,The Linden Hours,Album,Tidewater,Glasshouse,Nordlys Records,4065629200201,DEX252500206,2331,6.922138,USD
2026-02,2026-04-30,Spotify,US,The Linden Hours,Album,Tidewater,Glasshouse,Nordlys Records,4065629200201,DEX252500206,7272,23.154048,USD
2026-02,2026-04-30,Spotify,AT,The Linden Hours,Album,Tidewater,Summer Static,Nordlys Records,4065629200201,DEX252500207,6907,22.787574,USD
2026-02,2026-04-30,Spotify,DE,The Linden Hours,Album,Tidewater,Summer Static,Nordlys Records,4065629200201,DEX252500207,25996,81.606643,USD
2026-02,2026-04-30,Spotify,GB,The Linden Hours,Album,Tidewater,Summer Static,Nordlys Records,4065629200201,DEX252500207,11754,39.342989,USD
2026-02,2026-04-30,Spotify,NL,The Linden Hours,Album,Tidewater,Summer Static,Nordlys Records,4065629200201,DEX252500207,6511,20.960211,USD
2026-02,2026-04-30,Spotify,SE,The Linden Hours,Album,Tidewater,Summer Static,Nordlys Records,4065629200201,DEX252500207,5859,17.998848,USD
2026-02,2026-04-30,Spotify,US,The Linden Hours,Album,Tidewater,Summer Static,Nordlys Records,4065629200201,DEX252500207,14508,49.025434,USD
2026-02,2026-04-30,Spotify,AT,The Linden Hours,Album,Tidewater,Tidewater,Nordlys Records,4065629200201,DEX252500208,2020,6.573888,USD
2026-02,2026-04-30,Spotify,DE,The Linden Hours,Album,Tidewater,Tidewater,Nordlys Records,4065629200201,DEX252500208,10035,34.167168,USD
2026-02,2026-04-30,Spotify,GB,The Linden Hours,Album,Tidewater,Tidewater,Nordlys Records,4065629200201,DEX252500208,3217,10.798826,USD
2026-02,2026-04-30,Spotify,NL,The Linden Hours,Album,Tidewater,Tidewater,Nordlys Records,4065629200201,DEX252500208,1939,6.589498,USD
2026-02,2026-04-30,Spotify,SE,The Linden Hours,Album,Tidewater,Tidewater,Nordlys Records,4065629200201,DEX252500208,1507,4.894736,USD
2026-02,2026-04-30,Spotify,US,The Linden Hours,Album,Tidewater,Tidewater,Nordlys Records,4065629200201,DEX252500208,4311,13.450320,USD
2026-02,2026-04-30,Tidal,AT,The Linden Hours,Album,Tidewater,Linden,Nordlys Records,4065629200201,DEX252500201,297,2.750517,USD
2026-02,2026-04-30,Tidal,DE,The Linden Hours,Album,Tidewater,Linden,Nordlys Records,4065629200201,DEX252500201,1413,13.445825,USD
2026-02,2026-04-30,Tidal,GB,The Linden Hours,Album,Tidewater,Linden,Nordlys Records,4065629200201,DEX252500201,432,4.466448,USD
2026-02,2026-04-30,Tidal,NL,The Linden Hours,Album,Tidewater,Linden,Nordlys Records,4065629200201,DEX252500201,247,2.459330,USD
2026-02,2026-04-30,Tidal,SE,The Linden Hours,Album,Tidewater,Linden,Nordlys Records,4065629200201,DEX252500201,202,1.854885,USD
2026-02,2026-04-30,Tidal,US,The Linden Hours,Album,Tidewater,Linden,Nordlys Records,4065629200201,DEX252500201,652,6.229860,USD
2026-02,2026-04-30,Tidal,AT,The Linden Hours,Album,Tidewater,Paper Lanterns,Nordlys Records,4065629200201,DEX252500202,553,5.370625,USD
2026-02,2026-04-30,Tidal,DE,The Linden Hours,Album,Tidewater,Paper Lanterns,Nordlys Records,4065629200201,DEX252500202,2061,20.702745,USD
2026-02,2026-04-30,Tidal,GB,The Linden Hours,Album,Tidewater,Paper Lanterns,Nordlys Records,4065629200201,DEX252500202,792,7.427851,USD
2026-02,2026-04-30,Tidal,NL,The Linden Hours,Album,Tidewater,Paper Lanterns,Nordlys Records,4065629200201,DEX252500202,531,5.146558,USD
2026-02,2026-04-30,Tidal,SE,The Linden Hours,Album,Tidewater,Paper Lanterns,Nordlys Records,4065629200201,DEX252500202,292,2.635534,USD
2026-02,2026-04-30,Tidal,US,The Linden Hours,Album,Tidewater,Paper Lanterns,Nordlys Records,4065629200201,DEX252500202,1035,10.427004,USD
2026-02,2026-04-30,Tidal,AT,The Linden Hours,Album,Tidewater,Salt and Iron,Nordlys Records,4065629200201,DEX252500203,261,2.568031,USD
2026-02,2026-04-30,Tidal,DE,The Linden Hours,Album,Tidewater,Salt and Iron,Nordlys Records,4065629200201,DEX252500203,1062,10.771866,USD
2026-02,2026-04-30,Tidal,GB,The Linden Hours,Album,Tidewater,Salt and Iron,Nordlys Records,4065629200201,DEX252500203,261,2.695921,USD
2026-02,2026-04-30,Tidal,NL,The Linden Hours,Album,Tidewater,Salt and Iron,Nordlys Records,4065629200201,DEX252500203,198,1.944281,USD
2026-02,2026-04-30,Tidal,SE,The Linden Hours,Album,Tidewater,Salt and Iron,Nordlys Records,4065629200201,DEX252500203,153,1.437925,USD
2026-02,2026-04-30,Tidal,US,The Linden Hours,Album,Tidewater,Salt and Iron,Nordlys Records,4065629200201,DEX252500203,522,5.130947,USD
2026-02,2026-04-30,Tidal,AT,The Linden Hours,Album,Tidewater,The Quiet Year,Nordlys Records,4065629200201,DEX252500204,238,2.318406,USD
2026-02,2026-04-30,Tidal,DE,The Linden Hours,Album,Tidewater,The Quiet Year,Nordlys Records,4065629200201,DEX252500204,702,6.852082,USD
2026-02,2026-04-30,Tidal,GB,The Linden Hours,Album,Tidewater,The Quiet Year,Nordlys Records,4065629200201,DEX252500204,265,2.435986,USD
2026-02,2026-04-30,Tidal,NL,The Linden Hours,Album,Tidewater,The Quiet Year,Nordlys Records,4065629200201,DEX252500204,166,1.695126,USD
2026-02,2026-04-30,Tidal,SE,The Linden Hours,Album,Tidewater,The Quiet Year,Nordlys Records,4065629200201,DEX252500204,135,1.266111,USD
2026-02,2026-04-30,Tidal,US,The Linden Hours,Album,Tidewater,The Quiet Year,Nordlys Records,4065629200201,DEX252500204,450,4.105710,USD
2026-02,2026-04-30,Tidal,AT,The Linden Hours,Album,Tidewater,Second Light,Nordlys Records,4065629200201,DEX252500205,175,1.773310,USD
2026-02,2026-04-30,Tidal,DE,The Linden Hours,Album,Tidewater,Second Light,Nordlys Records,4065629200201,DEX252500205,526,5.299134,USD
2026-02,2026-04-30,Tidal,GB,The Linden Hours,Album,Tidewater,Second Light,Nordlys Records,4065629200201,DEX252500205,198,2.083990,USD
2026-02,2026-04-30,Tidal,NL,The Linden Hours,Album,Tidewater,Second Light,Nordlys Records,4065629200201,DEX252500205,157,1.584758,USD
2026-02,2026-04-30,Tidal,SE,The Linden Hours,Album,Tidewater,Second Light,Nordlys Records,4065629200201,DEX252500205,108,1.064750,USD
2026-02,2026-04-30,Tidal,US,The Linden Hours,Album,Tidewater,Second Light,Nordlys Records,4065629200201,DEX252500205,301,2.855406,USD
2026-02,2026-04-30,Tidal,AT,The Linden Hours,Album,Tidewater,Glasshouse,Nordlys Records,4065629200201,DEX252500206,288,2.825222,USD
2026-02,2026-04-30,Tidal,DE,The Linden Hours,Album,Tidewater,Glasshouse,Nordlys Records,4065629200201,DEX252500206,1210,12.178166,USD
2026-02,2026-04-30,Tidal,GB,The Linden Hours,Album,Tidewater,Glasshouse,Nordlys Records,4065629200201,DEX252500206,355,3.625118,USD
2026-02,2026-04-30,Tidal,NL,The Linden Hours,Album,Tidewater,Glasshouse,Nordlys Records,4065629200201,DEX252500206,238,2.190124,USD
2026-02,2026-04-30,Tidal,SE,The Linden Hours,Album,Tidewater,Glasshouse,Nordlys Records,4065629200201,DEX252500206,184,1.913195,USD
2026-02,2026-04-30,Tidal,US,The Linden Hours,Album,Tidewater,Glasshouse,Nordlys Records,4065629200201,DEX252500206,580,5.325908,USD
2026-02,2026-04-30,Tidal,AT,The Linden Hours,Album,Tidewater,Summer Static,Nordlys Records,4065629200201,DEX252500207,562,5.749934,USD
2026-02,2026-04-30,Tidal,DE,The Linden Hours,Album,Tidewater,Summer Static,Nordlys Records,4065629200201,DEX252500207,2646,25.982662,USD
2026-02,2026-04-30,Tidal,GB,The Linden Hours,Album,Tidewater,Summer Static,Nordlys Records,4065629200201,DEX252500207,1008,10.006819,USD
2026-02,2026-04-30,Tidal,NL,The Linden Hours,Album,Tidewater,Summer Static,Nordlys Records,4065629200201,DEX252500207,576,5.419008,USD
2026-02,2026-04-30,Tidal,SE,The Linden Hours,Album,Tidewater,Summer Static,Nordlys Records,4065629200201,DEX252500207,535,5.426505,USD
2026-02,2026-04-30,Tidal,US,The Linden Hours,Album,Tidewater,Summer Static,Nordlys Records,4065629200201,DEX252500207,1417,14.830889,USD
2026-02,2026-04-30,Tidal,AT,The Linden Hours,Album,Tidewater,Tidewater,Nordlys Records,4065629200201,DEX252500208,252,2.444904,USD
2026-02,2026-04-30,Tidal,DE,The Linden Hours,Album,Tidewater,Tidewater,Nordlys Records,4065629200201,DEX252500208,760,6.896848,USD
2026-02,2026-04-30,Tidal,GB,The Linden Hours,Album,Tidewater,Tidewater,Nordlys Records,4065629200201,DEX252500208,270,2.743902,USD
2026-02,2026-04-30,Tidal,NL,The Linden Hours,Album,Tidewater,Tidewater,Nordlys Records,4065629200201,DEX252500208,193,1.813853,USD
2026-02,2026-04-30,Tidal,SE,The Linden Hours,Album,Tidewater,Tidewater,Nordlys Records,4065629200201,DEX252500208,144,1.320883,USD
2026-02,2026-04-30,Tidal,US,The Linden Hours,Album,Tidewater,Tidewater,Nordlys Records,4065629200201,DEX252500208,414,3.915198,USD
2026-02,2026-04-30,YouTube Music,AT,The Linden Hours,Album,Tidewater,Linden,Nordlys Records,4065629200201,DEX252500201,567,1.249044,USD
2026-02,2026-04-30,YouTube Music,DE,The Linden Hours,Album,Tidewater,Linden,Nordlys Records,4065629200201,DEX252500201,2344,5.030693,USD
2026-02,2026-04-30,YouTube Music,GB,The Linden Hours,Album,Tidewater,Linden,Nordlys Records,4065629200201,DEX252500201,954,2.117594,USD
2026-02,2026-04-30,YouTube Music,NL,The Linden Hours,Album,Tidewater,Linden,Nordlys Records,4065629200201,DEX252500201,508,1.145743,USD
2026-02,2026-04-30,YouTube Music,SE,The Linden Hours,Album,Tidewater,Linden,Nordlys Records,4065629200201,DEX252500201,423,0.934492,USD
2026-02,2026-04-30,YouTube Music,US,The Linden Hours,Album,Tidewater,Linden,Nordlys Records,4065629200201,DEX252500201,1260,2.759778,USD
2026-02,2026-04-30,YouTube Music,AT,The Linden Hours,Album,Tidewater,Paper Lanterns,Nordlys Records,4065629200201,DEX252500202,967,1.896674,USD
2026-02,2026-04-30,YouTube Music,DE,The Linden Hours,Album,Tidewater,Paper Lanterns,Nordlys Records,4065629200201,DEX252500202,4081,8.570100,USD
2026-02,2026-04-30,YouTube Music,GB,The Linden Hours,Album,Tidewater,Paper Lanterns,Nordlys Records,4065629200201,DEX252500202,1116,2.495934,USD
2026-02,2026-04-30,YouTube Music,NL,The Linden Hours,Album,Tidewater,Paper Lanterns,Nordlys Records,4065629200201,DEX252500202,733,1.631658,USD
2026-02,2026-04-30,YouTube Music,SE,The Linden Hours,Album,Tidewater,Paper Lanterns,Nordlys Records,4065629200201,DEX252500202,603,1.192855,USD
2026-02,2026-04-30,YouTube Music,US,The Linden Hours,Album,Tidewater,Paper Lanterns,Nordlys Records,4065629200201,DEX252500202,1642,3.613714,USD
2026-02,2026-04-30,YouTube Music,AT,The Linden Hours,Album,Tidewater,Salt and Iron,Nordlys Records,4065629200201,DEX252500203,463,1.035500,USD
2026-02,2026-04-30,YouTube Music,DE,The Linden Hours,Album,Tidewater,Salt and Iron,Nordlys Records,4065629200201,DEX252500203,1467,3.228574,USD
2026-02,2026-04-30,YouTube Music,GB,The Linden Hours,Album,Tidewater,Salt and Iron,Nordlys Records,4065629200201,DEX252500203,652,1.415753,USD
2026-02,2026-04-30,YouTube Music,NL,The Linden Hours,Album,Tidewater,Salt and Iron,Nordlys Records,4065629200201,DEX252500203,378,0.785862,USD
2026-02,2026-04-30,YouTube Music,SE,The Linden Hours,Album,Tidewater,Salt and Iron,Nordlys Records,4065629200201,DEX252500203,346,0.762930,USD
2026-02,2026-04-30,YouTube Music,US,The Linden Hours,Album,Tidewater,Salt and Iron,Nordlys Records,4065629200201,DEX252500203,1003,2.257954,USD
2026-02,2026-04-30,YouTube Music,AT,The Linden Hours,Album,Tidewater,The Quiet Year,Nordlys Records,4065629200201,DEX252500204,405,0.877716,USD
2026-02,2026-04-30,YouTube Music,DE,The Linden Hours,Album,Tidewater,The Quiet Year,Nordlys Records,4065629200201,DEX252500204,1723,3.719612,USD
2026-02,2026-04-30,YouTube Music,GB,The Linden Hours,Album,Tidewater,The Quiet Year,Nordlys Records,4065629200201,DEX252500204,576,1.181779,USD
2026-02,2026-04-30,YouTube Music,NL,The Linden Hours,Album,Tidewater,The Quiet Year,Nordlys Records,4065629200201,DEX252500204,337,0.706992,USD
2026-02,2026-04-30,YouTube Music,SE,The Linden Hours,Album,Tidewater,The Quiet Year,Nordlys Records,4065629200201,DEX252500204,216,0.430920,USD
2026-02,2026-04-30,YouTube Music,US,The Linden Hours,Album,Tidewater,The Quiet Year,Nordlys Records,4065629200201,DEX252500204,828,1.844867,USD
2026-02,2026-04-30,YouTube Music,AT,The Linden Hours,Album,Tidewater,Second Light,Nordlys Records,4065629200201,DEX252500205,306,0.610470,USD
2026-02,2026-04-30,YouTube Music,DE,The Linden Hours,Album,Tidewater,Second Light,Nordlys Records,4065629200201,DEX252500205,1341,2.880870,USD
2026-02,2026-04-30,YouTube Music,GB,The Linden Hours,Album,Tidewater,Second Light,Nordlys Records,4065629200201,DEX252500205,418,0.932224,USD
2026-02,2026-04-30,YouTube Music,NL,The Linden Hours,Album,Tidewater,Second Light,Nordlys Records,4065629200201,DEX252500205,216,0.476280,USD
2026-02,2026-04-30,YouTube Music,SE,The Linden Hours,Album,Tidewater,Second Light,Nordlys Records,4065629200201,DEX252500205,234,0.514004,USD
2026-02,2026-04-30,YouTube Music,US,The Linden Hours,Album,Tidewater,Second Light,Nordlys Records,4065629200201,DEX252500205,607,1.267052,USD
2026-02,2026-04-30,YouTube Music,AT,The Linden Hours,Album,Tidewater,Glasshouse,Nordlys Records,4065629200201,DEX252500206,517,1.084614,USD
2026-02,2026-04-30,YouTube Music,DE,The Linden Hours,Album,Tidewater,Glasshouse,Nordlys Records,4065629200201,DEX252500206,1984,4.183066,USD
2026-02,2026-04-30,YouTube Music,GB,The Linden Hours,Album,Tidewater,Glasshouse,Nordlys Records,4065629200201,DEX252500206,670,1.471722,USD
2026-02,2026-04-30,YouTube Music,NL,The Linden Hours,Album,Tidewater,Glasshouse,Nordlys Records,4065629200201,DEX252500206,490,1.052667,USD
2026-02,2026-04-30,YouTube Music,SE,The Linden Hours,Album,Tidewater,Glasshouse,Nordlys Records,4065629200201,DEX252500206,364,0.818672,USD
2026-02,2026-04-30,YouTube Music,US,The Linden Hours,Album,Tidewater,Glasshouse,Nordlys Records,4065629200201,DEX252500206,1098,2.391115,USD
2026-02,2026-04-30,YouTube Music,AT,The Linden Hours,Album,Tidewater,Summer Static,Nordlys Records,4065629200201,DEX252500207,1260,2.836512,USD
2026-02,2026-04-30,YouTube Music,DE,The Linden Hours,Album,Tidewater,Summer Static,Nordlys Records,4065629200201,DEX252500207,5202,10.072112,USD
2026-02,2026-04-30,YouTube Music,GB,The Linden Hours,Album,Tidewater,Summer Static,Nordlys Records,4065629200201,DEX252500207,1471,3.255911,USD
2026-02,2026-04-30,YouTube Music,NL,The Linden Hours,Album,Tidewater,Summer Static,Nordlys Records,4065629200201,DEX252500207,985,2.155377,USD
2026-02,2026-04-30,YouTube Music,SE,The Linden Hours,Album,Tidewater,Summer Static,Nordlys Records,4065629200201,DEX252500207,796,1.733449,USD
2026-02,2026-04-30,YouTube Music,US,The Linden Hours,Album,Tidewater,Summer Static,Nordlys Records,4065629200201,DEX252500207,2155,4.444041,USD
2026-02,2026-04-30,YouTube Music,AT,The Linden Hours,Album,Tidewater,Tidewater,Nordlys Records,4065629200201,DEX252500208,373,0.752751,USD
2026-02,2026-04-30,YouTube Music,DE,The Linden Hours,Album,Tidewater,Tidewater,Nordlys Records,4065629200201,DEX252500208,1584,3.173386,USD
2026-02,2026-04-30,YouTube Music,GB,The Linden Hours,Album,Tidewater,Tidewater,Nordlys Records,4065629200201,DEX252500208,522,1.091815,USD
2026-02,2026-04-30,YouTube Music,NL,The Linden Hours,Album,Tidewater,Tidewater,Nordlys Records,4065629200201,DEX252500208,279,0.550160,USD
2026-02,2026-04-30,YouTube Music,SE,The Linden Hours,Album,Tidewater,Tidewater,Nordlys Records,4065629200201,DEX252500208,261,0.565639,USD
2026-02,2026-04-30,YouTube Music,US,The Linden Hours,Album,Tidewater,Tidewater,Nordlys Records,4065629200201,DEX252500208,648,1.393459,USD
2026-03,2026-05-29,Amazon Music,AT,The Linden Hours,Album,Tidewater,Linden,Nordlys Records,4065629200201,DEX252500201,517,2.277644,USD
2026-03,2026-05-29,Amazon Music,DE,The Linden Hours,Album,Tidewater,Linden,Nordlys Records,4065629200201,DEX252500201,2007,9.437918,USD
2026-03,2026-05-29,Amazon Music,GB,The Linden Hours,Album,Tidewater,Linden,Nordlys Records,4065629200201,DEX252500201,724,3.078810,USD
2026-03,2026-05-29,Amazon Music,NL,The Linden Hours,Album,Tidewater,Linden,Nordlys Records,4065629200201,DEX252500201,450,2.055375,USD
2026-03,2026-05-29,Amazon Music,SE,The Linden Hours,Album,Tidewater,Linden,Nordlys Records,4065629200201,DEX252500201,373,1.703678,USD
2026-03,2026-05-29,Amazon Music,US,The Linden Hours,Album,Tidewater,Linden,Nordlys Records,4065629200201,DEX252500201,895,3.789878,USD
2026-03,2026-05-29,Amazon Music,AT,The Linden Hours,Album,Tidewater,Paper Lanterns,Nordlys Records,4065629200201,DEX252500202,792,3.506976,USD
2026-03,2026-05-29,Amazon Music,DE,The Linden Hours,Album,Tidewater,Paper Lanterns,Nordlys Records,4065629200201,DEX252500202,2920,12.154500,USD
2026-03,2026-05-29,Amazon Music,GB,The Linden Hours,Album,Tidewater,Paper Lanterns,Nordlys Records,4065629200201,DEX252500202,1165,5.457443,USD
2026-03,2026-05-29,Amazon Music,NL,The Linden Hours,Album,Tidewater,Paper Lanterns,Nordlys Records,4065629200201,DEX252500202,580,2.570850,USD
2026-03,2026-05-29,Amazon Music,SE,The Linden Hours,Album,Tidewater,Paper Lanterns,Nordlys Records,4065629200201,DEX252500202,535,2.222123,USD
2026-03,2026-05-29,Amazon Music,US,The Linden Hours,Album,Tidewater,Paper Lanterns,Nordlys Records,4065629200201,DEX252500202,1282,5.405553,USD
2026-03,2026-05-29,Amazon Music,AT,The Linden Hours,Album,Tidewater,Salt and Iron,Nordlys Records,4065629200201,DEX252500203,409,1.949090,USD
2026-03,2026-05-29,Amazon Music,DE,The Linden Hours,Album,Tidewater,Salt and Iron,Nordlys Records,4065629200201,DEX252500203,1296,5.382936,USD
2026-03,2026-05-29,Amazon Music,GB,The Linden Hours,Album,Tidewater,Salt and Iron,Nordlys Records,4065629200201,DEX252500203,544,2.435760,USD
2026-03,2026-05-29,Amazon Music,NL,The Linden Hours,Album,Tidewater,Salt and Iron,Nordlys Records,4065629200201,DEX252500203,337,1.602941,USD
2026-03,2026-05-29,Amazon Music,SE,The Linden Hours,Album,Tidewater,Salt and Iron,Nordlys Records,4065629200201,DEX252500203,274,1.191078,USD
2026-03,2026-05-29,Amazon Music,US,The Linden Hours,Album,Tidewater,Salt and Iron,Nordlys Records,4065629200201,DEX252500203,805,3.767400,USD
2026-03,2026-05-29,Amazon Music,AT,The Linden Hours,Album,Tidewater,The Quiet Year,Nordlys Records,4065629200201,DEX252500204,274,1.172583,USD
2026-03,2026-05-29,Amazon Music,DE,The Linden Hours,Album,Tidewater,The Quiet Year,Nordlys Records,4065629200201,DEX252500204,1327,6.114816,USD
2026-03,2026-05-29,Amazon Music,GB,The Linden Hours,Album,Tidewater,The Quiet Year,Nordlys Records,4065629200201,DEX252500204,490,2.224845,USD
2026-03,2026-05-29,Amazon Music,NL,The Linden Hours,Album,Tidewater,The Quiet Year,Nordlys Records,4065629200201,DEX252500204,270,1.163970,USD
2026-03,2026-05-29,Amazon Music,SE,The Linden Hours,Album,Tidewater,The Quiet Year,Nordlys Records,4065629200201,DEX252500204,202,0.877185,USD
2026-03,2026-05-29,Amazon Music,US,The Linden Hours,Album,Tidewater,The Quiet Year,Nordlys Records,4065629200201,DEX252500204,558,2.355318,USD
2026-03,2026-05-29,Amazon Music,AT,The Linden Hours,Album,Tidewater,Second Light,Nordlys Records,4065629200201,DEX252500205,274,1.249029,USD
2026-03,2026-05-29,Amazon Music,DE,The Linden Hours,Album,Tidewater,Second Light,Nordlys Records,4065629200201,DEX252500205,945,3.997350,USD
2026-03,2026-05-29,Amazon Music,GB,The Linden Hours,Album,Tidewater,Second Light,Nordlys Records,4065629200201,DEX252500205,351,1.623726,USD
2026-03,2026-05-29,Amazon Music,NL,The Linden Hours,Album,Tidewater,Second Light,Nordlys Records,4065629200201,DEX252500205,225,0.938588,USD
2026-03,2026-05-29,Amazon Music,SE,The Linden Hours,Album,Tidewater,Second Light,Nordlys Records,4065629200201,DEX252500205,171,0.787199,USD
2026-03,2026-05-29,Amazon Music,US,The Linden Hours,Album,Tidewater,Second Light,Nordlys Records,4065629200201,DEX252500205,544,2.418624,USD
2026-03,2026-05-29,Amazon Music,AT,The Linden Hours,Album,Tidewater,Glasshouse,Nordlys Records,4065629200201,DEX252500206,387,1.720602,USD
2026-03,2026-05-29,Amazon Music,DE,The Linden Hours,Album,Tidewater,Glasshouse,Nordlys Records,4065629200201,DEX252500206,1638,7.570017,USD
2026-03,2026-05-29,Amazon Music,GB,The Linden Hours,Album,Tidewater,Glasshouse,Nordlys Records,4065629200201,DEX252500206,445,1.966455,USD
2026-03,2026-05-29,Amazon Music,NL,The Linden Hours,Album,Tidewater,Glasshouse,Nordlys Records,4065629200201,DEX252500206,310,1.452195,USD
2026-03,2026-05-29,Amazon Music,SE,The Linden Hours,Album,Tidewater,Glasshouse,Nordlys Records,4065629200201,DEX252500206,324,1.574640,USD
2026-03,2026-05-29,Amazon Music,US,The Linden Hours,Album,Tidewater,Glasshouse,Nordlys Records,4065629200201,DEX252500206,891,4.117757,USD
2026-03,2026-05-29,Amazon Music,AT,The Linden Hours,Album,Tidewater,Summer Static,Nordlys Records,4065629200201,DEX252500207,999,4.765230,USD
2026-03,2026-05-29,Amazon Music,DE,The Linden Hours,Album,Tidewater,Summer Static,Nordlys Records,4065629200201,DEX252500207,3879,18.677385,USD
2026-03,2026-05-29,Amazon Music,GB,The Linden Hours,Album,Tidewater,Summer Static,Nordlys Records,4065629200201,DEX252500207,1476,7.133508,USD
2026-03,2026-05-29,Amazon Music,NL,The Linden Hours,Album,Tidewater,Summer Static,Nordlys Records,4065629200201,DEX252500207,904,3.758832,USD
2026-03,2026-05-29,Amazon Music,SE,The Linden Hours,Album,Tidewater,Summer Static,Nordlys Records,4065629200201,DEX252500207,612,2.577744,USD
2026-03,2026-05-29,Amazon Music,US,The Linden Hours,Album,Tidewater,Summer Static,Nordlys Records,4065629200201,DEX252500207,2236,10.655658,USD
2026-03,2026-05-29,Amazon Music,AT,The Linden Hours,Album,Tidewater,Tidewater,Nordlys Records,4065629200201,DEX252500208,306,1.416933,USD
2026-03,2026-05-29,Amazon Music,DE,The Linden Hours,Album,Tidewater,Tidewater,Nordlys Records,4065629200201,DEX252500208,904,4.279536,USD
2026-03,2026-05-29,Amazon Music,GB,The Linden Hours,Album,Tidewater,Tidewater,Nordlys Records,4065629200201,DEX252500208,423,1.886369,USD
2026-03,2026-05-29,Amazon Music,NL,The Linden Hours,Album,Tidewater,Tidewater,Nordlys Records,4065629200201,DEX252500208,337,1.572611,USD
2026-03,2026-05-29,Amazon Music,SE,The Linden Hours,Album,Tidewater,Tidewater,Nordlys Records,4065629200201,DEX252500208,243,1.035545,USD
2026-03,2026-05-29,Amazon Music,US,The Linden Hours,Album,Tidewater,Tidewater,Nordlys Records,4065629200201,DEX252500208,540,2.269620,USD
2026-03,2026-05-29,Apple Music,AT,The Linden Hours,Album,Tidewater,Linden,Nordlys Records,4065629200201,DEX252500201,1021,6.922891,USD
2026-03,2026-05-29,Apple Music,DE,The Linden Hours,Album,Tidewater,Linden,Nordlys Records,4065629200201,DEX252500201,3802,26.697264,USD
2026-03,2026-05-29,Apple Music,GB,The Linden Hours,Album,Tidewater,Linden,Nordlys Records,4065629200201,DEX252500201,999,7.043250,USD
2026-03,2026-05-29,Apple Music,NL,The Linden Hours,Album,Tidewater,Linden,Nordlys Records,4065629200201,DEX252500201,841,5.869591,USD
2026-03,2026-05-29,Apple Music,SE,The Linden Hours,Album,Tidewater,Linden,Nordlys Records,4065629200201,DEX252500201,603,4.268456,USD
2026-03,2026-05-29,Apple Music,US,The Linden Hours,Album,Tidewater,Linden,Nordlys Records,4065629200201,DEX252500201,1935,14.645241,USD
2026-03,2026-05-29,Apple Music,AT,The Linden Hours,Album,Tidewater,Paper Lanterns,Nordlys Records,4065629200201,DEX252500202,1152,7.958362,USD
2026-03,2026-05-29,Apple Music,DE,The Linden Hours,Album,Tidewater,Paper Lanterns,Nordlys Records,4065629200201,DEX252500202,5949,39.957053,USD
2026-03,2026-05-29,Apple Music,GB,The Linden Hours,Album,Tidewater,Paper Lanterns,Nordlys Records,4065629200201,DEX252500202,1872,14.088672,USD
2026-03,2026-05-29,Apple Music,NL,The Linden Hours,Album,Tidewater,Paper Lanterns,Nordlys Records,4065629200201,DEX252500202,1215,8.945681,USD
2026-03,2026-05-29,Apple Music,SE,The Linden Hours,Album,Tidewater,Paper Lanterns,Nordlys Records,4065629200201,DEX252500202,1098,7.437193,USD
2026-03,2026-05-29,Apple Music,US,The Linden Hours,Album,Tidewater,Paper Lanterns,Nordlys Records,4065629200201,DEX252500202,2853,19.000409,USD
2026-03,2026-05-29,Apple Music,AT,The Linden Hours,Album,Tidewater,Salt and Iron,Nordlys Records,4065629200201,DEX252500203,598,3.986806,USD
2026-03,2026-05-29,Apple Music,DE,The Linden Hours,Album,Tidewater,Salt and Iron,Nordlys Records,4065629200201,DEX252500203,2772,18.244472,USD
2026-03,2026-05-29,Apple Music,GB,The Linden Hours,Album,Tidewater,Salt and Iron,Nordlys Records,4065629200201,DEX252500203,814,5.779400,USD
2026-03,2026-05-29,Apple Music,NL,The Linden Hours,Album,Tidewater,Salt and Iron,Nordlys Records,4065629200201,DEX252500203,549,4.205834,USD
2026-03,2026-05-29,Apple Music,SE,The Linden Hours,Album,Tidewater,Salt and Iron,Nordlys Records,4065629200201,DEX252500203,369,2.695877,USD
2026-03,2026-05-29,Apple Music,US,The Linden Hours,Album,Tidewater,Salt and Iron,Nordlys Records,4065629200201,DEX252500203,1345,9.186619,USD
2026-03,2026-05-29,Apple Music,AT,The Linden Hours,Album,Tidewater,The Quiet Year,Nordlys Records,4065629200201,DEX252500204,535,3.665553,USD
2026-03,2026-05-29,Apple Music,DE,The Linden Hours,Album,Tidewater,The Quiet Year,Nordlys Records,4065629200201,DEX252500204,1777,12.225582,USD
2026-03,2026-05-29,Apple Music,GB,The Linden Hours,Album,Tidewater,The Quiet Year,Nordlys Records,4065629200201,DEX252500204,715,4.832828,USD
2026-03,2026-05-29,Apple Music,NL,The Linden Hours,Album,Tidewater,The Quiet Year,Nordlys Records,4065629200201,DEX252500204,535,3.733926,USD
2026-03,2026-05-29,Apple Music,SE,The Linden Hours,Album,Tidewater,The Quiet Year,Nordlys Records,4065629200201,DEX252500204,292,2.075273,USD
2026-03,2026-05-29,Apple Music,US,The Linden Hours,Album,Tidewater,The Quiet Year,Nordlys Records,4065629200201,DEX252500204,1075,7.930168,USD
2026-03,2026-05-29,Apple Music,AT,The Linden Hours,Album,Tidewater,Second Light,Nordlys Records,4065629200201,DEX252500205,333,2.312285,USD
2026-03,2026-05-29,Apple Music,DE,The Linden Hours,Album,Tidewater,Second Light,Nordlys Records,4065629200201,DEX252500205,1800,13.227300,USD
2026-03,2026-05-29,Apple Music,GB,The Linden Hours,Album,Tidewater,Second Light,Nordlys Records,4065629200201,DEX252500205,657,4.711347,USD
2026-03,2026-05-29,Apple Music,NL,The Linden Hours,Album,Tidewater,Second Light,Nordlys Records,4065629200201,DEX252500205,405,2.806488,USD
2026-03,2026-05-29,Apple Music,SE,The Linden Hours,Album,Tidewater,Second Light,Nordlys Records,4065629200201,DEX252500205,292,1.952954,USD
2026-03,2026-05-29,Apple Music,US,The Linden Hours,Album,Tidewater,Second Light,Nordlys Records,4065629200201,DEX252500205,1017,7.379555,USD
2026-03,2026-05-29,Apple Music,AT,The Linden Hours,Album,Tidewater,Glasshouse,Nordlys Records,4065629200201,DEX252500206,828,6.066922,USD
2026-03,2026-05-29,Apple Music,DE,The Linden Hours,Album,Tidewater,Glasshouse,Nordlys Records,4065629200201,DEX252500206,3388,24.319403,USD
2026-03,2026-05-29,Apple Music,GB,The Linden Hours,Album,Tidewater,Glasshouse,Nordlys Records,4065629200201,DEX252500206,1017,6.715251,USD
2026-03,2026-05-29,Apple Music,NL,The Linden Hours,Album,Tidewater,Glasshouse,Nordlys Records,4065629200201,DEX252500206,571,3.895990,USD
2026-03,2026-05-29,Apple Music,SE,The Linden Hours,Album,Tidewater,Glasshouse,Nordlys Records,4065629200201,DEX252500206,540,3.734316,USD
2026-03,2026-05-29,Apple Music,US,The Linden Hours,Album,Tidewater,Glasshouse,Nordlys Records,4065629200201,DEX252500206,1512,10.982110,USD
2026-03,2026-05-29,Apple Music,AT,The Linden Hours,Album,Tidewater,Summer Static,Nordlys Records,4065629200201,DEX252500207,1962,13.651596,USD
2026-03,2026-05-29,Apple Music,DE,The Linden Hours,Album,Tidewater,Summer Static,Nordlys Records,4065629200201,DEX252500207,7848,57.838190,USD
2026-03,2026-05-29,Apple Music,GB,The Linden Hours,Album,Tidewater,Summer Static,Nordlys Records,4065629200201,DEX252500207,2335,15.583790,USD
2026-03,2026-05-29,Apple Music,NL,The Linden Hours,Album,Tidewater,Summer Static,Nordlys Records,4065629200201,DEX252500207,1422,9.763025,USD
2026-03,2026-05-29,Apple Music,SE,The Linden Hours,Album,Tidewater,Summer Static,Nordlys Records,4065629200201,DEX252500207,1107,8.457037,USD
2026-03,2026-05-29,Apple Music,US,The Linden Hours,Album,Tidewater,Summer Static,Nordlys Records,4065629200201,DEX252500207,3393,22.211257,USD
2026-03,2026-05-29,Apple Music,AT,The Linden Hours,Album,Tidewater,Tidewater,Nordlys Records,4065629200201,DEX252500208,549,3.987552,USD
2026-03,2026-05-29,Apple Music,DE,The Linden Hours,Album,Tidewater,Tidewater,Nordlys Records,4065629200201,DEX252500208,2295,16.929986,USD
2026-03,2026-05-29,Apple Music,GB,The Linden Hours,Album,Tidewater,Tidewater,Nordlys Records,4065629200201,DEX252500208,778,5.910466,USD
2026-03,2026-05-29,Apple Music,NL,The Linden Hours,Album,Tidewater,Tidewater,Nordlys Records,4065629200201,DEX252500208,486,3.688691,USD
2026-03,2026-05-29,Apple Music,SE,The Linden Hours,Album,Tidewater,Tidewater,Nordlys Records,4065629200201,DEX252500208,387,2.588333,USD
2026-03,2026-05-29,Apple Music,US,The Linden Hours,Album,Tidewater,Tidewater,Nordlys Records,4065629200201,DEX252500208,1179,7.860275,USD
2026-03,2026-05-29,Deezer,AT,The Linden Hours,Album,Tidewater,Linden,Nordlys Records,4065629200201,DEX252500201,333,1.177222,USD
2026-03,2026-05-29,Deezer,DE,The Linden Hours,Album,Tidewater,Linden,Nordlys Records,4065629200201,DEX252500201,1341,4.895186,USD
2026-03,2026-05-29,Deezer,GB,The Linden Hours,Album,Tidewater,Linden,Nordlys Records,4065629200201,DEX252500201,495,1.641222,USD
2026-03,2026-05-29,Deezer,NL,The Linden Hours,Album,Tidewater,Linden,Nordlys Records,4065629200201,DEX252500201,319,1.146103,USD
2026-03,2026-05-29,Deezer,SE,The Linden Hours,Album,Tidewater,Linden,Nordlys Records,4065629200201,DEX252500201,238,0.795110,USD
2026-03,2026-05-29,Deezer,US,The Linden Hours,Album,Tidewater,Linden,Nordlys Records,4065629200201,DEX252500201,877,3.236130,USD
2026-03,2026-05-29,Deezer,AT,The Linden Hours,Album,Tidewater,Paper Lanterns,Nordlys Records,4065629200201,DEX252500202,639,2.139372,USD
2026-03,2026-05-29,Deezer,DE,The Linden Hours,Album,Tidewater,Paper Lanterns,Nordlys Records,4065629200201,DEX252500202,2038,7.498210,USD
2026-03,2026-05-29,Deezer,GB,The Linden Hours,Album,Tidewater,Paper Lanterns,Nordlys Records,4065629200201,DEX252500202,814,3.032964,USD
2026-03,2026-05-29,Deezer,NL,The Linden Hours,Album,Tidewater,Paper Lanterns,Nordlys Records,4065629200201,DEX252500202,504,1.935965,USD
2026-03,2026-05-29,Deezer,SE,The Linden Hours,Album,Tidewater,Paper Lanterns,Nordlys Records,4065629200201,DEX252500202,378,1.330862,USD
2026-03,2026-05-29,Deezer,US,The Linden Hours,Album,Tidewater,Paper Lanterns,Nordlys Records,4065629200201,DEX252500202,1156,3.957682,USD
2026-03,2026-05-29,Deezer,AT,The Linden Hours,Album,Tidewater,Salt and Iron,Nordlys Records,4065629200201,DEX252500203,315,1.146474,USD
2026-03,2026-05-29,Deezer,DE,The Linden Hours,Album,Tidewater,Salt and Iron,Nordlys Records,4065629200201,DEX252500203,1260,4.826304,USD
2026-03,2026-05-29,Deezer,GB,The Linden Hours,Album,Tidewater,Salt and Iron,Nordlys Records,4065629200201,DEX252500203,396,1.444133,USD
2026-03,2026-05-29,Deezer,NL,The Linden Hours,Album,Tidewater,Salt and Iron,Nordlys Records,4065629200201,DEX252500203,256,0.882893,USD
2026-03,2026-05-29,Deezer,SE,The Linden Hours,Album,Tidewater,Salt and Iron,Nordlys Records,4065629200201,DEX252500203,184,0.671674,USD
2026-03,2026-05-29,Deezer,US,The Linden Hours,Album,Tidewater,Salt and Iron,Nordlys Records,4065629200201,DEX252500203,450,1.644300,USD
2026-03,2026-05-29,Deezer,AT,The Linden Hours,Album,Tidewater,The Quiet Year,Nordlys Records,4065629200201,DEX252500204,220,0.770616,USD
2026-03,2026-05-29,Deezer,DE,The Linden Hours,Album,Tidewater,The Quiet Year,Nordlys Records,4065629200201,DEX252500204,963,3.577738,USD
2026-03,2026-05-29,Deezer,GB,The Linden Hours,Album,Tidewater,The Quiet Year,Nordlys Records,4065629200201,DEX252500204,292,1.113221,USD
2026-03,2026-05-29,Deezer,NL,The Linden Hours,Album,Tidewater,The Quiet Year,Nordlys Records,4065629200201,DEX252500204,198,0.739174,USD
2026-03,2026-05-29,Deezer,SE,The Linden Hours,Album,Tidewater,The Quiet Year,Nordlys Records,4065629200201,DEX252500204,153,0.532624,USD
2026-03,2026-05-29,Deezer,US,The Linden Hours,Album,Tidewater,The Quiet Year,Nordlys Records,4065629200201,DEX252500204,486,1.807337,USD
2026-03,2026-05-29,Deezer,AT,The Linden Hours,Album,Tidewater,Second Light,Nordlys Records,4065629200201,DEX252500205,202,0.670478,USD
2026-03,2026-05-29,Deezer,DE,The Linden Hours,Album,Tidewater,Second Light,Nordlys Records,4065629200201,DEX252500205,756,2.887618,USD
2026-03,2026-05-29,Deezer,GB,The Linden Hours,Album,Tidewater,Second Light,Nordlys Records,4065629200201,DEX252500205,274,0.913406,USD
2026-03,2026-05-29,Deezer,NL,The Linden Hours,Album,Tidewater,Second Light,Nordlys Records,4065629200201,DEX252500205,180,0.623376,USD
2026-03,2026-05-29,Deezer,SE,The Linden Hours,Album,Tidewater,Second Light,Nordlys Records,4065629200201,DEX252500205,135,0.481626,USD
2026-03,2026-05-29,Deezer,US,The Linden Hours,Album,Tidewater,Second Light,Nordlys Records,4065629200201,DEX252500205,369,1.392163,USD
2026-03,2026-05-29,Deezer,AT,The Linden Hours,Album,Tidewater,Glasshouse,Nordlys Records,4065629200201,DEX252500206,328,1.100506,USD
2026-03,2026-05-29,Deezer,DE,The Linden Hours,Album,Tidewater,Glasshouse,Nordlys Records,4065629200201,DEX252500206,1444,5.557090,USD
2026-03,2026-05-29,Deezer,GB,The Linden Hours,Album,Tidewater,Glasshouse,Nordlys Records,4065629200201,DEX252500206,414,1.509775,USD
2026-03,2026-05-29,Deezer,NL,The Linden Hours,Album,Tidewater,Glasshouse,Nordlys Records,4065629200201,DEX252500206,288,1.048205,USD
2026-03,2026-05-29,Deezer,SE,The Linden Hours,Album,Tidewater,Glasshouse,Nordlys Records,4065629200201,DEX252500206,234,0.846612,USD
2026-03,2026-05-29,Deezer,US,The Linden Hours,Album,Tidewater,Glasshouse,Nordlys Records,4065629200201,DEX252500206,580,2.039976,USD
2026-03,2026-05-29,Deezer,AT,The Linden Hours,Album,Tidewater,Summer Static,Nordlys Records,4065629200201,DEX252500207,693,2.594592,USD
2026-03,2026-05-29,Deezer,DE,The Linden Hours,Album,Tidewater,Summer Static,Nordlys Records,4065629200201,DEX252500207,2349,8.109688,USD
2026-03,2026-05-29,Deezer,GB,The Linden Hours,Album,Tidewater,Summer Static,Nordlys Records,4065629200201,DEX252500207,1075,3.672630,USD
2026-03,2026-05-29,Deezer,NL,The Linden Hours,Album,Tidewater,Summer Static,Nordlys Records,4065629200201,DEX252500207,634,2.136326,USD
2026-03,2026-05-29,Deezer,SE,The Linden Hours,Album,Tidewater,Summer Static,Nordlys Records,4065629200201,DEX252500207,553,2.134138,USD
2026-03,2026-05-29,Deezer,US,The Linden Hours,Album,Tidewater,Summer Static,Nordlys Records,4065629200201,DEX252500207,1476,5.621789,USD
2026-03,2026-05-29,Deezer,AT,The Linden Hours,Album,Tidewater,Tidewater,Nordlys Records,4065629200201,DEX252500208,243,0.908917,USD
2026-03,2026-05-29,Deezer,DE,The Linden Hours,Album,Tidewater,Tidewater,Nordlys Records,4065629200201,DEX252500208,931,3.311381,USD
2026-03,2026-05-29,Deezer,GB,The Linden Hours,Album,Tidewater,Tidewater,Nordlys Records,4065629200201,DEX252500208,391,1.296400,USD
2026-03,2026-05-29,Deezer,NL,The Linden Hours,Album,Tidewater,Tidewater,Nordlys Records,4065629200201,DEX252500208,229,0.800492,USD
2026-03,2026-05-29,Deezer,SE,The Linden Hours,Album,Tidewater,Tidewater,Nordlys Records,4065629200201,DEX252500208,148,0.509890,USD
2026-03,2026-05-29,Deezer,US,The Linden Hours,Album,Tidewater,Tidewater,Nordlys Records,4065629200201,DEX252500208,468,1.795997,USD
2026-03,2026-05-29,Spotify,AT,The Linden Hours,Album,Tidewater,Linden,Nordlys Records,4065629200201,DEX252500201,4189,12.466464,USD
2026-03,2026-05-29,Spotify,DE,The Linden Hours,Album,Tidewater,Linden,Nordlys Records,4065629200201,DEX252500201,14895,51.381792,USD
2026-03,2026-05-29,Spotify,GB,The Linden Hours,Album,Tidewater,Linden,Nordlys Records,4065629200201,DEX252500201,5773,18.030234,USD
2026-03,2026-05-29,Spotify,NL,The Linden Hours,Album,Tidewater,Linden,Nordlys Records,4065629200201,DEX252500201,3649,11.933690,USD
2026-03,2026-05-29,Spotify,SE,The Linden Hours,Album,Tidewater,Linden,Nordlys Records,4065629200201,DEX252500201,2034,6.463238,USD
2026-03,2026-05-29,Spotify,US,The Linden Hours,Album,Tidewater,Linden,Nordlys Records,4065629200201,DEX252500201,8239,28.447619,USD
2026-03,2026-05-29,Spotify,AT,The Linden Hours,Album,Tidewater,Paper Lanterns,Nordlys Records,4065629200201,DEX252500202,4990,14.882176,USD
2026-03,2026-05-29,Spotify,DE,The Linden Hours,Album,Tidewater,Paper Lanterns,Nordlys Records,4065629200201,DEX252500202,16182,54.267955,USD
2026-03,2026-05-29,Spotify,GB,The Linden Hours,Album,Tidewater,Paper Lanterns,Nordlys Records,4065629200201,DEX252500202,7533,22.418208,USD
2026-03,2026-05-29,Spotify,NL,The Linden Hours,Album,Tidewater,Paper Lanterns,Nordlys Records,4065629200201,DEX252500202,3685,10.860432,USD
2026-03,2026-05-29,Spotify,SE,The Linden Hours,Album,Tidewater,Paper Lanterns,Nordlys Records,4065629200201,DEX252500202,3559,10.523251,USD
2026-03,2026-05-29,Spotify,US,The Linden Hours,Album,Tidewater,Paper Lanterns,Nordlys Records,4065629200201,DEX252500202,11151,36.075715,USD
2026-03,2026-05-29,Spotify,AT,The Linden Hours,Album,Tidewater,Salt and Iron,Nordlys Records,4065629200201,DEX252500203,2781,8.872502,USD
2026-03,2026-05-29,Spotify,DE,The Linden Hours,Album,Tidewater,Salt and Iron,Nordlys Records,4065629200201,DEX252500203,11884,36.697792,USD
2026-03,2026-05-29,Spotify,GB,The Linden Hours,Album,Tidewater,Salt and Iron,Nordlys Records,4065629200201,DEX252500203,3676,12.610150,USD
2026-03,2026-05-29,Spotify,NL,The Linden Hours,Album,Tidewater,Salt and Iron,Nordlys Records,4065629200201,DEX252500203,2448,8.193946,USD
2026-03,2026-05-29,Spotify,SE,The Linden Hours,Album,Tidewater,Salt and Iron,Nordlys Records,4065629200201,DEX252500203,2317,7.147482,USD
2026-03,2026-05-29,Spotify,US,The Linden Hours,Album,Tidewater,Salt and Iron,Nordlys Records,4065629200201,DEX252500203,5121,15.584227,USD
2026-03,2026-05-29,Spotify,AT,The Linden Hours,Album,Tidewater,The Quiet Year,Nordlys Records,4065629200201,DEX252500204,2461,8.308336,USD
2026-03,2026-05-29,Spotify,DE,The Linden Hours,Album,Tidewater,The Quiet Year,Nordlys Records,4065629200201,DEX252500204,7582,25.815194,USD
2026-03,2026-05-29,Spotify,GB,The Linden Hours,Album,Tidewater,The Quiet Year,Nordlys Records,4065629200201,DEX252500204,3357,10.817597,USD
2026-03,2026-05-29,Spotify,NL,The Linden Hours,Album,Tidewater,The Quiet Year,Nordlys Records,4065629200201,DEX252500204,2164,6.488538,USD
2026-03,2026-05-29,Spotify,SE,The Linden Hours,Album,Tidewater,The Quiet Year,Nordlys Records,4065629200201,DEX252500204,1620,5.520960,USD
2026-03,2026-05-29,Spotify,US,The Linden Hours,Album,Tidewater,The Quiet Year,Nordlys Records,4065629200201,DEX252500204,4261,14.207878,USD
2026-03,2026-05-29,Spotify,AT,The Linden Hours,Album,Tidewater,Second Light,Nordlys Records,4065629200201,DEX252500205,1836,6.027955,USD
2026-03,2026-05-29,Spotify,DE,The Linden Hours,Album,Tidewater,Second Light,Nordlys Records,4065629200201,DEX252500205,7794,23.194944,USD
2026-03,2026-05-29,Spotify,GB,The Linden Hours,Album,Tidewater,Second Light,Nordlys Records,4065629200201,DEX252500205,2893,9.692707,USD
2026-03,2026-05-29,Spotify,NL,The Linden Hours,Album,Tidewater,Second Light,Nordlys Records,4065629200201,DEX252500205,1795,5.876112,USD
2026-03,2026-05-29,Spotify,SE,The Linden Hours,Album,Tidewater,Second Light,Nordlys Records,4065629200201,DEX252500205,1147,3.666730,USD
2026-03,2026-05-29,Spotify,US,The Linden Hours,Album,Tidewater,Second Light,Nordlys Records,4065629200201,DEX252500205,3618,11.809152,USD
2026-03,2026-05-29,Spotify,AT,The Linden Hours,Album,Tidewater,Glasshouse,Nordlys Records,4065629200201,DEX252500206,3325,10.640000,USD
2026-03,2026-05-29,Spotify,DE,The Linden Hours,Album,Tidewater,Glasshouse,Nordlys Records,4065629200201,DEX252500206,13486,40.306957,USD
2026-03,2026-05-29,Spotify,GB,The Linden Hours,Album,Tidewater,Glasshouse,Nordlys Records,4065629200201,DEX252500206,4153,13.834474,USD
2026-03,2026-05-29,Spotify,NL,The Linden Hours,Album,Tidewater,Glasshouse,Nordlys Records,4065629200201,DEX252500206,2227,6.855597,USD
2026-03,2026-05-29,Spotify,SE,The Linden Hours,Album,Tidewater,Glasshouse,Nordlys Records,4065629200201,DEX252500206,2295,6.991488,USD
2026-03,2026-05-29,Spotify,US,The Linden Hours,Album,Tidewater,Glasshouse,Nordlys Records,4065629200201,DEX252500206,7114,22.127386,USD
2026-03,2026-05-29,Spotify,AT,The Linden Hours,Album,Tidewater,Summer Static,Nordlys Records,4065629200201,DEX252500207,6889,23.433622,USD
2026-03,2026-05-29,Spotify,DE,The Linden Hours,Album,Tidewater,Summer Static,Nordlys Records,4065629200201,DEX252500207,26059,89.559571,USD
2026-03,2026-05-29,Spotify,GB,The Linden Hours,Album,Tidewater,Summer Static,Nordlys Records,4065629200201,DEX252500207,11983,35.814790,USD
2026-03,2026-05-29,Spotify,NL,The Linden Hours,Album,Tidewater,Summer Static,Nordlys Records,4065629200201,DEX252500207,6417,21.745930,USD
2026-03,2026-05-29,Spotify,SE,The Linden Hours,Album,Tidewater,Summer Static,Nordlys Records,4065629200201,DEX252500207,5076,15.138662,USD
2026-03,2026-05-29,Spotify,US,The Linden Hours,Album,Tidewater,Summer Static,Nordlys Records,4065629200201,DEX252500207,12352,40.514560,USD
2026-03,2026-05-29,Spotify,AT,The Linden Hours,Album,Tidewater,Tidewater,Nordlys Records,4065629200201,DEX252500208,1809,5.429894,USD
2026-03,2026-05-29,Spotify,DE,The Linden Hours,Album,Tidewater,Tidewater,Nordlys Records,4065629200201,DEX252500208,9423,32.113584,USD
2026-03,2026-05-29,Spotify,GB,The Linden Hours,Album,Tidewater,Tidewater,Nordlys Records,4065629200201,DEX252500208,3213,10.435824,USD
2026-03,2026-05-29,Spotify,NL,The Linden Hours,Album,Tidewater,Tidewater,Nordlys Records,4065629200201,DEX252500208,2110,7.271904,USD
2026-03,2026-05-29,Spotify,SE,The Linden Hours,Album,Tidewater,Tidewater,Nordlys Records,4065629200201,DEX252500208,1426,4.896314,USD
2026-03,2026-05-29,Spotify,US,The Linden Hours,Album,Tidewater,Tidewater,Nordlys Records,4065629200201,DEX252500208,4806,16.440365,USD
2026-03,2026-05-29,Tidal,AT,The Linden Hours,Album,Tidewater,Linden,Nordlys Records,4065629200201,DEX252500201,369,3.623432,USD
2026-03,2026-05-29,Tidal,DE,The Linden Hours,Album,Tidewater,Linden,Nordlys Records,4065629200201,DEX252500201,1242,11.502162,USD
2026-03,2026-05-29,Tidal,GB,The Linden Hours,Album,Tidewater,Linden,Nordlys Records,4065629200201,DEX252500201,373,3.834515,USD
2026-03,2026-05-29,Tidal,NL,The Linden Hours,Album,Tidewater,Linden,Nordlys Records,4065629200201,DEX252500201,270,2.796822,USD
2026-03,2026-05-29,Tidal,SE,The Linden Hours,Album,Tidewater,Linden,Nordlys Records,4065629200201,DEX252500201,216,1.998259,USD
2026-03,2026-05-29,Tidal,US,The Linden Hours,Album,Tidewater,Linden,Nordlys Records,4065629200201,DEX252500201,625,5.733000,USD
2026-03,2026-05-29,Tidal,AT,The Linden Hours,Album,Tidewater,Paper Lanterns,Nordlys Records,4065629200201,DEX252500202,517,4.889269,USD
2026-03,2026-05-29,Tidal,DE,The Linden Hours,Album,Tidewater,Paper Lanterns,Nordlys Records,4065629200201,DEX252500202,2119,21.306121,USD
2026-03,2026-05-29,Tidal,GB,The Linden Hours,Album,Tidewater,Paper Lanterns,Nordlys Records,4065629200201,DEX252500202,724,7.130676,USD
2026-03,2026-05-29,Tidal,NL,The Linden Hours,Album,Tidewater,Paper Lanterns,Nordlys Records,4065629200201,DEX252500202,454,4.555981,USD
2026-03,2026-05-29,Tidal,SE,The Linden Hours,Album,Tidewater,Paper Lanterns,Nordlys Records,4065629200201,DEX252500202,292,2.667011,USD
2026-03,2026-05-29,Tidal,US,The Linden Hours,Album,Tidewater,Paper Lanterns,Nordlys Records,4065629200201,DEX252500202,859,8.510800,USD
2026-03,2026-05-29,Tidal,AT,The Linden Hours,Album,Tidewater,Salt and Iron,Nordlys Records,4065629200201,DEX252500203,216,2.074464,USD
2026-03,2026-05-29,Tidal,DE,The Linden Hours,Album,Tidewater,Salt and Iron,Nordlys Records,4065629200201,DEX252500203,1003,9.534518,USD
2026-03,2026-05-29,Tidal,GB,The Linden Hours,Album,Tidewater,Salt and Iron,Nordlys Records,4065629200201,DEX252500203,351,3.226532,USD
2026-03,2026-05-29,Tidal,NL,The Linden Hours,Album,Tidewater,Salt and Iron,Nordlys Records,4065629200201,DEX252500203,211,1.927190,USD
2026-03,2026-05-29,Tidal,SE,The Linden Hours,Album,Tidewater,Salt and Iron,Nordlys Records,4065629200201,DEX252500203,130,1.235780,USD
2026-03,2026-05-29,Tidal,US,The Linden Hours,Album,Tidewater,Salt and Iron,Nordlys Records,4065629200201,DEX252500203,436,4.247163,USD
2026-03,2026-05-29,Tidal,AT,The Linden Hours,Album,Tidewater,The Quiet Year,Nordlys Records,4065629200201,DEX252500204,184,1.909589,USD
2026-03,2026-05-29,Tidal,DE,The Linden Hours,Album,Tidewater,The Quiet Year,Nordlys Records,4065629200201,DEX252500204,810,8.088822,USD
2026-03,2026-05-29,Tidal,GB,The Linden Hours,Album,Tidewater,The Quiet Year,Nordlys Records,4065629200201,DEX252500204,301,2.820009,USD
2026-03,2026-05-29,Tidal,NL,The Linden Hours,Album,Tidewater,The Quiet Year,Nordlys Records,4065629200201,DEX252500204,220,2.136596,USD
2026-03,2026-05-29,Tidal,SE,The Linden Hours,Album,Tidewater,The Quiet Year,Nordlys Records,4065629200201,DEX252500204,144,1.395677,USD
2026-03,2026-05-29,Tidal,US,The Linden Hours,Album,Tidewater,The Quiet Year,Nordlys Records,4065629200201,DEX252500204,396,3.651833,USD
2026-03,2026-05-29,Tidal,AT,The Linden Hours,Album,Tidewater,Second Light,Nordlys Records,4065629200201,DEX252500205,139,1.322696,USD
2026-03,2026-05-29,Tidal,DE,The Linden Hours,Album,Tidewater,Second Light,Nordlys Records,4065629200201,DEX252500205,585,6.134310,USD
2026-03,2026-05-29,Tidal,GB,The Linden Hours,Album,Tidewater,Second Light,Nordlys Records,4065629200201,DEX252500205,198,2.054884,USD
2026-03,2026-05-29,Tidal,NL,The Linden Hours,Album,Tidewater,Second Light,Nordlys Records,4065629200201,DEX252500205,153,1.571371,USD
2026-03,2026-05-29,Tidal,SE,The Linden Hours,Album,Tidewater,Second Light,Nordlys Records,4065629200201,DEX252500205,126,1.175530,USD
2026-03,2026-05-29,Tidal,US,The Linden Hours,Album,Tidewater,Second Light,Nordlys Records,4065629200201,DEX252500205,319,3.141831,USD
2026-03,2026-05-29,Tidal,AT,The Linden Hours,Album,Tidewater,Glasshouse,Nordlys Records,4065629200201,DEX252500206,274,2.878534,USD
2026-03,2026-05-29,Tidal,DE,The Linden Hours,Album,Tidewater,Glasshouse,Nordlys Records,4065629200201,DEX252500206,1021,10.215922,USD
2026-03,2026-05-29,Tidal,GB,The Linden Hours,Album,Tidewater,Glasshouse,Nordlys Records,4065629200201,DEX252500206,409,3.887954,USD
2026-03,2026-05-29,Tidal,NL,The Linden Hours,Album,Tidewater,Glasshouse,Nordlys Records,4065629200201,DEX252500206,292,3.001818,USD
2026-03,2026-05-29,Tidal,SE,The Linden Hours,Album,Tidewater,Glasshouse,Nordlys Records,4065629200201,DEX252500206,175,1.783600,USD
2026-03,2026-05-29,Tidal,US,The Linden Hours,Album,Tidewater,Glasshouse,Nordlys Records,4065629200201,DEX252500206,549,5.191893,USD
2026-03,2026-05-29,Tidal,AT,The Linden Hours,Album,Tidewater,Summer Static,Nordlys Records,4065629200201,DEX252500207,648,6.001128,USD
2026-03,2026-05-29,Tidal,DE,The Linden Hours,Album,Tidewater,Summer Static,Nordlys Records,4065629200201,DEX252500207,2353,23.589766,USD
2026-03,2026-05-29,Tidal,GB,The Linden Hours,Album,Tidewater,Summer Static,Nordlys Records,4065629200201,DEX252500207,967,9.647179,USD
2026-03,2026-05-29,Tidal,NL,The Linden Hours,Album,Tidewater,Summer Static,Nordlys Records,4065629200201,DEX252500207,499,4.782616,USD
2026-03,2026-05-29,Tidal,SE,The Linden Hours,Album,Tidewater,Summer Static,Nordlys Records,4065629200201,DEX252500207,324,3.381588,USD
2026-03,2026-05-29,Tidal,US,The Linden Hours,Album,Tidewater,Summer Static,Nordlys Records,4065629200201,DEX252500207,1305,13.172670,USD
2026-03,2026-05-29,Tidal,AT,The Linden Hours,Album,Tidewater,Tidewater,Nordlys Records,4065629200201,DEX252500208,207,1.994114,USD
2026-03,2026-05-29,Tidal,DE,The Linden Hours,Album,Tidewater,Tidewater,Nordlys Records,4065629200201,DEX252500208,841,8.645648,USD
2026-03,2026-05-29,Tidal,GB,The Linden Hours,Album,Tidewater,Tidewater,Nordlys Records,4065629200201,DEX252500208,288,2.799821,USD
2026-03,2026-05-29,Tidal,NL,The Linden Hours,Album,Tidewater,Tidewater,Nordlys Records,4065629200201,DEX252500208,153,1.530887,USD
2026-03,2026-05-29,Tidal,SE,The Linden Hours,Album,Tidewater,Tidewater,Nordlys Records,4065629200201,DEX252500208,157,1.560140,USD
2026-03,2026-05-29,Tidal,US,The Linden Hours,Album,Tidewater,Tidewater,Nordlys Records,4065629200201,DEX252500208,364,3.453050,USD
2026-03,2026-05-29,YouTube Music,AT,The Linden Hours,Album,Tidewater,Linden,Nordlys Records,4065629200201,DEX252500201,454,0.963887,USD
2026-03,2026-05-29,YouTube Music,DE,The Linden Hours,Album,Tidewater,Linden,Nordlys Records,4065629200201,DEX252500201,2272,4.795056,USD
2026-03,2026-05-29,YouTube Music,GB,The Linden Hours,Album,Tidewater,Linden,Nordlys Records,4065629200201,DEX252500201,805,1.778406,USD
2026-03,2026-05-29,YouTube Music,NL,The Linden Hours,Album,Tidewater,Linden,Nordlys Records,4065629200201,DEX252500201,445,0.892448,USD
2026-03,2026-05-29,YouTube Music,SE,The Linden Hours,Album,Tidewater,Linden,Nordlys Records,4065629200201,DEX252500201,391,0.877756,USD
2026-03,2026-05-29,YouTube Music,US,The Linden Hours,Album,Tidewater,Linden,Nordlys Records,4065629200201,DEX252500201,994,2.137498,USD
2026-03,2026-05-29,YouTube Music,AT,The Linden Hours,Album,Tidewater,Paper Lanterns,Nordlys Records,4065629200201,DEX252500202,715,1.515014,USD
2026-03,2026-05-29,YouTube Music,DE,The Linden Hours,Album,Tidewater,Paper Lanterns,Nordlys Records,4065629200201,DEX252500202,3744,8.169034,USD
2026-03,2026-05-29,YouTube Music,GB,The Linden Hours,Album,Tidewater,Paper Lanterns,Nordlys Records,4065629200201,DEX252500202,1296,2.528366,USD
2026-03,2026-05-29,YouTube Music,NL,The Linden Hours,Album,Tidewater,Paper Lanterns,Nordlys Records,4065629200201,DEX252500202,706,1.430709,USD
2026-03,2026-05-29,YouTube Music,SE,The Linden Hours,Album,Tidewater,Paper Lanterns,Nordlys Records,4065629200201,DEX252500202,634,1.271487,USD
2026-03,2026-05-29,YouTube Music,US,The Linden Hours,Album,Tidewater,Paper Lanterns,Nordlys Records,4065629200201,DEX252500202,1773,3.794043,USD
2026-03,2026-05-29,YouTube Music,AT,The Linden Hours,Album,Tidewater,Salt and Iron,Nordlys Records,4065629200201,DEX252500203,463,1.006331,USD
2026-03,2026-05-29,YouTube Music,DE,The Linden Hours,Album,Tidewater,Salt and Iron,Nordlys Records,4065629200201,DEX252500203,1723,3.556789,USD
2026-03,2026-05-29,YouTube Music,GB,The Linden Hours,Album,Tidewater,Salt and Iron,Nordlys Records,4065629200201,DEX252500203,580,1.191204,USD
2026-03,2026-05-29,YouTube Music,NL,The Linden Hours,Album,Tidewater,Salt and Iron,Nordlys Records,4065629200201,DEX252500203,306,0.634889,USD
2026-03,2026-05-29,YouTube Music,SE,The Linden Hours,Album,Tidewater,Salt and Iron,Nordlys Records,4065629200201,DEX252500203,252,0.569419,USD
2026-03,2026-05-29,YouTube Music,US,The Linden Hours,Album,Tidewater,Salt and Iron,Nordlys Records,4065629200201,DEX252500203,738,1.661386,USD
2026-03,2026-05-29,YouTube Music,AT,The Linden Hours,Album,Tidewater,The Quiet Year,Nordlys Records,4065629200201,DEX252500204,319,0.701385,USD
2026-03,2026-05-29,YouTube Music,DE,The Linden Hours,Album,Tidewater,The Quiet Year,Nordlys Records,4065629200201,DEX252500204,1431,2.797748,USD
2026-03,2026-05-29,YouTube Music,GB,The Linden Hours,Album,Tidewater,The Quiet Year,Nordlys Records,4065629200201,DEX252500204,454,0.949586,USD
2026-03,2026-05-29,YouTube Music,NL,The Linden Hours,Album,Tidewater,The Quiet Year,Nordlys Records,4065629200201,DEX252500204,288,0.595728,USD
2026-03,2026-05-29,YouTube Music,SE,The Linden Hours,Album,Tidewater,The Quiet Year,Nordlys Records,4065629200201,DEX252500204,220,0.466158,USD
2026-03,2026-05-29,YouTube Music,US,The Linden Hours,Album,Tidewater,The Quiet Year,Nordlys Records,4065629200201,DEX252500204,652,1.437660,USD
2026-03,2026-05-29,YouTube Music,AT,The Linden Hours,Album,Tidewater,Second Light,Nordlys Records,4065629200201,DEX252500205,261,0.570572,USD
2026-03,2026-05-29,YouTube Music,DE,The Linden Hours,Album,Tidewater,Second Light,Nordlys Records,4065629200201,DEX252500205,1156,2.272234,USD
2026-03,2026-05-29,YouTube Music,GB,The Linden Hours,Album,Tidewater,Second Light,Nordlys Records,4065629200201,DEX252500205,279,0.597032,USD
2026-03,2026-05-29,YouTube Music,NL,The Linden Hours,Album,Tidewater,Second Light,Nordlys Records,4065629200201,DEX252500205,225,0.452183,USD
2026-03,2026-05-29,YouTube Music,SE,The Linden Hours,Album,Tidewater,Second Light,Nordlys Records,4065629200201,DEX252500205,180,0.385560,USD
2026-03,2026-05-29,YouTube Music,US,The Linden Hours,Album,Tidewater,Second Light,Nordlys Records,4065629200201,DEX252500205,666,1.373425,USD
2026-03,2026-05-29,YouTube Music,AT,The Linden Hours,Album,Tidewater,Glasshouse,Nordlys Records,4065629200201,DEX252500206,405,0.889623,USD
2026-03,2026-05-29,YouTube Music,DE,The Linden Hours,Album,Tidewater,Glasshouse,Nordlys Records,4065629200201,DEX252500206,1764,3.937777,USD
2026-03,2026-05-29,YouTube Music,GB,The Linden Hours,Album,Tidewater,Glasshouse,Nordlys Records,4065629200201,DEX252500206,648,1.385294,USD
2026-03,2026-05-29,YouTube Music,NL,The Linden Hours,Album,Tidewater,Glasshouse,Nordlys Records,4065629200201,DEX252500206,382,0.787760,USD
2026-03,2026-05-29,YouTube Music,SE,The Linden Hours,Album,Tidewater,Glasshouse,Nordlys Records,4065629200201,DEX252500206,333,0.702797,USD
2026-03,2026-05-29,YouTube Music,US,The Linden Hours,Album,Tidewater,Glasshouse,Nordlys Records,4065629200201,DEX252500206,877,1.723831,USD
2026-03,2026-05-29,YouTube Music,AT,The Linden Hours,Album,Tidewater,Summer Static,Nordlys Records,4065629200201,DEX252500207,1084,2.294611,USD
2026-03,2026-05-29,YouTube Music,DE,The Linden Hours,Album,Tidewater,Summer Static,Nordlys Records,4065629200201,DEX252500207,4626,8.947147,USD
2026-03,2026-05-29,YouTube Music,GB,The Linden Hours,Album,Tidewater,Summer Static,Nordlys Records,4065629200201,DEX252500207,1584,3.146774,USD
2026-03,2026-05-29,YouTube Music,NL,The Linden Hours,Album,Tidewater,Summer Static,Nordlys Records,4065629200201,DEX252500207,891,1.865487,USD
2026-03,2026-05-29,YouTube Music,SE,The Linden Hours,Album,Tidewater,Summer Static,Nordlys Records,4065629200201,DEX252500207,882,1.752181,USD
2026-03,2026-05-29,YouTube Music,US,The Linden Hours,Album,Tidewater,Summer Static,Nordlys Records,4065629200201,DEX252500207,2196,4.685386,USD
2026-03,2026-05-29,YouTube Music,AT,The Linden Hours,Album,Tidewater,Tidewater,Nordlys Records,4065629200201,DEX252500208,391,0.816173,USD
2026-03,2026-05-29,YouTube Music,DE,The Linden Hours,Album,Tidewater,Tidewater,Nordlys Records,4065629200201,DEX252500208,1345,2.982672,USD
2026-03,2026-05-29,YouTube Music,GB,The Linden Hours,Album,Tidewater,Tidewater,Nordlys Records,4065629200201,DEX252500208,495,1.090436,USD
2026-03,2026-05-29,YouTube Music,NL,The Linden Hours,Album,Tidewater,Tidewater,Nordlys Records,4065629200201,DEX252500208,324,0.644339,USD
2026-03,2026-05-29,YouTube Music,SE,The Linden Hours,Album,Tidewater,Tidewater,Nordlys Records,4065629200201,DEX252500208,220,0.430122,USD
2026-03,2026-05-29,YouTube Music,US,The Linden Hours,Album,Tidewater,Tidewater,Nordlys Records,4065629200201,DEX252500208,648,1.422036,USD
2026-04,2026-06-30,Amazon Music,AT,The Linden Hours,Album,Tidewater,Linden,Nordlys Records,4065629200201,DEX252500201,477,2.303195,USD
2026-04,2026-06-30,Amazon Music,DE,The Linden Hours,Album,Tidewater,Linden,Nordlys Records,4065629200201,DEX252500201,1759,7.503894,USD
2026-04,2026-06-30,Amazon Music,GB,The Linden Hours,Album,Tidewater,Linden,Nordlys Records,4065629200201,DEX252500201,603,2.879024,USD
2026-04,2026-06-30,Amazon Music,NL,The Linden Hours,Album,Tidewater,Linden,Nordlys Records,4065629200201,DEX252500201,414,1.883493,USD
2026-04,2026-06-30,Amazon Music,SE,The Linden Hours,Album,Tidewater,Linden,Nordlys Records,4065629200201,DEX252500201,279,1.252989,USD
2026-04,2026-06-30,Amazon Music,US,The Linden Hours,Album,Tidewater,Linden,Nordlys Records,4065629200201,DEX252500201,1111,4.839516,USD
2026-04,2026-06-30,Amazon Music,AT,The Linden Hours,Album,Tidewater,Paper Lanterns,Nordlys Records,4065629200201,DEX252500202,670,2.843145,USD
2026-04,2026-06-30,Amazon Music,DE,The Linden Hours,Album,Tidewater,Paper Lanterns,Nordlys Records,4065629200201,DEX252500202,2340,10.656360,USD
2026-04,2026-06-30,Amazon Music,GB,The Linden Hours,Album,Tidewater,Paper Lanterns,Nordlys Records,4065629200201,DEX252500202,985,4.100063,USD
2026-04,2026-06-30,Amazon Music,NL,The Linden Hours,Album,Tidewater,Paper Lanterns,Nordlys Records,4065629200201,DEX252500202,720,3.184920,USD
2026-04,2026-06-30,Amazon Music,SE,The Linden Hours,Album,Tidewater,Paper Lanterns,Nordlys Records,4065629200201,DEX252500202,427,1.852326,USD
2026-04,2026-06-30,Amazon Music,US,The Linden Hours,Album,Tidewater,Paper Lanterns,Nordlys Records,4065629200201,DEX252500202,1449,6.611787,USD
2026-04,2026-06-30,Amazon Music,AT,The Linden Hours,Album,Tidewater,Salt and Iron,Nordlys Records,4065629200201,DEX252500203,351,1.630044,USD
2026-04,2026-06-30,Amazon Music,DE,The Linden Hours,Album,Tidewater,Salt and Iron,Nordlys Records,4065629200201,DEX252500203,1300,6.048900,USD
2026-04,2026-06-30,Amazon Music,GB,The Linden Hours,Album,Tidewater,Salt and Iron,Nordlys Records,4065629200201,DEX252500203,517,2.373030,USD
2026-04,2026-06-30,Amazon Music,NL,The Linden Hours,Album,Tidewater,Salt and Iron,Nordlys Records,4065629200201,DEX252500203,310,1.421505,USD
2026-04,2026-06-30,Amazon Music,SE,The Linden Hours,Album,Tidewater,Salt and Iron,Nordlys Records,4065629200201,DEX252500203,216,1.018656,USD
2026-04,2026-06-30,Amazon Music,US,The Linden Hours,Album,Tidewater,Salt and Iron,Nordlys Records,4065629200201,DEX252500203,648,2.927664,USD
2026-04,2026-06-30,Amazon Music,AT,The Linden Hours,Album,Tidewater,The Quiet Year,Nordlys Records,4065629200201,DEX252500204,279,1.160082,USD
2026-04,2026-06-30,Amazon Music,DE,The Linden Hours,Album,Tidewater,The Quiet Year,Nordlys Records,4065629200201,DEX252500204,1305,6.113273,USD
2026-04,2026-06-30,Amazon Music,GB,The Linden Hours,Album,Tidewater,The Quiet Year,Nordlys Records,4065629200201,DEX252500204,382,1.590075,USD
2026-04,2026-06-30,Amazon Music,NL,The Linden Hours,Album,Tidewater,The Quiet Year,Nordlys Records,4065629200201,DEX252500204,252,1.178226,USD
2026-04,2026-06-30,Amazon Music,SE,The Linden Hours,Album,Tidewater,The Quiet Year,Nordlys Records,4065629200201,DEX252500204,211,0.878288,USD
2026-04,2026-06-30,Amazon Music,US,The Linden Hours,Album,Tidewater,The Quiet Year,Nordlys Records,4065629200201,DEX252500204,553,2.530805,USD
2026-04,2026-06-30,Amazon Music,AT,The Linden Hours,Album,Tidewater,Second Light,Nordlys Records,4065629200201,DEX252500205,220,1.017720,USD
2026-04,2026-06-30,Amazon Music,DE,The Linden Hours,Album,Tidewater,Second Light,Nordlys Records,4065629200201,DEX252500205,891,3.752892,USD
2026-04,2026-06-30,Amazon Music,GB,The Linden Hours,Album,Tidewater,Second Light,Nordlys Records,4065629200201,DEX252500205,306,1.375623,USD
2026-04,2026-06-30,Amazon Music,NL,The Linden Hours,Album,Tidewater,Second Light,Nordlys Records,4065629200201,DEX252500205,211,0.902975,USD
2026-04,2026-06-30,Amazon Music,SE,The Linden Hours,Album,Tidewater,Second Light,Nordlys Records,4065629200201,DEX252500205,171,0.807975,USD
2026-04,2026-06-30,Amazon Music,US,The Linden Hours,Album,Tidewater,Second Light,Nordlys Records,4065629200201,DEX252500205,450,1.877175,USD
2026-04,2026-06-30,Amazon Music,AT,The Linden Hours,Album,Tidewater,Glasshouse,Nordlys Records,4065629200201,DEX252500206,414,1.984095,USD
2026-04,2026-06-30,Amazon Music,DE,The Linden Hours,Album,Tidewater,Glasshouse,Nordlys Records,4065629200201,DEX252500206,1678,7.875693,USD
2026-04,2026-06-30,Amazon Music,GB,The Linden Hours,Album,Tidewater,Glasshouse,Nordlys Records,4065629200201,DEX252500206,504,2.297484,USD
2026-04,2026-06-30,Amazon Music,NL,The Linden Hours,Album,Tidewater,Glasshouse,Nordlys Records,4065629200201,DEX252500206,364,1.531530,USD
2026-04,2026-06-30,Amazon Music,SE,The Linden Hours,Album,Tidewater,Glasshouse,Nordlys Records,4065629200201,DEX252500206,319,1.481436,USD
2026-04,2026-06-30,Amazon Music,US,The Linden Hours,Album,Tidewater,Glasshouse,Nordlys Records,4065629200201,DEX252500206,976,4.637952,USD
2026-04,2026-06-30,Amazon Music,AT,The Linden Hours,Album,Tidewater,Summer Static,Nordlys Records,4065629200201,DEX252500207,976,4.238280,USD
2026-04,2026-06-30,Amazon Music,DE,The Linden Hours,Album,Tidewater,Summer Static,Nordlys Records,4065629200201,DEX252500207,3811,15.983334,USD
2026-04,2026-06-30,Amazon Music,GB,The Linden Hours,Album,Tidewater,Summer Static,Nordlys Records,4065629200201,DEX252500207,1341,5.805189,USD
2026-04,2026-06-30,Amazon Music,NL,The Linden Hours,Album,Tidewater,Summer Static,Nordlys Records,4065629200201,DEX252500207,922,4.231980,USD
2026-04,2026-06-30,Amazon Music,SE,The Linden Hours,Album,Tidewater,Summer Static,Nordlys Records,4065629200201,DEX252500207,796,3.324096,USD
2026-04,2026-06-30,Amazon Music,US,The Linden Hours,Album,Tidewater,Summer Static,Nordlys Records,4065629200201,DEX252500207,1804,7.614684,USD
2026-04,2026-06-30,Amazon Music,AT,The Linden Hours,Album,Tidewater,Tidewater,Nordlys Records,4065629200201,DEX252500208,243,1.094594,USD
2026-04,2026-06-30,Amazon Music,DE,The Linden Hours,Album,Tidewater,Tidewater,Nordlys Records,4065629200201,DEX252500208,1255,5.223938,USD
2026-04,2026-06-30,Amazon Music,GB,The Linden Hours,Album,Tidewater,Tidewater,Nordlys Records,4065629200201,DEX252500208,490,2.165310,USD
2026-04,2026-06-30,Amazon Music,NL,The Linden Hours,Album,Tidewater,Tidewater,Nordlys Records,4065629200201,DEX252500208,274,1.250262,USD
2026-04,2026-06-30,Amazon Music,SE,The Linden Hours,Album,Tidewater,Tidewater,Nordlys Records,4065629200201,DEX252500208,220,1.006830,USD
2026-04,2026-06-30,Amazon Music,US,The Linden Hours,Album,Tidewater,Tidewater,Nordlys Records,4065629200201,DEX252500208,549,2.329682,USD
2026-04,2026-06-30,Apple Music,AT,The Linden Hours,Album,Tidewater,Linden,Nordlys Records,4065629200201,DEX252500201,729,5.357057,USD
2026-04,2026-06-30,Apple Music,DE,The Linden Hours,Album,Tidewater,Linden,Nordlys Records,4065629200201,DEX252500201,2673,20.211890,USD
2026-04,2026-06-30,Apple Music,GB,The Linden Hours,Album,Tidewater,Linden,Nordlys Records,4065629200201,DEX252500201,1089,7.414892,USD
2026-04,2026-06-30,Apple Music,NL,The Linden Hours,Album,Tidewater,Linden,Nordlys Records,4065629200201,DEX252500201,751,5.524056,USD
2026-04,2026-06-30,Apple Music,SE,The Linden Hours,Album,Tidewater,Linden,Nordlys Records,4065629200201,DEX252500201,625,4.597250,USD
2026-04,2026-06-30,Apple Music,US,The Linden Hours,Album,Tidewater,Linden,Nordlys Records,4065629200201,DEX252500201,1719,11.619065,USD
2026-04,2026-06-30,Apple Music,AT,The Linden Hours,Album,Tidewater,Paper Lanterns,Nordlys Records,4065629200201,DEX252500202,1138,8.314114,USD
2026-04,2026-06-30,Apple Music,DE,The Linden Hours,Album,Tidewater,Paper Lanterns,Nordlys Records,4065629200201,DEX252500202,4225,29.607533,USD
2026-04,2026-06-30,Apple Music,GB,The Linden Hours,Album,Tidewater,Paper Lanterns,Nordlys Records,4065629200201,DEX252500202,1957,14.728382,USD
2026-04,2026-06-30,Apple Music,NL,The Linden Hours,Album,Tidewater,Paper Lanterns,Nordlys Records,4065629200201,DEX252500202,1246,9.235850,USD
2026-04,2026-06-30,Apple Music,SE,The Linden Hours,Album,Tidewater,Paper Lanterns,Nordlys Records,4065629200201,DEX252500202,769,5.438060,USD
2026-04,2026-06-30,Apple Music,US,The Linden Hours,Album,Tidewater,Paper Lanterns,Nordlys Records,4065629200201,DEX252500202,2502,17.462209,USD
2026-04,2026-06-30,Apple Music,AT,The Linden Hours,Album,Tidewater,Salt and Iron,Nordlys Records,4065629200201,DEX252500203,508,3.426460,USD
2026-04,2026-06-30,Apple Music,DE,The Linden Hours,Album,Tidewater,Salt and Iron,Nordlys Records,4065629200201,DEX252500203,2349,15.677226,USD
2026-04,2026-06-30,Apple Music,GB,The Linden Hours,Album,Tidewater,Salt and Iron,Nordlys Records,4065629200201,DEX252500203,814,5.473092,USD
2026-04,2026-06-30,Apple Music,NL,The Linden Hours,Album,Tidewater,Salt and Iron,Nordlys Records,4065629200201,DEX252500203,576,4.412678,USD
2026-04,2026-06-30,Apple Music,SE,The Linden Hours,Album,Tidewater,Salt and Iron,Nordlys Records,4065629200201,DEX252500203,400,2.652560,USD
2026-04,2026-06-30,Apple Music,US,The Linden Hours,Album,Tidewater,Salt and Iron,Nordlys Records,4065629200201,DEX252500203,1507,9.907922,USD
2026-04,2026-06-30,Apple Music,AT,The Linden Hours,Album,Tidewater,The Quiet Year,Nordlys Records,4065629200201,DEX252500204,567,3.997520,USD
2026-04,2026-06-30,Apple Music,DE,The Linden Hours,Album,Tidewater,The Quiet Year,Nordlys Records,4065629200201,DEX252500204,2119,15.405978,USD
2026-04,2026-06-30,Apple Music,GB,The Linden Hours,Album,Tidewater,The Quiet Year,Nordlys Records,4065629200201,DEX252500204,702,4.630322,USD
2026-04,2026-06-30,Apple Music,NL,The Linden Hours,Album,Tidewater,The Quiet Year,Nordlys Records,4065629200201,DEX252500204,567,3.820389,USD
2026-04,2026-06-30,Apple Music,SE,The Linden Hours,Album,Tidewater,The Quiet Year,Nordlys Records,4065629200201,DEX252500204,391,2.701145,USD
2026-04,2026-06-30,Apple Music,US,The Linden Hours,Album,Tidewater,The Quiet Year,Nordlys Records,4065629200201,DEX252500204,1093,7.341244,USD
2026-04,2026-06-30,Apple Music,AT,The Linden Hours,Album,Tidewater,Second Light,Nordlys Records,4065629200201,DEX252500205,387,2.758691,USD
2026-04,2026-06-30,Apple Music,DE,The Linden Hours,Album,Tidewater,Second Light,Nordlys Records,4065629200201,DEX252500205,1552,10.920027,USD
2026-04,2026-06-30,Apple Music,GB,The Linden Hours,Album,Tidewater,Second Light,Nordlys Records,4065629200201,DEX252500205,495,3.402036,USD
2026-04,2026-06-30,Apple Music,NL,The Linden Hours,Album,Tidewater,Second Light,Nordlys Records,4065629200201,DEX252500205,292,2.187226,USD
2026-04,2026-06-30,Apple Music,SE,The Linden Hours,Album,Tidewater,Second Light,Nordlys Records,4065629200201,DEX252500205,306,2.285575,USD
2026-04,2026-06-30,Apple Music,US,The Linden Hours,Album,Tidewater,Second Light,Nordlys Records,4065629200201,DEX252500205,877,6.419728,USD
2026-04,2026-06-30,Apple Music,AT,The Linden Hours,Album,Tidewater,Glasshouse,Nordlys Records,4065629200201,DEX252500206,684,4.671857,USD
2026-04,2026-06-30,Apple Music,DE,The Linden Hours,Album,Tidewater,Glasshouse,Nordlys Records,4065629200201,DEX252500206,3226,23.958212,USD
2026-04,2026-06-30,Apple Music,GB,The Linden Hours,Album,Tidewater,Glasshouse,Nordlys Records,4065629200201,DEX252500206,1021,7.314342,USD
2026-04,2026-06-30,Apple Music,NL,The Linden Hours,Album,Tidewater,Glasshouse,Nordlys Records,4065629200201,DEX252500206,643,4.615518,USD
2026-04,2026-06-30,Apple Music,SE,The Linden Hours,Album,Tidewater,Glasshouse,Nordlys Records,4065629200201,DEX252500206,558,4.227241,USD
2026-04,2026-06-30,Apple Music,US,The Linden Hours,Album,Tidewater,Glasshouse,Nordlys Records,4065629200201,DEX252500206,1440,10.459152,USD
2026-04,2026-06-30,Apple Music,AT,The Linden Hours,Album,Tidewater,Summer Static,Nordlys Records,4065629200201,DEX252500207,1566,10.429247,USD
2026-04,2026-06-30,Apple Music,DE,The Linden Hours,Album,Tidewater,Summer Static,Nordlys Records,4065629200201,DEX252500207,6363,44.364109,USD
2026-04,2026-06-30,Apple Music,GB,The Linden Hours,Album,Tidewater,Summer Static,Nordlys Records,4065629200201,DEX252500207,2241,16.945322,USD
2026-04,2026-06-30,Apple Music,NL,The Linden Hours,Album,Tidewater,Summer Static,Nordlys Records,4065629200201,DEX252500207,1318,8.983488,USD
2026-04,2026-06-30,Apple Music,SE,The Linden Hours,Album,Tidewater,Summer Static,Nordlys Records,4065629200201,DEX252500207,1246,9.297777,USD
2026-04,2026-06-30,Apple Music,US,The Linden Hours,Album,Tidewater,Summer Static,Nordlys Records,4065629200201,DEX252500207,3276,23.841090,USD
2026-04,2026-06-30,Apple Music,AT,The Linden Hours,Album,Tidewater,Tidewater,Nordlys Records,4065629200201,DEX252500208,468,3.362674,USD
2026-04,2026-06-30,Apple Music,DE,The Linden Hours,Album,Tidewater,Tidewater,Nordlys Records,4065629200201,DEX252500208,2205,15.514601,USD
2026-04,2026-06-30,Apple Music,GB,The Linden Hours,Album,Tidewater,Tidewater,Nordlys Records,4065629200201,DEX252500208,684,4.565016,USD
2026-04,2026-06-30,Apple Music,NL,The Linden Hours,Album,Tidewater,Tidewater,Nordlys Records,4065629200201,DEX252500208,409,2.781936,USD
2026-04,2026-06-30,Apple Music,SE,The Linden Hours,Album,Tidewater,Tidewater,Nordlys Records,4065629200201,DEX252500208,342,2.389349,USD
2026-04,2026-06-30,Apple Music,US,The Linden Hours,Album,Tidewater,Tidewater,Nordlys Records,4065629200201,DEX252500208,909,6.686240,USD
2026-04,2026-06-30,Deezer,AT,The Linden Hours,Album,Tidewater,Linden,Nordlys Records,4065629200201,DEX252500201,333,1.246752,USD
2026-04,2026-06-30,Deezer,DE,The Linden Hours,Album,Tidewater,Linden,Nordlys Records,4065629200201,DEX252500201,1246,4.315147,USD
2026-04,2026-06-30,Deezer,GB,The Linden Hours,Album,Tidewater,Linden,Nordlys Records,4065629200201,DEX252500201,486,1.676117,USD
2026-04,2026-06-30,Deezer,NL,The Linden Hours,Album,Tidewater,Linden,Nordlys Records,4065629200201,DEX252500201,351,1.312880,USD
2026-04,2026-06-30,Deezer,SE,The Linden Hours,Album,Tidewater,Linden,Nordlys Records,4065629200201,DEX252500201,274,0.959767,USD
2026-04,2026-06-30,Deezer,US,The Linden Hours,Album,Tidewater,Linden,Nordlys Records,4065629200201,DEX252500201,711,2.723414,USD
2026-04,2026-06-30,Deezer,AT,The Linden Hours,Album,Tidewater,Paper Lanterns,Nordlys Records,4065629200201,DEX252500202,522,1.995710,USD
2026-04,2026-06-30,Deezer,DE,The Linden Hours,Album,Tidewater,Paper Lanterns,Nordlys Records,4065629200201,DEX252500202,2407,9.219773,USD
2026-04,2026-06-30,Deezer,GB,The Linden Hours,Album,Tidewater,Paper Lanterns,Nordlys Records,4065629200201,DEX252500202,841,3.097235,USD
2026-04,2026-06-30,Deezer,NL,The Linden Hours,Album,Tidewater,Paper Lanterns,Nordlys Records,4065629200201,DEX252500202,508,1.892808,USD
2026-04,2026-06-30,Deezer,SE,The Linden Hours,Album,Tidewater,Paper Lanterns,Nordlys Records,4065629200201,DEX252500202,405,1.355940,USD
2026-04,2026-06-30,Deezer,US,The Linden Hours,Album,Tidewater,Paper Lanterns,Nordlys Records,4065629200201,DEX252500202,1053,3.597469,USD
2026-04,2026-06-30,Deezer,AT,The Linden Hours,Album,Tidewater,Salt and Iron,Nordlys Records,4065629200201,DEX252500203,225,0.789750,USD
2026-04,2026-06-30,Deezer,DE,The Linden Hours,Album,Tidewater,Salt and Iron,Nordlys Records,4065629200201,DEX252500203,963,3.730277,USD
2026-04,2026-06-30,Deezer,GB,The Linden Hours,Album,Tidewater,Salt and Iron,Nordlys Records,4065629200201,DEX252500203,360,1.320624,USD
2026-04,2026-06-30,Deezer,NL,The Linden Hours,Album,Tidewater,Salt and Iron,Nordlys Records,4065629200201,DEX252500203,252,0.884520,USD
2026-04,2026-06-30,Deezer,SE,The Linden Hours,Album,Tidewater,Salt and Iron,Nordlys Records,4065629200201,DEX252500203,216,0.768269,USD
2026-04,2026-06-30,Deezer,US,The Linden Hours,Album,Tidewater,Salt and Iron,Nordlys Records,4065629200201,DEX252500203,486,1.684865,USD
2026-04,2026-06-30,Deezer,AT,The Linden Hours,Album,Tidewater,The Quiet Year,Nordlys Records,4065629200201,DEX252500204,225,0.825390,USD
2026-04,2026-06-30,Deezer,DE,The Linden Hours,Album,Tidewater,The Quiet Year,Nordlys Records,4065629200201,DEX252500204,981,3.581042,USD
2026-04,2026-06-30,Deezer,GB,The Linden Hours,Album,Tidewater,The Quiet Year,Nordlys Records,4065629200201,DEX252500204,283,1.023894,USD
2026-04,2026-06-30,Deezer,NL,The Linden Hours,Album,Tidewater,The Quiet Year,Nordlys Records,4065629200201,DEX252500204,202,0.681386,USD
2026-04,2026-06-30,Deezer,SE,The Linden Hours,Album,Tidewater,The Quiet Year,Nordlys Records,4065629200201,DEX252500204,148,0.520546,USD
2026-04,2026-06-30,Deezer,US,The Linden Hours,Album,Tidewater,The Quiet Year,Nordlys Records,4065629200201,DEX252500204,436,1.476994,USD
2026-04,2026-06-30,Deezer,AT,The Linden Hours,Album,Tidewater,Second Light,Nordlys Records,4065629200201,DEX252500205,180,0.684936,USD
2026-04,2026-06-30,Deezer,DE,The Linden Hours,Album,Tidewater,Second Light,Nordlys Records,4065629200201,DEX252500205,715,2.517372,USD
2026-04,2026-06-30,Deezer,GB,The Linden Hours,Album,Tidewater,Second Light,Nordlys Records,4065629200201,DEX252500205,301,1.028336,USD
2026-04,2026-06-30,Deezer,NL,The Linden Hours,Album,Tidewater,Second Light,Nordlys Records,4065629200201,DEX252500205,153,0.531522,USD
2026-04,2026-06-30,Deezer,SE,The Linden Hours,Album,Tidewater,Second Light,Nordlys Records,4065629200201,DEX252500205,126,0.467662,USD
2026-04,2026-06-30,Deezer,US,The Linden Hours,Album,Tidewater,Second Light,Nordlys Records,4065629200201,DEX252500205,342,1.185646,USD
2026-04,2026-06-30,Deezer,AT,The Linden Hours,Album,Tidewater,Glasshouse,Nordlys Records,4065629200201,DEX252500206,265,1.017918,USD
2026-04,2026-06-30,Deezer,DE,The Linden Hours,Album,Tidewater,Glasshouse,Nordlys Records,4065629200201,DEX252500206,1147,4.120942,USD
2026-04,2026-06-30,Deezer,GB,The Linden Hours,Album,Tidewater,Glasshouse,Nordlys Records,4065629200201,DEX252500206,481,1.809522,USD
2026-04,2026-06-30,Deezer,NL,The Linden Hours,Album,Tidewater,Glasshouse,Nordlys Records,4065629200201,DEX252500206,283,0.979067,USD
2026-04,2026-06-30,Deezer,SE,The Linden Hours,Album,Tidewater,Glasshouse,Nordlys Records,4065629200201,DEX252500206,198,0.670032,USD
2026-04,2026-06-30,Deezer,US,The Linden Hours,Album,Tidewater,Glasshouse,Nordlys Records,4065629200201,DEX252500206,679,2.595953,USD
2026-04,2026-06-30,Deezer,AT,The Linden Hours,Album,Tidewater,Summer Static,Nordlys Records,4065629200201,DEX252500207,688,2.348006,USD
2026-04,2026-06-30,Deezer,DE,The Linden Hours,Album,Tidewater,Summer Static,Nordlys Records,4065629200201,DEX252500207,3141,10.527376,USD
2026-04,2026-06-30,Deezer,GB,The Linden Hours,Album,Tidewater,Summer Static,Nordlys Records,4065629200201,DEX252500207,976,3.373056,USD
2026-04,2026-06-30,Deezer,NL,The Linden Hours,Album,Tidewater,Summer Static,Nordlys Records,4065629200201,DEX252500207,706,2.719512,USD
2026-04,2026-06-30,Deezer,SE,The Linden Hours,Album,Tidewater,Summer Static,Nordlys Records,4065629200201,DEX252500207,432,1.606522,USD
2026-04,2026-06-30,Deezer,US,The Linden Hours,Album,Tidewater,Summer Static,Nordlys Records,4065629200201,DEX252500207,1372,4.983653,USD
2026-04,2026-06-30,Deezer,AT,The Linden Hours,Album,Tidewater,Tidewater,Nordlys Records,4065629200201,DEX252500208,256,0.902246,USD
2026-04,2026-06-30,Deezer,DE,The Linden Hours,Album,Tidewater,Tidewater,Nordlys Records,4065629200201,DEX252500208,994,3.463891,USD
2026-04,2026-06-30,Deezer,GB,The Linden Hours,Album,Tidewater,Tidewater,Nordlys Records,4065629200201,DEX252500208,288,1.089677,USD
2026-04,2026-06-30,Deezer,NL,The Linden Hours,Album,Tidewater,Tidewater,Nordlys Records,4065629200201,DEX252500208,216,0.747274,USD
2026-04,2026-06-30,Deezer,SE,The Linden Hours,Album,Tidewater,Tidewater,Nordlys Records,4065629200201,DEX252500208,162,0.591365,USD
2026-04,2026-06-30,Deezer,US,The Linden Hours,Album,Tidewater,Tidewater,Nordlys Records,4065629200201,DEX252500208,427,1.626358,USD
2026-04,2026-06-30,Spotify,AT,The Linden Hours,Album,Tidewater,Linden,Nordlys Records,4065629200201,DEX252500201,4095,13.379184,USD
2026-04,2026-06-30,Spotify,DE,The Linden Hours,Album,Tidewater,Linden,Nordlys Records,4065629200201,DEX252500201,10354,33.894854,USD
2026-04,2026-06-30,Spotify,GB,The Linden Hours,Album,Tidewater,Linden,Nordlys Records,4065629200201,DEX252500201,5328,15.924326,USD
2026-04,2026-06-30,Spotify,NL,The Linden Hours,Album,Tidewater,Linden,Nordlys Records,4065629200201,DEX252500201,2988,8.834918,USD
2026-04,2026-06-30,Spotify,SE,The Linden Hours,Album,Tidewater,Linden,Nordlys Records,4065629200201,DEX252500201,2317,6.917635,USD
2026-04,2026-06-30,Spotify,US,The Linden Hours,Album,Tidewater,Linden,Nordlys Records,4065629200201,DEX252500201,6840,20.465280,USD
2026-04,2026-06-30,Spotify,AT,The Linden Hours,Album,Tidewater,Paper Lanterns,Nordlys Records,4065629200201,DEX252500202,4986,17.072064,USD
2026-04,2026-06-30,Spotify,DE,The Linden Hours,Album,Tidewater,Paper Lanterns,Nordlys Records,4065629200201,DEX252500202,22900,70.422080,USD
2026-04,2026-06-30,Spotify,GB,The Linden Hours,Album,Tidewater,Paper Lanterns,Nordlys Records,4065629200201,DEX252500202,6232,18.606259,USD
2026-04,2026-06-30,Spotify,NL,The Linden Hours,Album,Tidewater,Paper Lanterns,Nordlys Records,4065629200201,DEX252500202,5314,15.831469,USD
2026-04,2026-06-30,Spotify,SE,The Linden Hours,Album,Tidewater,Paper Lanterns,Nordlys Records,4065629200201,DEX252500202,3829,12.693901,USD
2026-04,2026-06-30,Spotify,US,The Linden Hours,Album,Tidewater,Paper Lanterns,Nordlys Records,4065629200201,DEX252500202,9814,29.112250,USD
2026-04,2026-06-30,Spotify,AT,The Linden Hours,Album,Tidewater,Salt and Iron,Nordlys Records,4065629200201,DEX252500203,2515,7.806560,USD
2026-04,2026-06-30,Spotify,DE,The Linden Hours,Album,Tidewater,Salt and Iron,Nordlys Records,4065629200201,DEX252500203,9373,31.313318,USD
2026-04,2026-06-30,Spotify,GB,The Linden Hours,Album,Tidewater,Salt and Iron,Nordlys Records,4065629200201,DEX252500203,3883,13.183562,USD
2026-04,2026-06-30,Spotify,NL,The Linden Hours,Album,Tidewater,Salt and Iron,Nordlys Records,4065629200201,DEX252500203,2218,7.189869,USD
2026-04,2026-06-30,Spotify,SE,The Linden Hours,Album,Tidewater,Salt and Iron,Nordlys Records,4065629200201,DEX252500203,1737,5.508374,USD
2026-04,2026-06-30,Spotify,US,The Linden Hours,Album,Tidewater,Salt and Iron,Nordlys Records,4065629200201,DEX252500203,4581,14.615222,USD
2026-04,2026-06-30,Spotify,AT,The Linden Hours,Album,Tidewater,The Quiet Year,Nordlys Records,4065629200201,DEX252500204,2367,7.763760,USD
2026-04,2026-06-30,Spotify,DE,The Linden Hours,Album,Tidewater,The Quiet Year,Nordlys Records,4065629200201,DEX252500204,9387,31.149821,USD
2026-04,2026-06-30,Spotify,GB,The Linden Hours,Album,Tidewater,The Quiet Year,Nordlys Records,4065629200201,DEX252500204,2610,8.201664,USD
2026-04,2026-06-30,Spotify,NL,The Linden Hours,Album,Tidewater,The Quiet Year,Nordlys Records,4065629200201,DEX252500204,2101,6.629075,USD
2026-04,2026-06-30,Spotify,SE,The Linden Hours,Album,Tidewater,The Quiet Year,Nordlys Records,4065629200201,DEX252500204,1399,4.275344,USD
2026-04,2026-06-30,Spotify,US,The Linden Hours,Album,Tidewater,The Quiet Year,Nordlys Records,4065629200201,DEX252500204,4936,15.495091,USD
2026-04,2026-06-30,Spotify,AT,The Linden Hours,Album,Tidewater,Second Light,Nordlys Records,4065629200201,DEX252500205,1678,5.111859,USD
2026-04,2026-06-30,Spotify,DE,The Linden Hours,Album,Tidewater,Second Light,Nordlys Records,4065629200201,DEX252500205,6318,19.590854,USD
2026-04,2026-06-30,Spotify,GB,The Linden Hours,Album,Tidewater,Second Light,Nordlys Records,4065629200201,DEX252500205,1939,6.521245,USD
2026-04,2026-06-30,Spotify,NL,The Linden Hours,Album,Tidewater,Second Light,Nordlys Records,4065629200201,DEX252500205,1462,4.767290,USD
2026-04,2026-06-30,Spotify,SE,The Linden Hours,Album,Tidewater,Second Light,Nordlys Records,4065629200201,DEX252500205,1165,3.828656,USD
2026-04,2026-06-30,Spotify,US,The Linden Hours,Album,Tidewater,Second Light,Nordlys Records,4065629200201,DEX252500205,3033,9.424138,USD
2026-04,2026-06-30,Spotify,AT,The Linden Hours,Album,Tidewater,Glasshouse,Nordlys Records,4065629200201,DEX252500206,2812,9.304346,USD
2026-04,2026-06-30,Spotify,DE,The Linden Hours,Album,Tidewater,Glasshouse,Nordlys Records,4065629200201,DEX252500206,11889,40.631846,USD
2026-04,2026-06-30,Spotify,GB,The Linden Hours,Album,Tidewater,Glasshouse,Nordlys Records,4065629200201,DEX252500206,4194,12.454502,USD
2026-04,2026-06-30,Spotify,NL,The Linden Hours,Album,Tidewater,Glasshouse,Nordlys Records,4065629200201,DEX252500206,3037,9.504595,USD
2026-04,2026-06-30,Spotify,SE,The Linden Hours,Album,Tidewater,Glasshouse,Nordlys Records,4065629200201,DEX252500206,2335,7.927792,USD
2026-04,2026-06-30,Spotify,US,The Linden Hours,Album,Tidewater,Glasshouse,Nordlys Records,4065629200201,DEX252500206,6601,20.933091,USD
2026-04,2026-06-30,Spotify,AT,The Linden Hours,Album,Tidewater,Summer Static,Nordlys Records,4065629200201,DEX252500207,7492,22.991450,USD
2026-04,2026-06-30,Spotify,DE,The Linden Hours,Album,Tidewater,Summer Static,Nordlys Records,4065629200201,DEX252500207,33579,111.536006,USD
2026-04,2026-06-30,Spotify,GB,The Linden Hours,Album,Tidewater,Summer Static,Nordlys Records,4065629200201,DEX252500207,9108,27.600883,USD
2026-04,2026-06-30,Spotify,NL,The Linden Hours,Album,Tidewater,Summer Static,Nordlys Records,4065629200201,DEX252500207,6934,21.256870,USD
2026-04,2026-06-30,Spotify,SE,The Linden Hours,Album,Tidewater,Summer Static,Nordlys Records,4065629200201,DEX252500207,3357,10.301962,USD
2026-04,2026-06-30,Spotify,US,The Linden Hours,Album,Tidewater,Summer Static,Nordlys Records,4065629200201,DEX252500207,13099,40.156294,USD
2026-04,2026-06-30,Spotify,AT,The Linden Hours,Album,Tidewater,Tidewater,Nordlys Records,4065629200201,DEX252500208,1908,5.818637,USD
2026-04,2026-06-30,Spotify,DE,The Linden Hours,Album,Tidewater,Tidewater,Nordlys Records,4065629200201,DEX252500208,8748,25.838093,USD
2026-04,2026-06-30,Spotify,GB,The Linden Hours,Album,Tidewater,Tidewater,Nordlys Records,4065629200201,DEX252500208,2749,8.198618,USD
2026-04,2026-06-30,Spotify,NL,The Linden Hours,Album,Tidewater,Tidewater,Nordlys Records,4065629200201,DEX252500208,1777,5.845619,USD
2026-04,2026-06-30,Spotify,SE,The Linden Hours,Album,Tidewater,Tidewater,Nordlys Records,4065629200201,DEX252500208,1359,4.318358,USD
2026-04,2026-06-30,Spotify,US,The Linden Hours,Album,Tidewater,Tidewater,Nordlys Records,4065629200201,DEX252500208,4459,15.025046,USD
2026-04,2026-06-30,Tidal,AT,The Linden Hours,Album,Tidewater,Linden,Nordlys Records,4065629200201,DEX252500201,265,2.415210,USD
2026-04,2026-06-30,Tidal,DE,The Linden Hours,Album,Tidewater,Linden,Nordlys Records,4065629200201,DEX252500201,1125,10.606050,USD
2026-04,2026-06-30,Tidal,GB,The Linden Hours,Album,Tidewater,Linden,Nordlys Records,4065629200201,DEX252500201,400,3.833760,USD
2026-04,2026-06-30,Tidal,NL,The Linden Hours,Album,Tidewater,Linden,Nordlys Records,4065629200201,DEX252500201,234,2.366582,USD
2026-04,2026-06-30,Tidal,SE,The Linden Hours,Album,Tidewater,Linden,Nordlys Records,4065629200201,DEX252500201,202,1.934069,USD
2026-04,2026-06-30,Tidal,US,The Linden Hours,Album,Tidewater,Linden,Nordlys Records,4065629200201,DEX252500201,576,5.593997,USD
2026-04,2026-06-30,Tidal,AT,The Linden Hours,Album,Tidewater,Paper Lanterns,Nordlys Records,4065629200201,DEX252500202,427,3.987924,USD
2026-04,2026-06-30,Tidal,DE,The Linden Hours,Album,Tidewater,Paper Lanterns,Nordlys Records,4065629200201,DEX252500202,1975,20.632430,USD
2026-04,2026-06-30,Tidal,GB,The Linden Hours,Album,Tidewater,Paper Lanterns,Nordlys Records,4065629200201,DEX252500202,598,6.024491,USD
2026-04,2026-06-30,Tidal,NL,The Linden Hours,Album,Tidewater,Paper Lanterns,Nordlys Records,4065629200201,DEX252500202,450,4.224780,USD
2026-04,2026-06-30,Tidal,SE,The Linden Hours,Album,Tidewater,Paper Lanterns,Nordlys Records,4065629200201,DEX252500202,270,2.677752,USD
2026-04,2026-06-30,Tidal,US,The Linden Hours,Album,Tidewater,Paper Lanterns,Nordlys Records,4065629200201,DEX252500202,846,8.199601,USD
2026-04,2026-06-30,Tidal,AT,The Linden Hours,Album,Tidewater,Salt and Iron,Nordlys Records,4065629200201,DEX252500203,238,2.404704,USD
2026-04,2026-06-30,Tidal,DE,The Linden Hours,Album,Tidewater,Salt and Iron,Nordlys Records,4065629200201,DEX252500203,873,7.879523,USD
2026-04,2026-06-30,Tidal,GB,The Linden Hours,Album,Tidewater,Salt and Iron,Nordlys Records,4065629200201,DEX252500203,301,3.002896,USD
2026-04,2026-06-30,Tidal,NL,The Linden Hours,Album,Tidewater,Salt and Iron,Nordlys Records,4065629200201,DEX252500203,193,2.040821,USD
2026-04,2026-06-30,Tidal,SE,The Linden Hours,Album,Tidewater,Salt and Iron,Nordlys Records,4065629200201,DEX252500203,153,1.509896,USD
2026-04,2026-06-30,Tidal,US,The Linden Hours,Album,Tidewater,Salt and Iron,Nordlys Records,4065629200201,DEX252500203,355,3.228512,USD
2026-04,2026-06-30,Tidal,AT,The Linden Hours,Album,Tidewater,The Quiet Year,Nordlys Records,4065629200201,DEX252500204,162,1.695557,USD
2026-04,2026-06-30,Tidal,DE,The Linden Hours,Album,Tidewater,The Quiet Year,Nordlys Records,4065629200201,DEX252500204,733,7.442002,USD
2026-04,2026-06-30,Tidal,GB,The Linden Hours,Album,Tidewater,The Quiet Year,Nordlys Records,4065629200201,DEX252500204,256,2.426010,USD
2026-04,2026-06-30,Tidal,NL,The Linden Hours,Album,Tidewater,The Quiet Year,Nordlys Records,4065629200201,DEX252500204,153,1.580368,USD
2026-04,2026-06-30,Tidal,SE,The Linden Hours,Album,Tidewater,The Quiet Year,Nordlys Records,4065629200201,DEX252500204,130,1.191190,USD
2026-04,2026-06-30,Tidal,US,The Linden Hours,Album,Tidewater,The Quiet Year,Nordlys Records,4065629200201,DEX252500204,414,4.300632,USD
2026-04,2026-06-30,Tidal,AT,The Linden Hours,Album,Tidewater,Second Light,Nordlys Records,4065629200201,DEX252500205,139,1.345854,USD
2026-04,2026-06-30,Tidal,DE,The Linden Hours,Album,Tidewater,Second Light,Nordlys Records,4065629200201,DEX252500205,571,5.176115,USD
2026-04,2026-06-30,Tidal,GB,The Linden Hours,Album,Tidewater,Second Light,Nordlys Records,4065629200201,DEX252500205,225,2.059470,USD
2026-04,2026-06-30,Tidal,NL,The Linden Hours,Album,Tidewater,Second Light,Nordlys Records,4065629200201,DEX252500205,121,1.109909,USD
2026-04,2026-06-30,Tidal,SE,The Linden Hours,Album,Tidewater,Second Light,Nordlys Records,4065629200201,DEX252500205,99,0.937213,USD
2026-04,2026-06-30,Tidal,US,The Linden Hours,Album,Tidewater,Second Light,Nordlys Records,4065629200201,DEX252500205,301,2.991097,USD
2026-04,2026-06-30,Tidal,AT,The Linden Hours,Album,Tidewater,Glasshouse,Nordlys Records,4065629200201,DEX252500206,193,1.987861,USD
2026-04,2026-06-30,Tidal,DE,The Linden Hours,Album,Tidewater,Glasshouse,Nordlys Records,4065629200201,DEX252500206,1251,12.370138,USD
2026-04,2026-06-30,Tidal,GB,The Linden Hours,Album,Tidewater,Glasshouse,Nordlys Records,4065629200201,DEX252500206,337,3.084628,USD
2026-04,2026-06-30,Tidal,NL,The Linden Hours,Album,Tidewater,Glasshouse,Nordlys Records,4065629200201,DEX252500206,207,1.929199,USD
2026-04,2026-06-30,Tidal,SE,The Linden Hours,Album,Tidewater,Glasshouse,Nordlys Records,4065629200201,DEX252500206,193,1.984079,USD
2026-04,2026-06-30,Tidal,US,The Linden Hours,Album,Tidewater,Glasshouse,Nordlys Records,4065629200201,DEX252500206,540,5.688900,USD
2026-04,2026-06-30,Tidal,AT,The Linden Hours,Album,Tidewater,Summer Static,Nordlys Records,4065629200201,DEX252500207,675,6.952365,USD
2026-04,2026-06-30,Tidal,DE,The Linden Hours,Album,Tidewater,Summer Static,Nordlys Records,4065629200201,DEX252500207,1840,19.095888,USD
2026-04,2026-06-30,Tidal,GB,The Linden Hours,Album,Tidewater,Summer Static,Nordlys Records,4065629200201,DEX252500207,931,9.278905,USD
2026-04,2026-06-30,Tidal,NL,The Linden Hours,Album,Tidewater,Summer Static,Nordlys Records,4065629200201,DEX252500207,522,4.931438,USD
2026-04,2026-06-30,Tidal,SE,The Linden Hours,Album,Tidewater,Summer Static,Nordlys Records,4065629200201,DEX252500207,391,3.781987,USD
2026-04,2026-06-30,Tidal,US,The Linden Hours,Album,Tidewater,Summer Static,Nordlys Records,4065629200201,DEX252500207,1008,9.394358,USD
2026-04,2026-06-30,Tidal,AT,The Linden Hours,Album,Tidewater,Tidewater,Nordlys Records,4065629200201,DEX252500208,193,1.895183,USD
2026-04,2026-06-30,Tidal,DE,The Linden Hours,Album,Tidewater,Tidewater,Nordlys Records,4065629200201,DEX252500208,774,7.137673,USD
2026-04,2026-06-30,Tidal,GB,The Linden Hours,Album,Tidewater,Tidewater,Nordlys Records,4065629200201,DEX252500208,279,2.583819,USD
2026-04,2026-06-30,Tidal,NL,The Linden Hours,Album,Tidewater,Tidewater,Nordlys Records,4065629200201,DEX252500208,139,1.394893,USD
2026-04,2026-06-30,Tidal,SE,The Linden Hours,Album,Tidewater,Tidewater,Nordlys Records,4065629200201,DEX252500208,130,1.253616,USD
2026-04,2026-06-30,Tidal,US,The Linden Hours,Album,Tidewater,Tidewater,Nordlys Records,4065629200201,DEX252500208,346,3.404363,USD
2026-04,2026-06-30,YouTube Music,AT,The Linden Hours,Album,Tidewater,Linden,Nordlys Records,4065629200201,DEX252500201,540,1.126062,USD
2026-04,2026-06-30,YouTube Music,DE,The Linden Hours,Album,Tidewater,Linden,Nordlys Records,4065629200201,DEX252500201,2290,4.736865,USD
2026-04,2026-06-30,YouTube Music,GB,The Linden Hours,Album,Tidewater,Linden,Nordlys Records,4065629200201,DEX252500201,787,1.644437,USD
2026-04,2026-06-30,YouTube Music,NL,The Linden Hours,Album,Tidewater,Linden,Nordlys Records,4065629200201,DEX252500201,513,1.155943,USD
2026-04,2026-06-30,YouTube Music,SE,The Linden Hours,Album,Tidewater,Linden,Nordlys Records,4065629200201,DEX252500201,414,0.928519,USD
2026-04,2026-06-30,YouTube Music,US,The Linden Hours,Album,Tidewater,Linden,Nordlys Records,4065629200201,DEX252500201,1192,2.650889,USD
2026-04,2026-06-30,YouTube Music,AT,The Linden Hours,Album,Tidewater,Paper Lanterns,Nordlys Records,4065629200201,DEX252500202,814,1.586323,USD
2026-04,2026-06-30,YouTube Music,DE,The Linden Hours,Album,Tidewater,Paper Lanterns,Nordlys Records,4065629200201,DEX252500202,3285,6.919196,USD
2026-04,2026-06-30,YouTube Music,GB,The Linden Hours,Album,Tidewater,Paper Lanterns,Nordlys Records,4065629200201,DEX252500202,1165,2.502770,USD
2026-04,2026-06-30,YouTube Music,NL,The Linden Hours,Album,Tidewater,Paper Lanterns,Nordlys Records,4065629200201,DEX252500202,909,2.013890,USD
2026-04,2026-06-30,YouTube Music,SE,The Linden Hours,Album,Tidewater,Paper Lanterns,Nordlys Records,4065629200201,DEX252500202,580,1.259412,USD
2026-04,2026-06-30,YouTube Music,US,The Linden Hours,Album,Tidewater,Paper Lanterns,Nordlys Records,4065629200201,DEX252500202,1570,3.481632,USD
2026-04,2026-06-30,YouTube Music,AT,The Linden Hours,Album,Tidewater,Salt and Iron,Nordlys Records,4065629200201,DEX252500203,409,0.834851,USD
2026-04,2026-06-30,YouTube Music,DE,The Linden Hours,Album,Tidewater,Salt and Iron,Nordlys Records,4065629200201,DEX252500203,1264,2.858789,USD
2026-04,2026-06-30,YouTube Music,GB,The Linden Hours,Album,Tidewater,Salt and Iron,Nordlys Records,4065629200201,DEX252500203,558,1.095633,USD
2026-04,2026-06-30,YouTube Music,NL,The Linden Hours,Album,Tidewater,Salt and Iron,Nordlys Records,4065629200201,DEX252500203,328,0.734261,USD
2026-04,2026-06-30,YouTube Music,SE,The Linden Hours,Album,Tidewater,Salt and Iron,Nordlys Records,4065629200201,DEX252500203,328,0.686045,USD
2026-04,2026-06-30,YouTube Music,US,The Linden Hours,Album,Tidewater,Salt and Iron,Nordlys Records,4065629200201,DEX252500203,810,1.758834,USD
2026-04,2026-06-30,YouTube Music,AT,The Linden Hours,Album,Tidewater,The Quiet Year,Nordlys Records,4065629200201,DEX252500204,315,0.625118,USD
2026-04,2026-06-30,YouTube Music,DE,The Linden Hours,Album,Tidewater,The Quiet Year,Nordlys Records,4065629200201,DEX252500204,1494,3.090339,USD
2026-04,2026-06-30,YouTube Music,GB,The Linden Hours,Album,Tidewater,The Quiet Year,Nordlys Records,4065629200201,DEX252500204,481,1.060605,USD
2026-04,2026-06-30,YouTube Music,NL,The Linden Hours,Album,Tidewater,The Quiet Year,Nordlys Records,4065629200201,DEX252500204,319,0.625687,USD
2026-04,2026-06-30,YouTube Music,SE,The Linden Hours,Album,Tidewater,The Quiet Year,Nordlys Records,4065629200201,DEX252500204,265,0.587664,USD
2026-04,2026-06-30,YouTube Music,US,The Linden Hours,Album,Tidewater,The Quiet Year,Nordlys Records,4065629200201,DEX252500204,526,1.033906,USD
2026-04,2026-06-30,YouTube Music,AT,The Linden Hours,Album,Tidewater,Second Light,Nordlys Records,4065629200201,DEX252500205,265,0.511980,USD
2026-04,2026-06-30,YouTube Music,DE,The Linden Hours,Album,Tidewater,Second Light,Nordlys Records,4065629200201,DEX252500205,1044,2.159514,USD
2026-04,2026-06-30,YouTube Music,GB,The Linden Hours,Album,Tidewater,Second Light,Nordlys Records,4065629200201,DEX252500205,396,0.873180,USD
2026-04,2026-06-30,YouTube Music,NL,The Linden Hours,Album,Tidewater,Second Light,Nordlys Records,4065629200201,DEX252500205,220,0.455994,USD
2026-04,2026-06-30,YouTube Music,SE,The Linden Hours,Album,Tidewater,Second Light,Nordlys Records,4065629200201,DEX252500205,207,0.452957,USD
2026-04,2026-06-30,YouTube Music,US,The Linden Hours,Album,Tidewater,Second Light,Nordlys Records,4065629200201,DEX252500205,603,1.319485,USD
2026-04,2026-06-30,YouTube Music,AT,The Linden Hours,Album,Tidewater,Glasshouse,Nordlys Records,4065629200201,DEX252500206,522,1.031524,USD
2026-04,2026-06-30,YouTube Music,DE,The Linden Hours,Album,Tidewater,Glasshouse,Nordlys Records,4065629200201,DEX252500206,2299,5.045156,USD
2026-04,2026-06-30,YouTube Music,GB,The Linden Hours,Album,Tidewater,Glasshouse,Nordlys Records,4065629200201,DEX252500206,711,1.502059,USD
2026-04,2026-06-30,YouTube Music,NL,The Linden Hours,Album,Tidewater,Glasshouse,Nordlys Records,4065629200201,DEX252500206,364,0.720829,USD
2026-04,2026-06-30,YouTube Music,SE,The Linden Hours,Album,Tidewater,Glasshouse,Nordlys Records,4065629200201,DEX252500206,292,0.656737,USD
2026-04,2026-06-30,YouTube Music,US,The Linden Hours,Album,Tidewater,Glasshouse,Nordlys Records,4065629200201,DEX252500206,805,1.813907,USD
2026-04,2026-06-30,YouTube Music,AT,The Linden Hours,Album,Tidewater,Summer Static,Nordlys Records,4065629200201,DEX252500207,904,1.892705,USD
2026-04,2026-06-30,YouTube Music,DE,The Linden Hours,Album,Tidewater,Summer Static,Nordlys Records,4065629200201,DEX252500207,4230,8.278956,USD
2026-04,2026-06-30,YouTube Music,GB,The Linden Hours,Album,Tidewater,Summer Static,Nordlys Records,4065629200201,DEX252500207,1552,3.330902,USD
2026-04,2026-06-30,YouTube Music,NL,The Linden Hours,Album,Tidewater,Summer Static,Nordlys Records,4065629200201,DEX252500207,792,1.664863,USD
2026-04,2026-06-30,YouTube Music,SE,The Linden Hours,Album,Tidewater,Summer Static,Nordlys Records,4065629200201,DEX252500207,720,1.527120,USD
2026-04,2026-06-30,YouTube Music,US,The Linden Hours,Album,Tidewater,Summer Static,Nordlys Records,4065629200201,DEX252500207,1579,3.504906,USD
2026-04,2026-06-30,YouTube Music,AT,The Linden Hours,Album,Tidewater,Tidewater,Nordlys Records,4065629200201,DEX252500208,274,0.545479,USD
2026-04,2026-06-30,YouTube Music,DE,The Linden Hours,Album,Tidewater,Tidewater,Nordlys Records,4065629200201,DEX252500208,963,1.868605,USD
2026-04,2026-06-30,YouTube Music,GB,The Linden Hours,Album,Tidewater,Tidewater,Nordlys Records,4065629200201,DEX252500208,432,0.900850,USD
2026-04,2026-06-30,YouTube Music,NL,The Linden Hours,Album,Tidewater,Tidewater,Nordlys Records,4065629200201,DEX252500208,297,0.632432,USD
2026-04,2026-06-30,YouTube Music,SE,The Linden Hours,Album,Tidewater,Tidewater,Nordlys Records,4065629200201,DEX252500208,225,0.447458,USD
2026-04,2026-06-30,YouTube Music,US,The Linden Hours,Album,Tidewater,Tidewater,Nordlys Records,4065629200201,DEX252500208,751,1.534518,USD
