Reporting Date	Sale Month	Store	Artist	Title	ISRC	UPC	Quantity	Team Percentage	Song/Album	Country of Sale	Songwriter Royalties Withheld	Earnings (USD)
2025-01-04	2024-11	Amazon Music	The Linden Hours	Glass Coast	DEX252400101	4065629100101	905	100	Song	AT	0	4.0154850000
2025-01-04	2024-11	Amazon Music	The Linden Hours	Glass Coast	DEX252400101	4065629100101	3755	100	Song	DE	0	16.4074725000
2025-01-04	2024-11	Amazon Music	The Linden Hours	Glass Coast	DEX252400101	4065629100101	1065	100	Song	GB	0	4.8020850000
2025-01-04	2024-11	Amazon Music	The Linden Hours	Glass Coast	DEX252400101	4065629100101	685	100	Song	NL	0	3.1071600000
2025-01-04	2024-11	Amazon Music	The Linden Hours	Glass Coast	DEX252400101	4065629100101	560	100	Song	SE	0	2.4141600000
2025-01-04	2024-11	Amazon Music	The Linden Hours	Glass Coast	DEX252400101	4065629100101	1580	100	Song	US	0	7.3233000000
2025-01-04	2024-11	Amazon Music	The Linden Hours	Northern Wire	DEX252400102	4065629100101	510	100	Song	AT	0	2.4602400000
2025-01-04	2024-11	Amazon Music	The Linden Hours	Northern Wire	DEX252400102	4065629100101	2285	100	Song	DE	0	10.1591100000
2025-01-04	2024-11	Amazon Music	The Linden Hours	Northern Wire	DEX252400102	4065629100101	845	100	Song	GB	0	3.6199800000
2025-01-04	2024-11	Amazon Music	The Linden Hours	Northern Wire	DEX252400102	4065629100101	575	100	Song	NL	0	2.7919125000
2025-01-04	2024-11	Amazon Music	The Linden Hours	Northern Wire	DEX252400102	4065629100101	370	100	Song	SE	0	1.5451200000
2025-01-04	2024-11	Amazon Music	The Linden Hours	Northern Wire	DEX252400102	4065629100101	995	100	Song	US	0	4.7327175000
2025-01-04	2024-11	Amazon Music	The Linden Hours	Low Orbit	DEX252400103	4065629100101	350	100	Song	AT	0	1.6726500000
2025-01-04	2024-11	Amazon Music	The Linden Hours	Low Orbit	DEX252400103	4065629100101	1355	100	Song	DE	0	5.9816475000
2025-01-04	2024-11	Amazon Music	The Linden Hours	Low Orbit	DEX252400103	4065629100101	590	100	Song	GB	0	2.5169400000
2025-01-04	2024-11	Amazon Music	The Linden Hours	Low Orbit	DEX252400103	4065629100101	310	100	Song	NL	0	1.3322250000
2025-01-04	2024-11	Amazon Music	The Linden Hours	Low Orbit	DEX252400103	4065629100101	315	100	Song	SE	0	1.3636350000
2025-01-04	2024-11	Amazon Music	The Linden Hours	Low Orbit	DEX252400103	4065629100101	945	100	Song	US	0	4.3673175000
2025-01-04	2024-11	Amazon Music	The Linden Hours	Pale Hours	DEX252400104	4065629100101	275	100	Song	AT	0	1.2659625000
2025-01-04	2024-11	Amazon Music	The Linden Hours	Pale Hours	DEX252400104	4065629100101	850	100	Song	DE	0	3.6337500000
2025-01-04	2024-11	Amazon Music	The Linden Hours	Pale Hours	DEX252400104	4065629100101	410	100	Song	GB	0	1.9409400000
2025-01-04	2024-11	Amazon Music	The Linden Hours	Pale Hours	DEX252400104	4065629100101	240	100	Song	NL	0	1.1448000000
2025-01-04	2024-11	Amazon Music	The Linden Hours	Pale Hours	DEX252400104	4065629100101	200	100	Song	SE	0	0.8379000000
2025-01-04	2024-11	Amazon Music	The Linden Hours	Pale Hours	DEX252400104	4065629100101	525	100	Song	US	0	2.1900375000
2025-01-04	2024-10	Apple Music	The Linden Hours	Glass Coast	DEX252400101	4065629100101	1685	100	Song	AT	0	11.0423105000
2025-01-04	2024-10	Apple Music	The Linden Hours	Glass Coast	DEX252400101	4065629100101	4885	100	Song	DE	0	37.0766615000
2025-01-04	2024-10	Apple Music	The Linden Hours	Glass Coast	DEX252400101	4065629100101	2105	100	Song	GB	0	15.1696825000
2025-01-04	2024-10	Apple Music	The Linden Hours	Glass Coast	DEX252400101	4065629100101	1155	100	Song	NL	0	8.6761290000
2025-01-04	2024-10	Apple Music	The Linden Hours	Glass Coast	DEX252400101	4065629100101	1070	100	Song	SE	0	7.0955980000
2025-01-04	2024-10	Apple Music	The Linden Hours	Glass Coast	DEX252400101	4065629100101	2630	100	Song	US	0	17.7020040000
2025-01-04	2024-10	Apple Music	The Linden Hours	Northern Wire	DEX252400102	4065629100101	880	100	Song	AT	0	6.5541520000
2025-01-04	2024-10	Apple Music	The Linden Hours	Northern Wire	DEX252400102	4065629100101	4500	100	Song	DE	0	31.4068500000
2025-01-04	2024-10	Apple Music	The Linden Hours	Northern Wire	DEX252400102	4065629100101	1230	100	Song	GB	0	9.2831790000
2025-01-04	2024-10	Apple Music	The Linden Hours	Northern Wire	DEX252400102	4065629100101	800	100	Song	NL	0	5.3732800000
2025-01-04	2024-10	Apple Music	The Linden Hours	Northern Wire	DEX252400102	4065629100101	560	100	Song	SE	0	4.1111840000
2025-01-04	2024-10	Apple Music	The Linden Hours	Northern Wire	DEX252400102	4065629100101	1775	100	Song	US	0	12.2622325000
2025-01-04	2024-10	Apple Music	The Linden Hours	Low Orbit	DEX252400103	4065629100101	760	100	Song	AT	0	5.0236760000
2025-01-04	2024-10	Apple Music	The Linden Hours	Low Orbit	DEX252400103	4065629100101	3140	100	Song	DE	0	22.0933540000
2025-01-04	2024-10	Apple Music	The Linden Hours	Low Orbit	DEX252400103	4065629100101	1080	100	Song	GB	0	7.3459440000
2025-01-04	2024-10	Apple Music	The Linden Hours	Low Orbit	DEX252400103	4065629100101	525	100	Song	NL	0	3.4777575000
2025-01-04	2024-10	Apple Music	The Linden Hours	Low Orbit	DEX252400103	4065629100101	570	100	Song	SE	0	4.2291150000
2025-01-04	2024-10	Apple Music	The Linden Hours	Low Orbit	DEX252400103	4065629100101	1600	100	Song	US	0	12.2347200000
2025-01-04	2024-10	Apple Music	The Linden Hours	Pale Hours	DEX252400104	4065629100101	440	100	Song	AT	0	2.9178160000
2025-01-04	2024-10	Apple Music	The Linden Hours	Pale Hours	DEX252400104	4065629100101	1630	100	Song	DE	0	11.2258100000
2025-01-04	2024-10	Apple Music	The Linden Hours	Pale Hours	DEX252400104	4065629100101	670	100	Song	GB	0	5.0376630000
2025-01-04	2024-10	Apple Music	The Linden Hours	Pale Hours	DEX252400104	4065629100101	355	100	Song	NL	0	2.7170990000
2025-01-04	2024-10	Apple Music	The Linden Hours	Pale Hours	DEX252400104	4065629100101	335	100	Song	SE	0	2.2643320000
2025-01-04	2024-10	Apple Music	The Linden Hours	Pale Hours	DEX252400104	4065629100101	950	100	Song	US	0	7.0620150000
2025-01-04	2024-11	Deezer	The Linden Hours	Glass Coast	DEX252400101	4065629100101	525	100	Song	AT	0	1.7690400000
2025-01-04	2024-11	Deezer	The Linden Hours	Glass Coast	DEX252400101	4065629100101	2690	100	Song	DE	0	10.0616760000
2025-01-04	2024-11	Deezer	The Linden Hours	Glass Coast	DEX252400101	4065629100101	870	100	Song	GB	0	2.9816640000
2025-01-04	2024-11	Deezer	The Linden Hours	Glass Coast	DEX252400101	4065629100101	535	100	Song	NL	0	1.8682200000
2025-01-04	2024-11	Deezer	The Linden Hours	Glass Coast	DEX252400101	4065629100101	440	100	Song	SE	0	1.6727040000
2025-01-04	2024-11	Deezer	The Linden Hours	Glass Coast	DEX252400101	4065629100101	1325	100	Song	US	0	4.7843100000
2025-01-04	2024-11	Deezer	The Linden Hours	Northern Wire	DEX252400102	4065629100101	425	100	Song	AT	0	1.4412600000
2025-01-04	2024-11	Deezer	The Linden Hours	Northern Wire	DEX252400102	4065629100101	1430	100	Song	DE	0	4.7464560000
2025-01-04	2024-11	Deezer	The Linden Hours	Northern Wire	DEX252400102	4065629100101	555	100	Song	GB	0	2.1298680000
2025-01-04	2024-11	Deezer	The Linden Hours	Northern Wire	DEX252400102	4065629100101	330	100	Song	NL	0	1.1274120000
2025-01-04	2024-11	Deezer	The Linden Hours	Northern Wire	DEX252400102	4065629100101	275	100	Song	SE	0	1.0018800000
2025-01-04	2024-11	Deezer	The Linden Hours	Northern Wire	DEX252400102	4065629100101	745	100	Song	US	0	2.8321920000
2025-01-04	2024-11	Deezer	The Linden Hours	Low Orbit	DEX252400103	4065629100101	315	100	Song	AT	0	1.0954440000
2025-01-04	2024-11	Deezer	The Linden Hours	Low Orbit	DEX252400103	4065629100101	1215	100	Song	DE	0	4.3302600000
2025-01-04	2024-11	Deezer	The Linden Hours	Low Orbit	DEX252400103	4065629100101	370	100	Song	GB	0	1.4159160000
2025-01-04	2024-11	Deezer	The Linden Hours	Low Orbit	DEX252400103	4065629100101	290	100	Song	NL	0	1.0513080000
2025-01-04	2024-11	Deezer	The Linden Hours	Low Orbit	DEX252400103	4065629100101	210	100	Song	SE	0	0.8157240000
2025-01-04	2024-11	Deezer	The Linden Hours	Low Orbit	DEX252400103	4065629100101	590	100	Song	US	0	2.0581560000
2025-01-04	2024-11	Deezer	The Linden Hours	Pale Hours	DEX252400104	4065629100101	245	100	Song	AT	0	0.8802360000
2025-01-04	2024-11	Deezer	The Linden Hours	Pale Hours	DEX252400104	4065629100101	655	100	Song	DE	0	2.2471740000
2025-01-04	2024-11	Deezer	The Linden Hours	Pale Hours	DEX252400104	4065629100101	270	100	Song	GB	0	0.9613080000
2025-01-04	2024-11	Deezer	The Linden Hours	Pale Hours	DEX252400104	4065629100101	180	100	Song	NL	0	0.6259680000
2025-01-04	2024-11	Deezer	The Linden Hours	Pale Hours	DEX252400104	4065629100101	160	100	Song	SE	0	0.5685120000
2025-01-04	2024-11	Deezer	The Linden Hours	Pale Hours	DEX252400104	4065629100101	380	100	Song	US	0	1.3844160000
2025-01-04	2024-11	Spotify	The Linden Hours	Glass Coast	DEX252400101	4065629100101	5705	100	Song	AT	0	18.4020480000
2025-01-04	2024-11	Spotify	The Linden Hours	Glass Coast	DEX252400101	4065629100101	21640	100	Song	DE	0	67.2398080000
2025-01-04	2024-11	Spotify	The Linden Hours	Glass Coast	DEX252400101	4065629100101	8355	100	Song	GB	0	24.6505920000
2025-01-04	2024-11	Spotify	The Linden Hours	Glass Coast	DEX252400101	4065629100101	4535	100	Song	NL	0	13.9750560000
2025-01-04	2024-11	Spotify	The Linden Hours	Glass Coast	DEX252400101	4065629100101	3995	100	Song	SE	0	13.2058720000
2025-01-04	2024-11	Spotify	The Linden Hours	Glass Coast	DEX252400101	4065629100101	9955	100	Song	US	0	31.8878560000
2025-01-04	2024-11	Spotify	The Linden Hours	Northern Wire	DEX252400102	4065629100101	4050	100	Song	AT	0	12.9859200000
2025-01-04	2024-11	Spotify	The Linden Hours	Northern Wire	DEX252400102	4065629100101	15215	100	Song	DE	0	47.2760480000
2025-01-04	2024-11	Spotify	The Linden Hours	Northern Wire	DEX252400102	4065629100101	5355	100	Song	GB	0	18.0270720000
2025-01-04	2024-11	Spotify	The Linden Hours	Northern Wire	DEX252400102	4065629100101	4030	100	Song	NL	0	12.1867200000
2025-01-04	2024-11	Spotify	The Linden Hours	Northern Wire	DEX252400102	4065629100101	2675	100	Song	SE	0	8.4401600000
2025-01-04	2024-11	Spotify	The Linden Hours	Northern Wire	DEX252400102	4065629100101	8700	100	Song	US	0	26.3644800000
2025-01-04	2024-11	Spotify	The Linden Hours	Low Orbit	DEX252400103	4065629100101	2940	100	Song	AT	0	10.0383360000
2025-01-04	2024-11	Spotify	The Linden Hours	Low Orbit	DEX252400103	4065629100101	11980	100	Song	DE	0	36.2658560000
2025-01-04	2024-11	Spotify	The Linden Hours	Low Orbit	DEX252400103	4065629100101	3640	100	Song	GB	0	12.1838080000
2025-01-04	2024-11	Spotify	The Linden Hours	Low Orbit	DEX252400103	4065629100101	2680	100	Song	NL	0	7.9756800000
2025-01-04	2024-11	Spotify	The Linden Hours	Low Orbit	DEX252400103	4065629100101	2050	100	Song	SE	0	6.2188800000
2025-01-04	2024-11	Spotify	The Linden Hours	Low Orbit	DEX252400103	4065629100101	6600	100	Song	US	0	21.3945600000
2025-01-04	2024-11	Spotify	The Linden Hours	Pale Hours	DEX252400104	4065629100101	1860	100	Song	AT	0	5.7317760000
2025-01-04	2024-11	Spotify	The Linden Hours	Pale Hours	DEX252400104	4065629100101	8020	100	Song	DE	0	25.1507200000
2025-01-04	2024-11	Spotify	The Linden Hours	Pale Hours	DEX252400104	4065629100101	3340	100	Song	GB	0	11.0727680000
2025-01-04	2024-11	Spotify	The Linden Hours	Pale Hours	DEX252400104	4065629100101	1830	100	Song	NL	0	5.7096000000
2025-01-04	2024-11	Spotify	The Linden Hours	Pale Hours	DEX252400104	4065629100101	1580	100	Song	SE	0	5.1773440000
2025-01-04	2024-11	Spotify	The Linden Hours	Pale Hours	DEX252400104	4065629100101	3855	100	Song	US	0	12.8047680000
2025-01-04	2024-11	Tidal	The Linden Hours	Glass Coast	DEX252400101	4065629100101	525	100	Song	AT	0	5.0009400000
2025-01-04	2024-11	Tidal	The Linden Hours	Glass Coast	DEX252400101	4065629100101	2000	100	Song	DE	0	20.0508000000
2025-01-04	2024-11	Tidal	The Linden Hours	Glass Coast	DEX252400101	4065629100101	635	100	Song	GB	0	6.1172090000
2025-01-04	2024-11	Tidal	The Linden Hours	Glass Coast	DEX252400101	4065629100101	490	100	Song	NL	0	4.8980400000
2025-01-04	2024-11	Tidal	The Linden Hours	Glass Coast	DEX252400101	4065629100101	305	100	Song	SE	0	3.2161640000
2025-01-04	2024-11	Tidal	The Linden Hours	Glass Coast	DEX252400101	4065629100101	985	100	Song	US	0	10.3287100000
2025-01-04	2024-11	Tidal	The Linden Hours	Northern Wire	DEX252400102	4065629100101	345	100	Song	AT	0	3.6311940000
2025-01-04	2024-11	Tidal	The Linden Hours	Northern Wire	DEX252400102	4065629100101	1250	100	Song	DE	0	11.7967500000
2025-01-04	2024-11	Tidal	The Linden Hours	Northern Wire	DEX252400102	4065629100101	515	100	Song	GB	0	5.3447730000
2025-01-04	2024-11	Tidal	The Linden Hours	Northern Wire	DEX252400102	4065629100101	335	100	Song	NL	0	3.4832630000
2025-01-04	2024-11	Tidal	The Linden Hours	Northern Wire	DEX252400102	4065629100101	275	100	Song	SE	0	2.6976950000
2025-01-04	2024-11	Tidal	The Linden Hours	Northern Wire	DEX252400102	4065629100101	720	100	Song	US	0	6.7173120000
2025-01-04	2024-11	Tidal	The Linden Hours	Low Orbit	DEX252400103	4065629100101	250	100	Song	AT	0	2.2932000000
2025-01-04	2024-11	Tidal	The Linden Hours	Low Orbit	DEX252400103	4065629100101	905	100	Song	DE	0	8.3368600000
2025-01-04	2024-11	Tidal	The Linden Hours	Low Orbit	DEX252400103	4065629100101	325	100	Song	GB	0	3.0862650000
2025-01-04	2024-11	Tidal	The Linden Hours	Low Orbit	DEX252400103	4065629100101	255	100	Song	NL	0	2.3515590000
2025-01-04	2024-11	Tidal	The Linden Hours	Low Orbit	DEX252400103	4065629100101	180	100	Song	SE	0	1.7004960000
2025-01-04	2024-11	Tidal	The Linden Hours	Low Orbit	DEX252400103	4065629100101	515	100	Song	US	0	5.0520470000
2025-01-04	2024-11	Tidal	The Linden Hours	Pale Hours	DEX252400104	4065629100101	160	100	Song	AT	0	1.5162560000
2025-01-04	2024-11	Tidal	The Linden Hours	Pale Hours	DEX252400104	4065629100101	625	100	Song	DE	0	6.5721250000
2025-01-04	2024-11	Tidal	The Linden Hours	Pale Hours	DEX252400104	4065629100101	280	100	Song	GB	0	2.6232640000
2025-01-04	2024-11	Tidal	The Linden Hours	Pale Hours	DEX252400104	4065629100101	130	100	Song	NL	0	1.3351520000
2025-01-04	2024-11	Tidal	The Linden Hours	Pale Hours	DEX252400104	4065629100101	115	100	Song	SE	0	1.1596830000
2025-01-04	2024-11	Tidal	The Linden Hours	Pale Hours	DEX252400104	4065629100101	350	100	Song	US	0	3.1864700000
2025-01-04	2024-11	YouTube Music	The Linden Hours	Glass Coast	DEX252400101	4065629100101	845	100	Song	AT	0	1.7159415000
2025-01-04	2024-11	YouTube Music	The Linden Hours	Glass Coast	DEX252400101	4065629100101	4100	100	Song	DE	0	8.8252500000
2025-01-04	2024-11	YouTube Music	The Linden Hours	Glass Coast	DEX252400101	4065629100101	1340	100	Song	GB	0	2.8759080000
2025-01-04	2024-11	YouTube Music	The Linden Hours	Glass Coast	DEX252400101	4065629100101	935	100	Song	NL	0	1.8672885000
2025-01-04	2024-11	YouTube Music	The Linden Hours	Glass Coast	DEX252400101	4065629100101	715	100	Song	SE	0	1.3813800000
2025-01-04	2024-11	YouTube Music	The Linden Hours	Glass Coast	DEX252400101	4065629100101	2005	100	Song	US	0	4.5304980000
2025-01-04	2024-11	YouTube Music	The Linden Hours	Northern Wire	DEX252400102	4065629100101	620	100	Song	AT	0	1.3488720000
2025-01-04	2024-11	YouTube Music	The Linden Hours	Northern Wire	DEX252400102	4065629100101	2670	100	Song	DE	0	5.6294280000
2025-01-04	2024-11	YouTube Music	The Linden Hours	Northern Wire	DEX252400102	4065629100101	730	100	Song	GB	0	1.5927870000
2025-01-04	2024-11	YouTube Music	The Linden Hours	Northern Wire	DEX252400102	4065629100101	645	100	Song	NL	0	1.4140980000
2025-01-04	2024-11	YouTube Music	The Linden Hours	Northern Wire	DEX252400102	4065629100101	450	100	Song	SE	0	0.8712900000
2025-01-04	2024-11	YouTube Music	The Linden Hours	Northern Wire	DEX252400102	4065629100101	1240	100	Song	US	0	2.5597320000
2025-01-04	2024-11	YouTube Music	The Linden Hours	Low Orbit	DEX252400103	4065629100101	505	100	Song	AT	0	1.1082225000
2025-01-04	2024-11	YouTube Music	The Linden Hours	Low Orbit	DEX252400103	4065629100101	1655	100	Song	DE	0	3.3886125000
2025-01-04	2024-11	YouTube Music	The Linden Hours	Low Orbit	DEX252400103	4065629100101	635	100	Song	GB	0	1.4055090000
2025-01-04	2024-11	YouTube Music	The Linden Hours	Low Orbit	DEX252400103	4065629100101	345	100	Song	NL	0	0.7042140000
2025-01-04	2024-11	YouTube Music	The Linden Hours	Low Orbit	DEX252400103	4065629100101	365	100	Song	SE	0	0.7910280000
2025-01-04	2024-11	YouTube Music	The Linden Hours	Low Orbit	DEX252400103	4065629100101	875	100	Song	US	0	1.8209625000
2025-01-04	2024-11	YouTube Music	The Linden Hours	Pale Hours	DEX252400104	4065629100101	240	100	Song	AT	0	0.5428080000
2025-01-04	2024-11	YouTube Music	The Linden Hours	Pale Hours	DEX252400104	4065629100101	1140	100	Song	DE	0	2.4346980000
2025-01-04	2024-11	YouTube Music	The Linden Hours	Pale Hours	DEX252400104	4065629100101	395	100	Song	GB	0	0.7896840000
2025-01-04	2024-11	YouTube Music	The Linden Hours	Pale Hours	DEX252400104	4065629100101	285	100	Song	NL	0	0.6421905000
2025-01-04	2024-11	YouTube Music	The Linden Hours	Pale Hours	DEX252400104	4065629100101	160	100	Song	SE	0	0.3386880000
2025-01-04	2024-11	YouTube Music	The Linden Hours	Pale Hours	DEX252400104	4065629100101	660	100	Song	US	0	1.3943160000
2025-02-03	2024-12	Amazon Music	The Linden Hours	Glass Coast	DEX252400101	4065629100101	695	100	Song	AT	0	3.2056875000
2025-02-03	2024-12	Amazon Music	The Linden Hours	Glass Coast	DEX252400101	4065629100101	2740	100	Song	DE	0	11.6765100000
2025-02-03	2024-12	Amazon Music	The Linden Hours	Glass Coast	DEX252400101	4065629100101	805	100	Song	GB	0	3.8434725000
2025-02-03	2024-12	Amazon Music	The Linden Hours	Glass Coast	DEX252400101	4065629100101	520	100	Song	NL	0	2.3306400000
2025-02-03	2024-12	Amazon Music	The Linden Hours	Glass Coast	DEX252400101	4065629100101	435	100	Song	SE	0	1.9751175000
2025-02-03	2024-12	Amazon Music	The Linden Hours	Glass Coast	DEX252400101	4065629100101	1065	100	Song	US	0	4.7254050000
2025-02-03	2024-12	Amazon Music	The Linden Hours	Northern Wire	DEX252400102	4065629100101	510	100	Song	AT	0	2.4189300000
2025-02-03	2024-12	Amazon Music	The Linden Hours	Northern Wire	DEX252400102	4065629100101	1500	100	Song	DE	0	6.6555000000
2025-02-03	2024-12	Amazon Music	The Linden Hours	Northern Wire	DEX252400102	4065629100101	550	100	Song	GB	0	2.3735250000
2025-02-03	2024-12	Amazon Music	The Linden Hours	Northern Wire	DEX252400102	4065629100101	435	100	Song	NL	0	1.9849050000
2025-02-03	2024-12	Amazon Music	The Linden Hours	Northern Wire	DEX252400102	4065629100101	260	100	Song	SE	0	1.1934000000
2025-02-03	2024-12	Amazon Music	The Linden Hours	Northern Wire	DEX252400102	4065629100101	845	100	Song	US	0	3.9584025000
2025-02-03	2024-12	Amazon Music	The Linden Hours	Low Orbit	DEX252400103	4065629100101	300	100	Song	AT	0	1.4080500000
2025-02-03	2024-12	Amazon Music	The Linden Hours	Low Orbit	DEX252400103	4065629100101	1205	100	Song	DE	0	5.3520075000
2025-02-03	2024-12	Amazon Music	The Linden Hours	Low Orbit	DEX252400103	4065629100101	470	100	Song	GB	0	1.9817550000
2025-02-03	2024-12	Amazon Music	The Linden Hours	Low Orbit	DEX252400103	4065629100101	290	100	Song	NL	0	1.3115250000
2025-02-03	2024-12	Amazon Music	The Linden Hours	Low Orbit	DEX252400103	4065629100101	230	100	Song	SE	0	1.0505250000
2025-02-03	2024-12	Amazon Music	The Linden Hours	Low Orbit	DEX252400103	4065629100101	690	100	Song	US	0	2.8845450000
2025-02-03	2024-12	Amazon Music	The Linden Hours	Pale Hours	DEX252400104	4065629100101	210	100	Song	AT	0	0.9128700000
2025-02-03	2024-12	Amazon Music	The Linden Hours	Pale Hours	DEX252400104	4065629100101	720	100	Song	DE	0	3.0294000000
2025-02-03	2024-12	Amazon Music	The Linden Hours	Pale Hours	DEX252400104	4065629100101	275	100	Song	GB	0	1.2511125000
2025-02-03	2024-12	Amazon Music	The Linden Hours	Pale Hours	DEX252400104	4065629100101	175	100	Song	NL	0	0.8079750000
2025-02-03	2024-12	Amazon Music	The Linden Hours	Pale Hours	DEX252400104	4065629100101	135	100	Song	SE	0	0.5661900000
2025-02-03	2024-12	Amazon Music	The Linden Hours	Pale Hours	DEX252400104	4065629100101	370	100	Song	US	0	1.6033950000
2025-02-03	2024-11	Apple Music	The Linden Hours	Glass Coast	DEX252400101	4065629100101	1105	100	Song	AT	0	8.3005390000
2025-02-03	2024-11	Apple Music	The Linden Hours	Glass Coast	DEX252400101	4065629100101	4155	100	Song	DE	0	27.5239665000
2025-02-03	2024-11	Apple Music	The Linden Hours	Glass Coast	DEX252400101	4065629100101	1470	100	Song	GB	0	11.1258420000
2025-02-03	2024-11	Apple Music	The Linden Hours	Glass Coast	DEX252400101	4065629100101	865	100	Song	NL	0	6.4731410000
2025-02-03	2024-11	Apple Music	The Linden Hours	Glass Coast	DEX252400101	4065629100101	865	100	Song	SE	0	6.5284145000
2025-02-03	2024-11	Apple Music	The Linden Hours	Glass Coast	DEX252400101	4065629100101	1940	100	Song	US	0	12.9475600000
2025-02-03	2024-11	Apple Music	The Linden Hours	Northern Wire	DEX252400102	4065629100101	695	100	Song	AT	0	5.0183865000
2025-02-03	2024-11	Apple Music	The Linden Hours	Northern Wire	DEX252400102	4065629100101	2525	100	Song	DE	0	17.3717475000
2025-02-03	2024-11	Apple Music	The Linden Hours	Northern Wire	DEX252400102	4065629100101	1140	100	Song	GB	0	8.0940000000
2025-02-03	2024-11	Apple Music	The Linden Hours	Northern Wire	DEX252400102	4065629100101	695	100	Song	NL	0	4.6631025000
2025-02-03	2024-11	Apple Music	The Linden Hours	Northern Wire	DEX252400102	4065629100101	540	100	Song	SE	0	4.0026960000
2025-02-03	2024-11	Apple Music	The Linden Hours	Northern Wire	DEX252400102	4065629100101	1405	100	Song	US	0	9.2971660000
2025-02-03	2024-11	Apple Music	The Linden Hours	Low Orbit	DEX252400103	4065629100101	570	100	Song	AT	0	4.3424310000
2025-02-03	2024-11	Apple Music	The Linden Hours	Low Orbit	DEX252400103	4065629100101	1855	100	Song	DE	0	13.9870710000
2025-02-03	2024-11	Apple Music	The Linden Hours	Low Orbit	DEX252400103	4065629100101	685	100	Song	GB	0	4.8732270000
2025-02-03	2024-11	Apple Music	The Linden Hours	Low Orbit	DEX252400103	4065629100101	460	100	Song	NL	0	3.1484240000
2025-02-03	2024-11	Apple Music	The Linden Hours	Low Orbit	DEX252400103	4065629100101	360	100	Song	SE	0	2.4869880000
2025-02-03	2024-11	Apple Music	The Linden Hours	Low Orbit	DEX252400103	4065629100101	945	100	Song	US	0	6.8235615000
2025-02-03	2024-11	Apple Music	The Linden Hours	Pale Hours	DEX252400104	4065629100101	350	100	Song	AT	0	2.3408700000
2025-02-03	2024-11	Apple Music	The Linden Hours	Pale Hours	DEX252400104	4065629100101	1750	100	Song	DE	0	13.1456500000
2025-02-03	2024-11	Apple Music	The Linden Hours	Pale Hours	DEX252400104	4065629100101	585	100	Song	GB	0	4.4193240000
2025-02-03	2024-11	Apple Music	The Linden Hours	Pale Hours	DEX252400104	4065629100101	340	100	Song	NL	0	2.3464080000
2025-02-03	2024-11	Apple Music	The Linden Hours	Pale Hours	DEX252400104	4065629100101	280	100	Song	SE	0	2.0496280000
2025-02-03	2024-11	Apple Music	The Linden Hours	Pale Hours	DEX252400104	4065629100101	740	100	Song	US	0	5.3275560000
2025-02-03	2024-12	Deezer	The Linden Hours	Glass Coast	DEX252400101	4065629100101	490	100	Song	AT	0	1.7287200000
2025-02-03	2024-12	Deezer	The Linden Hours	Glass Coast	DEX252400101	4065629100101	1810	100	Song	DE	0	6.0338160000
2025-02-03	2024-12	Deezer	The Linden Hours	Glass Coast	DEX252400101	4065629100101	690	100	Song	GB	0	2.3026680000
2025-02-03	2024-12	Deezer	The Linden Hours	Glass Coast	DEX252400101	4065629100101	430	100	Song	NL	0	1.5216840000
2025-02-03	2024-12	Deezer	The Linden Hours	Glass Coast	DEX252400101	4065629100101	315	100	Song	SE	0	1.0636920000
2025-02-03	2024-12	Deezer	The Linden Hours	Glass Coast	DEX252400101	4065629100101	1060	100	Song	US	0	3.6404640000
2025-02-03	2024-12	Deezer	The Linden Hours	Northern Wire	DEX252400102	4065629100101	285	100	Song	AT	0	0.9747000000
2025-02-03	2024-12	Deezer	The Linden Hours	Northern Wire	DEX252400102	4065629100101	1405	100	Song	DE	0	5.1895080000
2025-02-03	2024-12	Deezer	The Linden Hours	Northern Wire	DEX252400102	4065629100101	410	100	Song	GB	0	1.5837480000
2025-02-03	2024-12	Deezer	The Linden Hours	Northern Wire	DEX252400102	4065629100101	280	100	Song	NL	0	0.9606240000
2025-02-03	2024-12	Deezer	The Linden Hours	Northern Wire	DEX252400102	4065629100101	215	100	Song	SE	0	0.7732260000
2025-02-03	2024-12	Deezer	The Linden Hours	Northern Wire	DEX252400102	4065629100101	590	100	Song	US	0	2.0836440000
2025-02-03	2024-12	Deezer	The Linden Hours	Low Orbit	DEX252400103	4065629100101	245	100	Song	AT	0	0.9463860000
2025-02-03	2024-12	Deezer	The Linden Hours	Low Orbit	DEX252400103	4065629100101	1155	100	Song	DE	0	4.3076880000
2025-02-03	2024-12	Deezer	The Linden Hours	Low Orbit	DEX252400103	4065629100101	340	100	Song	GB	0	1.1860560000
2025-02-03	2024-12	Deezer	The Linden Hours	Low Orbit	DEX252400103	4065629100101	230	100	Song	NL	0	0.8735400000
2025-02-03	2024-12	Deezer	The Linden Hours	Low Orbit	DEX252400103	4065629100101	180	100	Song	SE	0	0.6240240000
2025-02-03	2024-12	Deezer	The Linden Hours	Low Orbit	DEX252400103	4065629100101	400	100	Song	US	0	1.4342400000
2025-02-03	2024-12	Deezer	The Linden Hours	Pale Hours	DEX252400104	4065629100101	160	100	Song	AT	0	0.6076800000
2025-02-03	2024-12	Deezer	The Linden Hours	Pale Hours	DEX252400104	4065629100101	675	100	Song	DE	0	2.3716800000
2025-02-03	2024-12	Deezer	The Linden Hours	Pale Hours	DEX252400104	4065629100101	180	100	Song	GB	0	0.6719760000
2025-02-03	2024-12	Deezer	The Linden Hours	Pale Hours	DEX252400104	4065629100101	160	100	Song	NL	0	0.5518080000
2025-02-03	2024-12	Deezer	The Linden Hours	Pale Hours	DEX252400104	4065629100101	120	100	Song	SE	0	0.4475520000
2025-02-03	2024-12	Deezer	The Linden Hours	Pale Hours	DEX252400104	4065629100101	360	100	Song	US	0	1.3983840000
2025-02-03	2024-12	Spotify	The Linden Hours	Glass Coast	DEX252400101	4065629100101	4495	100	Song	AT	0	15.4196480000
2025-02-03	2024-12	Spotify	The Linden Hours	Glass Coast	DEX252400101	4065629100101	18500	100	Song	DE	0	60.2064000000
2025-02-03	2024-12	Spotify	The Linden Hours	Glass Coast	DEX252400101	4065629100101	6400	100	Song	GB	0	21.7702400000
2025-02-03	2024-12	Spotify	The Linden Hours	Glass Coast	DEX252400101	4065629100101	4935	100	Song	NL	0	15.8393760000
2025-02-03	2024-12	Spotify	The Linden Hours	Glass Coast	DEX252400101	4065629100101	3195	100	Song	SE	0	10.2137760000
2025-02-03	2024-12	Spotify	The Linden Hours	Glass Coast	DEX252400101	4065629100101	9200	100	Song	US	0	31.5302400000
2025-02-03	2024-12	Spotify	The Linden Hours	Northern Wire	DEX252400102	4065629100101	3410	100	Song	AT	0	10.1481600000
2025-02-03	2024-12	Spotify	The Linden Hours	Northern Wire	DEX252400102	4065629100101	11925	100	Song	DE	0	35.8322400000
2025-02-03	2024-12	Spotify	The Linden Hours	Northern Wire	DEX252400102	4065629100101	4145	100	Song	GB	0	13.9404640000
2025-02-03	2024-12	Spotify	The Linden Hours	Northern Wire	DEX252400102	4065629100101	2200	100	Song	NL	0	6.5401600000
2025-02-03	2024-12	Spotify	The Linden Hours	Northern Wire	DEX252400102	4065629100101	1980	100	Song	SE	0	6.5260800000
2025-02-03	2024-12	Spotify	The Linden Hours	Northern Wire	DEX252400102	4065629100101	5130	100	Song	US	0	17.3188800000
2025-02-03	2024-12	Spotify	The Linden Hours	Low Orbit	DEX252400103	4065629100101	2025	100	Song	AT	0	6.0652800000
2025-02-03	2024-12	Spotify	The Linden Hours	Low Orbit	DEX252400103	4065629100101	7500	100	Song	DE	0	25.3920000000
2025-02-03	2024-12	Spotify	The Linden Hours	Low Orbit	DEX252400103	4065629100101	3710	100	Song	GB	0	12.6792960000
2025-02-03	2024-12	Spotify	The Linden Hours	Low Orbit	DEX252400103	4065629100101	2265	100	Song	NL	0	7.4871840000
2025-02-03	2024-12	Spotify	The Linden Hours	Low Orbit	DEX252400103	4065629100101	1425	100	Song	SE	0	4.8199200000
2025-02-03	2024-12	Spotify	The Linden Hours	Low Orbit	DEX252400103	4065629100101	4195	100	Song	US	0	12.7796480000
2025-02-03	2024-12	Spotify	The Linden Hours	Pale Hours	DEX252400104	4065629100101	1735	100	Song	AT	0	5.8184960000
2025-02-03	2024-12	Spotify	The Linden Hours	Pale Hours	DEX252400104	4065629100101	5760	100	Song	DE	0	19.7591040000
2025-02-03	2024-12	Spotify	The Linden Hours	Pale Hours	DEX252400104	4065629100101	1995	100	Song	GB	0	6.3967680000
2025-02-03	2024-12	Spotify	The Linden Hours	Pale Hours	DEX252400104	4065629100101	1255	100	Song	NL	0	3.9276480000
2025-02-03	2024-12	Spotify	The Linden Hours	Pale Hours	DEX252400104	4065629100101	1100	100	Song	SE	0	3.5587200000
2025-02-03	2024-12	Spotify	The Linden Hours	Pale Hours	DEX252400104	4065629100101	3080	100	Song	US	0	10.2502400000
2025-02-03	2024-12	Tidal	The Linden Hours	Glass Coast	DEX252400101	4065629100101	425	100	Song	AT	0	3.9984000000
2025-02-03	2024-12	Tidal	The Linden Hours	Glass Coast	DEX252400101	4065629100101	1440	100	Song	DE	0	14.3095680000
2025-02-03	2024-12	Tidal	The Linden Hours	Glass Coast	DEX252400101	4065629100101	520	100	Song	GB	0	5.0960000000
2025-02-03	2024-12	Tidal	The Linden Hours	Glass Coast	DEX252400101	4065629100101	310	100	Song	NL	0	2.9954680000
2025-02-03	2024-12	Tidal	The Linden Hours	Glass Coast	DEX252400101	4065629100101	250	100	Song	SE	0	2.2760500000
2025-02-03	2024-12	Tidal	The Linden Hours	Glass Coast	DEX252400101	4065629100101	740	100	Song	US	0	7.1504720000
2025-02-03	2024-12	Tidal	The Linden Hours	Northern Wire	DEX252400102	4065629100101	240	100	Song	AT	0	2.2320480000
2025-02-03	2024-12	Tidal	The Linden Hours	Northern Wire	DEX252400102	4065629100101	1075	100	Song	DE	0	10.6192800000
2025-02-03	2024-12	Tidal	The Linden Hours	Northern Wire	DEX252400102	4065629100101	330	100	Song	GB	0	3.0237900000
2025-02-03	2024-12	Tidal	The Linden Hours	Northern Wire	DEX252400102	4065629100101	250	100	Song	NL	0	2.2907500000
2025-02-03	2024-12	Tidal	The Linden Hours	Northern Wire	DEX252400102	4065629100101	180	100	Song	SE	0	1.6987320000
2025-02-03	2024-12	Tidal	The Linden Hours	Northern Wire	DEX252400102	4065629100101	500	100	Song	US	0	4.7726000000
2025-02-03	2024-12	Tidal	The Linden Hours	Low Orbit	DEX252400103	4065629100101	165	100	Song	AT	0	1.6170000000
2025-02-03	2024-12	Tidal	The Linden Hours	Low Orbit	DEX252400103	4065629100101	695	100	Song	DE	0	7.1651720000
2025-02-03	2024-12	Tidal	The Linden Hours	Low Orbit	DEX252400103	4065629100101	245	100	Song	GB	0	2.3001580000
2025-02-03	2024-12	Tidal	The Linden Hours	Low Orbit	DEX252400103	4065629100101	205	100	Song	NL	0	2.0451620000
2025-02-03	2024-12	Tidal	The Linden Hours	Low Orbit	DEX252400103	4065629100101	145	100	Song	SE	0	1.3101620000
2025-02-03	2024-12	Tidal	The Linden Hours	Low Orbit	DEX252400103	4065629100101	360	100	Song	US	0	3.3727680000
2025-02-03	2024-12	Tidal	The Linden Hours	Pale Hours	DEX252400104	4065629100101	105	100	Song	AT	0	0.9765210000
2025-02-03	2024-12	Tidal	The Linden Hours	Pale Hours	DEX252400104	4065629100101	450	100	Song	DE	0	4.5070200000
2025-02-03	2024-12	Tidal	The Linden Hours	Pale Hours	DEX252400104	4065629100101	180	100	Song	GB	0	1.7234280000
2025-02-03	2024-12	Tidal	The Linden Hours	Pale Hours	DEX252400104	4065629100101	125	100	Song	NL	0	1.2654250000
2025-02-03	2024-12	Tidal	The Linden Hours	Pale Hours	DEX252400104	4065629100101	70	100	Song	SE	0	0.6811980000
2025-02-03	2024-12	Tidal	The Linden Hours	Pale Hours	DEX252400104	4065629100101	285	100	Song	US	0	2.6617290000
2025-02-03	2024-12	YouTube Music	The Linden Hours	Glass Coast	DEX252400101	4065629100101	725	100	Song	AT	0	1.4616000000
2025-02-03	2024-12	YouTube Music	The Linden Hours	Glass Coast	DEX252400101	4065629100101	2720	100	Song	DE	0	5.3235840000
2025-02-03	2024-12	YouTube Music	The Linden Hours	Glass Coast	DEX252400101	4065629100101	1215	100	Song	GB	0	2.5923240000
2025-02-03	2024-12	YouTube Music	The Linden Hours	Glass Coast	DEX252400101	4065629100101	560	100	Song	NL	0	1.1101440000
2025-02-03	2024-12	YouTube Music	The Linden Hours	Glass Coast	DEX252400101	4065629100101	485	100	Song	SE	0	1.0398885000
2025-02-03	2024-12	YouTube Music	The Linden Hours	Glass Coast	DEX252400101	4065629100101	1030	100	Song	US	0	1.9921230000
2025-02-03	2024-12	YouTube Music	The Linden Hours	Northern Wire	DEX252400102	4065629100101	470	100	Song	AT	0	1.0570770000
2025-02-03	2024-12	YouTube Music	The Linden Hours	Northern Wire	DEX252400102	4065629100101	2285	100	Song	DE	0	4.8800745000
2025-02-03	2024-12	YouTube Music	The Linden Hours	Northern Wire	DEX252400102	4065629100101	625	100	Song	GB	0	1.2901875000
2025-02-03	2024-12	YouTube Music	The Linden Hours	Northern Wire	DEX252400102	4065629100101	450	100	Song	NL	0	0.9676800000
2025-02-03	2024-12	YouTube Music	The Linden Hours	Northern Wire	DEX252400102	4065629100101	335	100	Song	SE	0	0.7316400000
2025-02-03	2024-12	YouTube Music	The Linden Hours	Northern Wire	DEX252400102	4065629100101	875	100	Song	US	0	1.7511375000
2025-02-03	2024-12	YouTube Music	The Linden Hours	Low Orbit	DEX252400103	4065629100101	410	100	Song	AT	0	0.8661660000
2025-02-03	2024-12	YouTube Music	The Linden Hours	Low Orbit	DEX252400103	4065629100101	1275	100	Song	DE	0	2.8756350000
2025-02-03	2024-12	YouTube Music	The Linden Hours	Low Orbit	DEX252400103	4065629100101	545	100	Song	GB	0	1.1914245000
2025-02-03	2024-12	YouTube Music	The Linden Hours	Low Orbit	DEX252400103	4065629100101	305	100	Song	NL	0	0.6449835000
2025-02-03	2024-12	YouTube Music	The Linden Hours	Low Orbit	DEX252400103	4065629100101	220	100	Song	SE	0	0.4924920000
2025-02-03	2024-12	YouTube Music	The Linden Hours	Low Orbit	DEX252400103	4065629100101	785	100	Song	US	0	1.5429960000
2025-02-03	2024-12	YouTube Music	The Linden Hours	Pale Hours	DEX252400104	4065629100101	200	100	Song	AT	0	0.4158000000
2025-02-03	2024-12	YouTube Music	The Linden Hours	Pale Hours	DEX252400104	4065629100101	765	100	Song	DE	0	1.5840090000
2025-02-03	2024-12	YouTube Music	The Linden Hours	Pale Hours	DEX252400104	4065629100101	320	100	Song	GB	0	0.6350400000
2025-02-03	2024-12	YouTube Music	The Linden Hours	Pale Hours	DEX252400104	4065629100101	235	100	Song	NL	0	0.4683315000
2025-02-03	2024-12	YouTube Music	The Linden Hours	Pale Hours	DEX252400104	4065629100101	135	100	Song	SE	0	0.2956905000
2025-02-03	2024-12	YouTube Music	The Linden Hours	Pale Hours	DEX252400104	4065629100101	390	100	Song	US	0	0.8845200000
2025-03-07	2025-01	Amazon Music	The Linden Hours	Glass Coast	DEX252400101	4065629100101	610	100	Song	AT	0	2.8410750000
2025-03-07	2025-01	Amazon Music	The Linden Hours	Glass Coast	DEX252400101	4065629100101	2370	100	Song	DE	0	9.9077850000
2025-03-07	2025-01	Amazon Music	The Linden Hours	Glass Coast	DEX252400101	4065629100101	885	100	Song	GB	0	3.7873575000
2025-03-07	2025-01	Amazon Music	The Linden Hours	Glass Coast	DEX252400101	4065629100101	655	100	Song	NL	0	3.1715100000
2025-03-07	2025-01	Amazon Music	The Linden Hours	Glass Coast	DEX252400101	4065629100101	360	100	Song	SE	0	1.6718400000
2025-03-07	2025-01	Amazon Music	The Linden Hours	Glass Coast	DEX252400101	4065629100101	1365	100	Song	US	0	6.4373400000
2025-03-07	2025-01	Amazon Music	The Linden Hours	Northern Wire	DEX252400102	4065629100101	345	100	Song	AT	0	1.6409925000
2025-03-07	2025-01	Amazon Music	The Linden Hours	Northern Wire	DEX252400102	4065629100101	1515	100	Song	DE	0	6.4766250000
2025-03-07	2025-01	Amazon Music	The Linden Hours	Northern Wire	DEX252400102	4065629100101	540	100	Song	GB	0	2.4713100000
2025-03-07	2025-01	Amazon Music	The Linden Hours	Northern Wire	DEX252400102	4065629100101	405	100	Song	NL	0	1.9209150000
2025-03-07	2025-01	Amazon Music	The Linden Hours	Northern Wire	DEX252400102	4065629100101	280	100	Song	SE	0	1.1793600000
2025-03-07	2025-01	Amazon Music	The Linden Hours	Northern Wire	DEX252400102	4065629100101	750	100	Song	US	0	3.2028750000
2025-03-07	2025-01	Amazon Music	The Linden Hours	Low Orbit	DEX252400103	4065629100101	285	100	Song	AT	0	1.3684275000
2025-03-07	2025-01	Amazon Music	The Linden Hours	Low Orbit	DEX252400103	4065629100101	1260	100	Song	DE	0	5.6246400000
2025-03-07	2025-01	Amazon Music	The Linden Hours	Low Orbit	DEX252400103	4065629100101	485	100	Song	GB	0	2.1759525000
2025-03-07	2025-01	Amazon Music	The Linden Hours	Low Orbit	DEX252400103	4065629100101	230	100	Song	NL	0	1.0111950000
2025-03-07	2025-01	Amazon Music	The Linden Hours	Low Orbit	DEX252400103	4065629100101	190	100	Song	SE	0	0.8011350000
2025-03-07	2025-01	Amazon Music	The Linden Hours	Low Orbit	DEX252400103	4065629100101	630	100	Song	US	0	2.9143800000
2025-03-07	2025-01	Amazon Music	The Linden Hours	Pale Hours	DEX252400104	4065629100101	230	100	Song	AT	0	1.0277550000
2025-03-07	2025-01	Amazon Music	The Linden Hours	Pale Hours	DEX252400104	4065629100101	655	100	Song	DE	0	2.9416050000
2025-03-07	2025-01	Amazon Music	The Linden Hours	Pale Hours	DEX252400104	4065629100101	290	100	Song	GB	0	1.2240900000
2025-03-07	2025-01	Amazon Music	The Linden Hours	Pale Hours	DEX252400104	4065629100101	165	100	Song	NL	0	0.8011575000
2025-03-07	2025-01	Amazon Music	The Linden Hours	Pale Hours	DEX252400104	4065629100101	135	100	Song	SE	0	0.6117525000
2025-03-07	2025-01	Amazon Music	The Linden Hours	Pale Hours	DEX252400104	4065629100101	420	100	Song	US	0	1.8370800000
2025-03-07	2024-12	Apple Music	The Linden Hours	Glass Coast	DEX252400101	4065629100101	1145	100	Song	AT	0	8.4871980000
2025-03-07	2024-12	Apple Music	The Linden Hours	Glass Coast	DEX252400101	4065629100101	3850	100	Song	DE	0	26.3509400000
2025-03-07	2024-12	Apple Music	The Linden Hours	Glass Coast	DEX252400101	4065629100101	1340	100	Song	GB	0	9.7518500000
2025-03-07	2024-12	Apple Music	The Linden Hours	Glass Coast	DEX252400101	4065629100101	1030	100	Song	NL	0	6.9473500000
2025-03-07	2024-12	Apple Music	The Linden Hours	Glass Coast	DEX252400101	4065629100101	845	100	Song	SE	0	5.8135155000
2025-03-07	2024-12	Apple Music	The Linden Hours	Glass Coast	DEX252400101	4065629100101	2130	100	Song	US	0	14.6995560000
2025-03-07	2024-12	Apple Music	The Linden Hours	Northern Wire	DEX252400102	4065629100101	620	100	Song	AT	0	4.5164520000
2025-03-07	2024-12	Apple Music	The Linden Hours	Northern Wire	DEX252400102	4065629100101	3055	100	Song	DE	0	21.1916185000
2025-03-07	2024-12	Apple Music	The Linden Hours	Northern Wire	DEX252400102	4065629100101	855	100	Song	GB	0	6.5075760000
2025-03-07	2024-12	Apple Music	The Linden Hours	Northern Wire	DEX252400102	4065629100101	560	100	Song	NL	0	4.2622720000
2025-03-07	2024-12	Apple Music	The Linden Hours	Northern Wire	DEX252400102	4065629100101	560	100	Song	SE	0	4.2662480000
2025-03-07	2024-12	Apple Music	The Linden Hours	Northern Wire	DEX252400102	4065629100101	1400	100	Song	US	0	10.4270600000
2025-03-07	2024-12	Apple Music	The Linden Hours	Low Orbit	DEX252400103	4065629100101	495	100	Song	AT	0	3.7464570000
2025-03-07	2024-12	Apple Music	The Linden Hours	Low Orbit	DEX252400103	4065629100101	2155	100	Song	DE	0	16.4633380000
2025-03-07	2024-12	Apple Music	The Linden Hours	Low Orbit	DEX252400103	4065629100101	685	100	Song	GB	0	4.7127315000
2025-03-07	2024-12	Apple Music	The Linden Hours	Low Orbit	DEX252400103	4065629100101	455	100	Song	NL	0	3.1691205000
2025-03-07	2024-12	Apple Music	The Linden Hours	Low Orbit	DEX252400103	4065629100101	315	100	Song	SE	0	2.1224385000
2025-03-07	2024-12	Apple Music	The Linden Hours	Low Orbit	DEX252400103	4065629100101	1140	100	Song	US	0	8.5472640000
2025-03-07	2024-12	Apple Music	The Linden Hours	Pale Hours	DEX252400104	4065629100101	390	100	Song	AT	0	2.6139360000
2025-03-07	2024-12	Apple Music	The Linden Hours	Pale Hours	DEX252400104	4065629100101	1250	100	Song	DE	0	9.0525000000
2025-03-07	2024-12	Apple Music	The Linden Hours	Pale Hours	DEX252400104	4065629100101	485	100	Song	GB	0	3.4193955000
2025-03-07	2024-12	Apple Music	The Linden Hours	Pale Hours	DEX252400104	4065629100101	370	100	Song	NL	0	2.5613250000
2025-03-07	2024-12	Apple Music	The Linden Hours	Pale Hours	DEX252400104	4065629100101	260	100	Song	SE	0	1.8238480000
2025-03-07	2024-12	Apple Music	The Linden Hours	Pale Hours	DEX252400104	4065629100101	765	100	Song	US	0	5.5075410000
2025-03-07	2025-01	Deezer	The Linden Hours	Glass Coast	DEX252400101	4065629100101	430	100	Song	AT	0	1.6501680000
2025-03-07	2025-01	Deezer	The Linden Hours	Glass Coast	DEX252400101	4065629100101	1530	100	Song	DE	0	5.6952720000
2025-03-07	2025-01	Deezer	The Linden Hours	Glass Coast	DEX252400101	4065629100101	640	100	Song	GB	0	2.1841920000
2025-03-07	2025-01	Deezer	The Linden Hours	Glass Coast	DEX252400101	4065629100101	420	100	Song	NL	0	1.4394240000
2025-03-07	2025-01	Deezer	The Linden Hours	Glass Coast	DEX252400101	4065629100101	290	100	Song	SE	0	1.0648800000
2025-03-07	2025-01	Deezer	The Linden Hours	Glass Coast	DEX252400101	4065629100101	935	100	Song	US	0	3.4501500000
2025-03-07	2025-01	Deezer	The Linden Hours	Northern Wire	DEX252400102	4065629100101	280	100	Song	AT	0	1.0614240000
2025-03-07	2025-01	Deezer	The Linden Hours	Northern Wire	DEX252400102	4065629100101	1220	100	Song	DE	0	4.4271360000
2025-03-07	2025-01	Deezer	The Linden Hours	Northern Wire	DEX252400102	4065629100101	385	100	Song	GB	0	1.4816340000
2025-03-07	2025-01	Deezer	The Linden Hours	Northern Wire	DEX252400102	4065629100101	320	100	Song	NL	0	1.2072960000
2025-03-07	2025-01	Deezer	The Linden Hours	Northern Wire	DEX252400102	4065629100101	170	100	Song	SE	0	0.6138360000
2025-03-07	2025-01	Deezer	The Linden Hours	Northern Wire	DEX252400102	4065629100101	585	100	Song	US	0	2.1460140000
2025-03-07	2025-01	Deezer	The Linden Hours	Low Orbit	DEX252400103	4065629100101	205	100	Song	AT	0	0.6996240000
2025-03-07	2025-01	Deezer	The Linden Hours	Low Orbit	DEX252400103	4065629100101	895	100	Song	DE	0	3.3379920000
2025-03-07	2025-01	Deezer	The Linden Hours	Low Orbit	DEX252400103	4065629100101	290	100	Song	GB	0	1.0325160000
2025-03-07	2025-01	Deezer	The Linden Hours	Low Orbit	DEX252400103	4065629100101	150	100	Song	NL	0	0.5697000000
2025-03-07	2025-01	Deezer	The Linden Hours	Low Orbit	DEX252400103	4065629100101	150	100	Song	SE	0	0.4973400000
2025-03-07	2025-01	Deezer	The Linden Hours	Low Orbit	DEX252400103	4065629100101	550	100	Song	US	0	2.1106800000
2025-03-07	2025-01	Deezer	The Linden Hours	Pale Hours	DEX252400104	4065629100101	155	100	Song	AT	0	0.5261940000
2025-03-07	2025-01	Deezer	The Linden Hours	Pale Hours	DEX252400104	4065629100101	530	100	Song	DE	0	1.9499760000
2025-03-07	2025-01	Deezer	The Linden Hours	Pale Hours	DEX252400104	4065629100101	205	100	Song	GB	0	0.7195500000
2025-03-07	2025-01	Deezer	The Linden Hours	Pale Hours	DEX252400104	4065629100101	115	100	Song	NL	0	0.4454640000
2025-03-07	2025-01	Deezer	The Linden Hours	Pale Hours	DEX252400104	4065629100101	110	100	Song	SE	0	0.3999600000
2025-03-07	2025-01	Deezer	The Linden Hours	Pale Hours	DEX252400104	4065629100101	360	100	Song	US	0	1.1975040000
2025-03-07	2025-01	Spotify	The Linden Hours	Glass Coast	DEX252400101	4065629100101	4375	100	Song	AT	0	14.7280000000
2025-03-07	2025-01	Spotify	The Linden Hours	Glass Coast	DEX252400101	4065629100101	15830	100	Song	DE	0	52.9355200000
2025-03-07	2025-01	Spotify	The Linden Hours	Glass Coast	DEX252400101	4065629100101	5850	100	Song	GB	0	20.1427200000
2025-03-07	2025-01	Spotify	The Linden Hours	Glass Coast	DEX252400101	4065629100101	3585	100	Song	NL	0	11.1852000000
2025-03-07	2025-01	Spotify	The Linden Hours	Glass Coast	DEX252400101	4065629100101	2805	100	Song	SE	0	8.8323840000
2025-03-07	2025-01	Spotify	The Linden Hours	Glass Coast	DEX252400101	4065629100101	9280	100	Song	US	0	29.4881280000
2025-03-07	2025-01	Spotify	The Linden Hours	Northern Wire	DEX252400102	4065629100101	3435	100	Song	AT	0	11.3217600000
2025-03-07	2025-01	Spotify	The Linden Hours	Northern Wire	DEX252400102	4065629100101	13945	100	Song	DE	0	47.0336960000
2025-03-07	2025-01	Spotify	The Linden Hours	Northern Wire	DEX252400102	4065629100101	4020	100	Song	GB	0	12.5166720000
2025-03-07	2025-01	Spotify	The Linden Hours	Northern Wire	DEX252400102	4065629100101	2355	100	Song	NL	0	7.8826560000
2025-03-07	2025-01	Spotify	The Linden Hours	Northern Wire	DEX252400102	4065629100101	2345	100	Song	SE	0	6.9336960000
2025-03-07	2025-01	Spotify	The Linden Hours	Northern Wire	DEX252400102	4065629100101	5330	100	Song	US	0	15.9132480000
2025-03-07	2025-01	Spotify	The Linden Hours	Low Orbit	DEX252400103	4065629100101	1630	100	Song	AT	0	4.9969280000
2025-03-07	2025-01	Spotify	The Linden Hours	Low Orbit	DEX252400103	4065629100101	9540	100	Song	DE	0	28.3299840000
2025-03-07	2025-01	Spotify	The Linden Hours	Low Orbit	DEX252400103	4065629100101	3020	100	Song	GB	0	9.6543360000
2025-03-07	2025-01	Spotify	The Linden Hours	Low Orbit	DEX252400103	4065629100101	2090	100	Song	NL	0	6.9020160000
2025-03-07	2025-01	Spotify	The Linden Hours	Low Orbit	DEX252400103	4065629100101	1500	100	Song	SE	0	4.8864000000
2025-03-07	2025-01	Spotify	The Linden Hours	Low Orbit	DEX252400103	4065629100101	4450	100	Song	US	0	15.3364800000
2025-03-07	2025-01	Spotify	The Linden Hours	Pale Hours	DEX252400104	4065629100101	1450	100	Song	AT	0	4.8209600000
2025-03-07	2025-01	Spotify	The Linden Hours	Pale Hours	DEX252400104	4065629100101	5740	100	Song	DE	0	18.0373760000
2025-03-07	2025-01	Spotify	The Linden Hours	Pale Hours	DEX252400104	4065629100101	2205	100	Song	GB	0	6.7102560000
2025-03-07	2025-01	Spotify	The Linden Hours	Pale Hours	DEX252400104	4065629100101	1435	100	Song	NL	0	4.6516960000
2025-03-07	2025-01	Spotify	The Linden Hours	Pale Hours	DEX252400104	4065629100101	970	100	Song	SE	0	2.9953600000
2025-03-07	2025-01	Spotify	The Linden Hours	Pale Hours	DEX252400104	4065629100101	2565	100	Song	US	0	8.1669600000
2025-03-07	2025-01	Tidal	The Linden Hours	Glass Coast	DEX252400101	4065629100101	310	100	Song	AT	0	3.1716720000
2025-03-07	2025-01	Tidal	The Linden Hours	Glass Coast	DEX252400101	4065629100101	1310	100	Song	DE	0	12.0035300000
2025-03-07	2025-01	Tidal	The Linden Hours	Glass Coast	DEX252400101	4065629100101	490	100	Song	GB	0	5.0421000000
2025-03-07	2025-01	Tidal	The Linden Hours	Glass Coast	DEX252400101	4065629100101	290	100	Song	NL	0	2.9528380000
2025-03-07	2025-01	Tidal	The Linden Hours	Glass Coast	DEX252400101	4065629100101	250	100	Song	SE	0	2.3593500000
2025-03-07	2025-01	Tidal	The Linden Hours	Glass Coast	DEX252400101	4065629100101	735	100	Song	US	0	6.6555720000
2025-03-07	2025-01	Tidal	The Linden Hours	Northern Wire	DEX252400102	4065629100101	225	100	Song	AT	0	2.1454650000
2025-03-07	2025-01	Tidal	The Linden Hours	Northern Wire	DEX252400102	4065629100101	875	100	Song	DE	0	8.4035000000
2025-03-07	2025-01	Tidal	The Linden Hours	Northern Wire	DEX252400102	4065629100101	360	100	Song	GB	0	3.3657120000
2025-03-07	2025-01	Tidal	The Linden Hours	Northern Wire	DEX252400102	4065629100101	225	100	Song	NL	0	2.1344400000
2025-03-07	2025-01	Tidal	The Linden Hours	Northern Wire	DEX252400102	4065629100101	160	100	Song	SE	0	1.6401280000
2025-03-07	2025-01	Tidal	The Linden Hours	Northern Wire	DEX252400102	4065629100101	435	100	Song	US	0	3.9986940000
2025-03-07	2025-01	Tidal	The Linden Hours	Low Orbit	DEX252400103	4065629100101	190	100	Song	AT	0	1.8638620000
2025-03-07	2025-01	Tidal	The Linden Hours	Low Orbit	DEX252400103	4065629100101	760	100	Song	DE	0	7.5969600000
2025-03-07	2025-01	Tidal	The Linden Hours	Low Orbit	DEX252400103	4065629100101	295	100	Song	GB	0	2.8910000000
2025-03-07	2025-01	Tidal	The Linden Hours	Low Orbit	DEX252400103	4065629100101	150	100	Song	NL	0	1.4214900000
2025-03-07	2025-01	Tidal	The Linden Hours	Low Orbit	DEX252400103	4065629100101	120	100	Song	SE	0	1.1536560000
2025-03-07	2025-01	Tidal	The Linden Hours	Low Orbit	DEX252400103	4065629100101	355	100	Song	US	0	3.2459070000
2025-03-07	2025-01	Tidal	The Linden Hours	Pale Hours	DEX252400104	4065629100101	135	100	Song	AT	0	1.4169330000
2025-03-07	2025-01	Tidal	The Linden Hours	Pale Hours	DEX252400104	4065629100101	475	100	Song	DE	0	4.5851750000
2025-03-07	2025-01	Tidal	The Linden Hours	Pale Hours	DEX252400104	4065629100101	150	100	Song	GB	0	1.3671000000
2025-03-07	2025-01	Tidal	The Linden Hours	Pale Hours	DEX252400104	4065629100101	95	100	Song	NL	0	0.9291380000
2025-03-07	2025-01	Tidal	The Linden Hours	Pale Hours	DEX252400104	4065629100101	70	100	Song	SE	0	0.6743380000
2025-03-07	2025-01	Tidal	The Linden Hours	Pale Hours	DEX252400104	4065629100101	275	100	Song	US	0	2.4955700000
2025-03-07	2025-01	YouTube Music	The Linden Hours	Glass Coast	DEX252400101	4065629100101	675	100	Song	AT	0	1.3296150000
2025-03-07	2025-01	YouTube Music	The Linden Hours	Glass Coast	DEX252400101	4065629100101	2610	100	Song	DE	0	5.5138860000
2025-03-07	2025-01	YouTube Music	The Linden Hours	Glass Coast	DEX252400101	4065629100101	780	100	Song	GB	0	1.6330860000
2025-03-07	2025-01	YouTube Music	The Linden Hours	Glass Coast	DEX252400101	4065629100101	505	100	Song	NL	0	1.0594395000
2025-03-07	2025-01	YouTube Music	The Linden Hours	Glass Coast	DEX252400101	4065629100101	485	100	Song	SE	0	1.0745175000
2025-03-07	2025-01	YouTube Music	The Linden Hours	Glass Coast	DEX252400101	4065629100101	1185	100	Song	US	0	2.6527410000
2025-03-07	2025-01	YouTube Music	The Linden Hours	Northern Wire	DEX252400102	4065629100101	490	100	Song	AT	0	1.0032750000
2025-03-07	2025-01	YouTube Music	The Linden Hours	Northern Wire	DEX252400102	4065629100101	2075	100	Song	DE	0	4.4620800000
2025-03-07	2025-01	YouTube Music	The Linden Hours	Northern Wire	DEX252400102	4065629100101	615	100	Song	GB	0	1.1959290000
2025-03-07	2025-01	YouTube Music	The Linden Hours	Northern Wire	DEX252400102	4065629100101	350	100	Song	NL	0	0.7327950000
2025-03-07	2025-01	YouTube Music	The Linden Hours	Northern Wire	DEX252400102	4065629100101	285	100	Song	SE	0	0.5715675000
2025-03-07	2025-01	YouTube Music	The Linden Hours	Northern Wire	DEX252400102	4065629100101	985	100	Song	US	0	2.1657195000
2025-03-07	2025-01	YouTube Music	The Linden Hours	Low Orbit	DEX252400103	4065629100101	285	100	Song	AT	0	0.6170535000
2025-03-07	2025-01	YouTube Music	The Linden Hours	Low Orbit	DEX252400103	4065629100101	1525	100	Song	DE	0	3.0936150000
2025-03-07	2025-01	YouTube Music	The Linden Hours	Low Orbit	DEX252400103	4065629100101	395	100	Song	GB	0	0.8925420000
2025-03-07	2025-01	YouTube Music	The Linden Hours	Low Orbit	DEX252400103	4065629100101	300	100	Song	NL	0	0.6413400000
2025-03-07	2025-01	YouTube Music	The Linden Hours	Low Orbit	DEX252400103	4065629100101	245	100	Song	SE	0	0.5206740000
2025-03-07	2025-01	YouTube Music	The Linden Hours	Low Orbit	DEX252400103	4065629100101	640	100	Song	US	0	1.3910400000
2025-03-07	2025-01	YouTube Music	The Linden Hours	Pale Hours	DEX252400104	4065629100101	230	100	Song	AT	0	0.4709250000
2025-03-07	2025-01	YouTube Music	The Linden Hours	Pale Hours	DEX252400104	4065629100101	745	100	Song	DE	0	1.5394680000
2025-03-07	2025-01	YouTube Music	The Linden Hours	Pale Hours	DEX252400104	4065629100101	325	100	Song	GB	0	0.7029750000
2025-03-07	2025-01	YouTube Music	The Linden Hours	Pale Hours	DEX252400104	4065629100101	220	100	Song	NL	0	0.4703160000
2025-03-07	2025-01	YouTube Music	The Linden Hours	Pale Hours	DEX252400104	4065629100101	155	100	Song	SE	0	0.3434025000
2025-03-07	2025-01	YouTube Music	The Linden Hours	Pale Hours	DEX252400104	4065629100101	475	100	Song	US	0	1.0044825000
2025-04-04	2025-02	Amazon Music	The Linden Hours	Glass Coast	DEX252400101	4065629100101	645	100	Song	AT	0	2.7747900000
2025-04-04	2025-02	Amazon Music	The Linden Hours	Glass Coast	DEX252400101	4065629100101	2200	100	Song	DE	0	9.3357000000
2025-04-04	2025-02	Amazon Music	The Linden Hours	Glass Coast	DEX252400101	4065629100101	860	100	Song	GB	0	3.9861000000
2025-04-04	2025-02	Amazon Music	The Linden Hours	Glass Coast	DEX252400101	4065629100101	475	100	Song	NL	0	2.1973500000
2025-04-04	2025-02	Amazon Music	The Linden Hours	Glass Coast	DEX252400101	4065629100101	375	100	Song	SE	0	1.5963750000
2025-04-04	2025-02	Amazon Music	The Linden Hours	Glass Coast	DEX252400101	4065629100101	1035	100	Song	US	0	4.8577725000
2025-04-04	2025-02	Amazon Music	The Linden Hours	Northern Wire	DEX252400102	4065629100101	415	100	Song	AT	0	1.8152100000
2025-04-04	2025-02	Amazon Music	The Linden Hours	Northern Wire	DEX252400102	4065629100101	1570	100	Song	DE	0	7.1285850000
2025-04-04	2025-02	Amazon Music	The Linden Hours	Northern Wire	DEX252400102	4065629100101	480	100	Song	GB	0	2.2377600000
2025-04-04	2025-02	Amazon Music	The Linden Hours	Northern Wire	DEX252400102	4065629100101	345	100	Song	NL	0	1.4950575000
2025-04-04	2025-02	Amazon Music	The Linden Hours	Northern Wire	DEX252400102	4065629100101	305	100	Song	SE	0	1.4644575000
2025-04-04	2025-02	Amazon Music	The Linden Hours	Northern Wire	DEX252400102	4065629100101	695	100	Song	US	0	3.0368025000
2025-04-04	2025-02	Amazon Music	The Linden Hours	Low Orbit	DEX252400103	4065629100101	235	100	Song	AT	0	1.0257750000
2025-04-04	2025-02	Amazon Music	The Linden Hours	Low Orbit	DEX252400103	4065629100101	1280	100	Song	DE	0	5.5065600000
2025-04-04	2025-02	Amazon Music	The Linden Hours	Low Orbit	DEX252400103	4065629100101	380	100	Song	GB	0	1.6159500000
2025-04-04	2025-02	Amazon Music	The Linden Hours	Low Orbit	DEX252400103	4065629100101	260	100	Song	NL	0	1.0892700000
2025-04-04	2025-02	Amazon Music	The Linden Hours	Low Orbit	DEX252400103	4065629100101	195	100	Song	SE	0	0.8731125000
2025-04-04	2025-02	Amazon Music	The Linden Hours	Low Orbit	DEX252400103	4065629100101	550	100	Song	US	0	2.4502500000
2025-04-04	2025-02	Amazon Music	The Linden Hours	Pale Hours	DEX252400104	4065629100101	190	100	Song	AT	0	0.7891650000
2025-04-04	2025-02	Amazon Music	The Linden Hours	Pale Hours	DEX252400104	4065629100101	830	100	Song	DE	0	3.9030750000
2025-04-04	2025-02	Amazon Music	The Linden Hours	Pale Hours	DEX252400104	4065629100101	290	100	Song	GB	0	1.4054850000
2025-04-04	2025-02	Amazon Music	The Linden Hours	Pale Hours	DEX252400104	4065629100101	190	100	Song	NL	0	0.8695350000
2025-04-04	2025-02	Amazon Music	The Linden Hours	Pale Hours	DEX252400104	4065629100101	125	100	Song	SE	0	0.5653125000
2025-04-04	2025-02	Amazon Music	The Linden Hours	Pale Hours	DEX252400104	4065629100101	375	100	Song	US	0	1.6756875000
2025-04-04	2025-01	Apple Music	The Linden Hours	Glass Coast	DEX252400101	4065629100101	1120	100	Song	AT	0	7.9520000000
2025-04-04	2025-01	Apple Music	The Linden Hours	Glass Coast	DEX252400101	4065629100101	3900	100	Song	DE	0	28.4653200000
2025-04-04	2025-01	Apple Music	The Linden Hours	Glass Coast	DEX252400101	4065629100101	1235	100	Song	GB	0	8.1547050000
2025-04-04	2025-01	Apple Music	The Linden Hours	Glass Coast	DEX252400101	4065629100101	800	100	Song	NL	0	5.9015200000
2025-04-04	2025-01	Apple Music	The Linden Hours	Glass Coast	DEX252400101	4065629100101	715	100	Song	SE	0	5.4724670000
2025-04-04	2025-01	Apple Music	The Linden Hours	Glass Coast	DEX252400101	4065629100101	1535	100	Song	US	0	10.2554885000
2025-04-04	2025-01	Apple Music	The Linden Hours	Northern Wire	DEX252400102	4065629100101	660	100	Song	AT	0	4.5126180000
2025-04-04	2025-01	Apple Music	The Linden Hours	Northern Wire	DEX252400102	4065629100101	2930	100	Song	DE	0	21.9055590000
2025-04-04	2025-01	Apple Music	The Linden Hours	Northern Wire	DEX252400102	4065629100101	1010	100	Song	GB	0	6.8196210000
2025-04-04	2025-01	Apple Music	The Linden Hours	Northern Wire	DEX252400102	4065629100101	560	100	Song	NL	0	4.1032320000
2025-04-04	2025-01	Apple Music	The Linden Hours	Northern Wire	DEX252400102	4065629100101	525	100	Song	SE	0	3.6454950000
2025-04-04	2025-01	Apple Music	The Linden Hours	Northern Wire	DEX252400102	4065629100101	1515	100	Song	US	0	10.0250580000
2025-04-04	2025-01	Apple Music	The Linden Hours	Low Orbit	DEX252400103	4065629100101	470	100	Song	AT	0	3.4004030000
2025-04-04	2025-01	Apple Music	The Linden Hours	Low Orbit	DEX252400103	4065629100101	2080	100	Song	DE	0	15.4620960000
2025-04-04	2025-01	Apple Music	The Linden Hours	Low Orbit	DEX252400103	4065629100101	715	100	Song	GB	0	4.9140520000
2025-04-04	2025-01	Apple Music	The Linden Hours	Low Orbit	DEX252400103	4065629100101	500	100	Song	NL	0	3.6529500000
2025-04-04	2025-01	Apple Music	The Linden Hours	Low Orbit	DEX252400103	4065629100101	375	100	Song	SE	0	2.4628125000
2025-04-04	2025-01	Apple Music	The Linden Hours	Low Orbit	DEX252400103	4065629100101	1030	100	Song	US	0	6.8303420000
2025-04-04	2025-01	Apple Music	The Linden Hours	Pale Hours	DEX252400104	4065629100101	365	100	Song	AT	0	2.4956145000
2025-04-04	2025-01	Apple Music	The Linden Hours	Pale Hours	DEX252400104	4065629100101	1265	100	Song	DE	0	9.6730755000
2025-04-04	2025-01	Apple Music	The Linden Hours	Pale Hours	DEX252400104	4065629100101	470	100	Song	GB	0	3.5305460000
2025-04-04	2025-01	Apple Music	The Linden Hours	Pale Hours	DEX252400104	4065629100101	270	100	Song	NL	0	1.9016640000
2025-04-04	2025-01	Apple Music	The Linden Hours	Pale Hours	DEX252400104	4065629100101	205	100	Song	SE	0	1.4263900000
2025-04-04	2025-01	Apple Music	The Linden Hours	Pale Hours	DEX252400104	4065629100101	695	100	Song	US	0	4.8900895000
2025-04-04	2025-02	Deezer	The Linden Hours	Glass Coast	DEX252400101	4065629100101	385	100	Song	AT	0	1.4636160000
2025-04-04	2025-02	Deezer	The Linden Hours	Glass Coast	DEX252400101	4065629100101	1625	100	Song	DE	0	5.9611500000
2025-04-04	2025-02	Deezer	The Linden Hours	Glass Coast	DEX252400101	4065629100101	745	100	Song	GB	0	2.6095860000
2025-04-04	2025-02	Deezer	The Linden Hours	Glass Coast	DEX252400101	4065629100101	390	100	Song	NL	0	1.4278680000
2025-04-04	2025-02	Deezer	The Linden Hours	Glass Coast	DEX252400101	4065629100101	310	100	Song	SE	0	1.1561760000
2025-04-04	2025-02	Deezer	The Linden Hours	Glass Coast	DEX252400101	4065629100101	915	100	Song	US	0	3.3368220000
2025-04-04	2025-02	Deezer	The Linden Hours	Northern Wire	DEX252400102	4065629100101	285	100	Song	AT	0	1.0916640000
2025-04-04	2025-02	Deezer	The Linden Hours	Northern Wire	DEX252400102	4065629100101	1080	100	Song	DE	0	3.7208160000
2025-04-04	2025-02	Deezer	The Linden Hours	Northern Wire	DEX252400102	4065629100101	465	100	Song	GB	0	1.7962020000
2025-04-04	2025-02	Deezer	The Linden Hours	Northern Wire	DEX252400102	4065629100101	270	100	Song	NL	0	0.9418680000
2025-04-04	2025-02	Deezer	The Linden Hours	Northern Wire	DEX252400102	4065629100101	175	100	Song	SE	0	0.5808600000
2025-04-04	2025-02	Deezer	The Linden Hours	Northern Wire	DEX252400102	4065629100101	605	100	Song	US	0	2.1888900000
2025-04-04	2025-02	Deezer	The Linden Hours	Low Orbit	DEX252400103	4065629100101	215	100	Song	AT	0	0.7151760000
2025-04-04	2025-02	Deezer	The Linden Hours	Low Orbit	DEX252400103	4065629100101	810	100	Song	DE	0	3.0618000000
2025-04-04	2025-02	Deezer	The Linden Hours	Low Orbit	DEX252400103	4065629100101	290	100	Song	GB	0	0.9918000000
2025-04-04	2025-02	Deezer	The Linden Hours	Low Orbit	DEX252400103	4065629100101	225	100	Song	NL	0	0.8480700000
2025-04-04	2025-02	Deezer	The Linden Hours	Low Orbit	DEX252400103	4065629100101	165	100	Song	SE	0	0.5904360000
2025-04-04	2025-02	Deezer	The Linden Hours	Low Orbit	DEX252400103	4065629100101	395	100	Song	US	0	1.3309920000
2025-04-04	2025-02	Deezer	The Linden Hours	Pale Hours	DEX252400104	4065629100101	160	100	Song	AT	0	0.6099840000
2025-04-04	2025-02	Deezer	The Linden Hours	Pale Hours	DEX252400104	4065629100101	640	100	Song	DE	0	2.2878720000
2025-04-04	2025-02	Deezer	The Linden Hours	Pale Hours	DEX252400104	4065629100101	165	100	Song	GB	0	0.5886540000
2025-04-04	2025-02	Deezer	The Linden Hours	Pale Hours	DEX252400104	4065629100101	125	100	Song	NL	0	0.4576500000
2025-04-04	2025-02	Deezer	The Linden Hours	Pale Hours	DEX252400104	4065629100101	105	100	Song	SE	0	0.3485160000
2025-04-04	2025-02	Deezer	The Linden Hours	Pale Hours	DEX252400104	4065629100101	270	100	Song	US	0	1.0497600000
2025-04-04	2025-02	Spotify	The Linden Hours	Glass Coast	DEX252400101	4065629100101	4110	100	Song	AT	0	12.8232000000
2025-04-04	2025-02	Spotify	The Linden Hours	Glass Coast	DEX252400101	4065629100101	17895	100	Song	DE	0	52.7974080000
2025-04-04	2025-02	Spotify	The Linden Hours	Glass Coast	DEX252400101	4065629100101	5810	100	Song	GB	0	19.8562560000
2025-04-04	2025-02	Spotify	The Linden Hours	Glass Coast	DEX252400101	4065629100101	4080	100	Song	NL	0	12.6382080000
2025-04-04	2025-02	Spotify	The Linden Hours	Glass Coast	DEX252400101	4065629100101	2590	100	Song	SE	0	7.8736000000
2025-04-04	2025-02	Spotify	The Linden Hours	Glass Coast	DEX252400101	4065629100101	7185	100	Song	US	0	22.4172000000
2025-04-04	2025-02	Spotify	The Linden Hours	Northern Wire	DEX252400102	4065629100101	2535	100	Song	AT	0	8.3066880000
2025-04-04	2025-02	Spotify	The Linden Hours	Northern Wire	DEX252400102	4065629100101	11570	100	Song	DE	0	39.3194880000
2025-04-04	2025-02	Spotify	The Linden Hours	Northern Wire	DEX252400102	4065629100101	4470	100	Song	GB	0	14.4184320000
2025-04-04	2025-02	Spotify	The Linden Hours	Northern Wire	DEX252400102	4065629100101	2400	100	Song	NL	0	7.8182400000
2025-04-04	2025-02	Spotify	The Linden Hours	Northern Wire	DEX252400102	4065629100101	1760	100	Song	SE	0	5.6038400000
2025-04-04	2025-02	Spotify	The Linden Hours	Northern Wire	DEX252400102	4065629100101	5485	100	Song	US	0	16.3760160000
2025-04-04	2025-02	Spotify	The Linden Hours	Low Orbit	DEX252400103	4065629100101	1845	100	Song	AT	0	5.9040000000
2025-04-04	2025-02	Spotify	The Linden Hours	Low Orbit	DEX252400103	4065629100101	8155	100	Song	DE	0	24.5302400000
2025-04-04	2025-02	Spotify	The Linden Hours	Low Orbit	DEX252400103	4065629100101	2725	100	Song	GB	0	8.2752800000
2025-04-04	2025-02	Spotify	The Linden Hours	Low Orbit	DEX252400103	4065629100101	1785	100	Song	NL	0	5.9861760000
2025-04-04	2025-02	Spotify	The Linden Hours	Low Orbit	DEX252400103	4065629100101	1415	100	Song	SE	0	4.7498720000
2025-04-04	2025-02	Spotify	The Linden Hours	Low Orbit	DEX252400103	4065629100101	4250	100	Song	US	0	14.1848000000
2025-04-04	2025-02	Spotify	The Linden Hours	Pale Hours	DEX252400104	4065629100101	1470	100	Song	AT	0	5.0050560000
2025-04-04	2025-02	Spotify	The Linden Hours	Pale Hours	DEX252400104	4065629100101	5690	100	Song	DE	0	19.6100160000
2025-04-04	2025-02	Spotify	The Linden Hours	Pale Hours	DEX252400104	4065629100101	1775	100	Song	GB	0	5.5436800000
2025-04-04	2025-02	Spotify	The Linden Hours	Pale Hours	DEX252400104	4065629100101	1410	100	Song	NL	0	4.2051840000
2025-04-04	2025-02	Spotify	The Linden Hours	Pale Hours	DEX252400104	4065629100101	950	100	Song	SE	0	3.1038400000
2025-04-04	2025-02	Spotify	The Linden Hours	Pale Hours	DEX252400104	4065629100101	2970	100	Song	US	0	9.2759040000
2025-04-04	2025-02	Tidal	The Linden Hours	Glass Coast	DEX252400101	4065629100101	400	100	Song	AT	0	3.9552800000
2025-04-04	2025-02	Tidal	The Linden Hours	Glass Coast	DEX252400101	4065629100101	1385	100	Song	DE	0	13.6137190000
2025-04-04	2025-02	Tidal	The Linden Hours	Glass Coast	DEX252400101	4065629100101	435	100	Song	GB	0	3.9816420000
2025-04-04	2025-02	Tidal	The Linden Hours	Glass Coast	DEX252400101	4065629100101	355	100	Song	NL	0	3.2772180000
2025-04-04	2025-02	Tidal	The Linden Hours	Glass Coast	DEX252400101	4065629100101	255	100	Song	SE	0	2.6489400000
2025-04-04	2025-02	Tidal	The Linden Hours	Glass Coast	DEX252400101	4065629100101	645	100	Song	US	0	6.4663830000
2025-04-04	2025-02	Tidal	The Linden Hours	Northern Wire	DEX252400102	4065629100101	230	100	Song	AT	0	2.1458080000
2025-04-04	2025-02	Tidal	The Linden Hours	Northern Wire	DEX252400102	4065629100101	1005	100	Song	DE	0	9.9967350000
2025-04-04	2025-02	Tidal	The Linden Hours	Northern Wire	DEX252400102	4065629100101	325	100	Song	GB	0	2.9843450000
2025-04-04	2025-02	Tidal	The Linden Hours	Northern Wire	DEX252400102	4065629100101	220	100	Song	NL	0	2.2120560000
2025-04-04	2025-02	Tidal	The Linden Hours	Northern Wire	DEX252400102	4065629100101	175	100	Song	SE	0	1.7887450000
2025-04-04	2025-02	Tidal	The Linden Hours	Northern Wire	DEX252400102	4065629100101	435	100	Song	US	0	4.4548350000
2025-04-04	2025-02	Tidal	The Linden Hours	Low Orbit	DEX252400103	4065629100101	190	100	Song	AT	0	1.7856580000
2025-04-04	2025-02	Tidal	The Linden Hours	Low Orbit	DEX252400103	4065629100101	750	100	Song	DE	0	6.9751500000
2025-04-04	2025-02	Tidal	The Linden Hours	Low Orbit	DEX252400103	4065629100101	220	100	Song	GB	0	2.1969640000
2025-04-04	2025-02	Tidal	The Linden Hours	Low Orbit	DEX252400103	4065629100101	160	100	Song	NL	0	1.4927360000
2025-04-04	2025-02	Tidal	The Linden Hours	Low Orbit	DEX252400103	4065629100101	130	100	Song	SE	0	1.2752740000
2025-04-04	2025-02	Tidal	The Linden Hours	Low Orbit	DEX252400103	4065629100101	330	100	Song	US	0	3.3924660000
2025-04-04	2025-02	Tidal	The Linden Hours	Pale Hours	DEX252400104	4065629100101	125	100	Song	AT	0	1.1294500000
2025-04-04	2025-02	Tidal	The Linden Hours	Pale Hours	DEX252400104	4065629100101	465	100	Song	DE	0	4.7028240000
2025-04-04	2025-02	Tidal	The Linden Hours	Pale Hours	DEX252400104	4065629100101	150	100	Song	GB	0	1.5243900000
2025-04-04	2025-02	Tidal	The Linden Hours	Pale Hours	DEX252400104	4065629100101	115	100	Song	NL	0	1.1146030000
2025-04-04	2025-02	Tidal	The Linden Hours	Pale Hours	DEX252400104	4065629100101	80	100	Song	SE	0	0.8106560000
2025-04-04	2025-02	Tidal	The Linden Hours	Pale Hours	DEX252400104	4065629100101	245	100	Song	US	0	2.4610250000
2025-04-04	2025-02	YouTube Music	The Linden Hours	Glass Coast	DEX252400101	4065629100101	635	100	Song	AT	0	1.4268450000
2025-04-04	2025-02	YouTube Music	The Linden Hours	Glass Coast	DEX252400101	4065629100101	2540	100	Song	DE	0	5.7500520000
2025-04-04	2025-02	YouTube Music	The Linden Hours	Glass Coast	DEX252400101	4065629100101	995	100	Song	GB	0	2.1960645000
2025-04-04	2025-02	YouTube Music	The Linden Hours	Glass Coast	DEX252400101	4065629100101	580	100	Song	NL	0	1.2155640000
2025-04-04	2025-02	YouTube Music	The Linden Hours	Glass Coast	DEX252400101	4065629100101	475	100	Song	SE	0	1.0334100000
2025-04-04	2025-02	YouTube Music	The Linden Hours	Glass Coast	DEX252400101	4065629100101	1380	100	Song	US	0	2.7849780000
2025-04-04	2025-02	YouTube Music	The Linden Hours	Northern Wire	DEX252400102	4065629100101	425	100	Song	AT	0	0.8648325000
2025-04-04	2025-02	YouTube Music	The Linden Hours	Northern Wire	DEX252400102	4065629100101	1690	100	Song	DE	0	3.7974300000
2025-04-04	2025-02	YouTube Music	The Linden Hours	Northern Wire	DEX252400102	4065629100101	620	100	Song	GB	0	1.3475700000
2025-04-04	2025-02	YouTube Music	The Linden Hours	Northern Wire	DEX252400102	4065629100101	390	100	Song	NL	0	0.8599500000
2025-04-04	2025-02	YouTube Music	The Linden Hours	Northern Wire	DEX252400102	4065629100101	255	100	Song	SE	0	0.5440680000
2025-04-04	2025-02	YouTube Music	The Linden Hours	Northern Wire	DEX252400102	4065629100101	965	100	Song	US	0	1.8684330000
2025-04-04	2025-02	YouTube Music	The Linden Hours	Low Orbit	DEX252400103	4065629100101	265	100	Song	AT	0	0.5631780000
2025-04-04	2025-02	YouTube Music	The Linden Hours	Low Orbit	DEX252400103	4065629100101	1290	100	Song	DE	0	2.5518780000
2025-04-04	2025-02	YouTube Music	The Linden Hours	Low Orbit	DEX252400103	4065629100101	485	100	Song	GB	0	0.9492420000
2025-04-04	2025-02	YouTube Music	The Linden Hours	Low Orbit	DEX252400103	4065629100101	230	100	Song	NL	0	0.4694760000
2025-04-04	2025-02	YouTube Music	The Linden Hours	Low Orbit	DEX252400103	4065629100101	235	100	Song	SE	0	0.5280450000
2025-04-04	2025-02	YouTube Music	The Linden Hours	Low Orbit	DEX252400103	4065629100101	595	100	Song	US	0	1.2257595000
2025-04-04	2025-02	YouTube Music	The Linden Hours	Pale Hours	DEX252400104	4065629100101	230	100	Song	AT	0	0.4810680000
2025-04-04	2025-02	YouTube Music	The Linden Hours	Pale Hours	DEX252400104	4065629100101	910	100	Song	DE	0	2.0256600000
2025-04-04	2025-02	YouTube Music	The Linden Hours	Pale Hours	DEX252400104	4065629100101	315	100	Song	GB	0	0.7084665000
2025-04-04	2025-02	YouTube Music	The Linden Hours	Pale Hours	DEX252400104	4065629100101	195	100	Song	NL	0	0.4291560000
2025-04-04	2025-02	YouTube Music	The Linden Hours	Pale Hours	DEX252400104	4065629100101	145	100	Song	SE	0	0.2856210000
2025-04-04	2025-02	YouTube Music	The Linden Hours	Pale Hours	DEX252400104	4065629100101	455	100	Song	US	0	0.9765210000
2025-05-08	2025-03	Amazon Music	The Linden Hours	Glass Coast	DEX252400101	4065629100101	605	100	Song	AT	0	2.8967400000
2025-05-08	2025-03	Amazon Music	The Linden Hours	Glass Coast	DEX252400101	4065629100101	2155	100	Song	DE	0	9.1641375000
2025-05-08	2025-03	Amazon Music	The Linden Hours	Glass Coast	DEX252400101	4065629100101	655	100	Song	GB	0	2.7883350000
2025-05-08	2025-03	Amazon Music	The Linden Hours	Glass Coast	DEX252400101	4065629100101	515	100	Song	NL	0	2.5005825000
2025-05-08	2025-03	Amazon Music	The Linden Hours	Glass Coast	DEX252400101	4065629100101	425	100	Song	SE	0	1.8723375000
2025-05-08	2025-03	Amazon Music	The Linden Hours	Glass Coast	DEX252400101	4065629100101	1095	100	Song	US	0	5.2330050000
2025-05-08	2025-03	Amazon Music	The Linden Hours	Northern Wire	DEX252400102	4065629100101	355	100	Song	AT	0	1.5623550000
2025-05-08	2025-03	Amazon Music	The Linden Hours	Northern Wire	DEX252400102	4065629100101	1535	100	Song	DE	0	6.4930500000
2025-05-08	2025-03	Amazon Music	The Linden Hours	Northern Wire	DEX252400102	4065629100101	450	100	Song	GB	0	2.1708000000
2025-05-08	2025-03	Amazon Music	The Linden Hours	Northern Wire	DEX252400102	4065629100101	310	100	Song	NL	0	1.3196700000
2025-05-08	2025-03	Amazon Music	The Linden Hours	Northern Wire	DEX252400102	4065629100101	270	100	Song	SE	0	1.1700450000
2025-05-08	2025-03	Amazon Music	The Linden Hours	Northern Wire	DEX252400102	4065629100101	775	100	Song	US	0	3.7211625000
2025-05-08	2025-03	Amazon Music	The Linden Hours	Low Orbit	DEX252400103	4065629100101	270	100	Song	AT	0	1.1724750000
2025-05-08	2025-03	Amazon Music	The Linden Hours	Low Orbit	DEX252400103	4065629100101	885	100	Song	DE	0	3.7196550000
2025-05-08	2025-03	Amazon Music	The Linden Hours	Low Orbit	DEX252400103	4065629100101	365	100	Song	GB	0	1.7065575000
2025-05-08	2025-03	Amazon Music	The Linden Hours	Low Orbit	DEX252400103	4065629100101	290	100	Song	NL	0	1.3519800000
2025-05-08	2025-03	Amazon Music	The Linden Hours	Low Orbit	DEX252400103	4065629100101	200	100	Song	SE	0	0.9153000000
2025-05-08	2025-03	Amazon Music	The Linden Hours	Low Orbit	DEX252400103	4065629100101	435	100	Song	US	0	1.9907775000
2025-05-08	2025-03	Amazon Music	The Linden Hours	Pale Hours	DEX252400104	4065629100101	200	100	Song	AT	0	0.8532000000
2025-05-08	2025-03	Amazon Music	The Linden Hours	Pale Hours	DEX252400104	4065629100101	650	100	Song	DE	0	3.1034250000
2025-05-08	2025-03	Amazon Music	The Linden Hours	Pale Hours	DEX252400104	4065629100101	270	100	Song	GB	0	1.2757500000
2025-05-08	2025-03	Amazon Music	The Linden Hours	Pale Hours	DEX252400104	4065629100101	170	100	Song	NL	0	0.8193150000
2025-05-08	2025-03	Amazon Music	The Linden Hours	Pale Hours	DEX252400104	4065629100101	105	100	Song	SE	0	0.4611600000
2025-05-08	2025-03	Amazon Music	The Linden Hours	Pale Hours	DEX252400104	4065629100101	330	100	Song	US	0	1.4508450000
2025-05-08	2025-02	Apple Music	The Linden Hours	Glass Coast	DEX252400101	4065629100101	1170	100	Song	AT	0	8.2571580000
2025-05-08	2025-02	Apple Music	The Linden Hours	Glass Coast	DEX252400101	4065629100101	3780	100	Song	DE	0	25.0130160000
2025-05-08	2025-02	Apple Music	The Linden Hours	Glass Coast	DEX252400101	4065629100101	1430	100	Song	GB	0	9.8281040000
2025-05-08	2025-02	Apple Music	The Linden Hours	Glass Coast	DEX252400101	4065629100101	900	100	Song	NL	0	5.8851900000
2025-05-08	2025-02	Apple Music	The Linden Hours	Glass Coast	DEX252400101	4065629100101	640	100	Song	SE	0	4.7757440000
2025-05-08	2025-02	Apple Music	The Linden Hours	Glass Coast	DEX252400101	4065629100101	1595	100	Song	US	0	12.1285395000
2025-05-08	2025-02	Apple Music	The Linden Hours	Northern Wire	DEX252400102	4065629100101	705	100	Song	AT	0	5.0605605000
2025-05-08	2025-02	Apple Music	The Linden Hours	Northern Wire	DEX252400102	4065629100101	2700	100	Song	DE	0	19.2275100000
2025-05-08	2025-02	Apple Music	The Linden Hours	Northern Wire	DEX252400102	4065629100101	855	100	Song	GB	0	6.0037245000
2025-05-08	2025-02	Apple Music	The Linden Hours	Northern Wire	DEX252400102	4065629100101	620	100	Song	NL	0	4.3887940000
2025-05-08	2025-02	Apple Music	The Linden Hours	Northern Wire	DEX252400102	4065629100101	435	100	Song	SE	0	3.1626240000
2025-05-08	2025-02	Apple Music	The Linden Hours	Northern Wire	DEX252400102	4065629100101	1170	100	Song	US	0	7.7836590000
2025-05-08	2025-02	Apple Music	The Linden Hours	Low Orbit	DEX252400103	4065629100101	505	100	Song	AT	0	3.7755315000
2025-05-08	2025-02	Apple Music	The Linden Hours	Low Orbit	DEX252400103	4065629100101	1890	100	Song	DE	0	13.2579720000
2025-05-08	2025-02	Apple Music	The Linden Hours	Low Orbit	DEX252400103	4065629100101	775	100	Song	GB	0	5.5300125000
2025-05-08	2025-02	Apple Music	The Linden Hours	Low Orbit	DEX252400103	4065629100101	400	100	Song	NL	0	2.6923200000
2025-05-08	2025-02	Apple Music	The Linden Hours	Low Orbit	DEX252400103	4065629100101	320	100	Song	SE	0	2.1402240000
2025-05-08	2025-02	Apple Music	The Linden Hours	Low Orbit	DEX252400103	4065629100101	1115	100	Song	US	0	7.9323330000
2025-05-08	2025-02	Apple Music	The Linden Hours	Pale Hours	DEX252400104	4065629100101	325	100	Song	AT	0	2.4597950000
2025-05-08	2025-02	Apple Music	The Linden Hours	Pale Hours	DEX252400104	4065629100101	1385	100	Song	DE	0	10.4530105000
2025-05-08	2025-02	Apple Music	The Linden Hours	Pale Hours	DEX252400104	4065629100101	500	100	Song	GB	0	3.6174500000
2025-05-08	2025-02	Apple Music	The Linden Hours	Pale Hours	DEX252400104	4065629100101	310	100	Song	NL	0	2.1547790000
2025-05-08	2025-02	Apple Music	The Linden Hours	Pale Hours	DEX252400104	4065629100101	220	100	Song	SE	0	1.5057680000
2025-05-08	2025-02	Apple Music	The Linden Hours	Pale Hours	DEX252400104	4065629100101	630	100	Song	US	0	4.4237970000
2025-05-08	2025-03	Deezer	The Linden Hours	Glass Coast	DEX252400101	4065629100101	420	100	Song	AT	0	1.5498000000
2025-05-08	2025-03	Deezer	The Linden Hours	Glass Coast	DEX252400101	4065629100101	1720	100	Song	DE	0	6.6811680000
2025-05-08	2025-03	Deezer	The Linden Hours	Glass Coast	DEX252400101	4065629100101	630	100	Song	GB	0	2.3360400000
2025-05-08	2025-03	Deezer	The Linden Hours	Glass Coast	DEX252400101	4065629100101	400	100	Song	NL	0	1.5465600000
2025-05-08	2025-03	Deezer	The Linden Hours	Glass Coast	DEX252400101	4065629100101	290	100	Song	SE	0	0.9813600000
2025-05-08	2025-03	Deezer	The Linden Hours	Glass Coast	DEX252400101	4065629100101	865	100	Song	US	0	3.3506640000
2025-05-08	2025-03	Deezer	The Linden Hours	Northern Wire	DEX252400102	4065629100101	280	100	Song	AT	0	1.0049760000
2025-05-08	2025-03	Deezer	The Linden Hours	Northern Wire	DEX252400102	4065629100101	1135	100	Song	DE	0	4.1840640000
2025-05-08	2025-03	Deezer	The Linden Hours	Northern Wire	DEX252400102	4065629100101	385	100	Song	GB	0	1.3056120000
2025-05-08	2025-03	Deezer	The Linden Hours	Northern Wire	DEX252400102	4065629100101	195	100	Song	NL	0	0.6626880000
2025-05-08	2025-03	Deezer	The Linden Hours	Northern Wire	DEX252400102	4065629100101	195	100	Song	SE	0	0.7504380000
2025-05-08	2025-03	Deezer	The Linden Hours	Northern Wire	DEX252400102	4065629100101	640	100	Song	US	0	2.2717440000
2025-05-08	2025-03	Deezer	The Linden Hours	Low Orbit	DEX252400103	4065629100101	170	100	Song	AT	0	0.5899680000
2025-05-08	2025-03	Deezer	The Linden Hours	Low Orbit	DEX252400103	4065629100101	755	100	Song	DE	0	2.6717940000
2025-05-08	2025-03	Deezer	The Linden Hours	Low Orbit	DEX252400103	4065629100101	280	100	Song	GB	0	1.0160640000
2025-05-08	2025-03	Deezer	The Linden Hours	Low Orbit	DEX252400103	4065629100101	170	100	Song	NL	0	0.5691600000
2025-05-08	2025-03	Deezer	The Linden Hours	Low Orbit	DEX252400103	4065629100101	140	100	Song	SE	0	0.4974480000
2025-05-08	2025-03	Deezer	The Linden Hours	Low Orbit	DEX252400103	4065629100101	525	100	Song	US	0	1.8654300000
2025-05-08	2025-03	Deezer	The Linden Hours	Pale Hours	DEX252400104	4065629100101	135	100	Song	AT	0	0.5127300000
2025-05-08	2025-03	Deezer	The Linden Hours	Pale Hours	DEX252400104	4065629100101	530	100	Song	DE	0	1.8946440000
2025-05-08	2025-03	Deezer	The Linden Hours	Pale Hours	DEX252400104	4065629100101	195	100	Song	GB	0	0.6556680000
2025-05-08	2025-03	Deezer	The Linden Hours	Pale Hours	DEX252400104	4065629100101	135	100	Song	NL	0	0.4996080000
2025-05-08	2025-03	Deezer	The Linden Hours	Pale Hours	DEX252400104	4065629100101	95	100	Song	SE	0	0.3430260000
2025-05-08	2025-03	Deezer	The Linden Hours	Pale Hours	DEX252400104	4065629100101	260	100	Song	US	0	0.9912240000
2025-05-08	2025-03	Spotify	The Linden Hours	Glass Coast	DEX252400101	4065629100101	3525	100	Song	AT	0	10.6821600000
2025-05-08	2025-03	Spotify	The Linden Hours	Glass Coast	DEX252400101	4065629100101	18880	100	Song	DE	0	57.0327040000
2025-05-08	2025-03	Spotify	The Linden Hours	Glass Coast	DEX252400101	4065629100101	4390	100	Song	GB	0	14.1041920000
2025-05-08	2025-03	Spotify	The Linden Hours	Glass Coast	DEX252400101	4065629100101	3795	100	Song	NL	0	12.8726400000
2025-05-08	2025-03	Spotify	The Linden Hours	Glass Coast	DEX252400101	4065629100101	2445	100	Song	SE	0	7.8318240000
2025-05-08	2025-03	Spotify	The Linden Hours	Glass Coast	DEX252400101	4065629100101	8290	100	Song	US	0	25.8913280000
2025-05-08	2025-03	Spotify	The Linden Hours	Northern Wire	DEX252400102	4065629100101	3105	100	Song	AT	0	9.3398400000
2025-05-08	2025-03	Spotify	The Linden Hours	Northern Wire	DEX252400102	4065629100101	9445	100	Song	DE	0	31.2818400000
2025-05-08	2025-03	Spotify	The Linden Hours	Northern Wire	DEX252400102	4065629100101	4330	100	Song	GB	0	14.0499840000
2025-05-08	2025-03	Spotify	The Linden Hours	Northern Wire	DEX252400102	4065629100101	2385	100	Song	NL	0	7.0748640000
2025-05-08	2025-03	Spotify	The Linden Hours	Northern Wire	DEX252400102	4065629100101	1795	100	Song	SE	0	5.3993600000
2025-05-08	2025-03	Spotify	The Linden Hours	Northern Wire	DEX252400102	4065629100101	4605	100	Song	US	0	14.8391520000
2025-05-08	2025-03	Spotify	The Linden Hours	Low Orbit	DEX252400103	4065629100101	1850	100	Song	AT	0	5.7246400000
2025-05-08	2025-03	Spotify	The Linden Hours	Low Orbit	DEX252400103	4065629100101	8290	100	Song	DE	0	26.2627200000
2025-05-08	2025-03	Spotify	The Linden Hours	Low Orbit	DEX252400103	4065629100101	3205	100	Song	GB	0	10.9739200000
2025-05-08	2025-03	Spotify	The Linden Hours	Low Orbit	DEX252400103	4065629100101	1760	100	Song	NL	0	5.9811840000
2025-05-08	2025-03	Spotify	The Linden Hours	Low Orbit	DEX252400103	4065629100101	1275	100	Song	SE	0	4.3329600000
2025-05-08	2025-03	Spotify	The Linden Hours	Low Orbit	DEX252400103	4065629100101	3815	100	Song	US	0	12.5620320000
2025-05-08	2025-03	Spotify	The Linden Hours	Pale Hours	DEX252400104	4065629100101	1530	100	Song	AT	0	5.2240320000
2025-05-08	2025-03	Spotify	The Linden Hours	Pale Hours	DEX252400104	4065629100101	5185	100	Song	DE	0	15.9615040000
2025-05-08	2025-03	Spotify	The Linden Hours	Pale Hours	DEX252400104	4065629100101	1800	100	Song	GB	0	6.1804800000
2025-05-08	2025-03	Spotify	The Linden Hours	Pale Hours	DEX252400104	4065629100101	1285	100	Song	NL	0	3.9146240000
2025-05-08	2025-03	Spotify	The Linden Hours	Pale Hours	DEX252400104	4065629100101	980	100	Song	SE	0	3.2175360000
2025-05-08	2025-03	Spotify	The Linden Hours	Pale Hours	DEX252400104	4065629100101	2995	100	Song	US	0	9.4785760000
2025-05-08	2025-03	Tidal	The Linden Hours	Glass Coast	DEX252400101	4065629100101	305	100	Song	AT	0	3.2251310000
2025-05-08	2025-03	Tidal	The Linden Hours	Glass Coast	DEX252400101	4065629100101	1345	100	Song	DE	0	13.7477830000
2025-05-08	2025-03	Tidal	The Linden Hours	Glass Coast	DEX252400101	4065629100101	525	100	Song	GB	0	4.8157200000
2025-05-08	2025-03	Tidal	The Linden Hours	Glass Coast	DEX252400101	4065629100101	325	100	Song	NL	0	3.3952100000
2025-05-08	2025-03	Tidal	The Linden Hours	Glass Coast	DEX252400101	4065629100101	230	100	Song	SE	0	2.3283820000
2025-05-08	2025-03	Tidal	The Linden Hours	Glass Coast	DEX252400101	4065629100101	630	100	Song	US	0	5.7294720000
2025-05-08	2025-03	Tidal	The Linden Hours	Northern Wire	DEX252400102	4065629100101	265	100	Song	AT	0	2.5138960000
2025-05-08	2025-03	Tidal	The Linden Hours	Northern Wire	DEX252400102	4065629100101	995	100	Song	DE	0	9.4779720000
2025-05-08	2025-03	Tidal	The Linden Hours	Northern Wire	DEX252400102	4065629100101	345	100	Song	GB	0	3.3911430000
2025-05-08	2025-03	Tidal	The Linden Hours	Northern Wire	DEX252400102	4065629100101	210	100	Song	NL	0	2.1238560000
2025-05-08	2025-03	Tidal	The Linden Hours	Northern Wire	DEX252400102	4065629100101	160	100	Song	SE	0	1.6448320000
2025-05-08	2025-03	Tidal	The Linden Hours	Northern Wire	DEX252400102	4065629100101	400	100	Song	US	0	3.7318400000
2025-05-08	2025-03	Tidal	The Linden Hours	Low Orbit	DEX252400103	4065629100101	185	100	Song	AT	0	1.8057480000
2025-05-08	2025-03	Tidal	The Linden Hours	Low Orbit	DEX252400103	4065629100101	720	100	Song	DE	0	7.0277760000
2025-05-08	2025-03	Tidal	The Linden Hours	Low Orbit	DEX252400103	4065629100101	230	100	Song	GB	0	2.3126040000
2025-05-08	2025-03	Tidal	The Linden Hours	Low Orbit	DEX252400103	4065629100101	160	100	Song	NL	0	1.5758400000
2025-05-08	2025-03	Tidal	The Linden Hours	Low Orbit	DEX252400103	4065629100101	115	100	Song	SE	0	1.0447290000
2025-05-08	2025-03	Tidal	The Linden Hours	Low Orbit	DEX252400103	4065629100101	370	100	Song	US	0	3.8979500000
2025-05-08	2025-03	Tidal	The Linden Hours	Pale Hours	DEX252400104	4065629100101	120	100	Song	AT	0	1.2218640000
2025-05-08	2025-03	Tidal	The Linden Hours	Pale Hours	DEX252400104	4065629100101	485	100	Song	DE	0	4.4678200000
2025-05-08	2025-03	Tidal	The Linden Hours	Pale Hours	DEX252400104	4065629100101	145	100	Song	GB	0	1.4551040000
2025-05-08	2025-03	Tidal	The Linden Hours	Pale Hours	DEX252400104	4065629100101	90	100	Song	NL	0	0.8775900000
2025-05-08	2025-03	Tidal	The Linden Hours	Pale Hours	DEX252400104	4065629100101	75	100	Song	SE	0	0.7599900000
2025-05-08	2025-03	Tidal	The Linden Hours	Pale Hours	DEX252400104	4065629100101	275	100	Song	US	0	2.7165600000
2025-05-08	2025-03	YouTube Music	The Linden Hours	Glass Coast	DEX252400101	4065629100101	620	100	Song	AT	0	1.3449660000
2025-05-08	2025-03	YouTube Music	The Linden Hours	Glass Coast	DEX252400101	4065629100101	2455	100	Song	DE	0	4.9647465000
2025-05-08	2025-03	YouTube Music	The Linden Hours	Glass Coast	DEX252400101	4065629100101	915	100	Song	GB	0	1.7908380000
2025-05-08	2025-03	YouTube Music	The Linden Hours	Glass Coast	DEX252400101	4065629100101	510	100	Song	NL	0	1.0967040000
2025-05-08	2025-03	YouTube Music	The Linden Hours	Glass Coast	DEX252400101	4065629100101	440	100	Song	SE	0	0.8851920000
2025-05-08	2025-03	YouTube Music	The Linden Hours	Glass Coast	DEX252400101	4065629100101	1410	100	Song	US	0	3.0824010000
2025-05-08	2025-03	YouTube Music	The Linden Hours	Northern Wire	DEX252400102	4065629100101	415	100	Song	AT	0	0.8287965000
2025-05-08	2025-03	YouTube Music	The Linden Hours	Northern Wire	DEX252400102	4065629100101	1640	100	Song	DE	0	3.3888960000
2025-05-08	2025-03	YouTube Music	The Linden Hours	Northern Wire	DEX252400102	4065629100101	545	100	Song	GB	0	1.0655295000
2025-05-08	2025-03	YouTube Music	The Linden Hours	Northern Wire	DEX252400102	4065629100101	350	100	Song	NL	0	0.7232400000
2025-05-08	2025-03	YouTube Music	The Linden Hours	Northern Wire	DEX252400102	4065629100101	290	100	Song	SE	0	0.6351870000
2025-05-08	2025-03	YouTube Music	The Linden Hours	Northern Wire	DEX252400102	4065629100101	755	100	Song	US	0	1.5775725000
2025-05-08	2025-03	YouTube Music	The Linden Hours	Low Orbit	DEX252400103	4065629100101	305	100	Song	AT	0	0.6814920000
2025-05-08	2025-03	YouTube Music	The Linden Hours	Low Orbit	DEX252400103	4065629100101	1275	100	Song	DE	0	2.5088175000
2025-05-08	2025-03	YouTube Music	The Linden Hours	Low Orbit	DEX252400103	4065629100101	490	100	Song	GB	0	1.1102910000
2025-05-08	2025-03	YouTube Music	The Linden Hours	Low Orbit	DEX252400103	4065629100101	270	100	Song	NL	0	0.5505570000
2025-05-08	2025-03	YouTube Music	The Linden Hours	Low Orbit	DEX252400103	4065629100101	215	100	Song	SE	0	0.4560150000
2025-05-08	2025-03	YouTube Music	The Linden Hours	Low Orbit	DEX252400103	4065629100101	600	100	Song	US	0	1.2612600000
2025-05-08	2025-03	YouTube Music	The Linden Hours	Pale Hours	DEX252400104	4065629100101	185	100	Song	AT	0	0.3912195000
2025-05-08	2025-03	YouTube Music	The Linden Hours	Pale Hours	DEX252400104	4065629100101	885	100	Song	DE	0	1.8993870000
2025-05-08	2025-03	YouTube Music	The Linden Hours	Pale Hours	DEX252400104	4065629100101	290	100	Song	GB	0	0.6467580000
2025-05-08	2025-03	YouTube Music	The Linden Hours	Pale Hours	DEX252400104	4065629100101	185	100	Song	NL	0	0.4156950000
2025-05-08	2025-03	YouTube Music	The Linden Hours	Pale Hours	DEX252400104	4065629100101	135	100	Song	SE	0	0.3036285000
2025-05-08	2025-03	YouTube Music	The Linden Hours	Pale Hours	DEX252400104	4065629100101	420	100	Song	US	0	0.8229060000
2025-06-07	2025-04	Amazon Music	The Linden Hours	Glass Coast	DEX252400101	4065629100101	550	100	Song	AT	0	2.6160750000
2025-06-07	2025-04	Amazon Music	The Linden Hours	Glass Coast	DEX252400101	4065629100101	1865	100	Song	DE	0	8.0316225000
2025-06-07	2025-04	Amazon Music	The Linden Hours	Glass Coast	DEX252400101	4065629100101	740	100	Song	GB	0	3.1635000000
2025-06-07	2025-04	Amazon Music	The Linden Hours	Glass Coast	DEX252400101	4065629100101	475	100	Song	NL	0	2.2123125000
2025-06-07	2025-04	Amazon Music	The Linden Hours	Glass Coast	DEX252400101	4065629100101	390	100	Song	SE	0	1.6479450000
2025-06-07	2025-04	Amazon Music	The Linden Hours	Glass Coast	DEX252400101	4065629100101	1070	100	Song	US	0	4.7668500000
2025-06-07	2025-04	Amazon Music	The Linden Hours	Northern Wire	DEX252400102	4065629100101	380	100	Song	AT	0	1.6604100000
2025-06-07	2025-04	Amazon Music	The Linden Hours	Northern Wire	DEX252400102	4065629100101	1420	100	Song	DE	0	6.2877600000
2025-06-07	2025-04	Amazon Music	The Linden Hours	Northern Wire	DEX252400102	4065629100101	450	100	Song	GB	0	1.9095750000
2025-06-07	2025-04	Amazon Music	The Linden Hours	Northern Wire	DEX252400102	4065629100101	295	100	Song	NL	0	1.4098050000
2025-06-07	2025-04	Amazon Music	The Linden Hours	Northern Wire	DEX252400102	4065629100101	295	100	Song	SE	0	1.3673250000
2025-06-07	2025-04	Amazon Music	The Linden Hours	Northern Wire	DEX252400102	4065629100101	855	100	Song	US	0	3.7551600000
2025-06-07	2025-04	Amazon Music	The Linden Hours	Low Orbit	DEX252400103	4065629100101	285	100	Song	AT	0	1.3299525000
2025-06-07	2025-04	Amazon Music	The Linden Hours	Low Orbit	DEX252400103	4065629100101	1060	100	Song	DE	0	4.4933400000
2025-06-07	2025-04	Amazon Music	The Linden Hours	Low Orbit	DEX252400103	4065629100101	355	100	Song	GB	0	1.5751350000
2025-06-07	2025-04	Amazon Music	The Linden Hours	Low Orbit	DEX252400103	4065629100101	250	100	Song	NL	0	1.1801250000
2025-06-07	2025-04	Amazon Music	The Linden Hours	Low Orbit	DEX252400103	4065629100101	200	100	Song	SE	0	0.8523000000
2025-06-07	2025-04	Amazon Music	The Linden Hours	Low Orbit	DEX252400103	4065629100101	530	100	Song	US	0	2.2896000000
2025-06-07	2025-04	Amazon Music	The Linden Hours	Pale Hours	DEX252400104	4065629100101	145	100	Song	AT	0	0.6309675000
2025-06-07	2025-04	Amazon Music	The Linden Hours	Pale Hours	DEX252400104	4065629100101	625	100	Song	DE	0	2.8575000000
2025-06-07	2025-04	Amazon Music	The Linden Hours	Pale Hours	DEX252400104	4065629100101	225	100	Song	GB	0	0.9932625000
2025-06-07	2025-04	Amazon Music	The Linden Hours	Pale Hours	DEX252400104	4065629100101	155	100	Song	NL	0	0.6814575000
2025-06-07	2025-04	Amazon Music	The Linden Hours	Pale Hours	DEX252400104	4065629100101	130	100	Song	SE	0	0.6171750000
2025-06-07	2025-04	Amazon Music	The Linden Hours	Pale Hours	DEX252400104	4065629100101	365	100	Song	US	0	1.6457850000
2025-06-07	2025-03	Apple Music	The Linden Hours	Glass Coast	DEX252400101	4065629100101	800	100	Song	AT	0	5.9980800000
2025-06-07	2025-03	Apple Music	The Linden Hours	Glass Coast	DEX252400101	4065629100101	3580	100	Song	DE	0	24.8333860000
2025-06-07	2025-03	Apple Music	The Linden Hours	Glass Coast	DEX252400101	4065629100101	1135	100	Song	GB	0	8.0746170000
2025-06-07	2025-03	Apple Music	The Linden Hours	Glass Coast	DEX252400101	4065629100101	850	100	Song	NL	0	5.6427250000
2025-06-07	2025-03	Apple Music	The Linden Hours	Glass Coast	DEX252400101	4065629100101	710	100	Song	SE	0	4.9452210000
2025-06-07	2025-03	Apple Music	The Linden Hours	Glass Coast	DEX252400101	4065629100101	1800	100	Song	US	0	13.7129400000
2025-06-07	2025-03	Apple Music	The Linden Hours	Northern Wire	DEX252400102	4065629100101	640	100	Song	AT	0	4.7802880000
2025-06-07	2025-03	Apple Music	The Linden Hours	Northern Wire	DEX252400102	4065629100101	2145	100	Song	DE	0	16.4021715000
2025-06-07	2025-03	Apple Music	The Linden Hours	Northern Wire	DEX252400102	4065629100101	820	100	Song	GB	0	5.7521360000
2025-06-07	2025-03	Apple Music	The Linden Hours	Northern Wire	DEX252400102	4065629100101	605	100	Song	NL	0	4.3642280000
2025-06-07	2025-03	Apple Music	The Linden Hours	Northern Wire	DEX252400102	4065629100101	420	100	Song	SE	0	2.9283240000
2025-06-07	2025-03	Apple Music	The Linden Hours	Northern Wire	DEX252400102	4065629100101	1340	100	Song	US	0	9.8374760000
2025-06-07	2025-03	Apple Music	The Linden Hours	Low Orbit	DEX252400103	4065629100101	455	100	Song	AT	0	3.2886490000
2025-06-07	2025-03	Apple Music	The Linden Hours	Low Orbit	DEX252400103	4065629100101	1870	100	Song	DE	0	13.4363240000
2025-06-07	2025-03	Apple Music	The Linden Hours	Low Orbit	DEX252400103	4065629100101	685	100	Song	GB	0	4.7516395000
2025-06-07	2025-03	Apple Music	The Linden Hours	Low Orbit	DEX252400103	4065629100101	365	100	Song	NL	0	2.5811340000
2025-06-07	2025-03	Apple Music	The Linden Hours	Low Orbit	DEX252400103	4065629100101	355	100	Song	SE	0	2.5356230000
2025-06-07	2025-03	Apple Music	The Linden Hours	Low Orbit	DEX252400103	4065629100101	925	100	Song	US	0	6.5740675000
2025-06-07	2025-03	Apple Music	The Linden Hours	Pale Hours	DEX252400104	4065629100101	325	100	Song	AT	0	2.1575125000
2025-06-07	2025-03	Apple Music	The Linden Hours	Pale Hours	DEX252400104	4065629100101	1230	100	Song	DE	0	8.8377960000
2025-06-07	2025-03	Apple Music	The Linden Hours	Pale Hours	DEX252400104	4065629100101	385	100	Song	GB	0	2.8537740000
2025-06-07	2025-03	Apple Music	The Linden Hours	Pale Hours	DEX252400104	4065629100101	260	100	Song	NL	0	1.9789120000
2025-06-07	2025-03	Apple Music	The Linden Hours	Pale Hours	DEX252400104	4065629100101	235	100	Song	SE	0	1.6251190000
2025-06-07	2025-03	Apple Music	The Linden Hours	Pale Hours	DEX252400104	4065629100101	685	100	Song	US	0	4.5279185000
2025-06-07	2025-04	Deezer	The Linden Hours	Glass Coast	DEX252400101	4065629100101	405	100	Song	AT	0	1.4900760000
2025-06-07	2025-04	Deezer	The Linden Hours	Glass Coast	DEX252400101	4065629100101	1490	100	Song	DE	0	5.4820080000
2025-06-07	2025-04	Deezer	The Linden Hours	Glass Coast	DEX252400101	4065629100101	535	100	Song	GB	0	2.0338560000
2025-06-07	2025-04	Deezer	The Linden Hours	Glass Coast	DEX252400101	4065629100101	290	100	Song	NL	0	1.0116360000
2025-06-07	2025-04	Deezer	The Linden Hours	Glass Coast	DEX252400101	4065629100101	285	100	Song	SE	0	0.9952200000
2025-06-07	2025-04	Deezer	The Linden Hours	Glass Coast	DEX252400101	4065629100101	660	100	Song	US	0	2.2025520000
2025-06-07	2025-04	Deezer	The Linden Hours	Northern Wire	DEX252400102	4065629100101	280	100	Song	AT	0	0.9313920000
2025-06-07	2025-04	Deezer	The Linden Hours	Northern Wire	DEX252400102	4065629100101	1020	100	Song	DE	0	3.9106800000
2025-06-07	2025-04	Deezer	The Linden Hours	Northern Wire	DEX252400102	4065629100101	405	100	Song	GB	0	1.4550840000
2025-06-07	2025-04	Deezer	The Linden Hours	Northern Wire	DEX252400102	4065629100101	215	100	Song	NL	0	0.8181180000
2025-06-07	2025-04	Deezer	The Linden Hours	Northern Wire	DEX252400102	4065629100101	190	100	Song	SE	0	0.6368040000
2025-06-07	2025-04	Deezer	The Linden Hours	Northern Wire	DEX252400102	4065629100101	555	100	Song	US	0	1.9900080000
2025-06-07	2025-04	Deezer	The Linden Hours	Low Orbit	DEX252400103	4065629100101	160	100	Song	AT	0	0.5921280000
2025-06-07	2025-04	Deezer	The Linden Hours	Low Orbit	DEX252400103	4065629100101	725	100	Song	DE	0	2.7300600000
2025-06-07	2025-04	Deezer	The Linden Hours	Low Orbit	DEX252400103	4065629100101	310	100	Song	GB	0	1.0836360000
2025-06-07	2025-04	Deezer	The Linden Hours	Low Orbit	DEX252400103	4065629100101	195	100	Song	NL	0	0.7027020000
2025-06-07	2025-04	Deezer	The Linden Hours	Low Orbit	DEX252400103	4065629100101	130	100	Song	SE	0	0.4712760000
2025-06-07	2025-04	Deezer	The Linden Hours	Low Orbit	DEX252400103	4065629100101	460	100	Song	US	0	1.5582960000
2025-06-07	2025-04	Deezer	The Linden Hours	Pale Hours	DEX252400104	4065629100101	115	100	Song	AT	0	0.4355280000
2025-06-07	2025-04	Deezer	The Linden Hours	Pale Hours	DEX252400104	4065629100101	500	100	Song	DE	0	1.7334000000
2025-06-07	2025-04	Deezer	The Linden Hours	Pale Hours	DEX252400104	4065629100101	190	100	Song	GB	0	0.6723720000
2025-06-07	2025-04	Deezer	The Linden Hours	Pale Hours	DEX252400104	4065629100101	105	100	Song	NL	0	0.3934980000
2025-06-07	2025-04	Deezer	The Linden Hours	Pale Hours	DEX252400104	4065629100101	85	100	Song	SE	0	0.3056940000
2025-06-07	2025-04	Deezer	The Linden Hours	Pale Hours	DEX252400104	4065629100101	260	100	Song	US	0	0.9079200000
2025-06-07	2025-04	Spotify	The Linden Hours	Glass Coast	DEX252400101	4065629100101	3960	100	Song	AT	0	13.3562880000
2025-06-07	2025-04	Spotify	The Linden Hours	Glass Coast	DEX252400101	4065629100101	16000	100	Song	DE	0	54.7328000000
2025-06-07	2025-04	Spotify	The Linden Hours	Glass Coast	DEX252400101	4065629100101	5765	100	Song	GB	0	17.3411200000
2025-06-07	2025-04	Spotify	The Linden Hours	Glass Coast	DEX252400101	4065629100101	4320	100	Song	NL	0	14.7087360000
2025-06-07	2025-04	Spotify	The Linden Hours	Glass Coast	DEX252400101	4065629100101	3035	100	Song	SE	0	10.4112640000
2025-06-07	2025-04	Spotify	The Linden Hours	Glass Coast	DEX252400101	4065629100101	6845	100	Song	US	0	22.2544640000
2025-06-07	2025-04	Spotify	The Linden Hours	Northern Wire	DEX252400102	4065629100101	2260	100	Song	AT	0	7.1452160000
2025-06-07	2025-04	Spotify	The Linden Hours	Northern Wire	DEX252400102	4065629100101	10725	100	Song	DE	0	33.9424800000
2025-06-07	2025-04	Spotify	The Linden Hours	Northern Wire	DEX252400102	4065629100101	3070	100	Song	GB	0	10.1285440000
2025-06-07	2025-04	Spotify	The Linden Hours	Northern Wire	DEX252400102	4065629100101	2145	100	Song	NL	0	7.4062560000
2025-06-07	2025-04	Spotify	The Linden Hours	Northern Wire	DEX252400102	4065629100101	1930	100	Song	SE	0	6.5836160000
2025-06-07	2025-04	Spotify	The Linden Hours	Northern Wire	DEX252400102	4065629100101	5105	100	Song	US	0	15.2578240000
2025-06-07	2025-04	Spotify	The Linden Hours	Low Orbit	DEX252400103	4065629100101	1810	100	Song	AT	0	6.1626880000
2025-06-07	2025-04	Spotify	The Linden Hours	Low Orbit	DEX252400103	4065629100101	8770	100	Song	DE	0	28.9901120000
2025-06-07	2025-04	Spotify	The Linden Hours	Low Orbit	DEX252400103	4065629100101	2415	100	Song	GB	0	7.8748320000
2025-06-07	2025-04	Spotify	The Linden Hours	Low Orbit	DEX252400103	4065629100101	1780	100	Song	NL	0	5.5308160000
2025-06-07	2025-04	Spotify	The Linden Hours	Low Orbit	DEX252400103	4065629100101	1505	100	Song	SE	0	4.4403520000
2025-06-07	2025-04	Spotify	The Linden Hours	Low Orbit	DEX252400103	4065629100101	4085	100	Song	US	0	13.0458560000
2025-06-07	2025-04	Spotify	The Linden Hours	Pale Hours	DEX252400104	4065629100101	1165	100	Song	AT	0	3.6310720000
2025-06-07	2025-04	Spotify	The Linden Hours	Pale Hours	DEX252400104	4065629100101	4910	100	Song	DE	0	14.8792640000
2025-06-07	2025-04	Spotify	The Linden Hours	Pale Hours	DEX252400104	4065629100101	1490	100	Song	GB	0	5.0445440000
2025-06-07	2025-04	Spotify	The Linden Hours	Pale Hours	DEX252400104	4065629100101	1110	100	Song	NL	0	3.6194880000
2025-06-07	2025-04	Spotify	The Linden Hours	Pale Hours	DEX252400104	4065629100101	955	100	Song	SE	0	3.1262880000
2025-06-07	2025-04	Spotify	The Linden Hours	Pale Hours	DEX252400104	4065629100101	2405	100	Song	US	0	7.3188960000
2025-06-07	2025-04	Tidal	The Linden Hours	Glass Coast	DEX252400101	4065629100101	370	100	Song	AT	0	3.7492840000
2025-06-07	2025-04	Tidal	The Linden Hours	Glass Coast	DEX252400101	4065629100101	1345	100	Song	DE	0	13.7477830000
2025-06-07	2025-04	Tidal	The Linden Hours	Glass Coast	DEX252400101	4065629100101	575	100	Song	GB	0	5.8209550000
2025-06-07	2025-04	Tidal	The Linden Hours	Glass Coast	DEX252400101	4065629100101	315	100	Song	NL	0	3.1116960000
2025-06-07	2025-04	Tidal	The Linden Hours	Glass Coast	DEX252400101	4065629100101	195	100	Song	SE	0	1.8976230000
2025-06-07	2025-04	Tidal	The Linden Hours	Glass Coast	DEX252400101	4065629100101	640	100	Song	US	0	6.2531840000
2025-06-07	2025-04	Tidal	The Linden Hours	Northern Wire	DEX252400102	4065629100101	230	100	Song	AT	0	2.3306360000
2025-06-07	2025-04	Tidal	The Linden Hours	Northern Wire	DEX252400102	4065629100101	880	100	Song	DE	0	9.1414400000
2025-06-07	2025-04	Tidal	The Linden Hours	Northern Wire	DEX252400102	4065629100101	355	100	Song	GB	0	3.3641930000
2025-06-07	2025-04	Tidal	The Linden Hours	Northern Wire	DEX252400102	4065629100101	195	100	Song	NL	0	1.8861570000
2025-06-07	2025-04	Tidal	The Linden Hours	Northern Wire	DEX252400102	4065629100101	185	100	Song	SE	0	1.9054630000
2025-06-07	2025-04	Tidal	The Linden Hours	Northern Wire	DEX252400102	4065629100101	480	100	Song	US	0	4.8168960000
2025-06-07	2025-04	Tidal	The Linden Hours	Low Orbit	DEX252400103	4065629100101	165	100	Song	AT	0	1.6881480000
2025-06-07	2025-04	Tidal	The Linden Hours	Low Orbit	DEX252400103	4065629100101	550	100	Song	DE	0	5.7888600000
2025-06-07	2025-04	Tidal	The Linden Hours	Low Orbit	DEX252400103	4065629100101	220	100	Song	GB	0	2.2228360000
2025-06-07	2025-04	Tidal	The Linden Hours	Low Orbit	DEX252400103	4065629100101	120	100	Song	NL	0	1.2253920000
2025-06-07	2025-04	Tidal	The Linden Hours	Low Orbit	DEX252400103	4065629100101	115	100	Song	SE	0	1.0988250000
2025-06-07	2025-04	Tidal	The Linden Hours	Low Orbit	DEX252400103	4065629100101	305	100	Song	US	0	3.1862740000
2025-06-07	2025-04	Tidal	The Linden Hours	Pale Hours	DEX252400104	4065629100101	105	100	Song	AT	0	1.0290000000
2025-06-07	2025-04	Tidal	The Linden Hours	Pale Hours	DEX252400104	4065629100101	335	100	Song	DE	0	3.2436040000
2025-06-07	2025-04	Tidal	The Linden Hours	Pale Hours	DEX252400104	4065629100101	165	100	Song	GB	0	1.6574250000
2025-06-07	2025-04	Tidal	The Linden Hours	Pale Hours	DEX252400104	4065629100101	95	100	Song	NL	0	0.8835190000
2025-06-07	2025-04	Tidal	The Linden Hours	Pale Hours	DEX252400104	4065629100101	60	100	Song	SE	0	0.5932920000
2025-06-07	2025-04	Tidal	The Linden Hours	Pale Hours	DEX252400104	4065629100101	220	100	Song	US	0	1.9943000000
2025-06-07	2025-04	YouTube Music	The Linden Hours	Glass Coast	DEX252400101	4065629100101	585	100	Song	AT	0	1.3120380000
2025-06-07	2025-04	YouTube Music	The Linden Hours	Glass Coast	DEX252400101	4065629100101	2355	100	Song	DE	0	4.6784430000
2025-06-07	2025-04	YouTube Music	The Linden Hours	Glass Coast	DEX252400101	4065629100101	880	100	Song	GB	0	1.9237680000
2025-06-07	2025-04	YouTube Music	The Linden Hours	Glass Coast	DEX252400101	4065629100101	495	100	Song	NL	0	0.9885645000
2025-06-07	2025-04	YouTube Music	The Linden Hours	Glass Coast	DEX252400101	4065629100101	390	100	Song	SE	0	0.8550360000
2025-06-07	2025-04	YouTube Music	The Linden Hours	Glass Coast	DEX252400101	4065629100101	1140	100	Song	US	0	2.2192380000
2025-06-07	2025-04	YouTube Music	The Linden Hours	Northern Wire	DEX252400102	4065629100101	330	100	Song	AT	0	0.7359660000
2025-06-07	2025-04	YouTube Music	The Linden Hours	Northern Wire	DEX252400102	4065629100101	1565	100	Song	DE	0	3.4015275000
2025-06-07	2025-04	YouTube Music	The Linden Hours	Northern Wire	DEX252400102	4065629100101	535	100	Song	GB	0	1.1572050000
2025-06-07	2025-04	YouTube Music	The Linden Hours	Northern Wire	DEX252400102	4065629100101	365	100	Song	NL	0	0.7320075000
2025-06-07	2025-04	YouTube Music	The Linden Hours	Northern Wire	DEX252400102	4065629100101	255	100	Song	SE	0	0.5071185000
2025-06-07	2025-04	YouTube Music	The Linden Hours	Northern Wire	DEX252400102	4065629100101	710	100	Song	US	0	1.5774780000
2025-06-07	2025-04	YouTube Music	The Linden Hours	Low Orbit	DEX252400103	4065629100101	320	100	Song	AT	0	0.7244160000
2025-06-07	2025-04	YouTube Music	The Linden Hours	Low Orbit	DEX252400103	4065629100101	1280	100	Song	DE	0	2.5616640000
2025-06-07	2025-04	YouTube Music	The Linden Hours	Low Orbit	DEX252400103	4065629100101	415	100	Song	GB	0	0.8845725000
2025-06-07	2025-04	YouTube Music	The Linden Hours	Low Orbit	DEX252400103	4065629100101	260	100	Song	NL	0	0.5716620000
2025-06-07	2025-04	YouTube Music	The Linden Hours	Low Orbit	DEX252400103	4065629100101	215	100	Song	SE	0	0.4343430000
2025-06-07	2025-04	YouTube Music	The Linden Hours	Low Orbit	DEX252400103	4065629100101	545	100	Song	US	0	1.2074475000
2025-06-07	2025-04	YouTube Music	The Linden Hours	Pale Hours	DEX252400104	4065629100101	180	100	Song	AT	0	0.3942540000
2025-06-07	2025-04	YouTube Music	The Linden Hours	Pale Hours	DEX252400104	4065629100101	610	100	Song	DE	0	1.3271160000
2025-06-07	2025-04	YouTube Music	The Linden Hours	Pale Hours	DEX252400104	4065629100101	265	100	Song	GB	0	0.5414745000
2025-06-07	2025-04	YouTube Music	The Linden Hours	Pale Hours	DEX252400104	4065629100101	175	100	Song	NL	0	0.3557400000
2025-06-07	2025-04	YouTube Music	The Linden Hours	Pale Hours	DEX252400104	4065629100101	115	100	Song	SE	0	0.2233875000
2025-06-07	2025-04	YouTube Music	The Linden Hours	Pale Hours	DEX252400104	4065629100101	455	100	Song	US	0	0.9258795000
2025-07-05	2025-05	Amazon Music	The Linden Hours	Glass Coast	DEX252400101	4065629100101	540	100	Song	AT	0	2.3230800000
2025-07-05	2025-05	Amazon Music	The Linden Hours	Glass Coast	DEX252400101	4065629100101	2200	100	Song	DE	0	10.0386000000
2025-07-05	2025-05	Amazon Music	The Linden Hours	Glass Coast	DEX252400101	4065629100101	845	100	Song	GB	0	3.5971650000
2025-07-05	2025-05	Amazon Music	The Linden Hours	Glass Coast	DEX252400101	4065629100101	405	100	Song	NL	0	1.7660025000
2025-07-05	2025-05	Amazon Music	The Linden Hours	Glass Coast	DEX252400101	4065629100101	285	100	Song	SE	0	1.3748400000
2025-07-05	2025-05	Amazon Music	The Linden Hours	Glass Coast	DEX252400101	4065629100101	925	100	Song	US	0	4.3789500000
2025-07-05	2025-05	Amazon Music	The Linden Hours	Northern Wire	DEX252400102	4065629100101	315	100	Song	AT	0	1.3707225000
2025-07-05	2025-05	Amazon Music	The Linden Hours	Northern Wire	DEX252400102	4065629100101	1585	100	Song	DE	0	7.4677275000
2025-07-05	2025-05	Amazon Music	The Linden Hours	Northern Wire	DEX252400102	4065629100101	475	100	Song	GB	0	1.9814625000
2025-07-05	2025-05	Amazon Music	The Linden Hours	Northern Wire	DEX252400102	4065629100101	280	100	Song	NL	0	1.1705400000
2025-07-05	2025-05	Amazon Music	The Linden Hours	Northern Wire	DEX252400102	4065629100101	165	100	Song	SE	0	0.7952175000
2025-07-05	2025-05	Amazon Music	The Linden Hours	Northern Wire	DEX252400102	4065629100101	745	100	Song	US	0	3.3893775000
2025-07-05	2025-05	Amazon Music	The Linden Hours	Low Orbit	DEX252400103	4065629100101	260	100	Song	AT	0	1.1571300000
2025-07-05	2025-05	Amazon Music	The Linden Hours	Low Orbit	DEX252400103	4065629100101	1065	100	Song	DE	0	4.9554450000
2025-07-05	2025-05	Amazon Music	The Linden Hours	Low Orbit	DEX252400103	4065629100101	430	100	Song	GB	0	1.9640250000
2025-07-05	2025-05	Amazon Music	The Linden Hours	Low Orbit	DEX252400103	4065629100101	215	100	Song	NL	0	1.0265175000
2025-07-05	2025-05	Amazon Music	The Linden Hours	Low Orbit	DEX252400103	4065629100101	170	100	Song	SE	0	0.8040150000
2025-07-05	2025-05	Amazon Music	The Linden Hours	Low Orbit	DEX252400103	4065629100101	575	100	Song	US	0	2.3856750000
2025-07-05	2025-05	Amazon Music	The Linden Hours	Pale Hours	DEX252400104	4065629100101	185	100	Song	AT	0	0.7717275000
2025-07-05	2025-05	Amazon Music	The Linden Hours	Pale Hours	DEX252400104	4065629100101	660	100	Song	DE	0	3.2046300000
2025-07-05	2025-05	Amazon Music	The Linden Hours	Pale Hours	DEX252400104	4065629100101	180	100	Song	GB	0	0.8375400000
2025-07-05	2025-05	Amazon Music	The Linden Hours	Pale Hours	DEX252400104	4065629100101	150	100	Song	NL	0	0.6851250000
2025-07-05	2025-05	Amazon Music	The Linden Hours	Pale Hours	DEX252400104	4065629100101	110	100	Song	SE	0	0.4826250000
2025-07-05	2025-05	Amazon Music	The Linden Hours	Pale Hours	DEX252400104	4065629100101	355	100	Song	US	0	1.6885575000
2025-07-05	2025-04	Apple Music	The Linden Hours	Glass Coast	DEX252400101	4065629100101	855	100	Song	AT	0	6.4347300000
2025-07-05	2025-04	Apple Music	The Linden Hours	Glass Coast	DEX252400101	4065629100101	2730	100	Song	DE	0	18.8208930000
2025-07-05	2025-04	Apple Music	The Linden Hours	Glass Coast	DEX252400101	4065629100101	1400	100	Song	GB	0	9.8107800000
2025-07-05	2025-04	Apple Music	The Linden Hours	Glass Coast	DEX252400101	4065629100101	960	100	Song	NL	0	7.1022720000
2025-07-05	2025-04	Apple Music	The Linden Hours	Glass Coast	DEX252400101	4065629100101	585	100	Song	SE	0	4.3362540000
2025-07-05	2025-04	Apple Music	The Linden Hours	Glass Coast	DEX252400101	4065629100101	1785	100	Song	US	0	12.9523170000
2025-07-05	2025-04	Apple Music	The Linden Hours	Northern Wire	DEX252400102	4065629100101	680	100	Song	AT	0	4.6348800000
2025-07-05	2025-04	Apple Music	The Linden Hours	Northern Wire	DEX252400102	4065629100101	2275	100	Song	DE	0	14.9410625000
2025-07-05	2025-04	Apple Music	The Linden Hours	Northern Wire	DEX252400102	4065629100101	760	100	Song	GB	0	5.5632760000
2025-07-05	2025-04	Apple Music	The Linden Hours	Northern Wire	DEX252400102	4065629100101	545	100	Song	NL	0	3.8540220000
2025-07-05	2025-04	Apple Music	The Linden Hours	Northern Wire	DEX252400102	4065629100101	460	100	Song	SE	0	3.2855960000
2025-07-05	2025-04	Apple Music	The Linden Hours	Northern Wire	DEX252400102	4065629100101	1205	100	Song	US	0	9.1030520000
2025-07-05	2025-04	Apple Music	The Linden Hours	Low Orbit	DEX252400103	4065629100101	520	100	Song	AT	0	3.5812400000
2025-07-05	2025-04	Apple Music	The Linden Hours	Low Orbit	DEX252400103	4065629100101	1880	100	Song	DE	0	12.4536840000
2025-07-05	2025-04	Apple Music	The Linden Hours	Low Orbit	DEX252400103	4065629100101	545	100	Song	GB	0	3.7766320000
2025-07-05	2025-04	Apple Music	The Linden Hours	Low Orbit	DEX252400103	4065629100101	400	100	Song	NL	0	2.7434400000
2025-07-05	2025-04	Apple Music	The Linden Hours	Low Orbit	DEX252400103	4065629100101	290	100	Song	SE	0	2.1495960000
2025-07-05	2025-04	Apple Music	The Linden Hours	Low Orbit	DEX252400103	4065629100101	985	100	Song	US	0	7.2592530000
2025-07-05	2025-04	Apple Music	The Linden Hours	Pale Hours	DEX252400104	4065629100101	330	100	Song	AT	0	2.3312850000
2025-07-05	2025-04	Apple Music	The Linden Hours	Pale Hours	DEX252400104	4065629100101	1020	100	Song	DE	0	6.6626400000
2025-07-05	2025-04	Apple Music	The Linden Hours	Pale Hours	DEX252400104	4065629100101	340	100	Song	GB	0	2.5878080000
2025-07-05	2025-04	Apple Music	The Linden Hours	Pale Hours	DEX252400104	4065629100101	285	100	Song	NL	0	2.0113590000
2025-07-05	2025-04	Apple Music	The Linden Hours	Pale Hours	DEX252400104	4065629100101	240	100	Song	SE	0	1.6596960000
2025-07-05	2025-04	Apple Music	The Linden Hours	Pale Hours	DEX252400104	4065629100101	630	100	Song	US	0	4.4685270000
2025-07-05	2025-05	Deezer	The Linden Hours	Glass Coast	DEX252400101	4065629100101	385	100	Song	AT	0	1.3596660000
2025-07-05	2025-05	Deezer	The Linden Hours	Glass Coast	DEX252400101	4065629100101	1555	100	Song	DE	0	5.9898600000
2025-07-05	2025-05	Deezer	The Linden Hours	Glass Coast	DEX252400101	4065629100101	485	100	Song	GB	0	1.6482240000
2025-07-05	2025-05	Deezer	The Linden Hours	Glass Coast	DEX252400101	4065629100101	380	100	Song	NL	0	1.3009680000
2025-07-05	2025-05	Deezer	The Linden Hours	Glass Coast	DEX252400101	4065629100101	260	100	Song	SE	0	0.9135360000
2025-07-05	2025-05	Deezer	The Linden Hours	Glass Coast	DEX252400101	4065629100101	630	100	Song	US	0	2.1976920000
2025-07-05	2025-05	Deezer	The Linden Hours	Northern Wire	DEX252400102	4065629100101	300	100	Song	AT	0	1.0422000000
2025-07-05	2025-05	Deezer	The Linden Hours	Northern Wire	DEX252400102	4065629100101	975	100	Song	DE	0	3.3239700000
2025-07-05	2025-05	Deezer	The Linden Hours	Northern Wire	DEX252400102	4065629100101	355	100	Song	GB	0	1.3700160000
2025-07-05	2025-05	Deezer	The Linden Hours	Northern Wire	DEX252400102	4065629100101	250	100	Song	NL	0	0.8289000000
2025-07-05	2025-05	Deezer	The Linden Hours	Northern Wire	DEX252400102	4065629100101	185	100	Song	SE	0	0.6380280000
2025-07-05	2025-05	Deezer	The Linden Hours	Northern Wire	DEX252400102	4065629100101	470	100	Song	US	0	1.6293960000
2025-07-05	2025-05	Deezer	The Linden Hours	Low Orbit	DEX252400103	4065629100101	190	100	Song	AT	0	0.7209360000
2025-07-05	2025-05	Deezer	The Linden Hours	Low Orbit	DEX252400103	4065629100101	720	100	Song	DE	0	2.4312960000
2025-07-05	2025-05	Deezer	The Linden Hours	Low Orbit	DEX252400103	4065629100101	260	100	Song	GB	0	0.8798400000
2025-07-05	2025-05	Deezer	The Linden Hours	Low Orbit	DEX252400103	4065629100101	165	100	Song	NL	0	0.6171660000
2025-07-05	2025-05	Deezer	The Linden Hours	Low Orbit	DEX252400103	4065629100101	145	100	Song	SE	0	0.5527980000
2025-07-05	2025-05	Deezer	The Linden Hours	Low Orbit	DEX252400103	4065629100101	370	100	Song	US	0	1.2427560000
2025-07-05	2025-05	Deezer	The Linden Hours	Pale Hours	DEX252400104	4065629100101	120	100	Song	AT	0	0.4661280000
2025-07-05	2025-05	Deezer	The Linden Hours	Pale Hours	DEX252400104	4065629100101	530	100	Song	DE	0	1.9041840000
2025-07-05	2025-05	Deezer	The Linden Hours	Pale Hours	DEX252400104	4065629100101	165	100	Song	GB	0	0.5470740000
2025-07-05	2025-05	Deezer	The Linden Hours	Pale Hours	DEX252400104	4065629100101	105	100	Song	NL	0	0.3934980000
2025-07-05	2025-05	Deezer	The Linden Hours	Pale Hours	DEX252400104	4065629100101	85	100	Song	SE	0	0.3078360000
2025-07-05	2025-05	Deezer	The Linden Hours	Pale Hours	DEX252400104	4065629100101	215	100	Song	US	0	0.7283340000
2025-07-05	2025-05	Spotify	The Linden Hours	Glass Coast	DEX252400101	4065629100101	3830	100	Song	AT	0	12.1089280000
2025-07-05	2025-05	Spotify	The Linden Hours	Glass Coast	DEX252400101	4065629100101	14890	100	Song	DE	0	48.3150720000
2025-07-05	2025-05	Spotify	The Linden Hours	Glass Coast	DEX252400101	4065629100101	5670	100	Song	GB	0	19.1056320000
2025-07-05	2025-05	Spotify	The Linden Hours	Glass Coast	DEX252400101	4065629100101	3035	100	Song	NL	0	9.5468960000
2025-07-05	2025-05	Spotify	The Linden Hours	Glass Coast	DEX252400101	4065629100101	2825	100	Song	SE	0	9.5733600000
2025-07-05	2025-05	Spotify	The Linden Hours	Glass Coast	DEX252400101	4065629100101	7620	100	Song	US	0	25.8470400000
2025-07-05	2025-05	Spotify	The Linden Hours	Northern Wire	DEX252400102	4065629100101	2180	100	Song	AT	0	6.4946560000
2025-07-05	2025-05	Spotify	The Linden Hours	Northern Wire	DEX252400102	4065629100101	9910	100	Song	DE	0	32.6950720000
2025-07-05	2025-05	Spotify	The Linden Hours	Northern Wire	DEX252400102	4065629100101	3665	100	Song	GB	0	12.1502080000
2025-07-05	2025-05	Spotify	The Linden Hours	Northern Wire	DEX252400102	4065629100101	2300	100	Song	NL	0	7.4704000000
2025-07-05	2025-05	Spotify	The Linden Hours	Northern Wire	DEX252400102	4065629100101	1640	100	Song	SE	0	4.8648960000
2025-07-05	2025-05	Spotify	The Linden Hours	Northern Wire	DEX252400102	4065629100101	5025	100	Song	US	0	16.9965600000
2025-07-05	2025-05	Spotify	The Linden Hours	Low Orbit	DEX252400103	4065629100101	1595	100	Song	AT	0	5.1703520000
2025-07-05	2025-05	Spotify	The Linden Hours	Low Orbit	DEX252400103	4065629100101	6790	100	Song	DE	0	22.0104640000
2025-07-05	2025-05	Spotify	The Linden Hours	Low Orbit	DEX252400103	4065629100101	2680	100	Song	GB	0	8.1386240000
2025-07-05	2025-05	Spotify	The Linden Hours	Low Orbit	DEX252400103	4065629100101	1610	100	Song	NL	0	4.8119680000
2025-07-05	2025-05	Spotify	The Linden Hours	Low Orbit	DEX252400103	4065629100101	1365	100	Song	SE	0	4.5034080000
2025-07-05	2025-05	Spotify	The Linden Hours	Low Orbit	DEX252400103	4065629100101	3785	100	Song	US	0	12.5601440000
2025-07-05	2025-05	Spotify	The Linden Hours	Pale Hours	DEX252400104	4065629100101	1040	100	Song	AT	0	3.1283200000
2025-07-05	2025-05	Spotify	The Linden Hours	Pale Hours	DEX252400104	4065629100101	5295	100	Song	DE	0	17.0117760000
2025-07-05	2025-05	Spotify	The Linden Hours	Pale Hours	DEX252400104	4065629100101	1735	100	Song	GB	0	5.4520640000
2025-07-05	2025-05	Spotify	The Linden Hours	Pale Hours	DEX252400104	4065629100101	1150	100	Song	NL	0	3.8897600000
2025-07-05	2025-05	Spotify	The Linden Hours	Pale Hours	DEX252400104	4065629100101	800	100	Song	SE	0	2.4985600000
2025-07-05	2025-05	Spotify	The Linden Hours	Pale Hours	DEX252400104	4065629100101	2930	100	Song	US	0	10.0979520000
2025-07-05	2025-05	Tidal	The Linden Hours	Glass Coast	DEX252400101	4065629100101	315	100	Song	AT	0	3.0067380000
2025-07-05	2025-05	Tidal	The Linden Hours	Glass Coast	DEX252400101	4065629100101	1110	100	Song	DE	0	10.1600520000
2025-07-05	2025-05	Tidal	The Linden Hours	Glass Coast	DEX252400101	4065629100101	365	100	Song	GB	0	3.6628480000
2025-07-05	2025-05	Tidal	The Linden Hours	Glass Coast	DEX252400101	4065629100101	240	100	Song	NL	0	2.4084480000
2025-07-05	2025-05	Tidal	The Linden Hours	Glass Coast	DEX252400101	4065629100101	265	100	Song	SE	0	2.7476260000
2025-07-05	2025-05	Tidal	The Linden Hours	Glass Coast	DEX252400101	4065629100101	695	100	Song	US	0	6.4363950000
2025-07-05	2025-05	Tidal	The Linden Hours	Northern Wire	DEX252400102	4065629100101	215	100	Song	AT	0	2.0269340000
2025-07-05	2025-05	Tidal	The Linden Hours	Northern Wire	DEX252400102	4065629100101	770	100	Song	DE	0	7.6969200000
2025-07-05	2025-05	Tidal	The Linden Hours	Northern Wire	DEX252400102	4065629100101	310	100	Song	GB	0	2.9711640000
2025-07-05	2025-05	Tidal	The Linden Hours	Northern Wire	DEX252400102	4065629100101	210	100	Song	NL	0	1.9324620000
2025-07-05	2025-05	Tidal	The Linden Hours	Northern Wire	DEX252400102	4065629100101	125	100	Song	SE	0	1.3119750000
2025-07-05	2025-05	Tidal	The Linden Hours	Northern Wire	DEX252400102	4065629100101	465	100	Song	US	0	4.8440910000
2025-07-05	2025-05	Tidal	The Linden Hours	Low Orbit	DEX252400103	4065629100101	145	100	Song	AT	0	1.5304170000
2025-07-05	2025-05	Tidal	The Linden Hours	Low Orbit	DEX252400103	4065629100101	630	100	Song	DE	0	6.3283500000
2025-07-05	2025-05	Tidal	The Linden Hours	Low Orbit	DEX252400103	4065629100101	215	100	Song	GB	0	2.1997080000
2025-07-05	2025-05	Tidal	The Linden Hours	Low Orbit	DEX252400103	4065629100101	160	100	Song	NL	0	1.4880320000
2025-07-05	2025-05	Tidal	The Linden Hours	Low Orbit	DEX252400103	4065629100101	95	100	Song	SE	0	0.9012080000
2025-07-05	2025-05	Tidal	The Linden Hours	Low Orbit	DEX252400103	4065629100101	370	100	Song	US	0	3.3504240000
2025-07-05	2025-05	Tidal	The Linden Hours	Pale Hours	DEX252400104	4065629100101	120	100	Song	AT	0	1.2642000000
2025-07-05	2025-05	Tidal	The Linden Hours	Pale Hours	DEX252400104	4065629100101	410	100	Song	DE	0	4.2791700000
2025-07-05	2025-05	Tidal	The Linden Hours	Pale Hours	DEX252400104	4065629100101	150	100	Song	GB	0	1.4038500000
2025-07-05	2025-05	Tidal	The Linden Hours	Pale Hours	DEX252400104	4065629100101	85	100	Song	NL	0	0.8954750000
2025-07-05	2025-05	Tidal	The Linden Hours	Pale Hours	DEX252400104	4065629100101	80	100	Song	SE	0	0.7408800000
2025-07-05	2025-05	Tidal	The Linden Hours	Pale Hours	DEX252400104	4065629100101	255	100	Song	US	0	2.5839660000
2025-07-05	2025-05	YouTube Music	The Linden Hours	Glass Coast	DEX252400101	4065629100101	590	100	Song	AT	0	1.1720940000
2025-07-05	2025-05	YouTube Music	The Linden Hours	Glass Coast	DEX252400101	4065629100101	1780	100	Song	DE	0	3.6931440000
2025-07-05	2025-05	YouTube Music	The Linden Hours	Glass Coast	DEX252400101	4065629100101	810	100	Song	GB	0	1.7571330000
2025-07-05	2025-05	YouTube Music	The Linden Hours	Glass Coast	DEX252400101	4065629100101	510	100	Song	NL	0	1.1202660000
2025-07-05	2025-05	YouTube Music	The Linden Hours	Glass Coast	DEX252400101	4065629100101	390	100	Song	SE	0	0.7551180000
2025-07-05	2025-05	YouTube Music	The Linden Hours	Glass Coast	DEX252400101	4065629100101	1340	100	Song	US	0	3.0278640000
2025-07-05	2025-05	YouTube Music	The Linden Hours	Northern Wire	DEX252400102	4065629100101	370	100	Song	AT	0	0.8243970000
2025-07-05	2025-05	YouTube Music	The Linden Hours	Northern Wire	DEX252400102	4065629100101	1285	100	Song	DE	0	2.8199325000
2025-07-05	2025-05	YouTube Music	The Linden Hours	Northern Wire	DEX252400102	4065629100101	520	100	Song	GB	0	1.0701600000
2025-07-05	2025-05	YouTube Music	The Linden Hours	Northern Wire	DEX252400102	4065629100101	370	100	Song	NL	0	0.8290590000
2025-07-05	2025-05	YouTube Music	The Linden Hours	Northern Wire	DEX252400102	4065629100101	295	100	Song	SE	0	0.6009150000
2025-07-05	2025-05	YouTube Music	The Linden Hours	Northern Wire	DEX252400102	4065629100101	775	100	Song	US	0	1.6812075000
2025-07-05	2025-05	YouTube Music	The Linden Hours	Low Orbit	DEX252400103	4065629100101	245	100	Song	AT	0	0.5489715000
2025-07-05	2025-05	YouTube Music	The Linden Hours	Low Orbit	DEX252400103	4065629100101	1180	100	Song	DE	0	2.6217240000
2025-07-05	2025-05	YouTube Music	The Linden Hours	Low Orbit	DEX252400103	4065629100101	510	100	Song	GB	0	1.0602900000
2025-07-05	2025-05	YouTube Music	The Linden Hours	Low Orbit	DEX252400103	4065629100101	270	100	Song	NL	0	0.5828760000
2025-07-05	2025-05	YouTube Music	The Linden Hours	Low Orbit	DEX252400103	4065629100101	175	100	Song	SE	0	0.3491250000
2025-07-05	2025-05	YouTube Music	The Linden Hours	Low Orbit	DEX252400103	4065629100101	450	100	Song	US	0	1.0168200000
2025-07-05	2025-05	YouTube Music	The Linden Hours	Pale Hours	DEX252400104	4065629100101	185	100	Song	AT	0	0.3838380000
2025-07-05	2025-05	YouTube Music	The Linden Hours	Pale Hours	DEX252400104	4065629100101	790	100	Song	DE	0	1.5627780000
2025-07-05	2025-05	YouTube Music	The Linden Hours	Pale Hours	DEX252400104	4065629100101	235	100	Song	GB	0	0.4959675000
2025-07-05	2025-05	YouTube Music	The Linden Hours	Pale Hours	DEX252400104	4065629100101	210	100	Song	NL	0	0.4427640000
2025-07-05	2025-05	YouTube Music	The Linden Hours	Pale Hours	DEX252400104	4065629100101	130	100	Song	SE	0	0.2809170000
2025-07-05	2025-05	YouTube Music	The Linden Hours	Pale Hours	DEX252400104	4065629100101	385	100	Song	US	0	0.8335635000
2025-08-06	2025-06	Amazon Music	The Linden Hours	Glass Coast	DEX252400101	4065629100101	565	100	Song	AT	0	2.6721675000
2025-08-06	2025-06	Amazon Music	The Linden Hours	Glass Coast	DEX252400101	4065629100101	1940	100	Song	DE	0	9.0617400000
2025-08-06	2025-06	Amazon Music	The Linden Hours	Glass Coast	DEX252400101	4065629100101	715	100	Song	GB	0	3.2561100000
2025-08-06	2025-06	Amazon Music	The Linden Hours	Glass Coast	DEX252400101	4065629100101	385	100	Song	NL	0	1.7221050000
2025-08-06	2025-06	Amazon Music	The Linden Hours	Glass Coast	DEX252400101	4065629100101	350	100	Song	SE	0	1.4631750000
2025-08-06	2025-06	Amazon Music	The Linden Hours	Glass Coast	DEX252400101	4065629100101	1005	100	Song	US	0	4.6219950000
2025-08-06	2025-06	Amazon Music	The Linden Hours	Northern Wire	DEX252400102	4065629100101	390	100	Song	AT	0	1.6900650000
2025-08-06	2025-06	Amazon Music	The Linden Hours	Northern Wire	DEX252400102	4065629100101	1255	100	Song	DE	0	5.7209175000
2025-08-06	2025-06	Amazon Music	The Linden Hours	Northern Wire	DEX252400102	4065629100101	360	100	Song	GB	0	1.5616800000
2025-08-06	2025-06	Amazon Music	The Linden Hours	Northern Wire	DEX252400102	4065629100101	265	100	Song	NL	0	1.1567250000
2025-08-06	2025-06	Amazon Music	The Linden Hours	Northern Wire	DEX252400102	4065629100101	190	100	Song	SE	0	0.8310600000
2025-08-06	2025-06	Amazon Music	The Linden Hours	Northern Wire	DEX252400102	4065629100101	605	100	Song	US	0	2.6898300000
2025-08-06	2025-06	Amazon Music	The Linden Hours	Low Orbit	DEX252400103	4065629100101	180	100	Song	AT	0	0.8505000000
2025-08-06	2025-06	Amazon Music	The Linden Hours	Low Orbit	DEX252400103	4065629100101	905	100	Song	DE	0	4.0765725000
2025-08-06	2025-06	Amazon Music	The Linden Hours	Low Orbit	DEX252400103	4065629100101	290	100	Song	GB	0	1.3937400000
2025-08-06	2025-06	Amazon Music	The Linden Hours	Low Orbit	DEX252400103	4065629100101	180	100	Song	NL	0	0.8569800000
2025-08-06	2025-06	Amazon Music	The Linden Hours	Low Orbit	DEX252400103	4065629100101	175	100	Song	SE	0	0.8284500000
2025-08-06	2025-06	Amazon Music	The Linden Hours	Low Orbit	DEX252400103	4065629100101	460	100	Song	US	0	1.9188900000
2025-08-06	2025-06	Amazon Music	The Linden Hours	Pale Hours	DEX252400104	4065629100101	160	100	Song	AT	0	0.7272000000
2025-08-06	2025-06	Amazon Music	The Linden Hours	Pale Hours	DEX252400104	4065629100101	580	100	Song	DE	0	2.7326700000
2025-08-06	2025-06	Amazon Music	The Linden Hours	Pale Hours	DEX252400104	4065629100101	245	100	Song	GB	0	1.0760400000
2025-08-06	2025-06	Amazon Music	The Linden Hours	Pale Hours	DEX252400104	4065629100101	140	100	Song	NL	0	0.6205500000
2025-08-06	2025-06	Amazon Music	The Linden Hours	Pale Hours	DEX252400104	4065629100101	105	100	Song	SE	0	0.4474575000
2025-08-06	2025-06	Amazon Music	The Linden Hours	Pale Hours	DEX252400104	4065629100101	350	100	Song	US	0	1.6317000000
2025-08-06	2025-05	Apple Music	The Linden Hours	Glass Coast	DEX252400101	4065629100101	800	100	Song	AT	0	5.6004800000
2025-08-06	2025-05	Apple Music	The Linden Hours	Glass Coast	DEX252400101	4065629100101	3365	100	Song	DE	0	22.1235290000
2025-08-06	2025-05	Apple Music	The Linden Hours	Glass Coast	DEX252400101	4065629100101	1165	100	Song	GB	0	8.8008760000
2025-08-06	2025-05	Apple Music	The Linden Hours	Glass Coast	DEX252400101	4065629100101	700	100	Song	NL	0	4.8606600000
2025-08-06	2025-05	Apple Music	The Linden Hours	Glass Coast	DEX252400101	4065629100101	625	100	Song	SE	0	4.3487500000
2025-08-06	2025-05	Apple Music	The Linden Hours	Glass Coast	DEX252400101	4065629100101	1510	100	Song	US	0	10.2492760000
2025-08-06	2025-05	Apple Music	The Linden Hours	Northern Wire	DEX252400102	4065629100101	490	100	Song	AT	0	3.4442100000
2025-08-06	2025-05	Apple Music	The Linden Hours	Northern Wire	DEX252400102	4065629100101	2530	100	Song	DE	0	18.5917050000
2025-08-06	2025-05	Apple Music	The Linden Hours	Northern Wire	DEX252400102	4065629100101	740	100	Song	GB	0	5.4168740000
2025-08-06	2025-05	Apple Music	The Linden Hours	Northern Wire	DEX252400102	4065629100101	510	100	Song	NL	0	3.3421830000
2025-08-06	2025-05	Apple Music	The Linden Hours	Northern Wire	DEX252400102	4065629100101	435	100	Song	SE	0	3.2552790000
2025-08-06	2025-05	Apple Music	The Linden Hours	Northern Wire	DEX252400102	4065629100101	1125	100	Song	US	0	8.3389500000
2025-08-06	2025-05	Apple Music	The Linden Hours	Low Orbit	DEX252400103	4065629100101	440	100	Song	AT	0	3.0896360000
2025-08-06	2025-05	Apple Music	The Linden Hours	Low Orbit	DEX252400103	4065629100101	1710	100	Song	DE	0	13.1001390000
2025-08-06	2025-05	Apple Music	The Linden Hours	Low Orbit	DEX252400103	4065629100101	545	100	Song	GB	0	3.6644165000
2025-08-06	2025-05	Apple Music	The Linden Hours	Low Orbit	DEX252400103	4065629100101	350	100	Song	NL	0	2.5496100000
2025-08-06	2025-05	Apple Music	The Linden Hours	Low Orbit	DEX252400103	4065629100101	345	100	Song	SE	0	2.5009395000
2025-08-06	2025-05	Apple Music	The Linden Hours	Low Orbit	DEX252400103	4065629100101	930	100	Song	US	0	6.9001350000
2025-08-06	2025-05	Apple Music	The Linden Hours	Pale Hours	DEX252400104	4065629100101	305	100	Song	AT	0	2.0052530000
2025-08-06	2025-05	Apple Music	The Linden Hours	Pale Hours	DEX252400104	4065629100101	1140	100	Song	DE	0	8.3772900000
2025-08-06	2025-05	Apple Music	The Linden Hours	Pale Hours	DEX252400104	4065629100101	410	100	Song	GB	0	2.8265810000
2025-08-06	2025-05	Apple Music	The Linden Hours	Pale Hours	DEX252400104	4065629100101	270	100	Song	NL	0	1.9649250000
2025-08-06	2025-05	Apple Music	The Linden Hours	Pale Hours	DEX252400104	4065629100101	175	100	Song	SE	0	1.1654650000
2025-08-06	2025-05	Apple Music	The Linden Hours	Pale Hours	DEX252400104	4065629100101	550	100	Song	US	0	3.6160300000
2025-08-06	2025-06	Deezer	The Linden Hours	Glass Coast	DEX252400101	4065629100101	340	100	Song	AT	0	1.2264480000
2025-08-06	2025-06	Deezer	The Linden Hours	Glass Coast	DEX252400101	4065629100101	1495	100	Song	DE	0	5.3443260000
2025-08-06	2025-06	Deezer	The Linden Hours	Glass Coast	DEX252400101	4065629100101	505	100	Song	GB	0	1.6761960000
2025-08-06	2025-06	Deezer	The Linden Hours	Glass Coast	DEX252400101	4065629100101	315	100	Song	NL	0	1.2077100000
2025-08-06	2025-06	Deezer	The Linden Hours	Glass Coast	DEX252400101	4065629100101	275	100	Song	SE	0	1.0632600000
2025-08-06	2025-06	Deezer	The Linden Hours	Glass Coast	DEX252400101	4065629100101	670	100	Song	US	0	2.5591320000
2025-08-06	2025-06	Deezer	The Linden Hours	Northern Wire	DEX252400102	4065629100101	205	100	Song	AT	0	0.7520220000
2025-08-06	2025-06	Deezer	The Linden Hours	Northern Wire	DEX252400102	4065629100101	925	100	Song	DE	0	3.1235400000
2025-08-06	2025-06	Deezer	The Linden Hours	Northern Wire	DEX252400102	4065629100101	380	100	Song	GB	0	1.4377680000
2025-08-06	2025-06	Deezer	The Linden Hours	Northern Wire	DEX252400102	4065629100101	235	100	Song	NL	0	0.8333100000
2025-08-06	2025-06	Deezer	The Linden Hours	Northern Wire	DEX252400102	4065629100101	150	100	Song	SE	0	0.5373000000
2025-08-06	2025-06	Deezer	The Linden Hours	Northern Wire	DEX252400102	4065629100101	520	100	Song	US	0	1.8794880000
2025-08-06	2025-06	Deezer	The Linden Hours	Low Orbit	DEX252400103	4065629100101	175	100	Song	AT	0	0.6079500000
2025-08-06	2025-06	Deezer	The Linden Hours	Low Orbit	DEX252400103	4065629100101	655	100	Song	DE	0	2.3556420000
2025-08-06	2025-06	Deezer	The Linden Hours	Low Orbit	DEX252400103	4065629100101	275	100	Song	GB	0	1.0414800000
2025-08-06	2025-06	Deezer	The Linden Hours	Low Orbit	DEX252400103	4065629100101	150	100	Song	NL	0	0.5486400000
2025-08-06	2025-06	Deezer	The Linden Hours	Low Orbit	DEX252400103	4065629100101	95	100	Song	SE	0	0.3447360000
2025-08-06	2025-06	Deezer	The Linden Hours	Low Orbit	DEX252400103	4065629100101	350	100	Song	US	0	1.2322800000
2025-08-06	2025-06	Deezer	The Linden Hours	Pale Hours	DEX252400104	4065629100101	120	100	Song	AT	0	0.4428000000
2025-08-06	2025-06	Deezer	The Linden Hours	Pale Hours	DEX252400104	4065629100101	485	100	Song	DE	0	1.7058420000
2025-08-06	2025-06	Deezer	The Linden Hours	Pale Hours	DEX252400104	4065629100101	190	100	Song	GB	0	0.6463800000
2025-08-06	2025-06	Deezer	The Linden Hours	Pale Hours	DEX252400104	4065629100101	110	100	Song	NL	0	0.3655080000
2025-08-06	2025-06	Deezer	The Linden Hours	Pale Hours	DEX252400104	4065629100101	70	100	Song	SE	0	0.2527560000
2025-08-06	2025-06	Deezer	The Linden Hours	Pale Hours	DEX252400104	4065629100101	245	100	Song	US	0	0.8670060000
2025-08-06	2025-06	Spotify	The Linden Hours	Glass Coast	DEX252400101	4065629100101	3180	100	Song	AT	0	10.8374400000
2025-08-06	2025-06	Spotify	The Linden Hours	Glass Coast	DEX252400101	4065629100101	12695	100	Song	DE	0	40.3802560000
2025-08-06	2025-06	Spotify	The Linden Hours	Glass Coast	DEX252400101	4065629100101	4895	100	Song	GB	0	16.5255200000
2025-08-06	2025-06	Spotify	The Linden Hours	Glass Coast	DEX252400101	4065629100101	3225	100	Song	NL	0	9.6595200000
2025-08-06	2025-06	Spotify	The Linden Hours	Glass Coast	DEX252400101	4065629100101	2635	100	Song	SE	0	8.6596640000
2025-08-06	2025-06	Spotify	The Linden Hours	Glass Coast	DEX252400101	4065629100101	7485	100	Song	US	0	22.4190720000
2025-08-06	2025-06	Spotify	The Linden Hours	Northern Wire	DEX252400102	4065629100101	2080	100	Song	AT	0	7.1818240000
2025-08-06	2025-06	Spotify	The Linden Hours	Northern Wire	DEX252400102	4065629100101	8965	100	Song	DE	0	30.0363360000
2025-08-06	2025-06	Spotify	The Linden Hours	Northern Wire	DEX252400102	4065629100101	2825	100	Song	GB	0	9.6004800000
2025-08-06	2025-06	Spotify	The Linden Hours	Northern Wire	DEX252400102	4065629100101	1985	100	Song	NL	0	6.1487360000
2025-08-06	2025-06	Spotify	The Linden Hours	Northern Wire	DEX252400102	4065629100101	1460	100	Song	SE	0	5.0364160000
2025-08-06	2025-06	Spotify	The Linden Hours	Northern Wire	DEX252400102	4065629100101	5020	100	Song	US	0	17.0760320000
2025-08-06	2025-06	Spotify	The Linden Hours	Low Orbit	DEX252400103	4065629100101	1620	100	Song	AT	0	5.1269760000
2025-08-06	2025-06	Spotify	The Linden Hours	Low Orbit	DEX252400103	4065629100101	7960	100	Song	DE	0	24.7333120000
2025-08-06	2025-06	Spotify	The Linden Hours	Low Orbit	DEX252400103	4065629100101	2755	100	Song	GB	0	9.3185120000
2025-08-06	2025-06	Spotify	The Linden Hours	Low Orbit	DEX252400103	4065629100101	1325	100	Song	NL	0	4.1933600000
2025-08-06	2025-06	Spotify	The Linden Hours	Low Orbit	DEX252400103	4065629100101	1220	100	Song	SE	0	3.7829760000
2025-08-06	2025-06	Spotify	The Linden Hours	Low Orbit	DEX252400103	4065629100101	4060	100	Song	US	0	12.1475200000
2025-08-06	2025-06	Spotify	The Linden Hours	Pale Hours	DEX252400104	4065629100101	1175	100	Song	AT	0	3.6133600000
2025-08-06	2025-06	Spotify	The Linden Hours	Pale Hours	DEX252400104	4065629100101	4400	100	Song	DE	0	13.9110400000
2025-08-06	2025-06	Spotify	The Linden Hours	Pale Hours	DEX252400104	4065629100101	1640	100	Song	GB	0	5.0800640000
2025-08-06	2025-06	Spotify	The Linden Hours	Pale Hours	DEX252400104	4065629100101	1170	100	Song	NL	0	3.7889280000
2025-08-06	2025-06	Spotify	The Linden Hours	Pale Hours	DEX252400104	4065629100101	855	100	Song	SE	0	2.7825120000
2025-08-06	2025-06	Spotify	The Linden Hours	Pale Hours	DEX252400104	4065629100101	2355	100	Song	US	0	8.1313440000
2025-08-06	2025-06	Tidal	The Linden Hours	Glass Coast	DEX252400101	4065629100101	295	100	Song	AT	0	2.6770660000
2025-08-06	2025-06	Tidal	The Linden Hours	Glass Coast	DEX252400101	4065629100101	1180	100	Song	DE	0	11.3789760000
2025-08-06	2025-06	Tidal	The Linden Hours	Glass Coast	DEX252400101	4065629100101	450	100	Song	GB	0	4.2997500000
2025-08-06	2025-06	Tidal	The Linden Hours	Glass Coast	DEX252400101	4065629100101	265	100	Song	NL	0	2.4593590000
2025-08-06	2025-06	Tidal	The Linden Hours	Glass Coast	DEX252400101	4065629100101	220	100	Song	SE	0	2.1560000000
2025-08-06	2025-06	Tidal	The Linden Hours	Glass Coast	DEX252400101	4065629100101	685	100	Song	US	0	6.5250360000
2025-08-06	2025-06	Tidal	The Linden Hours	Northern Wire	DEX252400102	4065629100101	185	100	Song	AT	0	1.7984960000
2025-08-06	2025-06	Tidal	The Linden Hours	Northern Wire	DEX252400102	4065629100101	710	100	Song	DE	0	6.8397140000
2025-08-06	2025-06	Tidal	The Linden Hours	Northern Wire	DEX252400102	4065629100101	260	100	Song	GB	0	2.6473720000
2025-08-06	2025-06	Tidal	The Linden Hours	Northern Wire	DEX252400102	4065629100101	180	100	Song	NL	0	1.6264080000
2025-08-06	2025-06	Tidal	The Linden Hours	Northern Wire	DEX252400102	4065629100101	125	100	Song	SE	0	1.1845750000
2025-08-06	2025-06	Tidal	The Linden Hours	Northern Wire	DEX252400102	4065629100101	400	100	Song	US	0	4.1003200000
2025-08-06	2025-06	Tidal	The Linden Hours	Low Orbit	DEX252400103	4065629100101	170	100	Song	AT	0	1.6693320000
2025-08-06	2025-06	Tidal	The Linden Hours	Low Orbit	DEX252400103	4065629100101	700	100	Song	DE	0	7.3539200000
2025-08-06	2025-06	Tidal	The Linden Hours	Low Orbit	DEX252400103	4065629100101	225	100	Song	GB	0	2.3593500000
2025-08-06	2025-06	Tidal	The Linden Hours	Low Orbit	DEX252400103	4065629100101	130	100	Song	NL	0	1.2179440000
2025-08-06	2025-06	Tidal	The Linden Hours	Low Orbit	DEX252400103	4065629100101	95	100	Song	SE	0	0.9067940000
2025-08-06	2025-06	Tidal	The Linden Hours	Low Orbit	DEX252400103	4065629100101	290	100	Song	US	0	2.8817880000
2025-08-06	2025-06	Tidal	The Linden Hours	Pale Hours	DEX252400104	4065629100101	100	100	Song	AT	0	0.9751000000
2025-08-06	2025-06	Tidal	The Linden Hours	Pale Hours	DEX252400104	4065629100101	350	100	Song	DE	0	3.2893700000
2025-08-06	2025-06	Tidal	The Linden Hours	Pale Hours	DEX252400104	4065629100101	145	100	Song	GB	0	1.3158460000
2025-08-06	2025-06	Tidal	The Linden Hours	Pale Hours	DEX252400104	4065629100101	80	100	Song	NL	0	0.8279040000
2025-08-06	2025-06	Tidal	The Linden Hours	Pale Hours	DEX252400104	4065629100101	50	100	Song	SE	0	0.4655000000
2025-08-06	2025-06	Tidal	The Linden Hours	Pale Hours	DEX252400104	4065629100101	200	100	Song	US	0	1.9698000000
2025-08-06	2025-06	YouTube Music	The Linden Hours	Glass Coast	DEX252400101	4065629100101	510	100	Song	AT	0	1.0560060000
2025-08-06	2025-06	YouTube Music	The Linden Hours	Glass Coast	DEX252400101	4065629100101	2500	100	Song	DE	0	5.5860000000
2025-08-06	2025-06	YouTube Music	The Linden Hours	Glass Coast	DEX252400101	4065629100101	680	100	Song	GB	0	1.4165760000
2025-08-06	2025-06	YouTube Music	The Linden Hours	Glass Coast	DEX252400101	4065629100101	505	100	Song	NL	0	0.9947490000
2025-08-06	2025-06	YouTube Music	The Linden Hours	Glass Coast	DEX252400101	4065629100101	380	100	Song	SE	0	0.7995960000
2025-08-06	2025-06	YouTube Music	The Linden Hours	Glass Coast	DEX252400101	4065629100101	1175	100	Song	US	0	2.3638650000
2025-08-06	2025-06	YouTube Music	The Linden Hours	Northern Wire	DEX252400102	4065629100101	330	100	Song	AT	0	0.7276500000
2025-08-06	2025-06	YouTube Music	The Linden Hours	Northern Wire	DEX252400102	4065629100101	1455	100	Song	DE	0	2.8263375000
2025-08-06	2025-06	YouTube Music	The Linden Hours	Northern Wire	DEX252400102	4065629100101	470	100	Song	GB	0	0.9386370000
2025-08-06	2025-06	YouTube Music	The Linden Hours	Northern Wire	DEX252400102	4065629100101	355	100	Song	NL	0	0.7522095000
2025-08-06	2025-06	YouTube Music	The Linden Hours	Northern Wire	DEX252400102	4065629100101	270	100	Song	SE	0	0.5545260000
2025-08-06	2025-06	YouTube Music	The Linden Hours	Northern Wire	DEX252400102	4065629100101	745	100	Song	US	0	1.5441615000
2025-08-06	2025-06	YouTube Music	The Linden Hours	Low Orbit	DEX252400103	4065629100101	245	100	Song	AT	0	0.5114130000
2025-08-06	2025-06	YouTube Music	The Linden Hours	Low Orbit	DEX252400103	4065629100101	955	100	Song	DE	0	2.0776980000
2025-08-06	2025-06	YouTube Music	The Linden Hours	Low Orbit	DEX252400103	4065629100101	435	100	Song	GB	0	0.9472995000
2025-08-06	2025-06	YouTube Music	The Linden Hours	Low Orbit	DEX252400103	4065629100101	210	100	Song	NL	0	0.4140990000
2025-08-06	2025-06	YouTube Music	The Linden Hours	Low Orbit	DEX252400103	4065629100101	205	100	Song	SE	0	0.4296390000
2025-08-06	2025-06	YouTube Music	The Linden Hours	Low Orbit	DEX252400103	4065629100101	595	100	Song	US	0	1.1745300000
2025-08-06	2025-06	YouTube Music	The Linden Hours	Pale Hours	DEX252400104	4065629100101	170	100	Song	AT	0	0.3334380000
2025-08-06	2025-06	YouTube Music	The Linden Hours	Pale Hours	DEX252400104	4065629100101	620	100	Song	DE	0	1.3280400000
2025-08-06	2025-06	YouTube Music	The Linden Hours	Pale Hours	DEX252400104	4065629100101	255	100	Song	GB	0	0.5670945000
2025-08-06	2025-06	YouTube Music	The Linden Hours	Pale Hours	DEX252400104	4065629100101	160	100	Song	NL	0	0.3622080000
2025-08-06	2025-06	YouTube Music	The Linden Hours	Pale Hours	DEX252400104	4065629100101	105	100	Song	SE	0	0.2341710000
2025-08-06	2025-06	YouTube Music	The Linden Hours	Pale Hours	DEX252400104	4065629100101	390	100	Song	US	0	0.8632260000
2025-09-07	2025-07	Amazon Music	The Linden Hours	Glass Coast	DEX252400101	4065629100101	420	100	Song	AT	0	1.9372500000
2025-09-07	2025-07	Amazon Music	The Linden Hours	Glass Coast	DEX252400101	4065629100101	2055	100	Song	DE	0	8.8868475000
2025-09-07	2025-07	Amazon Music	The Linden Hours	Glass Coast	DEX252400101	4065629100101	680	100	Song	GB	0	3.1456800000
2025-09-07	2025-07	Amazon Music	The Linden Hours	Glass Coast	DEX252400101	4065629100101	460	100	Song	NL	0	1.9437300000
2025-09-07	2025-07	Amazon Music	The Linden Hours	Glass Coast	DEX252400101	4065629100101	270	100	Song	SE	0	1.1226600000
2025-09-07	2025-07	Amazon Music	The Linden Hours	Glass Coast	DEX252400101	4065629100101	945	100	Song	US	0	4.4778825000
2025-09-07	2025-07	Amazon Music	The Linden Hours	Northern Wire	DEX252400102	4065629100101	310	100	Song	AT	0	1.3559400000
2025-09-07	2025-07	Amazon Music	The Linden Hours	Northern Wire	DEX252400102	4065629100101	1490	100	Song	DE	0	6.2356500000
2025-09-07	2025-07	Amazon Music	The Linden Hours	Northern Wire	DEX252400102	4065629100101	370	100	Song	GB	0	1.7382600000
2025-09-07	2025-07	Amazon Music	The Linden Hours	Northern Wire	DEX252400102	4065629100101	230	100	Song	NL	0	1.0463850000
2025-09-07	2025-07	Amazon Music	The Linden Hours	Northern Wire	DEX252400102	4065629100101	285	100	Song	SE	0	1.3466250000
2025-09-07	2025-07	Amazon Music	The Linden Hours	Northern Wire	DEX252400102	4065629100101	570	100	Song	US	0	2.5111350000
2025-09-07	2025-07	Amazon Music	The Linden Hours	Low Orbit	DEX252400103	4065629100101	215	100	Song	AT	0	1.0216800000
2025-09-07	2025-07	Amazon Music	The Linden Hours	Low Orbit	DEX252400103	4065629100101	900	100	Song	DE	0	3.7584000000
2025-09-07	2025-07	Amazon Music	The Linden Hours	Low Orbit	DEX252400103	4065629100101	310	100	Song	GB	0	1.4591700000
2025-09-07	2025-07	Amazon Music	The Linden Hours	Low Orbit	DEX252400103	4065629100101	200	100	Song	NL	0	0.8460000000
2025-09-07	2025-07	Amazon Music	The Linden Hours	Low Orbit	DEX252400103	4065629100101	150	100	Song	SE	0	0.6466500000
2025-09-07	2025-07	Amazon Music	The Linden Hours	Low Orbit	DEX252400103	4065629100101	520	100	Song	US	0	2.4125400000
2025-09-07	2025-07	Amazon Music	The Linden Hours	Pale Hours	DEX252400104	4065629100101	170	100	Song	AT	0	0.7948350000
2025-09-07	2025-07	Amazon Music	The Linden Hours	Pale Hours	DEX252400104	4065629100101	560	100	Song	DE	0	2.5956000000
2025-09-07	2025-07	Amazon Music	The Linden Hours	Pale Hours	DEX252400104	4065629100101	220	100	Song	GB	0	0.9810900000
2025-09-07	2025-07	Amazon Music	The Linden Hours	Pale Hours	DEX252400104	4065629100101	140	100	Song	NL	0	0.5978700000
2025-09-07	2025-07	Amazon Music	The Linden Hours	Pale Hours	DEX252400104	4065629100101	115	100	Song	SE	0	0.4859325000
2025-09-07	2025-07	Amazon Music	The Linden Hours	Pale Hours	DEX252400104	4065629100101	320	100	Song	US	0	1.3896000000
2025-09-07	2025-07	Deezer	The Linden Hours	Glass Coast	DEX252400101	4065629100101	385	100	Song	AT	0	1.4553000000
2025-09-07	2025-07	Deezer	The Linden Hours	Glass Coast	DEX252400101	4065629100101	1555	100	Song	DE	0	5.8946940000
2025-09-07	2025-07	Deezer	The Linden Hours	Glass Coast	DEX252400101	4065629100101	545	100	Song	GB	0	1.9188360000
2025-09-07	2025-07	Deezer	The Linden Hours	Glass Coast	DEX252400101	4065629100101	255	100	Song	NL	0	0.8748540000
2025-09-07	2025-07	Deezer	The Linden Hours	Glass Coast	DEX252400101	4065629100101	280	100	Song	SE	0	1.0221120000
2025-09-07	2025-07	Deezer	The Linden Hours	Glass Coast	DEX252400101	4065629100101	720	100	Song	US	0	2.4364800000
2025-09-07	2025-07	Deezer	The Linden Hours	Northern Wire	DEX252400102	4065629100101	225	100	Song	AT	0	0.7597800000
2025-09-07	2025-07	Deezer	The Linden Hours	Northern Wire	DEX252400102	4065629100101	870	100	Song	DE	0	2.9284200000
2025-09-07	2025-07	Deezer	The Linden Hours	Northern Wire	DEX252400102	4065629100101	320	100	Song	GB	0	1.1750400000
2025-09-07	2025-07	Deezer	The Linden Hours	Northern Wire	DEX252400102	4065629100101	170	100	Song	NL	0	0.5905800000
2025-09-07	2025-07	Deezer	The Linden Hours	Northern Wire	DEX252400102	4065629100101	155	100	Song	SE	0	0.5161500000
2025-09-07	2025-07	Deezer	The Linden Hours	Northern Wire	DEX252400102	4065629100101	420	100	Song	US	0	1.5482880000
2025-09-07	2025-07	Deezer	The Linden Hours	Low Orbit	DEX252400103	4065629100101	195	100	Song	AT	0	0.7230600000
2025-09-07	2025-07	Deezer	The Linden Hours	Low Orbit	DEX252400103	4065629100101	665	100	Song	DE	0	2.3341500000
2025-09-07	2025-07	Deezer	The Linden Hours	Low Orbit	DEX252400103	4065629100101	230	100	Song	GB	0	0.8379360000
2025-09-07	2025-07	Deezer	The Linden Hours	Low Orbit	DEX252400103	4065629100101	150	100	Song	NL	0	0.5140800000
2025-09-07	2025-07	Deezer	The Linden Hours	Low Orbit	DEX252400103	4065629100101	140	100	Song	SE	0	0.4908960000
2025-09-07	2025-07	Deezer	The Linden Hours	Low Orbit	DEX252400103	4065629100101	360	100	Song	US	0	1.3970880000
2025-09-07	2025-07	Deezer	The Linden Hours	Pale Hours	DEX252400104	4065629100101	110	100	Song	AT	0	0.4110480000
2025-09-07	2025-07	Deezer	The Linden Hours	Pale Hours	DEX252400104	4065629100101	505	100	Song	DE	0	1.8361800000
2025-09-07	2025-07	Deezer	The Linden Hours	Pale Hours	DEX252400104	4065629100101	155	100	Song	GB	0	0.5524200000
2025-09-07	2025-07	Deezer	The Linden Hours	Pale Hours	DEX252400104	4065629100101	95	100	Song	NL	0	0.3204540000
2025-09-07	2025-07	Deezer	The Linden Hours	Pale Hours	DEX252400104	4065629100101	80	100	Song	SE	0	0.3072960000
2025-09-07	2025-07	Deezer	The Linden Hours	Pale Hours	DEX252400104	4065629100101	180	100	Song	US	0	0.6654960000
2025-09-07	2025-07	Spotify	The Linden Hours	Glass Coast	DEX252400101	4065629100101	3855	100	Song	AT	0	12.1879680000
2025-09-07	2025-07	Spotify	The Linden Hours	Glass Coast	DEX252400101	4065629100101	12535	100	Song	DE	0	38.3470720000
2025-09-07	2025-07	Spotify	The Linden Hours	Glass Coast	DEX252400101	4065629100101	4650	100	Song	GB	0	15.4752000000
2025-09-07	2025-07	Spotify	The Linden Hours	Glass Coast	DEX252400101	4065629100101	3235	100	Song	NL	0	9.6687680000
2025-09-07	2025-07	Spotify	The Linden Hours	Glass Coast	DEX252400101	4065629100101	2425	100	Song	SE	0	7.8531200000
2025-09-07	2025-07	Spotify	The Linden Hours	Glass Coast	DEX252400101	4065629100101	7525	100	Song	US	0	24.9468800000
2025-09-07	2025-07	Spotify	The Linden Hours	Northern Wire	DEX252400102	4065629100101	2010	100	Song	AT	0	6.2776320000
2025-09-07	2025-07	Spotify	The Linden Hours	Northern Wire	DEX252400102	4065629100101	8690	100	Song	DE	0	29.0593600000
2025-09-07	2025-07	Spotify	The Linden Hours	Northern Wire	DEX252400102	4065629100101	2850	100	Song	GB	0	8.5089600000
2025-09-07	2025-07	Spotify	The Linden Hours	Northern Wire	DEX252400102	4065629100101	1875	100	Song	NL	0	5.8680000000
2025-09-07	2025-07	Spotify	The Linden Hours	Northern Wire	DEX252400102	4065629100101	1505	100	Song	SE	0	4.4933280000
2025-09-07	2025-07	Spotify	The Linden Hours	Northern Wire	DEX252400102	4065629100101	3955	100	Song	US	0	12.0232000000
2025-09-07	2025-07	Spotify	The Linden Hours	Low Orbit	DEX252400103	4065629100101	1610	100	Song	AT	0	5.3065600000
2025-09-07	2025-07	Spotify	The Linden Hours	Low Orbit	DEX252400103	4065629100101	6870	100	Song	DE	0	20.2472640000
2025-09-07	2025-07	Spotify	The Linden Hours	Low Orbit	DEX252400103	4065629100101	2445	100	Song	GB	0	8.1760800000
2025-09-07	2025-07	Spotify	The Linden Hours	Low Orbit	DEX252400103	4065629100101	1390	100	Song	NL	0	4.7237760000
2025-09-07	2025-07	Spotify	The Linden Hours	Low Orbit	DEX252400103	4065629100101	1170	100	Song	SE	0	3.9985920000
2025-09-07	2025-07	Spotify	The Linden Hours	Low Orbit	DEX252400103	4065629100101	3785	100	Song	US	0	12.7297120000
2025-09-07	2025-07	Spotify	The Linden Hours	Pale Hours	DEX252400104	4065629100101	955	100	Song	AT	0	2.8329120000
2025-09-07	2025-07	Spotify	The Linden Hours	Pale Hours	DEX252400104	4065629100101	4055	100	Song	DE	0	13.2614720000
2025-09-07	2025-07	Spotify	The Linden Hours	Pale Hours	DEX252400104	4065629100101	1405	100	Song	GB	0	4.2352320000
2025-09-07	2025-07	Spotify	The Linden Hours	Pale Hours	DEX252400104	4065629100101	990	100	Song	NL	0	3.3042240000
2025-09-07	2025-07	Spotify	The Linden Hours	Pale Hours	DEX252400104	4065629100101	760	100	Song	SE	0	2.5463040000
2025-09-07	2025-07	Spotify	The Linden Hours	Pale Hours	DEX252400104	4065629100101	2575	100	Song	US	0	7.7208800000
2025-09-07	2025-07	Tidal	The Linden Hours	Glass Coast	DEX252400101	4065629100101	310	100	Song	AT	0	2.9529360000
2025-09-07	2025-07	Tidal	The Linden Hours	Glass Coast	DEX252400101	4065629100101	1190	100	Song	DE	0	12.0351840000
2025-09-07	2025-07	Tidal	The Linden Hours	Glass Coast	DEX252400101	4065629100101	405	100	Song	GB	0	4.1515740000
2025-09-07	2025-07	Tidal	The Linden Hours	Glass Coast	DEX252400101	4065629100101	220	100	Song	NL	0	2.1754040000
2025-09-07	2025-07	Tidal	The Linden Hours	Glass Coast	DEX252400101	4065629100101	185	100	Song	SE	0	1.7296020000
2025-09-07	2025-07	Tidal	The Linden Hours	Glass Coast	DEX252400101	4065629100101	640	100	Song	US	0	6.2469120000
2025-09-07	2025-07	Tidal	The Linden Hours	Northern Wire	DEX252400102	4065629100101	170	100	Song	AT	0	1.7609620000
2025-09-07	2025-07	Tidal	The Linden Hours	Northern Wire	DEX252400102	4065629100101	740	100	Song	DE	0	6.8894000000
2025-09-07	2025-07	Tidal	The Linden Hours	Northern Wire	DEX252400102	4065629100101	280	100	Song	GB	0	2.8482720000
2025-09-07	2025-07	Tidal	The Linden Hours	Northern Wire	DEX252400102	4065629100101	190	100	Song	NL	0	1.8620000000
2025-09-07	2025-07	Tidal	The Linden Hours	Northern Wire	DEX252400102	4065629100101	120	100	Song	SE	0	1.1089680000
2025-09-07	2025-07	Tidal	The Linden Hours	Northern Wire	DEX252400102	4065629100101	375	100	Song	US	0	3.7227750000
2025-09-07	2025-07	Tidal	The Linden Hours	Low Orbit	DEX252400103	4065629100101	145	100	Song	AT	0	1.4693140000
2025-09-07	2025-07	Tidal	The Linden Hours	Low Orbit	DEX252400103	4065629100101	655	100	Song	DE	0	6.0659550000
2025-09-07	2025-07	Tidal	The Linden Hours	Low Orbit	DEX252400103	4065629100101	220	100	Song	GB	0	2.2271480000
2025-09-07	2025-07	Tidal	The Linden Hours	Low Orbit	DEX252400103	4065629100101	140	100	Song	NL	0	1.2910520000
2025-09-07	2025-07	Tidal	The Linden Hours	Low Orbit	DEX252400103	4065629100101	105	100	Song	SE	0	1.0300290000
2025-09-07	2025-07	Tidal	The Linden Hours	Low Orbit	DEX252400103	4065629100101	270	100	Song	US	0	2.7095040000
2025-09-07	2025-07	Tidal	The Linden Hours	Pale Hours	DEX252400104	4065629100101	85	100	Song	AT	0	0.8338330000
2025-09-07	2025-07	Tidal	The Linden Hours	Pale Hours	DEX252400104	4065629100101	415	100	Song	DE	0	3.9571910000
2025-09-07	2025-07	Tidal	The Linden Hours	Pale Hours	DEX252400104	4065629100101	155	100	Song	GB	0	1.4627970000
2025-09-07	2025-07	Tidal	The Linden Hours	Pale Hours	DEX252400104	4065629100101	75	100	Song	NL	0	0.7688100000
2025-09-07	2025-07	Tidal	The Linden Hours	Pale Hours	DEX252400104	4065629100101	55	100	Song	SE	0	0.5142060000
2025-09-07	2025-07	Tidal	The Linden Hours	Pale Hours	DEX252400104	4065629100101	190	100	Song	US	0	1.8545520000
2025-09-07	2025-07	YouTube Music	The Linden Hours	Glass Coast	DEX252400101	4065629100101	520	100	Song	AT	0	1.1018280000
2025-09-07	2025-07	YouTube Music	The Linden Hours	Glass Coast	DEX252400101	4065629100101	2285	100	Song	DE	0	4.9712460000
2025-09-07	2025-07	YouTube Music	The Linden Hours	Glass Coast	DEX252400101	4065629100101	675	100	Song	GB	0	1.3551300000
2025-09-07	2025-07	YouTube Music	The Linden Hours	Glass Coast	DEX252400101	4065629100101	520	100	Song	NL	0	1.1203920000
2025-09-07	2025-07	YouTube Music	The Linden Hours	Glass Coast	DEX252400101	4065629100101	350	100	Song	SE	0	0.7092750000
2025-09-07	2025-07	YouTube Music	The Linden Hours	Glass Coast	DEX252400101	4065629100101	1055	100	Song	US	0	2.1268800000
2025-09-07	2025-07	YouTube Music	The Linden Hours	Northern Wire	DEX252400102	4065629100101	420	100	Song	AT	0	0.8132040000
2025-09-07	2025-07	YouTube Music	The Linden Hours	Northern Wire	DEX252400102	4065629100101	1375	100	Song	DE	0	3.0087750000
2025-09-07	2025-07	YouTube Music	The Linden Hours	Northern Wire	DEX252400102	4065629100101	465	100	Song	GB	0	0.9979830000
2025-09-07	2025-07	YouTube Music	The Linden Hours	Northern Wire	DEX252400102	4065629100101	285	100	Song	NL	0	0.6296220000
2025-09-07	2025-07	YouTube Music	The Linden Hours	Northern Wire	DEX252400102	4065629100101	255	100	Song	SE	0	0.5156865000
2025-09-07	2025-07	YouTube Music	The Linden Hours	Northern Wire	DEX252400102	4065629100101	695	100	Song	US	0	1.4989065000
2025-09-07	2025-07	YouTube Music	The Linden Hours	Low Orbit	DEX252400103	4065629100101	265	100	Song	AT	0	0.5587260000
2025-09-07	2025-07	YouTube Music	The Linden Hours	Low Orbit	DEX252400103	4065629100101	1090	100	Song	DE	0	2.1264810000
2025-09-07	2025-07	YouTube Music	The Linden Hours	Low Orbit	DEX252400103	4065629100101	365	100	Song	GB	0	0.8247540000
2025-09-07	2025-07	YouTube Music	The Linden Hours	Low Orbit	DEX252400103	4065629100101	260	100	Song	NL	0	0.5825820000
2025-09-07	2025-07	YouTube Music	The Linden Hours	Low Orbit	DEX252400103	4065629100101	190	100	Song	SE	0	0.4077780000
2025-09-07	2025-07	YouTube Music	The Linden Hours	Low Orbit	DEX252400103	4065629100101	470	100	Song	US	0	0.9337020000
2025-09-07	2025-07	YouTube Music	The Linden Hours	Pale Hours	DEX252400104	4065629100101	155	100	Song	AT	0	0.3355905000
2025-09-07	2025-07	YouTube Music	The Linden Hours	Pale Hours	DEX252400104	4065629100101	720	100	Song	DE	0	1.4016240000
2025-09-07	2025-07	YouTube Music	The Linden Hours	Pale Hours	DEX252400104	4065629100101	240	100	Song	GB	0	0.5246640000
2025-09-07	2025-07	YouTube Music	The Linden Hours	Pale Hours	DEX252400104	4065629100101	135	100	Song	NL	0	0.2840670000
2025-09-07	2025-07	YouTube Music	The Linden Hours	Pale Hours	DEX252400104	4065629100101	120	100	Song	SE	0	0.2691360000
2025-09-07	2025-07	YouTube Music	The Linden Hours	Pale Hours	DEX252400104	4065629100101	385	100	Song	US	0	0.7971810000
2025-10-06	2025-08	Amazon Music	The Linden Hours	Glass Coast	DEX252400101	4065629100101	390	100	Song	AT	0	1.7672850000
2025-10-06	2025-08	Amazon Music	The Linden Hours	Glass Coast	DEX252400101	4065629100101	1615	100	Song	DE	0	6.6933675000
2025-10-06	2025-08	Amazon Music	The Linden Hours	Glass Coast	DEX252400101	4065629100101	730	100	Song	GB	0	3.2422950000
2025-10-06	2025-08	Amazon Music	The Linden Hours	Glass Coast	DEX252400101	4065629100101	400	100	Song	NL	0	1.7262000000
2025-10-06	2025-08	Amazon Music	The Linden Hours	Glass Coast	DEX252400101	4065629100101	300	100	Song	SE	0	1.2730500000
2025-10-06	2025-08	Amazon Music	The Linden Hours	Glass Coast	DEX252400101	4065629100101	770	100	Song	US	0	3.2640300000
2025-10-06	2025-08	Amazon Music	The Linden Hours	Northern Wire	DEX252400102	4065629100101	270	100	Song	AT	0	1.2745350000
2025-10-06	2025-08	Amazon Music	The Linden Hours	Northern Wire	DEX252400102	4065629100101	1160	100	Song	DE	0	5.5384200000
2025-10-06	2025-08	Amazon Music	The Linden Hours	Northern Wire	DEX252400102	4065629100101	375	100	Song	GB	0	1.5946875000
2025-10-06	2025-08	Amazon Music	The Linden Hours	Northern Wire	DEX252400102	4065629100101	290	100	Song	NL	0	1.2710700000
2025-10-06	2025-08	Amazon Music	The Linden Hours	Northern Wire	DEX252400102	4065629100101	200	100	Song	SE	0	0.8937000000
2025-10-06	2025-08	Amazon Music	The Linden Hours	Northern Wire	DEX252400102	4065629100101	565	100	Song	US	0	2.6747100000
2025-10-06	2025-08	Amazon Music	The Linden Hours	Low Orbit	DEX252400103	4065629100101	225	100	Song	AT	0	1.0823625000
2025-10-06	2025-08	Amazon Music	The Linden Hours	Low Orbit	DEX252400103	4065629100101	770	100	Song	DE	0	3.4407450000
2025-10-06	2025-08	Amazon Music	The Linden Hours	Low Orbit	DEX252400103	4065629100101	305	100	Song	GB	0	1.2846600000
2025-10-06	2025-08	Amazon Music	The Linden Hours	Low Orbit	DEX252400103	4065629100101	220	100	Song	NL	0	0.9791100000
2025-10-06	2025-08	Amazon Music	The Linden Hours	Low Orbit	DEX252400103	4065629100101	155	100	Song	SE	0	0.6995925000
2025-10-06	2025-08	Amazon Music	The Linden Hours	Low Orbit	DEX252400103	4065629100101	415	100	Song	US	0	1.8021375000
2025-10-06	2025-08	Amazon Music	The Linden Hours	Pale Hours	DEX252400104	4065629100101	165	100	Song	AT	0	0.7194825000
2025-10-06	2025-08	Amazon Music	The Linden Hours	Pale Hours	DEX252400104	4065629100101	565	100	Song	DE	0	2.3848650000
2025-10-06	2025-08	Amazon Music	The Linden Hours	Pale Hours	DEX252400104	4065629100101	205	100	Song	GB	0	0.8579250000
2025-10-06	2025-08	Amazon Music	The Linden Hours	Pale Hours	DEX252400104	4065629100101	140	100	Song	NL	0	0.6684300000
2025-10-06	2025-08	Amazon Music	The Linden Hours	Pale Hours	DEX252400104	4065629100101	110	100	Song	SE	0	0.5182650000
2025-10-06	2025-08	Amazon Music	The Linden Hours	Pale Hours	DEX252400104	4065629100101	305	100	Song	US	0	1.4342625000
2025-10-06	2025-07	Apple Music	The Linden Hours	Glass Coast	DEX252400101	4065629100101	615	100	Song	AT	0	4.4232645000
2025-10-06	2025-07	Apple Music	The Linden Hours	Glass Coast	DEX252400101	4065629100101	3060	100	Song	DE	0	21.2263020000
2025-10-06	2025-07	Apple Music	The Linden Hours	Glass Coast	DEX252400101	4065629100101	990	100	Song	GB	0	7.1766090000
2025-10-06	2025-07	Apple Music	The Linden Hours	Glass Coast	DEX252400101	4065629100101	670	100	Song	NL	0	4.4620660000
2025-10-06	2025-07	Apple Music	The Linden Hours	Glass Coast	DEX252400101	4065629100101	470	100	Song	SE	0	3.3436740000
2025-10-06	2025-07	Apple Music	The Linden Hours	Glass Coast	DEX252400101	4065629100101	1325	100	Song	US	0	9.8496525000
2025-10-06	2025-07	Apple Music	The Linden Hours	Northern Wire	DEX252400102	4065629100101	505	100	Song	AT	0	3.5783290000
2025-10-06	2025-07	Apple Music	The Linden Hours	Northern Wire	DEX252400102	4065629100101	2165	100	Song	DE	0	15.4483575000
2025-10-06	2025-07	Apple Music	The Linden Hours	Northern Wire	DEX252400102	4065629100101	815	100	Song	GB	0	5.6707700000
2025-10-06	2025-07	Apple Music	The Linden Hours	Northern Wire	DEX252400102	4065629100101	485	100	Song	NL	0	3.3608560000
2025-10-06	2025-07	Apple Music	The Linden Hours	Northern Wire	DEX252400102	4065629100101	400	100	Song	SE	0	2.8598800000
2025-10-06	2025-07	Apple Music	The Linden Hours	Northern Wire	DEX252400102	4065629100101	1090	100	Song	US	0	8.3194250000
2025-10-06	2025-07	Apple Music	The Linden Hours	Low Orbit	DEX252400103	4065629100101	380	100	Song	AT	0	2.6575300000
2025-10-06	2025-07	Apple Music	The Linden Hours	Low Orbit	DEX252400103	4065629100101	1575	100	Song	DE	0	11.6745300000
2025-10-06	2025-07	Apple Music	The Linden Hours	Low Orbit	DEX252400103	4065629100101	450	100	Song	GB	0	3.0735900000
2025-10-06	2025-07	Apple Music	The Linden Hours	Low Orbit	DEX252400103	4065629100101	325	100	Song	NL	0	2.3305750000
2025-10-06	2025-07	Apple Music	The Linden Hours	Low Orbit	DEX252400103	4065629100101	275	100	Song	SE	0	1.8294925000
2025-10-06	2025-07	Apple Music	The Linden Hours	Low Orbit	DEX252400103	4065629100101	815	100	Song	US	0	6.1684090000
2025-10-06	2025-07	Apple Music	The Linden Hours	Pale Hours	DEX252400104	4065629100101	295	100	Song	AT	0	2.1217285000
2025-10-06	2025-07	Apple Music	The Linden Hours	Pale Hours	DEX252400104	4065629100101	880	100	Song	DE	0	6.6228800000
2025-10-06	2025-07	Apple Music	The Linden Hours	Pale Hours	DEX252400104	4065629100101	425	100	Song	GB	0	3.2498475000
2025-10-06	2025-07	Apple Music	The Linden Hours	Pale Hours	DEX252400104	4065629100101	220	100	Song	NL	0	1.5323220000
2025-10-06	2025-07	Apple Music	The Linden Hours	Pale Hours	DEX252400104	4065629100101	185	100	Song	SE	0	1.3568455000
2025-10-06	2025-07	Apple Music	The Linden Hours	Pale Hours	DEX252400104	4065629100101	550	100	Song	US	0	3.7566100000
2025-10-06	2025-08	Deezer	The Linden Hours	Glass Coast	DEX252400101	4065629100101	320	100	Song	AT	0	1.2384000000
2025-10-06	2025-08	Deezer	The Linden Hours	Glass Coast	DEX252400101	4065629100101	1160	100	Song	DE	0	3.9379680000
2025-10-06	2025-08	Deezer	The Linden Hours	Glass Coast	DEX252400101	4065629100101	465	100	Song	GB	0	1.5668640000
2025-10-06	2025-08	Deezer	The Linden Hours	Glass Coast	DEX252400101	4065629100101	330	100	Song	NL	0	1.1345400000
2025-10-06	2025-08	Deezer	The Linden Hours	Glass Coast	DEX252400101	4065629100101	230	100	Song	SE	0	0.7799760000
2025-10-06	2025-08	Deezer	The Linden Hours	Glass Coast	DEX252400101	4065629100101	680	100	Song	US	0	2.2692960000
2025-10-06	2025-08	Deezer	The Linden Hours	Northern Wire	DEX252400102	4065629100101	195	100	Song	AT	0	0.7090200000
2025-10-06	2025-08	Deezer	The Linden Hours	Northern Wire	DEX252400102	4065629100101	790	100	Song	DE	0	2.7729000000
2025-10-06	2025-08	Deezer	The Linden Hours	Northern Wire	DEX252400102	4065629100101	305	100	Song	GB	0	1.1561940000
2025-10-06	2025-08	Deezer	The Linden Hours	Northern Wire	DEX252400102	4065629100101	200	100	Song	NL	0	0.7077600000
2025-10-06	2025-08	Deezer	The Linden Hours	Northern Wire	DEX252400102	4065629100101	130	100	Song	SE	0	0.4731480000
2025-10-06	2025-08	Deezer	The Linden Hours	Northern Wire	DEX252400102	4065629100101	365	100	Song	US	0	1.3087440000
2025-10-06	2025-08	Deezer	The Linden Hours	Low Orbit	DEX252400103	4065629100101	160	100	Song	AT	0	0.5708160000
2025-10-06	2025-08	Deezer	The Linden Hours	Low Orbit	DEX252400103	4065629100101	785	100	Song	DE	0	2.6931780000
2025-10-06	2025-08	Deezer	The Linden Hours	Low Orbit	DEX252400103	4065629100101	205	100	Song	GB	0	0.7180740000
2025-10-06	2025-08	Deezer	The Linden Hours	Low Orbit	DEX252400103	4065629100101	130	100	Song	NL	0	0.4394520000
2025-10-06	2025-08	Deezer	The Linden Hours	Low Orbit	DEX252400103	4065629100101	100	100	Song	SE	0	0.3538800000
2025-10-06	2025-08	Deezer	The Linden Hours	Low Orbit	DEX252400103	4065629100101	290	100	Song	US	0	1.0742760000
2025-10-06	2025-08	Deezer	The Linden Hours	Pale Hours	DEX252400104	4065629100101	105	100	Song	AT	0	0.3647700000
2025-10-06	2025-08	Deezer	The Linden Hours	Pale Hours	DEX252400104	4065629100101	465	100	Song	DE	0	1.6622820000
2025-10-06	2025-08	Deezer	The Linden Hours	Pale Hours	DEX252400104	4065629100101	145	100	Song	GB	0	0.5366160000
2025-10-06	2025-08	Deezer	The Linden Hours	Pale Hours	DEX252400104	4065629100101	95	100	Song	NL	0	0.3207960000
2025-10-06	2025-08	Deezer	The Linden Hours	Pale Hours	DEX252400104	4065629100101	75	100	Song	SE	0	0.2524500000
2025-10-06	2025-08	Deezer	The Linden Hours	Pale Hours	DEX252400104	4065629100101	245	100	Song	US	0	0.9252180000
2025-10-06	2025-08	Spotify	The Linden Hours	Glass Coast	DEX252400101	4065629100101	3185	100	Song	AT	0	9.5091360000
2025-10-06	2025-08	Spotify	The Linden Hours	Glass Coast	DEX252400101	4065629100101	13635	100	Song	DE	0	43.2829440000
2025-10-06	2025-08	Spotify	The Linden Hours	Glass Coast	DEX252400101	4065629100101	3595	100	Song	GB	0	11.1243680000
2025-10-06	2025-08	Spotify	The Linden Hours	Glass Coast	DEX252400101	4065629100101	3235	100	Song	NL	0	10.7867840000
2025-10-06	2025-08	Spotify	The Linden Hours	Glass Coast	DEX252400101	4065629100101	2395	100	Song	SE	0	7.8709280000
2025-10-06	2025-08	Spotify	The Linden Hours	Glass Coast	DEX252400101	4065629100101	5935	100	Song	US	0	18.6121600000
2025-10-06	2025-08	Spotify	The Linden Hours	Northern Wire	DEX252400102	4065629100101	2300	100	Song	AT	0	7.2643200000
2025-10-06	2025-08	Spotify	The Linden Hours	Northern Wire	DEX252400102	4065629100101	10045	100	Song	DE	0	33.4940480000
2025-10-06	2025-08	Spotify	The Linden Hours	Northern Wire	DEX252400102	4065629100101	2945	100	Song	GB	0	8.9528000000
2025-10-06	2025-08	Spotify	The Linden Hours	Northern Wire	DEX252400102	4065629100101	1985	100	Song	NL	0	6.0661600000
2025-10-06	2025-08	Spotify	The Linden Hours	Northern Wire	DEX252400102	4065629100101	1430	100	Song	SE	0	4.5439680000
2025-10-06	2025-08	Spotify	The Linden Hours	Northern Wire	DEX252400102	4065629100101	4355	100	Song	US	0	14.0892960000
2025-10-06	2025-08	Spotify	The Linden Hours	Low Orbit	DEX252400103	4065629100101	1500	100	Song	AT	0	4.5168000000
2025-10-06	2025-08	Spotify	The Linden Hours	Low Orbit	DEX252400103	4065629100101	7330	100	Song	DE	0	24.3473280000
2025-10-06	2025-08	Spotify	The Linden Hours	Low Orbit	DEX252400103	4065629100101	2235	100	Song	GB	0	7.5096000000
2025-10-06	2025-08	Spotify	The Linden Hours	Low Orbit	DEX252400103	4065629100101	1560	100	Song	NL	0	5.1916800000
2025-10-06	2025-08	Spotify	The Linden Hours	Low Orbit	DEX252400103	4065629100101	1215	100	Song	SE	0	3.8102400000
2025-10-06	2025-08	Spotify	The Linden Hours	Low Orbit	DEX252400103	4065629100101	3385	100	Song	US	0	10.2470720000
2025-10-06	2025-08	Spotify	The Linden Hours	Pale Hours	DEX252400104	4065629100101	1040	100	Song	AT	0	3.1649280000
2025-10-06	2025-08	Spotify	The Linden Hours	Pale Hours	DEX252400104	4065629100101	4165	100	Song	DE	0	14.2609600000
2025-10-06	2025-08	Spotify	The Linden Hours	Pale Hours	DEX252400104	4065629100101	1590	100	Song	GB	0	4.8641280000
2025-10-06	2025-08	Spotify	The Linden Hours	Pale Hours	DEX252400104	4065629100101	1055	100	Song	NL	0	3.1801920000
2025-10-06	2025-08	Spotify	The Linden Hours	Pale Hours	DEX252400104	4065629100101	600	100	Song	SE	0	1.9660800000
2025-10-06	2025-08	Spotify	The Linden Hours	Pale Hours	DEX252400104	4065629100101	2385	100	Song	US	0	8.1662400000
2025-10-06	2025-08	Tidal	The Linden Hours	Glass Coast	DEX252400101	4065629100101	275	100	Song	AT	0	2.8351400000
2025-10-06	2025-08	Tidal	The Linden Hours	Glass Coast	DEX252400101	4065629100101	1175	100	Song	DE	0	11.6762100000
2025-10-06	2025-08	Tidal	The Linden Hours	Glass Coast	DEX252400101	4065629100101	355	100	Song	GB	0	3.6425130000
2025-10-06	2025-08	Tidal	The Linden Hours	Glass Coast	DEX252400101	4065629100101	205	100	Song	NL	0	2.0572160000
2025-10-06	2025-08	Tidal	The Linden Hours	Glass Coast	DEX252400101	4065629100101	195	100	Song	SE	0	1.7925180000
2025-10-06	2025-08	Tidal	The Linden Hours	Glass Coast	DEX252400101	4065629100101	475	100	Song	US	0	4.3477700000
2025-10-06	2025-08	Tidal	The Linden Hours	Northern Wire	DEX252400102	4065629100101	165	100	Song	AT	0	1.6509570000
2025-10-06	2025-08	Tidal	The Linden Hours	Northern Wire	DEX252400102	4065629100101	610	100	Song	DE	0	5.7209460000
2025-10-06	2025-08	Tidal	The Linden Hours	Northern Wire	DEX252400102	4065629100101	255	100	Song	GB	0	2.6214510000
2025-10-06	2025-08	Tidal	The Linden Hours	Northern Wire	DEX252400102	4065629100101	175	100	Song	NL	0	1.8419100000
2025-10-06	2025-08	Tidal	The Linden Hours	Northern Wire	DEX252400102	4065629100101	140	100	Song	SE	0	1.4598080000
2025-10-06	2025-08	Tidal	The Linden Hours	Northern Wire	DEX252400102	4065629100101	350	100	Song	US	0	3.5980700000
2025-10-06	2025-08	Tidal	The Linden Hours	Low Orbit	DEX252400103	4065629100101	145	100	Song	AT	0	1.4479990000
2025-10-06	2025-08	Tidal	The Linden Hours	Low Orbit	DEX252400103	4065629100101	555	100	Song	DE	0	5.6293650000
2025-10-06	2025-08	Tidal	The Linden Hours	Low Orbit	DEX252400103	4065629100101	210	100	Song	GB	0	1.9468680000
2025-10-06	2025-08	Tidal	The Linden Hours	Low Orbit	DEX252400103	4065629100101	125	100	Song	NL	0	1.2985000000
2025-10-06	2025-08	Tidal	The Linden Hours	Low Orbit	DEX252400103	4065629100101	105	100	Song	SE	0	1.0248840000
2025-10-06	2025-08	Tidal	The Linden Hours	Low Orbit	DEX252400103	4065629100101	270	100	Song	US	0	2.8497420000
2025-10-06	2025-08	Tidal	The Linden Hours	Pale Hours	DEX252400104	4065629100101	90	100	Song	AT	0	0.8114400000
2025-10-06	2025-08	Tidal	The Linden Hours	Pale Hours	DEX252400104	4065629100101	385	100	Song	DE	0	3.5428470000
2025-10-06	2025-08	Tidal	The Linden Hours	Pale Hours	DEX252400104	4065629100101	125	100	Song	GB	0	1.2801250000
2025-10-06	2025-08	Tidal	The Linden Hours	Pale Hours	DEX252400104	4065629100101	85	100	Song	NL	0	0.8221710000
2025-10-06	2025-08	Tidal	The Linden Hours	Pale Hours	DEX252400104	4065629100101	50	100	Song	SE	0	0.5189100000
2025-10-06	2025-08	Tidal	The Linden Hours	Pale Hours	DEX252400104	4065629100101	180	100	Song	US	0	1.7393040000
2025-10-06	2025-08	YouTube Music	The Linden Hours	Glass Coast	DEX252400101	4065629100101	490	100	Song	AT	0	1.0248840000
2025-10-06	2025-08	YouTube Music	The Linden Hours	Glass Coast	DEX252400101	4065629100101	2265	100	Song	DE	0	4.5377010000
2025-10-06	2025-08	YouTube Music	The Linden Hours	Glass Coast	DEX252400101	4065629100101	615	100	Song	GB	0	1.1998035000
2025-10-06	2025-08	YouTube Music	The Linden Hours	Glass Coast	DEX252400101	4065629100101	445	100	Song	NL	0	0.9064650000
2025-10-06	2025-08	YouTube Music	The Linden Hours	Glass Coast	DEX252400101	4065629100101	325	100	Song	SE	0	0.6483750000
2025-10-06	2025-08	YouTube Music	The Linden Hours	Glass Coast	DEX252400101	4065629100101	1005	100	Song	US	0	2.1674835000
2025-10-06	2025-08	YouTube Music	The Linden Hours	Northern Wire	DEX252400102	4065629100101	305	100	Song	AT	0	0.6891780000
2025-10-06	2025-08	YouTube Music	The Linden Hours	Northern Wire	DEX252400102	4065629100101	1185	100	Song	DE	0	2.6427870000
2025-10-06	2025-08	YouTube Music	The Linden Hours	Northern Wire	DEX252400102	4065629100101	480	100	Song	GB	0	0.9444960000
2025-10-06	2025-08	YouTube Music	The Linden Hours	Northern Wire	DEX252400102	4065629100101	250	100	Song	NL	0	0.5286750000
2025-10-06	2025-08	YouTube Music	The Linden Hours	Northern Wire	DEX252400102	4065629100101	225	100	Song	SE	0	0.5103000000
2025-10-06	2025-08	YouTube Music	The Linden Hours	Northern Wire	DEX252400102	4065629100101	575	100	Song	US	0	1.2268200000
2025-10-06	2025-08	YouTube Music	The Linden Hours	Low Orbit	DEX252400103	4065629100101	250	100	Song	AT	0	0.5218500000
2025-10-06	2025-08	YouTube Music	The Linden Hours	Low Orbit	DEX252400103	4065629100101	1110	100	Song	DE	0	2.4265710000
2025-10-06	2025-08	YouTube Music	The Linden Hours	Low Orbit	DEX252400103	4065629100101	310	100	Song	GB	0	0.6282150000
2025-10-06	2025-08	YouTube Music	The Linden Hours	Low Orbit	DEX252400103	4065629100101	235	100	Song	NL	0	0.4703055000
2025-10-06	2025-08	YouTube Music	The Linden Hours	Low Orbit	DEX252400103	4065629100101	190	100	Song	SE	0	0.3946110000
2025-10-06	2025-08	YouTube Music	The Linden Hours	Low Orbit	DEX252400103	4065629100101	380	100	Song	US	0	0.8506680000
2025-10-06	2025-08	YouTube Music	The Linden Hours	Pale Hours	DEX252400104	4065629100101	155	100	Song	AT	0	0.3251745000
2025-10-06	2025-08	YouTube Music	The Linden Hours	Pale Hours	DEX252400104	4065629100101	590	100	Song	DE	0	1.1411190000
2025-10-06	2025-08	YouTube Music	The Linden Hours	Pale Hours	DEX252400104	4065629100101	210	100	Song	GB	0	0.4339440000
2025-10-06	2025-08	YouTube Music	The Linden Hours	Pale Hours	DEX252400104	4065629100101	150	100	Song	NL	0	0.3143700000
2025-10-06	2025-08	YouTube Music	The Linden Hours	Pale Hours	DEX252400104	4065629100101	130	100	Song	SE	0	0.2517060000
2025-10-06	2025-08	YouTube Music	The Linden Hours	Pale Hours	DEX252400104	4065629100101	275	100	Song	US	0	0.6173475000
2025-11-06	2025-09	Amazon Music	The Linden Hours	Glass Coast	DEX252400101	4065629100101	425	100	Song	AT	0	2.0138625000
2025-11-06	2025-09	Amazon Music	The Linden Hours	Glass Coast	DEX252400101	4065629100101	1725	100	Song	DE	0	7.4752875000
2025-11-06	2025-09	Amazon Music	The Linden Hours	Glass Coast	DEX252400101	4065629100101	695	100	Song	GB	0	3.0993525000
2025-11-06	2025-09	Amazon Music	The Linden Hours	Glass Coast	DEX252400101	4065629100101	375	100	Song	NL	0	1.8022500000
2025-11-06	2025-09	Amazon Music	The Linden Hours	Glass Coast	DEX252400101	4065629100101	270	100	Song	SE	0	1.2939750000
2025-11-06	2025-09	Amazon Music	The Linden Hours	Glass Coast	DEX252400101	4065629100101	895	100	Song	US	0	4.2731775000
2025-11-06	2025-09	Amazon Music	The Linden Hours	Northern Wire	DEX252400102	4065629100101	300	100	Song	AT	0	1.3284000000
2025-11-06	2025-09	Amazon Music	The Linden Hours	Northern Wire	DEX252400102	4065629100101	1085	100	Song	DE	0	5.1315075000
2025-11-06	2025-09	Amazon Music	The Linden Hours	Northern Wire	DEX252400102	4065629100101	330	100	Song	GB	0	1.4879700000
2025-11-06	2025-09	Amazon Music	The Linden Hours	Northern Wire	DEX252400102	4065629100101	220	100	Song	NL	0	1.0583100000
2025-11-06	2025-09	Amazon Music	The Linden Hours	Northern Wire	DEX252400102	4065629100101	200	100	Song	SE	0	0.8352000000
2025-11-06	2025-09	Amazon Music	The Linden Hours	Northern Wire	DEX252400102	4065629100101	535	100	Song	US	0	2.5447275000
2025-11-06	2025-09	Amazon Music	The Linden Hours	Low Orbit	DEX252400103	4065629100101	180	100	Song	AT	0	0.8399700000
2025-11-06	2025-09	Amazon Music	The Linden Hours	Low Orbit	DEX252400103	4065629100101	715	100	Song	DE	0	3.0662775000
2025-11-06	2025-09	Amazon Music	The Linden Hours	Low Orbit	DEX252400103	4065629100101	275	100	Song	GB	0	1.1558250000
2025-11-06	2025-09	Amazon Music	The Linden Hours	Low Orbit	DEX252400103	4065629100101	185	100	Song	NL	0	0.8899425000
2025-11-06	2025-09	Amazon Music	The Linden Hours	Low Orbit	DEX252400103	4065629100101	155	100	Song	SE	0	0.6682050000
2025-11-06	2025-09	Amazon Music	The Linden Hours	Low Orbit	DEX252400103	4065629100101	405	100	Song	US	0	1.8498375000
2025-11-06	2025-09	Amazon Music	The Linden Hours	Pale Hours	DEX252400104	4065629100101	110	100	Song	AT	0	0.5004450000
2025-11-06	2025-09	Amazon Music	The Linden Hours	Pale Hours	DEX252400104	4065629100101	515	100	Song	DE	0	2.2966425000
2025-11-06	2025-09	Amazon Music	The Linden Hours	Pale Hours	DEX252400104	4065629100101	190	100	Song	GB	0	0.9174150000
2025-11-06	2025-09	Amazon Music	The Linden Hours	Pale Hours	DEX252400104	4065629100101	105	100	Song	NL	0	0.4805325000
2025-11-06	2025-09	Amazon Music	The Linden Hours	Pale Hours	DEX252400104	4065629100101	90	100	Song	SE	0	0.3738150000
2025-11-06	2025-09	Amazon Music	The Linden Hours	Pale Hours	DEX252400104	4065629100101	260	100	Song	US	0	1.1501100000
2025-11-06	2025-08	Apple Music	The Linden Hours	Glass Coast	DEX252400101	4065629100101	630	100	Song	AT	0	4.4595810000
2025-11-06	2025-08	Apple Music	The Linden Hours	Glass Coast	DEX252400101	4065629100101	2685	100	Song	DE	0	19.5972780000
2025-11-06	2025-08	Apple Music	The Linden Hours	Glass Coast	DEX252400101	4065629100101	1000	100	Song	GB	0	7.1781000000
2025-11-06	2025-08	Apple Music	The Linden Hours	Glass Coast	DEX252400101	4065629100101	605	100	Song	NL	0	4.3341595000
2025-11-06	2025-08	Apple Music	The Linden Hours	Glass Coast	DEX252400101	4065629100101	475	100	Song	SE	0	3.1364250000
2025-11-06	2025-08	Apple Music	The Linden Hours	Glass Coast	DEX252400101	4065629100101	1305	100	Song	US	0	8.8670835000
2025-11-06	2025-08	Apple Music	The Linden Hours	Northern Wire	DEX252400102	4065629100101	440	100	Song	AT	0	2.8897000000
2025-11-06	2025-08	Apple Music	The Linden Hours	Northern Wire	DEX252400102	4065629100101	1650	100	Song	DE	0	11.8555800000
2025-11-06	2025-08	Apple Music	The Linden Hours	Northern Wire	DEX252400102	4065629100101	655	100	Song	GB	0	4.3296155000
2025-11-06	2025-08	Apple Music	The Linden Hours	Northern Wire	DEX252400102	4065629100101	395	100	Song	NL	0	2.8774170000
2025-11-06	2025-08	Apple Music	The Linden Hours	Northern Wire	DEX252400102	4065629100101	315	100	Song	SE	0	2.2230810000
2025-11-06	2025-08	Apple Music	The Linden Hours	Northern Wire	DEX252400102	4065629100101	895	100	Song	US	0	5.8906215000
2025-11-06	2025-08	Apple Music	The Linden Hours	Low Orbit	DEX252400103	4065629100101	430	100	Song	AT	0	3.2575510000
2025-11-06	2025-08	Apple Music	The Linden Hours	Low Orbit	DEX252400103	4065629100101	1335	100	Song	DE	0	8.9192685000
2025-11-06	2025-08	Apple Music	The Linden Hours	Low Orbit	DEX252400103	4065629100101	490	100	Song	GB	0	3.3885460000
2025-11-06	2025-08	Apple Music	The Linden Hours	Low Orbit	DEX252400103	4065629100101	335	100	Song	NL	0	2.4141775000
2025-11-06	2025-08	Apple Music	The Linden Hours	Low Orbit	DEX252400103	4065629100101	240	100	Song	SE	0	1.6119840000
2025-11-06	2025-08	Apple Music	The Linden Hours	Low Orbit	DEX252400103	4065629100101	730	100	Song	US	0	5.0897060000
2025-11-06	2025-08	Apple Music	The Linden Hours	Pale Hours	DEX252400104	4065629100101	275	100	Song	AT	0	2.0481725000
2025-11-06	2025-08	Apple Music	The Linden Hours	Pale Hours	DEX252400104	4065629100101	965	100	Song	DE	0	6.6048460000
2025-11-06	2025-08	Apple Music	The Linden Hours	Pale Hours	DEX252400104	4065629100101	310	100	Song	GB	0	2.2692310000
2025-11-06	2025-08	Apple Music	The Linden Hours	Pale Hours	DEX252400104	4065629100101	250	100	Song	NL	0	1.6560750000
2025-11-06	2025-08	Apple Music	The Linden Hours	Pale Hours	DEX252400104	4065629100101	160	100	Song	SE	0	1.0689760000
2025-11-06	2025-08	Apple Music	The Linden Hours	Pale Hours	DEX252400104	4065629100101	375	100	Song	US	0	2.4708000000
2025-11-06	2025-09	Deezer	The Linden Hours	Glass Coast	DEX252400101	4065629100101	270	100	Song	AT	0	1.0215720000
2025-11-06	2025-09	Deezer	The Linden Hours	Glass Coast	DEX252400101	4065629100101	1360	100	Song	DE	0	4.7148480000
2025-11-06	2025-09	Deezer	The Linden Hours	Glass Coast	DEX252400101	4065629100101	455	100	Song	GB	0	1.5315300000
2025-11-06	2025-09	Deezer	The Linden Hours	Glass Coast	DEX252400101	4065629100101	295	100	Song	NL	0	1.1235960000
2025-11-06	2025-09	Deezer	The Linden Hours	Glass Coast	DEX252400101	4065629100101	190	100	Song	SE	0	0.6361200000
2025-11-06	2025-09	Deezer	The Linden Hours	Glass Coast	DEX252400101	4065629100101	600	100	Song	US	0	2.0412000000
2025-11-06	2025-09	Deezer	The Linden Hours	Northern Wire	DEX252400102	4065629100101	200	100	Song	AT	0	0.7754400000
2025-11-06	2025-09	Deezer	The Linden Hours	Northern Wire	DEX252400102	4065629100101	755	100	Song	DE	0	2.5848180000
2025-11-06	2025-09	Deezer	The Linden Hours	Northern Wire	DEX252400102	4065629100101	225	100	Song	GB	0	0.8334900000
2025-11-06	2025-09	Deezer	The Linden Hours	Northern Wire	DEX252400102	4065629100101	205	100	Song	NL	0	0.7365240000
2025-11-06	2025-09	Deezer	The Linden Hours	Northern Wire	DEX252400102	4065629100101	140	100	Song	SE	0	0.4793040000
2025-11-06	2025-09	Deezer	The Linden Hours	Northern Wire	DEX252400102	4065629100101	415	100	Song	US	0	1.4910120000
2025-11-06	2025-09	Deezer	The Linden Hours	Low Orbit	DEX252400103	4065629100101	175	100	Song	AT	0	0.6507900000
2025-11-06	2025-09	Deezer	The Linden Hours	Low Orbit	DEX252400103	4065629100101	570	100	Song	DE	0	2.0827800000
2025-11-06	2025-09	Deezer	The Linden Hours	Low Orbit	DEX252400103	4065629100101	215	100	Song	GB	0	0.8065080000
2025-11-06	2025-09	Deezer	The Linden Hours	Low Orbit	DEX252400103	4065629100101	135	100	Song	NL	0	0.4646160000
2025-11-06	2025-09	Deezer	The Linden Hours	Low Orbit	DEX252400103	4065629100101	100	100	Song	SE	0	0.3618000000
2025-11-06	2025-09	Deezer	The Linden Hours	Low Orbit	DEX252400103	4065629100101	300	100	Song	US	0	1.1350800000
2025-11-06	2025-09	Deezer	The Linden Hours	Pale Hours	DEX252400104	4065629100101	100	100	Song	AT	0	0.3808800000
2025-11-06	2025-09	Deezer	The Linden Hours	Pale Hours	DEX252400104	4065629100101	450	100	Song	DE	0	1.6767000000
2025-11-06	2025-09	Deezer	The Linden Hours	Pale Hours	DEX252400104	4065629100101	130	100	Song	GB	0	0.4474080000
2025-11-06	2025-09	Deezer	The Linden Hours	Pale Hours	DEX252400104	4065629100101	100	100	Song	NL	0	0.3798000000
2025-11-06	2025-09	Deezer	The Linden Hours	Pale Hours	DEX252400104	4065629100101	65	100	Song	SE	0	0.2251080000
2025-11-06	2025-09	Deezer	The Linden Hours	Pale Hours	DEX252400104	4065629100101	185	100	Song	US	0	0.6986340000
2025-11-06	2025-09	Spotify	The Linden Hours	Glass Coast	DEX252400101	4065629100101	3055	100	Song	AT	0	9.6977920000
2025-11-06	2025-09	Spotify	The Linden Hours	Glass Coast	DEX252400101	4065629100101	13280	100	Song	DE	0	44.4508160000
2025-11-06	2025-09	Spotify	The Linden Hours	Glass Coast	DEX252400101	4065629100101	4390	100	Song	GB	0	14.8206400000
2025-11-06	2025-09	Spotify	The Linden Hours	Glass Coast	DEX252400101	4065629100101	2455	100	Song	NL	0	8.1466720000
2025-11-06	2025-09	Spotify	The Linden Hours	Glass Coast	DEX252400101	4065629100101	2060	100	Song	SE	0	6.9743360000
2025-11-06	2025-09	Spotify	The Linden Hours	Glass Coast	DEX252400101	4065629100101	6915	100	Song	US	0	20.5569120000
2025-11-06	2025-09	Spotify	The Linden Hours	Northern Wire	DEX252400102	4065629100101	1800	100	Song	AT	0	5.4720000000
2025-11-06	2025-09	Spotify	The Linden Hours	Northern Wire	DEX252400102	4065629100101	8280	100	Song	DE	0	27.9532800000
2025-11-06	2025-09	Spotify	The Linden Hours	Northern Wire	DEX252400102	4065629100101	3030	100	Song	GB	0	9.0463680000
2025-11-06	2025-09	Spotify	The Linden Hours	Northern Wire	DEX252400102	4065629100101	1960	100	Song	NL	0	6.2845440000
2025-11-06	2025-09	Spotify	The Linden Hours	Northern Wire	DEX252400102	4065629100101	1225	100	Song	SE	0	3.7553600000
2025-11-06	2025-09	Spotify	The Linden Hours	Northern Wire	DEX252400102	4065629100101	3885	100	Song	US	0	12.6060480000
2025-11-06	2025-09	Spotify	The Linden Hours	Low Orbit	DEX252400103	4065629100101	1515	100	Song	AT	0	4.6443840000
2025-11-06	2025-09	Spotify	The Linden Hours	Low Orbit	DEX252400103	4065629100101	5405	100	Song	DE	0	17.4862560000
2025-11-06	2025-09	Spotify	The Linden Hours	Low Orbit	DEX252400103	4065629100101	1940	100	Song	GB	0	5.8913920000
2025-11-06	2025-09	Spotify	The Linden Hours	Low Orbit	DEX252400103	4065629100101	1465	100	Song	NL	0	4.8145760000
2025-11-06	2025-09	Spotify	The Linden Hours	Low Orbit	DEX252400103	4065629100101	915	100	Song	SE	0	2.7552480000
2025-11-06	2025-09	Spotify	The Linden Hours	Low Orbit	DEX252400103	4065629100101	3310	100	Song	US	0	11.0686400000
2025-11-06	2025-09	Spotify	The Linden Hours	Pale Hours	DEX252400104	4065629100101	925	100	Song	AT	0	2.8948800000
2025-11-06	2025-09	Spotify	The Linden Hours	Pale Hours	DEX252400104	4065629100101	3895	100	Song	DE	0	12.1025440000
2025-11-06	2025-09	Spotify	The Linden Hours	Pale Hours	DEX252400104	4065629100101	1330	100	Song	GB	0	4.4602880000
2025-11-06	2025-09	Spotify	The Linden Hours	Pale Hours	DEX252400104	4065629100101	905	100	Song	NL	0	2.8004320000
2025-11-06	2025-09	Spotify	The Linden Hours	Pale Hours	DEX252400104	4065629100101	605	100	Song	SE	0	1.9379360000
2025-11-06	2025-09	Spotify	The Linden Hours	Pale Hours	DEX252400104	4065629100101	1880	100	Song	US	0	5.7392640000
2025-11-06	2025-09	Tidal	The Linden Hours	Glass Coast	DEX252400101	4065629100101	240	100	Song	AT	0	2.3049600000
2025-11-06	2025-09	Tidal	The Linden Hours	Glass Coast	DEX252400101	4065629100101	1130	100	Song	DE	0	11.4172940000
2025-11-06	2025-09	Tidal	The Linden Hours	Glass Coast	DEX252400101	4065629100101	310	100	Song	GB	0	2.9012900000
2025-11-06	2025-09	Tidal	The Linden Hours	Glass Coast	DEX252400101	4065629100101	225	100	Song	NL	0	2.1454650000
2025-11-06	2025-09	Tidal	The Linden Hours	Glass Coast	DEX252400101	4065629100101	170	100	Song	SE	0	1.5960280000
2025-11-06	2025-09	Tidal	The Linden Hours	Glass Coast	DEX252400101	4065629100101	440	100	Song	US	0	4.1697040000
2025-11-06	2025-09	Tidal	The Linden Hours	Northern Wire	DEX252400102	4065629100101	180	100	Song	AT	0	1.6987320000
2025-11-06	2025-09	Tidal	The Linden Hours	Northern Wire	DEX252400102	4065629100101	730	100	Song	DE	0	7.1969240000
2025-11-06	2025-09	Tidal	The Linden Hours	Northern Wire	DEX252400102	4065629100101	240	100	Song	GB	0	2.1850080000
2025-11-06	2025-09	Tidal	The Linden Hours	Northern Wire	DEX252400102	4065629100101	140	100	Song	NL	0	1.3198640000
2025-11-06	2025-09	Tidal	The Linden Hours	Northern Wire	DEX252400102	4065629100101	125	100	Song	SE	0	1.1576250000
2025-11-06	2025-09	Tidal	The Linden Hours	Northern Wire	DEX252400102	4065629100101	320	100	Song	US	0	2.9854720000
2025-11-06	2025-09	Tidal	The Linden Hours	Low Orbit	DEX252400103	4065629100101	135	100	Song	AT	0	1.3044780000
2025-11-06	2025-09	Tidal	The Linden Hours	Low Orbit	DEX252400103	4065629100101	445	100	Song	DE	0	4.5441620000
2025-11-06	2025-09	Tidal	The Linden Hours	Low Orbit	DEX252400103	4065629100101	185	100	Song	GB	0	1.8492600000
2025-11-06	2025-09	Tidal	The Linden Hours	Low Orbit	DEX252400103	4065629100101	115	100	Song	NL	0	1.1112220000
2025-11-06	2025-09	Tidal	The Linden Hours	Low Orbit	DEX252400103	4065629100101	85	100	Song	SE	0	0.8713180000
2025-11-06	2025-09	Tidal	The Linden Hours	Low Orbit	DEX252400103	4065629100101	270	100	Song	US	0	2.7147960000
2025-11-06	2025-09	Tidal	The Linden Hours	Pale Hours	DEX252400104	4065629100101	95	100	Song	AT	0	0.9179660000
2025-11-06	2025-09	Tidal	The Linden Hours	Pale Hours	DEX252400104	4065629100101	285	100	Song	DE	0	2.9968890000
2025-11-06	2025-09	Tidal	The Linden Hours	Pale Hours	DEX252400104	4065629100101	125	100	Song	GB	0	1.2470500000
2025-11-06	2025-09	Tidal	The Linden Hours	Pale Hours	DEX252400104	4065629100101	70	100	Song	NL	0	0.7161840000
2025-11-06	2025-09	Tidal	The Linden Hours	Pale Hours	DEX252400104	4065629100101	50	100	Song	SE	0	0.4914700000
2025-11-06	2025-09	Tidal	The Linden Hours	Pale Hours	DEX252400104	4065629100101	190	100	Song	US	0	1.7428320000
2025-11-06	2025-09	YouTube Music	The Linden Hours	Glass Coast	DEX252400101	4065629100101	500	100	Song	AT	0	0.9954000000
2025-11-06	2025-09	YouTube Music	The Linden Hours	Glass Coast	DEX252400101	4065629100101	1875	100	Song	DE	0	3.7839375000
2025-11-06	2025-09	YouTube Music	The Linden Hours	Glass Coast	DEX252400101	4065629100101	650	100	Song	GB	0	1.4687400000
2025-11-06	2025-09	YouTube Music	The Linden Hours	Glass Coast	DEX252400101	4065629100101	440	100	Song	NL	0	0.8778000000
2025-11-06	2025-09	YouTube Music	The Linden Hours	Glass Coast	DEX252400101	4065629100101	320	100	Song	SE	0	0.6585600000
2025-11-06	2025-09	YouTube Music	The Linden Hours	Glass Coast	DEX252400101	4065629100101	955	100	Song	US	0	1.9613790000
2025-11-06	2025-09	YouTube Music	The Linden Hours	Northern Wire	DEX252400102	4065629100101	350	100	Song	AT	0	0.6997200000
2025-11-06	2025-09	YouTube Music	The Linden Hours	Northern Wire	DEX252400102	4065629100101	1420	100	Song	DE	0	3.1012800000
2025-11-06	2025-09	YouTube Music	The Linden Hours	Northern Wire	DEX252400102	4065629100101	420	100	Song	GB	0	0.8326080000
2025-11-06	2025-09	YouTube Music	The Linden Hours	Northern Wire	DEX252400102	4065629100101	240	100	Song	NL	0	0.5221440000
2025-11-06	2025-09	YouTube Music	The Linden Hours	Northern Wire	DEX252400102	4065629100101	205	100	Song	SE	0	0.4141410000
2025-11-06	2025-09	YouTube Music	The Linden Hours	Northern Wire	DEX252400102	4065629100101	685	100	Song	US	0	1.3349280000
2025-11-06	2025-09	YouTube Music	The Linden Hours	Low Orbit	DEX252400103	4065629100101	225	100	Song	AT	0	0.4753350000
2025-11-06	2025-09	YouTube Music	The Linden Hours	Low Orbit	DEX252400103	4065629100101	930	100	Song	DE	0	1.9393290000
2025-11-06	2025-09	YouTube Music	The Linden Hours	Low Orbit	DEX252400103	4065629100101	320	100	Song	GB	0	0.6545280000
2025-11-06	2025-09	YouTube Music	The Linden Hours	Low Orbit	DEX252400103	4065629100101	195	100	Song	NL	0	0.4193280000
2025-11-06	2025-09	YouTube Music	The Linden Hours	Low Orbit	DEX252400103	4065629100101	185	100	Song	SE	0	0.3803415000
2025-11-06	2025-09	YouTube Music	The Linden Hours	Low Orbit	DEX252400103	4065629100101	455	100	Song	US	0	0.9144135000
2025-11-06	2025-09	YouTube Music	The Linden Hours	Pale Hours	DEX252400104	4065629100101	155	100	Song	AT	0	0.3355905000
2025-11-06	2025-09	YouTube Music	The Linden Hours	Pale Hours	DEX252400104	4065629100101	640	100	Song	DE	0	1.3547520000
2025-11-06	2025-09	YouTube Music	The Linden Hours	Pale Hours	DEX252400104	4065629100101	215	100	Song	GB	0	0.4180890000
2025-11-06	2025-09	YouTube Music	The Linden Hours	Pale Hours	DEX252400104	4065629100101	135	100	Song	NL	0	0.2874690000
2025-11-06	2025-09	YouTube Music	The Linden Hours	Pale Hours	DEX252400104	4065629100101	95	100	Song	SE	0	0.1879290000
2025-11-06	2025-09	YouTube Music	The Linden Hours	Pale Hours	DEX252400104	4065629100101	290	100	Song	US	0	0.5803770000
2025-12-08	2025-10	Amazon Music	The Linden Hours	Glass Coast	DEX252400101	4065629100101	425	100	Song	AT	0	1.7805375000
2025-12-08	2025-10	Amazon Music	The Linden Hours	Glass Coast	DEX252400101	4065629100101	1880	100	Song	DE	0	8.1216000000
2025-12-08	2025-10	Amazon Music	The Linden Hours	Glass Coast	DEX252400101	4065629100101	620	100	Song	GB	0	2.9741400000
2025-12-08	2025-10	Amazon Music	The Linden Hours	Glass Coast	DEX252400101	4065629100101	370	100	Song	NL	0	1.7649000000
2025-12-08	2025-10	Amazon Music	The Linden Hours	Glass Coast	DEX252400101	4065629100101	255	100	Song	SE	0	1.0614375000
2025-12-08	2025-10	Amazon Music	The Linden Hours	Glass Coast	DEX252400101	4065629100101	660	100	Song	US	0	2.7947700000
2025-12-08	2025-10	Amazon Music	The Linden Hours	Northern Wire	DEX252400102	4065629100101	240	100	Song	AT	0	1.1534400000
2025-12-08	2025-10	Amazon Music	The Linden Hours	Northern Wire	DEX252400102	4065629100101	1100	100	Song	DE	0	4.7371500000
2025-12-08	2025-10	Amazon Music	The Linden Hours	Northern Wire	DEX252400102	4065629100101	375	100	Song	GB	0	1.6773750000
2025-12-08	2025-10	Amazon Music	The Linden Hours	Northern Wire	DEX252400102	4065629100101	260	100	Song	NL	0	1.1173500000
2025-12-08	2025-10	Amazon Music	The Linden Hours	Northern Wire	DEX252400102	4065629100101	160	100	Song	SE	0	0.7329600000
2025-12-08	2025-10	Amazon Music	The Linden Hours	Northern Wire	DEX252400102	4065629100101	565	100	Song	US	0	2.7103050000
2025-12-08	2025-10	Amazon Music	The Linden Hours	Low Orbit	DEX252400103	4065629100101	195	100	Song	AT	0	0.8397675000
2025-12-08	2025-10	Amazon Music	The Linden Hours	Low Orbit	DEX252400103	4065629100101	840	100	Song	DE	0	3.8707200000
2025-12-08	2025-10	Amazon Music	The Linden Hours	Low Orbit	DEX252400103	4065629100101	240	100	Song	GB	0	1.1469600000
2025-12-08	2025-10	Amazon Music	The Linden Hours	Low Orbit	DEX252400103	4065629100101	175	100	Song	NL	0	0.7245000000
2025-12-08	2025-10	Amazon Music	The Linden Hours	Low Orbit	DEX252400103	4065629100101	130	100	Song	SE	0	0.5867550000
2025-12-08	2025-10	Amazon Music	The Linden Hours	Low Orbit	DEX252400103	4065629100101	410	100	Song	US	0	1.9021950000
2025-12-08	2025-10	Amazon Music	The Linden Hours	Pale Hours	DEX252400104	4065629100101	125	100	Song	AT	0	0.5568750000
2025-12-08	2025-10	Amazon Music	The Linden Hours	Pale Hours	DEX252400104	4065629100101	505	100	Song	DE	0	2.3497650000
2025-12-08	2025-10	Amazon Music	The Linden Hours	Pale Hours	DEX252400104	4065629100101	145	100	Song	GB	0	0.6981750000
2025-12-08	2025-10	Amazon Music	The Linden Hours	Pale Hours	DEX252400104	4065629100101	115	100	Song	NL	0	0.5226750000
2025-12-08	2025-10	Amazon Music	The Linden Hours	Pale Hours	DEX252400104	4065629100101	80	100	Song	SE	0	0.3708000000
2025-12-08	2025-10	Amazon Music	The Linden Hours	Pale Hours	DEX252400104	4065629100101	280	100	Song	US	0	1.1818800000
2025-12-08	2025-09	Apple Music	The Linden Hours	Glass Coast	DEX252400101	4065629100101	645	100	Song	AT	0	4.2635145000
2025-12-08	2025-09	Apple Music	The Linden Hours	Glass Coast	DEX252400101	4065629100101	2925	100	Song	DE	0	21.3697575000
2025-12-08	2025-09	Apple Music	The Linden Hours	Glass Coast	DEX252400101	4065629100101	985	100	Song	GB	0	7.2172920000
2025-12-08	2025-09	Apple Music	The Linden Hours	Glass Coast	DEX252400101	4065629100101	585	100	Song	NL	0	3.8378340000
2025-12-08	2025-09	Apple Music	The Linden Hours	Glass Coast	DEX252400101	4065629100101	495	100	Song	SE	0	3.3176880000
2025-12-08	2025-09	Apple Music	The Linden Hours	Glass Coast	DEX252400101	4065629100101	1370	100	Song	US	0	10.2133500000
2025-12-08	2025-09	Apple Music	The Linden Hours	Northern Wire	DEX252400102	4065629100101	520	100	Song	AT	0	3.8544480000
2025-12-08	2025-09	Apple Music	The Linden Hours	Northern Wire	DEX252400102	4065629100101	1850	100	Song	DE	0	12.9511100000
2025-12-08	2025-09	Apple Music	The Linden Hours	Northern Wire	DEX252400102	4065629100101	460	100	Song	GB	0	3.4358320000
2025-12-08	2025-09	Apple Music	The Linden Hours	Northern Wire	DEX252400102	4065629100101	350	100	Song	NL	0	2.5943400000
2025-12-08	2025-09	Apple Music	The Linden Hours	Northern Wire	DEX252400102	4065629100101	315	100	Song	SE	0	2.2186080000
2025-12-08	2025-09	Apple Music	The Linden Hours	Northern Wire	DEX252400102	4065629100101	950	100	Song	US	0	6.2323800000
2025-12-08	2025-09	Apple Music	The Linden Hours	Low Orbit	DEX252400103	4065629100101	345	100	Song	AT	0	2.5646265000
2025-12-08	2025-09	Apple Music	The Linden Hours	Low Orbit	DEX252400103	4065629100101	1270	100	Song	DE	0	9.2424250000
2025-12-08	2025-09	Apple Music	The Linden Hours	Low Orbit	DEX252400103	4065629100101	480	100	Song	GB	0	3.2955360000
2025-12-08	2025-09	Apple Music	The Linden Hours	Low Orbit	DEX252400103	4065629100101	355	100	Song	NL	0	2.3339830000
2025-12-08	2025-09	Apple Music	The Linden Hours	Low Orbit	DEX252400103	4065629100101	235	100	Song	SE	0	1.6835165000
2025-12-08	2025-09	Apple Music	The Linden Hours	Low Orbit	DEX252400103	4065629100101	685	100	Song	US	0	4.9704970000
2025-12-08	2025-09	Apple Music	The Linden Hours	Pale Hours	DEX252400104	4065629100101	230	100	Song	AT	0	1.5464510000
2025-12-08	2025-09	Apple Music	The Linden Hours	Pale Hours	DEX252400104	4065629100101	820	100	Song	DE	0	5.9791940000
2025-12-08	2025-09	Apple Music	The Linden Hours	Pale Hours	DEX252400104	4065629100101	295	100	Song	GB	0	2.1342955000
2025-12-08	2025-09	Apple Music	The Linden Hours	Pale Hours	DEX252400104	4065629100101	155	100	Song	NL	0	1.0300680000
2025-12-08	2025-09	Apple Music	The Linden Hours	Pale Hours	DEX252400104	4065629100101	180	100	Song	SE	0	1.3061160000
2025-12-08	2025-09	Apple Music	The Linden Hours	Pale Hours	DEX252400104	4065629100101	430	100	Song	US	0	3.0163640000
2025-12-08	2025-10	Deezer	The Linden Hours	Glass Coast	DEX252400101	4065629100101	275	100	Song	AT	0	0.9226800000
2025-12-08	2025-10	Deezer	The Linden Hours	Glass Coast	DEX252400101	4065629100101	1300	100	Song	DE	0	4.9093200000
2025-12-08	2025-10	Deezer	The Linden Hours	Glass Coast	DEX252400101	4065629100101	445	100	Song	GB	0	1.5811740000
2025-12-08	2025-10	Deezer	The Linden Hours	Glass Coast	DEX252400101	4065629100101	295	100	Song	NL	0	1.0821780000
2025-12-08	2025-10	Deezer	The Linden Hours	Glass Coast	DEX252400101	4065629100101	260	100	Song	SE	0	0.9041760000
2025-12-08	2025-10	Deezer	The Linden Hours	Glass Coast	DEX252400101	4065629100101	610	100	Song	US	0	2.0664360000
2025-12-08	2025-10	Deezer	The Linden Hours	Northern Wire	DEX252400102	4065629100101	185	100	Song	AT	0	0.6380280000
2025-12-08	2025-10	Deezer	The Linden Hours	Northern Wire	DEX252400102	4065629100101	735	100	Song	DE	0	2.7783000000
2025-12-08	2025-10	Deezer	The Linden Hours	Northern Wire	DEX252400102	4065629100101	250	100	Song	GB	0	0.8703000000
2025-12-08	2025-10	Deezer	The Linden Hours	Northern Wire	DEX252400102	4065629100101	175	100	Song	NL	0	0.5852700000
2025-12-08	2025-10	Deezer	The Linden Hours	Northern Wire	DEX252400102	4065629100101	155	100	Song	SE	0	0.5384700000
2025-12-08	2025-10	Deezer	The Linden Hours	Northern Wire	DEX252400102	4065629100101	370	100	Song	US	0	1.3959360000
2025-12-08	2025-10	Deezer	The Linden Hours	Low Orbit	DEX252400103	4065629100101	145	100	Song	AT	0	0.5559300000
2025-12-08	2025-10	Deezer	The Linden Hours	Low Orbit	DEX252400103	4065629100101	645	100	Song	DE	0	2.3196780000
2025-12-08	2025-10	Deezer	The Linden Hours	Low Orbit	DEX252400103	4065629100101	205	100	Song	GB	0	0.6796980000
2025-12-08	2025-10	Deezer	The Linden Hours	Low Orbit	DEX252400103	4065629100101	120	100	Song	NL	0	0.4039200000
2025-12-08	2025-10	Deezer	The Linden Hours	Low Orbit	DEX252400103	4065629100101	110	100	Song	SE	0	0.4134240000
2025-12-08	2025-10	Deezer	The Linden Hours	Low Orbit	DEX252400103	4065629100101	310	100	Song	US	0	1.0579680000
2025-12-08	2025-10	Deezer	The Linden Hours	Pale Hours	DEX252400104	4065629100101	105	100	Song	AT	0	0.3693060000
2025-12-08	2025-10	Deezer	The Linden Hours	Pale Hours	DEX252400104	4065629100101	375	100	Song	DE	0	1.4431500000
2025-12-08	2025-10	Deezer	The Linden Hours	Pale Hours	DEX252400104	4065629100101	115	100	Song	GB	0	0.3916440000
2025-12-08	2025-10	Deezer	The Linden Hours	Pale Hours	DEX252400104	4065629100101	80	100	Song	NL	0	0.2741760000
2025-12-08	2025-10	Deezer	The Linden Hours	Pale Hours	DEX252400104	4065629100101	70	100	Song	SE	0	0.2482200000
2025-12-08	2025-10	Deezer	The Linden Hours	Pale Hours	DEX252400104	4065629100101	245	100	Song	US	0	0.9022860000
2025-12-08	2025-10	Spotify	The Linden Hours	Glass Coast	DEX252400101	4065629100101	3120	100	Song	AT	0	10.7028480000
2025-12-08	2025-10	Spotify	The Linden Hours	Glass Coast	DEX252400101	4065629100101	11640	100	Song	DE	0	36.6147840000
2025-12-08	2025-10	Spotify	The Linden Hours	Glass Coast	DEX252400101	4065629100101	3925	100	Song	GB	0	11.9696800000
2025-12-08	2025-10	Spotify	The Linden Hours	Glass Coast	DEX252400101	4065629100101	2675	100	Song	NL	0	8.8339200000
2025-12-08	2025-10	Spotify	The Linden Hours	Glass Coast	DEX252400101	4065629100101	2230	100	Song	SE	0	7.0075520000
2025-12-08	2025-10	Spotify	The Linden Hours	Glass Coast	DEX252400101	4065629100101	5710	100	Song	US	0	18.4547200000
2025-12-08	2025-10	Spotify	The Linden Hours	Northern Wire	DEX252400102	4065629100101	1835	100	Song	AT	0	5.6018880000
2025-12-08	2025-10	Spotify	The Linden Hours	Northern Wire	DEX252400102	4065629100101	8685	100	Song	DE	0	28.9592640000
2025-12-08	2025-10	Spotify	The Linden Hours	Northern Wire	DEX252400102	4065629100101	2525	100	Song	GB	0	8.4193600000
2025-12-08	2025-10	Spotify	The Linden Hours	Northern Wire	DEX252400102	4065629100101	1750	100	Song	NL	0	5.6280000000
2025-12-08	2025-10	Spotify	The Linden Hours	Northern Wire	DEX252400102	4065629100101	1175	100	Song	SE	0	3.5832800000
2025-12-08	2025-10	Spotify	The Linden Hours	Northern Wire	DEX252400102	4065629100101	3665	100	Song	US	0	11.3175200000
2025-12-08	2025-10	Spotify	The Linden Hours	Low Orbit	DEX252400103	4065629100101	1385	100	Song	AT	0	4.2281280000
2025-12-08	2025-10	Spotify	The Linden Hours	Low Orbit	DEX252400103	4065629100101	6535	100	Song	DE	0	21.7484800000
2025-12-08	2025-10	Spotify	The Linden Hours	Low Orbit	DEX252400103	4065629100101	2010	100	Song	GB	0	6.1425600000
2025-12-08	2025-10	Spotify	The Linden Hours	Low Orbit	DEX252400103	4065629100101	1205	100	Song	NL	0	3.8984160000
2025-12-08	2025-10	Spotify	The Linden Hours	Low Orbit	DEX252400103	4065629100101	945	100	Song	SE	0	2.9816640000
2025-12-08	2025-10	Spotify	The Linden Hours	Low Orbit	DEX252400103	4065629100101	3260	100	Song	US	0	10.0251520000
2025-12-08	2025-10	Spotify	The Linden Hours	Pale Hours	DEX252400104	4065629100101	730	100	Song	AT	0	2.2028480000
2025-12-08	2025-10	Spotify	The Linden Hours	Pale Hours	DEX252400104	4065629100101	3850	100	Song	DE	0	12.1475200000
2025-12-08	2025-10	Spotify	The Linden Hours	Pale Hours	DEX252400104	4065629100101	1360	100	Song	GB	0	4.3171840000
2025-12-08	2025-10	Spotify	The Linden Hours	Pale Hours	DEX252400104	4065629100101	885	100	Song	NL	0	2.9905920000
2025-12-08	2025-10	Spotify	The Linden Hours	Pale Hours	DEX252400104	4065629100101	595	100	Song	SE	0	1.8906720000
2025-12-08	2025-10	Spotify	The Linden Hours	Pale Hours	DEX252400104	4065629100101	1925	100	Song	US	0	6.3140000000
2025-12-08	2025-10	Tidal	The Linden Hours	Glass Coast	DEX252400101	4065629100101	270	100	Song	AT	0	2.7862380000
2025-12-08	2025-10	Tidal	The Linden Hours	Glass Coast	DEX252400101	4065629100101	940	100	Song	DE	0	9.6633880000
2025-12-08	2025-10	Tidal	The Linden Hours	Glass Coast	DEX252400101	4065629100101	300	100	Song	GB	0	3.1340400000
2025-12-08	2025-10	Tidal	The Linden Hours	Glass Coast	DEX252400101	4065629100101	230	100	Song	NL	0	2.3328900000
2025-12-08	2025-10	Tidal	The Linden Hours	Glass Coast	DEX252400101	4065629100101	205	100	Song	SE	0	1.9507390000
2025-12-08	2025-10	Tidal	The Linden Hours	Glass Coast	DEX252400101	4065629100101	475	100	Song	US	0	4.6689650000
2025-12-08	2025-10	Tidal	The Linden Hours	Northern Wire	DEX252400102	4065629100101	170	100	Song	AT	0	1.6926560000
2025-12-08	2025-10	Tidal	The Linden Hours	Northern Wire	DEX252400102	4065629100101	700	100	Song	DE	0	7.3607800000
2025-12-08	2025-10	Tidal	The Linden Hours	Northern Wire	DEX252400102	4065629100101	225	100	Song	GB	0	2.0550600000
2025-12-08	2025-10	Tidal	The Linden Hours	Northern Wire	DEX252400102	4065629100101	160	100	Song	NL	0	1.5209600000
2025-12-08	2025-10	Tidal	The Linden Hours	Northern Wire	DEX252400102	4065629100101	95	100	Song	SE	0	0.9831360000
2025-12-08	2025-10	Tidal	The Linden Hours	Northern Wire	DEX252400102	4065629100101	285	100	Song	US	0	2.8656180000
2025-12-08	2025-10	Tidal	The Linden Hours	Low Orbit	DEX252400103	4065629100101	100	100	Song	AT	0	0.9084600000
2025-12-08	2025-10	Tidal	The Linden Hours	Low Orbit	DEX252400103	4065629100101	525	100	Song	DE	0	4.7436900000
2025-12-08	2025-10	Tidal	The Linden Hours	Low Orbit	DEX252400103	4065629100101	200	100	Song	GB	0	2.0756400000
2025-12-08	2025-10	Tidal	The Linden Hours	Low Orbit	DEX252400103	4065629100101	100	100	Song	NL	0	0.9280600000
2025-12-08	2025-10	Tidal	The Linden Hours	Low Orbit	DEX252400103	4065629100101	90	100	Song	SE	0	0.8343720000
2025-12-08	2025-10	Tidal	The Linden Hours	Low Orbit	DEX252400103	4065629100101	265	100	Song	US	0	2.7787900000
2025-12-08	2025-10	Tidal	The Linden Hours	Pale Hours	DEX252400104	4065629100101	75	100	Song	AT	0	0.6828150000
2025-12-08	2025-10	Tidal	The Linden Hours	Pale Hours	DEX252400104	4065629100101	320	100	Song	DE	0	2.9415680000
2025-12-08	2025-10	Tidal	The Linden Hours	Pale Hours	DEX252400104	4065629100101	115	100	Song	GB	0	1.1484130000
2025-12-08	2025-10	Tidal	The Linden Hours	Pale Hours	DEX252400104	4065629100101	60	100	Song	NL	0	0.6085800000
2025-12-08	2025-10	Tidal	The Linden Hours	Pale Hours	DEX252400104	4065629100101	50	100	Song	SE	0	0.5149900000
2025-12-08	2025-10	Tidal	The Linden Hours	Pale Hours	DEX252400104	4065629100101	150	100	Song	US	0	1.5273300000
2025-12-08	2025-10	YouTube Music	The Linden Hours	Glass Coast	DEX252400101	4065629100101	525	100	Song	AT	0	1.1576250000
2025-12-08	2025-10	YouTube Music	The Linden Hours	Glass Coast	DEX252400101	4065629100101	1855	100	Song	DE	0	4.0669020000
2025-12-08	2025-10	YouTube Music	The Linden Hours	Glass Coast	DEX252400101	4065629100101	630	100	Song	GB	0	1.4209020000
2025-12-08	2025-10	YouTube Music	The Linden Hours	Glass Coast	DEX252400101	4065629100101	400	100	Song	NL	0	0.8257200000
2025-12-08	2025-10	YouTube Music	The Linden Hours	Glass Coast	DEX252400101	4065629100101	325	100	Song	SE	0	0.6654375000
2025-12-08	2025-10	YouTube Music	The Linden Hours	Glass Coast	DEX252400101	4065629100101	915	100	Song	US	0	1.9349505000
2025-12-08	2025-10	YouTube Music	The Linden Hours	Northern Wire	DEX252400102	4065629100101	300	100	Song	AT	0	0.6684300000
2025-12-08	2025-10	YouTube Music	The Linden Hours	Northern Wire	DEX252400102	4065629100101	1375	100	Song	DE	0	2.8326375000
2025-12-08	2025-10	YouTube Music	The Linden Hours	Northern Wire	DEX252400102	4065629100101	405	100	Song	GB	0	0.8181810000
2025-12-08	2025-10	YouTube Music	The Linden Hours	Northern Wire	DEX252400102	4065629100101	225	100	Song	NL	0	0.4758075000
2025-12-08	2025-10	YouTube Music	The Linden Hours	Northern Wire	DEX252400102	4065629100101	220	100	Song	SE	0	0.4652340000
2025-12-08	2025-10	YouTube Music	The Linden Hours	Northern Wire	DEX252400102	4065629100101	640	100	Song	US	0	1.2700800000
2025-12-08	2025-10	YouTube Music	The Linden Hours	Low Orbit	DEX252400103	4065629100101	210	100	Song	AT	0	0.4454100000
2025-12-08	2025-10	YouTube Music	The Linden Hours	Low Orbit	DEX252400103	4065629100101	1000	100	Song	DE	0	2.0538000000
2025-12-08	2025-10	YouTube Music	The Linden Hours	Low Orbit	DEX252400103	4065629100101	280	100	Song	GB	0	0.6091680000
2025-12-08	2025-10	YouTube Music	The Linden Hours	Low Orbit	DEX252400103	4065629100101	200	100	Song	NL	0	0.4405800000
2025-12-08	2025-10	YouTube Music	The Linden Hours	Low Orbit	DEX252400103	4065629100101	185	100	Song	SE	0	0.3958815000
2025-12-08	2025-10	YouTube Music	The Linden Hours	Low Orbit	DEX252400103	4065629100101	355	100	Song	US	0	0.7827750000
2025-12-08	2025-10	YouTube Music	The Linden Hours	Pale Hours	DEX252400104	4065629100101	155	100	Song	AT	0	0.3495870000
2025-12-08	2025-10	YouTube Music	The Linden Hours	Pale Hours	DEX252400104	4065629100101	620	100	Song	DE	0	1.3397580000
2025-12-08	2025-10	YouTube Music	The Linden Hours	Pale Hours	DEX252400104	4065629100101	210	100	Song	GB	0	0.4282110000
2025-12-08	2025-10	YouTube Music	The Linden Hours	Pale Hours	DEX252400104	4065629100101	110	100	Song	NL	0	0.2467080000
2025-12-08	2025-10	YouTube Music	The Linden Hours	Pale Hours	DEX252400104	4065629100101	85	100	Song	SE	0	0.1777860000
2025-12-08	2025-10	YouTube Music	The Linden Hours	Pale Hours	DEX252400104	4065629100101	255	100	Song	US	0	0.5376420000
2026-01-03	2025-11	Amazon Music	The Linden Hours	Glass Coast	DEX252400101	4065629100101	400	100	Song	AT	0	1.8630000000
2026-01-03	2025-11	Amazon Music	The Linden Hours	Glass Coast	DEX252400101	4065629100101	1380	100	Song	DE	0	6.1789500000
2026-01-03	2025-11	Amazon Music	The Linden Hours	Glass Coast	DEX252400101	4065629100101	560	100	Song	GB	0	2.5477200000
2026-01-03	2025-11	Amazon Music	The Linden Hours	Glass Coast	DEX252400101	4065629100101	350	100	Song	NL	0	1.6191000000
2026-01-03	2025-11	Amazon Music	The Linden Hours	Glass Coast	DEX252400101	4065629100101	265	100	Song	SE	0	1.1424150000
2026-01-03	2025-11	Amazon Music	The Linden Hours	Glass Coast	DEX252400101	4065629100101	750	100	Song	US	0	3.1758750000
2026-01-03	2025-11	Amazon Music	The Linden Hours	Northern Wire	DEX252400102	4065629100101	245	100	Song	AT	0	1.1256525000
2026-01-03	2025-11	Amazon Music	The Linden Hours	Northern Wire	DEX252400102	4065629100101	915	100	Song	DE	0	4.0722075000
2026-01-03	2025-11	Amazon Music	The Linden Hours	Northern Wire	DEX252400102	4065629100101	350	100	Song	GB	0	1.6821000000
2026-01-03	2025-11	Amazon Music	The Linden Hours	Northern Wire	DEX252400102	4065629100101	215	100	Song	NL	0	0.8939700000
2026-01-03	2025-11	Amazon Music	The Linden Hours	Northern Wire	DEX252400102	4065629100101	185	100	Song	SE	0	0.8491500000
2026-01-03	2025-11	Amazon Music	The Linden Hours	Northern Wire	DEX252400102	4065629100101	450	100	Song	US	0	2.0169000000
2026-01-03	2025-11	Amazon Music	The Linden Hours	Low Orbit	DEX252400103	4065629100101	175	100	Song	AT	0	0.7630875000
2026-01-03	2025-11	Amazon Music	The Linden Hours	Low Orbit	DEX252400103	4065629100101	760	100	Song	DE	0	3.4371000000
2026-01-03	2025-11	Amazon Music	The Linden Hours	Low Orbit	DEX252400103	4065629100101	270	100	Song	GB	0	1.1773350000
2026-01-03	2025-11	Amazon Music	The Linden Hours	Low Orbit	DEX252400103	4065629100101	180	100	Song	NL	0	0.8010900000
2026-01-03	2025-11	Amazon Music	The Linden Hours	Low Orbit	DEX252400103	4065629100101	135	100	Song	SE	0	0.5886675000
2026-01-03	2025-11	Amazon Music	The Linden Hours	Low Orbit	DEX252400103	4065629100101	385	100	Song	US	0	1.6857225000
2026-01-03	2025-11	Amazon Music	The Linden Hours	Pale Hours	DEX252400104	4065629100101	130	100	Song	AT	0	0.5926050000
2026-01-03	2025-11	Amazon Music	The Linden Hours	Pale Hours	DEX252400104	4065629100101	425	100	Song	DE	0	1.9526625000
2026-01-03	2025-11	Amazon Music	The Linden Hours	Pale Hours	DEX252400104	4065629100101	170	100	Song	GB	0	0.7099200000
2026-01-03	2025-11	Amazon Music	The Linden Hours	Pale Hours	DEX252400104	4065629100101	135	100	Song	NL	0	0.5607225000
2026-01-03	2025-11	Amazon Music	The Linden Hours	Pale Hours	DEX252400104	4065629100101	70	100	Song	SE	0	0.3042900000
2026-01-03	2025-11	Amazon Music	The Linden Hours	Pale Hours	DEX252400104	4065629100101	235	100	Song	US	0	0.9855900000
2026-01-03	2025-10	Apple Music	The Linden Hours	Glass Coast	DEX252400101	4065629100101	620	100	Song	AT	0	4.3755880000
2026-01-03	2025-10	Apple Music	The Linden Hours	Glass Coast	DEX252400101	4065629100101	2350	100	Song	DE	0	15.5837900000
2026-01-03	2025-10	Apple Music	The Linden Hours	Glass Coast	DEX252400101	4065629100101	835	100	Song	GB	0	6.2664245000
2026-01-03	2025-10	Apple Music	The Linden Hours	Glass Coast	DEX252400101	4065629100101	680	100	Song	NL	0	4.9197320000
2026-01-03	2025-10	Apple Music	The Linden Hours	Glass Coast	DEX252400101	4065629100101	500	100	Song	SE	0	3.8233500000
2026-01-03	2025-10	Apple Music	The Linden Hours	Glass Coast	DEX252400101	4065629100101	1080	100	Song	US	0	7.8980400000
2026-01-03	2025-10	Apple Music	The Linden Hours	Northern Wire	DEX252400102	4065629100101	420	100	Song	AT	0	2.8179900000
2026-01-03	2025-10	Apple Music	The Linden Hours	Northern Wire	DEX252400102	4065629100101	1555	100	Song	DE	0	11.6477275000
2026-01-03	2025-10	Apple Music	The Linden Hours	Northern Wire	DEX252400102	4065629100101	595	100	Song	GB	0	4.5244395000
2026-01-03	2025-10	Apple Music	The Linden Hours	Northern Wire	DEX252400102	4065629100101	380	100	Song	NL	0	2.8436920000
2026-01-03	2025-10	Apple Music	The Linden Hours	Northern Wire	DEX252400102	4065629100101	290	100	Song	SE	0	1.9601680000
2026-01-03	2025-10	Apple Music	The Linden Hours	Northern Wire	DEX252400102	4065629100101	1055	100	Song	US	0	7.8874965000
2026-01-03	2025-10	Apple Music	The Linden Hours	Low Orbit	DEX252400103	4065629100101	310	100	Song	AT	0	2.3550700000
2026-01-03	2025-10	Apple Music	The Linden Hours	Low Orbit	DEX252400103	4065629100101	1335	100	Song	DE	0	10.0187745000
2026-01-03	2025-10	Apple Music	The Linden Hours	Low Orbit	DEX252400103	4065629100101	425	100	Song	GB	0	2.8364500000
2026-01-03	2025-10	Apple Music	The Linden Hours	Low Orbit	DEX252400103	4065629100101	335	100	Song	NL	0	2.2786030000
2026-01-03	2025-10	Apple Music	The Linden Hours	Low Orbit	DEX252400103	4065629100101	195	100	Song	SE	0	1.4412645000
2026-01-03	2025-10	Apple Music	The Linden Hours	Low Orbit	DEX252400103	4065629100101	620	100	Song	US	0	4.6749240000
2026-01-03	2025-10	Apple Music	The Linden Hours	Pale Hours	DEX252400104	4065629100101	180	100	Song	AT	0	1.3482900000
2026-01-03	2025-10	Apple Music	The Linden Hours	Pale Hours	DEX252400104	4065629100101	735	100	Song	DE	0	5.5785765000
2026-01-03	2025-10	Apple Music	The Linden Hours	Pale Hours	DEX252400104	4065629100101	275	100	Song	GB	0	1.8177775000
2026-01-03	2025-10	Apple Music	The Linden Hours	Pale Hours	DEX252400104	4065629100101	175	100	Song	NL	0	1.1443425000
2026-01-03	2025-10	Apple Music	The Linden Hours	Pale Hours	DEX252400104	4065629100101	135	100	Song	SE	0	0.9661680000
2026-01-03	2025-10	Apple Music	The Linden Hours	Pale Hours	DEX252400104	4065629100101	440	100	Song	US	0	3.3145640000
2026-01-03	2025-11	Deezer	The Linden Hours	Glass Coast	DEX252400101	4065629100101	295	100	Song	AT	0	1.0896120000
2026-01-03	2025-11	Deezer	The Linden Hours	Glass Coast	DEX252400101	4065629100101	1015	100	Song	DE	0	3.8732400000
2026-01-03	2025-11	Deezer	The Linden Hours	Glass Coast	DEX252400101	4065629100101	380	100	Song	GB	0	1.3078080000
2026-01-03	2025-11	Deezer	The Linden Hours	Glass Coast	DEX252400101	4065629100101	265	100	Song	NL	0	0.9711720000
2026-01-03	2025-11	Deezer	The Linden Hours	Glass Coast	DEX252400101	4065629100101	200	100	Song	SE	0	0.7696800000
2026-01-03	2025-11	Deezer	The Linden Hours	Glass Coast	DEX252400101	4065629100101	505	100	Song	US	0	1.7361900000
2026-01-03	2025-11	Deezer	The Linden Hours	Northern Wire	DEX252400102	4065629100101	185	100	Song	AT	0	0.6473520000
2026-01-03	2025-11	Deezer	The Linden Hours	Northern Wire	DEX252400102	4065629100101	720	100	Song	DE	0	2.4131520000
2026-01-03	2025-11	Deezer	The Linden Hours	Northern Wire	DEX252400102	4065629100101	220	100	Song	GB	0	0.7935840000
2026-01-03	2025-11	Deezer	The Linden Hours	Northern Wire	DEX252400102	4065629100101	145	100	Song	NL	0	0.5298300000
2026-01-03	2025-11	Deezer	The Linden Hours	Northern Wire	DEX252400102	4065629100101	120	100	Song	SE	0	0.4432320000
2026-01-03	2025-11	Deezer	The Linden Hours	Northern Wire	DEX252400102	4065629100101	440	100	Song	US	0	1.5444000000
2026-01-03	2025-11	Deezer	The Linden Hours	Low Orbit	DEX252400103	4065629100101	130	100	Song	AT	0	0.4764240000
2026-01-03	2025-11	Deezer	The Linden Hours	Low Orbit	DEX252400103	4065629100101	550	100	Song	DE	0	1.9839600000
2026-01-03	2025-11	Deezer	The Linden Hours	Low Orbit	DEX252400103	4065629100101	190	100	Song	GB	0	0.6395400000
2026-01-03	2025-11	Deezer	The Linden Hours	Low Orbit	DEX252400103	4065629100101	85	100	Song	NL	0	0.3295620000
2026-01-03	2025-11	Deezer	The Linden Hours	Low Orbit	DEX252400103	4065629100101	95	100	Song	SE	0	0.3587580000
2026-01-03	2025-11	Deezer	The Linden Hours	Low Orbit	DEX252400103	4065629100101	295	100	Song	US	0	1.1087280000
2026-01-03	2025-11	Deezer	The Linden Hours	Pale Hours	DEX252400104	4065629100101	85	100	Song	AT	0	0.2971260000
2026-01-03	2025-11	Deezer	The Linden Hours	Pale Hours	DEX252400104	4065629100101	355	100	Song	DE	0	1.3380660000
2026-01-03	2025-11	Deezer	The Linden Hours	Pale Hours	DEX252400104	4065629100101	135	100	Song	GB	0	0.4757940000
2026-01-03	2025-11	Deezer	The Linden Hours	Pale Hours	DEX252400104	4065629100101	70	100	Song	NL	0	0.2472120000
2026-01-03	2025-11	Deezer	The Linden Hours	Pale Hours	DEX252400104	4065629100101	60	100	Song	SE	0	0.2060640000
2026-01-03	2025-11	Deezer	The Linden Hours	Pale Hours	DEX252400104	4065629100101	180	100	Song	US	0	0.6013440000
2026-01-03	2025-11	Spotify	The Linden Hours	Glass Coast	DEX252400101	4065629100101	2500	100	Song	AT	0	7.7040000000
2026-01-03	2025-11	Spotify	The Linden Hours	Glass Coast	DEX252400101	4065629100101	11180	100	Song	DE	0	33.5936640000
2026-01-03	2025-11	Spotify	The Linden Hours	Glass Coast	DEX252400101	4065629100101	3810	100	Song	GB	0	12.2773440000
2026-01-03	2025-11	Spotify	The Linden Hours	Glass Coast	DEX252400101	4065629100101	2590	100	Song	NL	0	8.0227840000
2026-01-03	2025-11	Spotify	The Linden Hours	Glass Coast	DEX252400101	4065629100101	1855	100	Song	SE	0	5.6688800000
2026-01-03	2025-11	Spotify	The Linden Hours	Glass Coast	DEX252400101	4065629100101	5555	100	Song	US	0	18.4337120000
2026-01-03	2025-11	Spotify	The Linden Hours	Northern Wire	DEX252400102	4065629100101	2030	100	Song	AT	0	6.7623360000
2026-01-03	2025-11	Spotify	The Linden Hours	Northern Wire	DEX252400102	4065629100101	7640	100	Song	DE	0	25.9393280000
2026-01-03	2025-11	Spotify	The Linden Hours	Northern Wire	DEX252400102	4065629100101	2605	100	Song	GB	0	8.4276960000
2026-01-03	2025-11	Spotify	The Linden Hours	Northern Wire	DEX252400102	4065629100101	1635	100	Song	NL	0	5.4936000000
2026-01-03	2025-11	Spotify	The Linden Hours	Northern Wire	DEX252400102	4065629100101	1305	100	Song	SE	0	4.2302880000
2026-01-03	2025-11	Spotify	The Linden Hours	Northern Wire	DEX252400102	4065629100101	3845	100	Song	US	0	12.2055680000
2026-01-03	2025-11	Spotify	The Linden Hours	Low Orbit	DEX252400103	4065629100101	1100	100	Song	AT	0	3.4284800000
2026-01-03	2025-11	Spotify	The Linden Hours	Low Orbit	DEX252400103	4065629100101	5015	100	Song	DE	0	16.4331520000
2026-01-03	2025-11	Spotify	The Linden Hours	Low Orbit	DEX252400103	4065629100101	1875	100	Song	GB	0	5.6460000000
2026-01-03	2025-11	Spotify	The Linden Hours	Low Orbit	DEX252400103	4065629100101	1190	100	Song	NL	0	3.6214080000
2026-01-03	2025-11	Spotify	The Linden Hours	Low Orbit	DEX252400103	4065629100101	965	100	Song	SE	0	3.2207840000
2026-01-03	2025-11	Spotify	The Linden Hours	Low Orbit	DEX252400103	4065629100101	2740	100	Song	US	0	9.2151680000
2026-01-03	2025-11	Spotify	The Linden Hours	Pale Hours	DEX252400104	4065629100101	990	100	Song	AT	0	3.2757120000
2026-01-03	2025-11	Spotify	The Linden Hours	Pale Hours	DEX252400104	4065629100101	3885	100	Song	DE	0	13.3022400000
2026-01-03	2025-11	Spotify	The Linden Hours	Pale Hours	DEX252400104	4065629100101	1160	100	Song	GB	0	3.5115520000
2026-01-03	2025-11	Spotify	The Linden Hours	Pale Hours	DEX252400104	4065629100101	860	100	Song	NL	0	2.5373440000
2026-01-03	2025-11	Spotify	The Linden Hours	Pale Hours	DEX252400104	4065629100101	610	100	Song	SE	0	1.9051520000
2026-01-03	2025-11	Spotify	The Linden Hours	Pale Hours	DEX252400104	4065629100101	1790	100	Song	US	0	5.4301440000
2026-01-03	2025-11	Tidal	The Linden Hours	Glass Coast	DEX252400101	4065629100101	195	100	Song	AT	0	1.7867850000
2026-01-03	2025-11	Tidal	The Linden Hours	Glass Coast	DEX252400101	4065629100101	955	100	Song	DE	0	9.5274620000
2026-01-03	2025-11	Tidal	The Linden Hours	Glass Coast	DEX252400101	4065629100101	350	100	Song	GB	0	3.5191800000
2026-01-03	2025-11	Tidal	The Linden Hours	Glass Coast	DEX252400101	4065629100101	205	100	Song	NL	0	2.0431530000
2026-01-03	2025-11	Tidal	The Linden Hours	Glass Coast	DEX252400101	4065629100101	155	100	Song	SE	0	1.5372280000
2026-01-03	2025-11	Tidal	The Linden Hours	Glass Coast	DEX252400101	4065629100101	485	100	Song	US	0	5.0904630000
2026-01-03	2025-11	Tidal	The Linden Hours	Northern Wire	DEX252400102	4065629100101	185	100	Song	AT	0	1.6788380000
2026-01-03	2025-11	Tidal	The Linden Hours	Northern Wire	DEX252400102	4065629100101	585	100	Song	DE	0	5.4291510000
2026-01-03	2025-11	Tidal	The Linden Hours	Northern Wire	DEX252400102	4065629100101	235	100	Song	GB	0	2.3882110000
2026-01-03	2025-11	Tidal	The Linden Hours	Northern Wire	DEX252400102	4065629100101	115	100	Song	NL	0	1.0458560000
2026-01-03	2025-11	Tidal	The Linden Hours	Northern Wire	DEX252400102	4065629100101	100	100	Song	SE	0	0.9408000000
2026-01-03	2025-11	Tidal	The Linden Hours	Northern Wire	DEX252400102	4065629100101	275	100	Song	US	0	2.5979800000
2026-01-03	2025-11	Tidal	The Linden Hours	Low Orbit	DEX252400103	4065629100101	125	100	Song	AT	0	1.3181000000
2026-01-03	2025-11	Tidal	The Linden Hours	Low Orbit	DEX252400103	4065629100101	510	100	Song	DE	0	4.6431420000
2026-01-03	2025-11	Tidal	The Linden Hours	Low Orbit	DEX252400103	4065629100101	170	100	Song	GB	0	1.5477140000
2026-01-03	2025-11	Tidal	The Linden Hours	Low Orbit	DEX252400103	4065629100101	105	100	Song	NL	0	1.0650150000
2026-01-03	2025-11	Tidal	The Linden Hours	Low Orbit	DEX252400103	4065629100101	80	100	Song	SE	0	0.7440160000
2026-01-03	2025-11	Tidal	The Linden Hours	Low Orbit	DEX252400103	4065629100101	220	100	Song	US	0	2.0589800000
2026-01-03	2025-11	Tidal	The Linden Hours	Pale Hours	DEX252400104	4065629100101	80	100	Song	AT	0	0.7314720000
2026-01-03	2025-11	Tidal	The Linden Hours	Pale Hours	DEX252400104	4065629100101	315	100	Song	DE	0	2.9141280000
2026-01-03	2025-11	Tidal	The Linden Hours	Pale Hours	DEX252400104	4065629100101	105	100	Song	GB	0	0.9898980000
2026-01-03	2025-11	Tidal	The Linden Hours	Pale Hours	DEX252400104	4065629100101	65	100	Song	NL	0	0.6567470000
2026-01-03	2025-11	Tidal	The Linden Hours	Pale Hours	DEX252400104	4065629100101	45	100	Song	SE	0	0.4260060000
2026-01-03	2025-11	Tidal	The Linden Hours	Pale Hours	DEX252400104	4065629100101	185	100	Song	US	0	1.8891460000
2026-01-03	2025-11	YouTube Music	The Linden Hours	Glass Coast	DEX252400101	4065629100101	430	100	Song	AT	0	0.9463440000
2026-01-03	2025-11	YouTube Music	The Linden Hours	Glass Coast	DEX252400101	4065629100101	1635	100	Song	DE	0	3.5159040000
2026-01-03	2025-11	YouTube Music	The Linden Hours	Glass Coast	DEX252400101	4065629100101	645	100	Song	GB	0	1.3626270000
2026-01-03	2025-11	YouTube Music	The Linden Hours	Glass Coast	DEX252400101	4065629100101	325	100	Song	NL	0	0.6859125000
2026-01-03	2025-11	YouTube Music	The Linden Hours	Glass Coast	DEX252400101	4065629100101	260	100	Song	SE	0	0.5105100000
2026-01-03	2025-11	YouTube Music	The Linden Hours	Glass Coast	DEX252400101	4065629100101	840	100	Song	US	0	1.7939880000
2026-01-03	2025-11	YouTube Music	The Linden Hours	Northern Wire	DEX252400102	4065629100101	235	100	Song	AT	0	0.4999155000
2026-01-03	2025-11	YouTube Music	The Linden Hours	Northern Wire	DEX252400102	4065629100101	1260	100	Song	DE	0	2.4554880000
2026-01-03	2025-11	YouTube Music	The Linden Hours	Northern Wire	DEX252400102	4065629100101	410	100	Song	GB	0	0.9014670000
2026-01-03	2025-11	YouTube Music	The Linden Hours	Northern Wire	DEX252400102	4065629100101	220	100	Song	NL	0	0.4620000000
2026-01-03	2025-11	YouTube Music	The Linden Hours	Northern Wire	DEX252400102	4065629100101	220	100	Song	SE	0	0.4268880000
2026-01-03	2025-11	YouTube Music	The Linden Hours	Northern Wire	DEX252400102	4065629100101	495	100	Song	US	0	1.0353420000
2026-01-03	2025-11	YouTube Music	The Linden Hours	Low Orbit	DEX252400103	4065629100101	155	100	Song	AT	0	0.3167115000
2026-01-03	2025-11	YouTube Music	The Linden Hours	Low Orbit	DEX252400103	4065629100101	700	100	Song	DE	0	1.4641200000
2026-01-03	2025-11	YouTube Music	The Linden Hours	Low Orbit	DEX252400103	4065629100101	305	100	Song	GB	0	0.6859755000
2026-01-03	2025-11	YouTube Music	The Linden Hours	Low Orbit	DEX252400103	4065629100101	210	100	Song	NL	0	0.4736340000
2026-01-03	2025-11	YouTube Music	The Linden Hours	Low Orbit	DEX252400103	4065629100101	160	100	Song	SE	0	0.3575040000
2026-01-03	2025-11	YouTube Music	The Linden Hours	Low Orbit	DEX252400103	4065629100101	490	100	Song	US	0	1.1102910000
2026-01-03	2025-11	YouTube Music	The Linden Hours	Pale Hours	DEX252400104	4065629100101	150	100	Song	AT	0	0.3216150000
2026-01-03	2025-11	YouTube Music	The Linden Hours	Pale Hours	DEX252400104	4065629100101	595	100	Song	DE	0	1.2632445000
2026-01-03	2025-11	YouTube Music	The Linden Hours	Pale Hours	DEX252400104	4065629100101	180	100	Song	GB	0	0.3878280000
2026-01-03	2025-11	YouTube Music	The Linden Hours	Pale Hours	DEX252400104	4065629100101	135	100	Song	NL	0	0.2854845000
2026-01-03	2025-11	YouTube Music	The Linden Hours	Pale Hours	DEX252400104	4065629100101	110	100	Song	SE	0	0.2319240000
2026-01-03	2025-11	YouTube Music	The Linden Hours	Pale Hours	DEX252400104	4065629100101	300	100	Song	US	0	0.5940900000
2026-02-03	2025-12	Amazon Music	The Linden Hours	Glass Coast	DEX252400101	4065629100101	305	100	Song	AT	0	1.4397525000
2026-02-03	2025-12	Amazon Music	The Linden Hours	Glass Coast	DEX252400101	4065629100101	1270	100	Song	DE	0	5.4235350000
2026-02-03	2025-12	Amazon Music	The Linden Hours	Glass Coast	DEX252400101	4065629100101	515	100	Song	GB	0	2.4472800000
2026-02-03	2025-12	Amazon Music	The Linden Hours	Glass Coast	DEX252400101	4065629100101	310	100	Song	NL	0	1.3824450000
2026-02-03	2025-12	Amazon Music	The Linden Hours	Glass Coast	DEX252400101	4065629100101	245	100	Song	SE	0	1.1884950000
2026-02-03	2025-12	Amazon Music	The Linden Hours	Glass Coast	DEX252400101	4065629100101	825	100	Song	US	0	3.5120250000
2026-02-03	2025-12	Amazon Music	The Linden Hours	Northern Wire	DEX252400102	4065629100101	200	100	Song	AT	0	0.8658000000
2026-02-03	2025-12	Amazon Music	The Linden Hours	Northern Wire	DEX252400102	4065629100101	930	100	Song	DE	0	4.2687000000
2026-02-03	2025-12	Amazon Music	The Linden Hours	Northern Wire	DEX252400102	4065629100101	360	100	Song	GB	0	1.5487200000
2026-02-03	2025-12	Amazon Music	The Linden Hours	Northern Wire	DEX252400102	4065629100101	175	100	Song	NL	0	0.7670250000
2026-02-03	2025-12	Amazon Music	The Linden Hours	Northern Wire	DEX252400102	4065629100101	135	100	Song	SE	0	0.5771250000
2026-02-03	2025-12	Amazon Music	The Linden Hours	Northern Wire	DEX252400102	4065629100101	440	100	Song	US	0	2.0196000000
2026-02-03	2025-12	Amazon Music	The Linden Hours	Low Orbit	DEX252400103	4065629100101	130	100	Song	AT	0	0.5504850000
2026-02-03	2025-12	Amazon Music	The Linden Hours	Low Orbit	DEX252400103	4065629100101	690	100	Song	DE	0	3.3347700000
2026-02-03	2025-12	Amazon Music	The Linden Hours	Low Orbit	DEX252400103	4065629100101	185	100	Song	GB	0	0.8516475000
2026-02-03	2025-12	Amazon Music	The Linden Hours	Low Orbit	DEX252400103	4065629100101	135	100	Song	NL	0	0.6445575000
2026-02-03	2025-12	Amazon Music	The Linden Hours	Low Orbit	DEX252400103	4065629100101	110	100	Song	SE	0	0.4766850000
2026-02-03	2025-12	Amazon Music	The Linden Hours	Low Orbit	DEX252400103	4065629100101	320	100	Song	US	0	1.3305600000
2026-02-03	2025-12	Amazon Music	The Linden Hours	Pale Hours	DEX252400104	4065629100101	100	100	Song	AT	0	0.4288500000
2026-02-03	2025-12	Amazon Music	The Linden Hours	Pale Hours	DEX252400104	4065629100101	415	100	Song	DE	0	1.8581625000
2026-02-03	2025-12	Amazon Music	The Linden Hours	Pale Hours	DEX252400104	4065629100101	170	100	Song	GB	0	0.8208450000
2026-02-03	2025-12	Amazon Music	The Linden Hours	Pale Hours	DEX252400104	4065629100101	100	100	Song	NL	0	0.4459500000
2026-02-03	2025-12	Amazon Music	The Linden Hours	Pale Hours	DEX252400104	4065629100101	70	100	Song	SE	0	0.2989350000
2026-02-03	2025-12	Amazon Music	The Linden Hours	Pale Hours	DEX252400104	4065629100101	235	100	Song	US	0	0.9855900000
2026-02-03	2025-11	Apple Music	The Linden Hours	Glass Coast	DEX252400101	4065629100101	590	100	Song	AT	0	4.3649380000
2026-02-03	2025-11	Apple Music	The Linden Hours	Glass Coast	DEX252400101	4065629100101	2140	100	Song	DE	0	14.8141500000
2026-02-03	2025-11	Apple Music	The Linden Hours	Glass Coast	DEX252400101	4065629100101	880	100	Song	GB	0	6.1855200000
2026-02-03	2025-11	Apple Music	The Linden Hours	Glass Coast	DEX252400101	4065629100101	445	100	Song	NL	0	3.1026290000
2026-02-03	2025-11	Apple Music	The Linden Hours	Glass Coast	DEX252400101	4065629100101	440	100	Song	SE	0	3.2239680000
2026-02-03	2025-11	Apple Music	The Linden Hours	Glass Coast	DEX252400101	4065629100101	1180	100	Song	US	0	8.5874500000
2026-02-03	2025-11	Apple Music	The Linden Hours	Northern Wire	DEX252400102	4065629100101	380	100	Song	AT	0	2.9030480000
2026-02-03	2025-11	Apple Music	The Linden Hours	Northern Wire	DEX252400102	4065629100101	1530	100	Song	DE	0	10.8847260000
2026-02-03	2025-11	Apple Music	The Linden Hours	Northern Wire	DEX252400102	4065629100101	620	100	Song	GB	0	4.0630460000
2026-02-03	2025-11	Apple Music	The Linden Hours	Northern Wire	DEX252400102	4065629100101	375	100	Song	NL	0	2.4734625000
2026-02-03	2025-11	Apple Music	The Linden Hours	Northern Wire	DEX252400102	4065629100101	245	100	Song	SE	0	1.7673320000
2026-02-03	2025-11	Apple Music	The Linden Hours	Northern Wire	DEX252400102	4065629100101	830	100	Song	US	0	5.9047860000
2026-02-03	2025-11	Apple Music	The Linden Hours	Low Orbit	DEX252400103	4065629100101	345	100	Song	AT	0	2.5303335000
2026-02-03	2025-11	Apple Music	The Linden Hours	Low Orbit	DEX252400103	4065629100101	1215	100	Song	DE	0	9.1009575000
2026-02-03	2025-11	Apple Music	The Linden Hours	Low Orbit	DEX252400103	4065629100101	505	100	Song	GB	0	3.8185575000
2026-02-03	2025-11	Apple Music	The Linden Hours	Low Orbit	DEX252400103	4065629100101	235	100	Song	NL	0	1.5533735000
2026-02-03	2025-11	Apple Music	The Linden Hours	Low Orbit	DEX252400103	4065629100101	170	100	Song	SE	0	1.2697640000
2026-02-03	2025-11	Apple Music	The Linden Hours	Low Orbit	DEX252400103	4065629100101	625	100	Song	US	0	4.0913750000
2026-02-03	2025-11	Apple Music	The Linden Hours	Pale Hours	DEX252400104	4065629100101	215	100	Song	AT	0	1.4944435000
2026-02-03	2025-11	Apple Music	The Linden Hours	Pale Hours	DEX252400104	4065629100101	790	100	Song	DE	0	5.4407300000
2026-02-03	2025-11	Apple Music	The Linden Hours	Pale Hours	DEX252400104	4065629100101	240	100	Song	GB	0	1.6716240000
2026-02-03	2025-11	Apple Music	The Linden Hours	Pale Hours	DEX252400104	4065629100101	195	100	Song	NL	0	1.4827995000
2026-02-03	2025-11	Apple Music	The Linden Hours	Pale Hours	DEX252400104	4065629100101	110	100	Song	SE	0	0.7638180000
2026-02-03	2025-11	Apple Music	The Linden Hours	Pale Hours	DEX252400104	4065629100101	450	100	Song	US	0	3.0735900000
2026-02-03	2025-12	Deezer	The Linden Hours	Glass Coast	DEX252400101	4065629100101	230	100	Song	AT	0	0.8213760000
2026-02-03	2025-12	Deezer	The Linden Hours	Glass Coast	DEX252400101	4065629100101	950	100	Song	DE	0	3.3413400000
2026-02-03	2025-12	Deezer	The Linden Hours	Glass Coast	DEX252400101	4065629100101	425	100	Song	GB	0	1.6263900000
2026-02-03	2025-12	Deezer	The Linden Hours	Glass Coast	DEX252400101	4065629100101	260	100	Song	NL	0	0.9350640000
2026-02-03	2025-12	Deezer	The Linden Hours	Glass Coast	DEX252400101	4065629100101	180	100	Song	SE	0	0.6123600000
2026-02-03	2025-12	Deezer	The Linden Hours	Glass Coast	DEX252400101	4065629100101	475	100	Song	US	0	1.6672500000
2026-02-03	2025-12	Deezer	The Linden Hours	Northern Wire	DEX252400102	4065629100101	160	100	Song	AT	0	0.6186240000
2026-02-03	2025-12	Deezer	The Linden Hours	Northern Wire	DEX252400102	4065629100101	555	100	Song	DE	0	2.0839140000
2026-02-03	2025-12	Deezer	The Linden Hours	Northern Wire	DEX252400102	4065629100101	285	100	Song	GB	0	0.9469980000
2026-02-03	2025-12	Deezer	The Linden Hours	Northern Wire	DEX252400102	4065629100101	170	100	Song	NL	0	0.6175080000
2026-02-03	2025-12	Deezer	The Linden Hours	Northern Wire	DEX252400102	4065629100101	125	100	Song	SE	0	0.4410000000
2026-02-03	2025-12	Deezer	The Linden Hours	Northern Wire	DEX252400102	4065629100101	385	100	Song	US	0	1.4539140000
2026-02-03	2025-12	Deezer	The Linden Hours	Low Orbit	DEX252400103	4065629100101	125	100	Song	AT	0	0.4801500000
2026-02-03	2025-12	Deezer	The Linden Hours	Low Orbit	DEX252400103	4065629100101	465	100	Song	DE	0	1.6338240000
2026-02-03	2025-12	Deezer	The Linden Hours	Low Orbit	DEX252400103	4065629100101	180	100	Song	GB	0	0.6920640000
2026-02-03	2025-12	Deezer	The Linden Hours	Low Orbit	DEX252400103	4065629100101	130	100	Song	NL	0	0.4385160000
2026-02-03	2025-12	Deezer	The Linden Hours	Low Orbit	DEX252400103	4065629100101	80	100	Song	SE	0	0.2666880000
2026-02-03	2025-12	Deezer	The Linden Hours	Low Orbit	DEX252400103	4065629100101	245	100	Song	US	0	0.8687700000
2026-02-03	2025-12	Deezer	The Linden Hours	Pale Hours	DEX252400104	4065629100101	70	100	Song	AT	0	0.2681280000
2026-02-03	2025-12	Deezer	The Linden Hours	Pale Hours	DEX252400104	4065629100101	335	100	Song	DE	0	1.2023820000
2026-02-03	2025-12	Deezer	The Linden Hours	Pale Hours	DEX252400104	4065629100101	120	100	Song	GB	0	0.4440960000
2026-02-03	2025-12	Deezer	The Linden Hours	Pale Hours	DEX252400104	4065629100101	85	100	Song	NL	0	0.3255840000
2026-02-03	2025-12	Deezer	The Linden Hours	Pale Hours	DEX252400104	4065629100101	50	100	Song	SE	0	0.1940400000
2026-02-03	2025-12	Deezer	The Linden Hours	Pale Hours	DEX252400104	4065629100101	160	100	Song	US	0	0.5967360000
2026-02-03	2025-12	Spotify	The Linden Hours	Glass Coast	DEX252400101	4065629100101	3130	100	Song	AT	0	9.5152000000
2026-02-03	2025-12	Spotify	The Linden Hours	Glass Coast	DEX252400101	4065629100101	11785	100	Song	DE	0	40.4649760000
2026-02-03	2025-12	Spotify	The Linden Hours	Glass Coast	DEX252400101	4065629100101	3375	100	Song	GB	0	10.8540000000
2026-02-03	2025-11	Spotify	The Linden Hours	Glass Coast	DEX252400101	4065629100101	-16200	100	Song	GB	0	-51.84
2026-02-03	2025-12	Spotify	The Linden Hours	Glass Coast	DEX252400101	4065629100101	1985	100	Song	NL	0	6.1741440000
2026-02-03	2025-12	Spotify	The Linden Hours	Glass Coast	DEX252400101	4065629100101	2090	100	Song	SE	0	6.8284480000
2026-02-03	2025-12	Spotify	The Linden Hours	Glass Coast	DEX252400101	4065629100101	5280	100	Song	US	0	16.5749760000
2026-02-03	2025-11	Spotify	The Linden Hours	Glass Coast	DEX252400101	4065629100101	-38400	100	Song	US	0	-122.88
2026-02-03	2025-12	Spotify	The Linden Hours	Northern Wire	DEX252400102	4065629100101	1490	100	Song	AT	0	4.8490560000
2026-02-03	2025-12	Spotify	The Linden Hours	Northern Wire	DEX252400102	4065629100101	6335	100	Song	DE	0	19.7449280000
2026-02-03	2025-12	Spotify	The Linden Hours	Northern Wire	DEX252400102	4065629100101	2650	100	Song	GB	0	8.3188800000
2026-02-03	2025-12	Spotify	The Linden Hours	Northern Wire	DEX252400102	4065629100101	1530	100	Song	NL	0	4.5336960000
2026-02-03	2025-12	Spotify	The Linden Hours	Northern Wire	DEX252400102	4065629100101	1260	100	Song	SE	0	3.9070080000
2026-02-03	2025-12	Spotify	The Linden Hours	Northern Wire	DEX252400102	4065629100101	2995	100	Song	US	0	9.8044320000
2026-02-03	2025-12	Spotify	The Linden Hours	Low Orbit	DEX252400103	4065629100101	1170	100	Song	AT	0	3.6728640000
2026-02-03	2025-12	Spotify	The Linden Hours	Low Orbit	DEX252400103	4065629100101	4355	100	Song	DE	0	14.4795040000
2026-02-03	2025-12	Spotify	The Linden Hours	Low Orbit	DEX252400103	4065629100101	1705	100	Song	GB	0	5.6305920000
2026-02-03	2025-12	Spotify	The Linden Hours	Low Orbit	DEX252400103	4065629100101	1100	100	Song	NL	0	3.2912000000
2026-02-03	2025-12	Spotify	The Linden Hours	Low Orbit	DEX252400103	4065629100101	795	100	Song	SE	0	2.7297120000
2026-02-03	2025-12	Spotify	The Linden Hours	Low Orbit	DEX252400103	4065629100101	2495	100	Song	US	0	8.2394880000
2026-02-03	2025-12	Spotify	The Linden Hours	Pale Hours	DEX252400104	4065629100101	860	100	Song	AT	0	2.5813760000
2026-02-03	2025-12	Spotify	The Linden Hours	Pale Hours	DEX252400104	4065629100101	3385	100	Song	DE	0	10.7128480000
2026-02-03	2025-12	Spotify	The Linden Hours	Pale Hours	DEX252400104	4065629100101	1020	100	Song	GB	0	3.3292800000
2026-02-03	2025-12	Spotify	The Linden Hours	Pale Hours	DEX252400104	4065629100101	550	100	Song	NL	0	1.7987200000
2026-02-03	2025-12	Spotify	The Linden Hours	Pale Hours	DEX252400104	4065629100101	615	100	Song	SE	0	1.8577920000
2026-02-03	2025-12	Spotify	The Linden Hours	Pale Hours	DEX252400104	4065629100101	1455	100	Song	US	0	4.6140960000
2026-02-03	2025-12	Tidal	The Linden Hours	Glass Coast	DEX252400101	4065629100101	245	100	Song	AT	0	2.4466190000
2026-02-03	2025-12	Tidal	The Linden Hours	Glass Coast	DEX252400101	4065629100101	870	100	Song	DE	0	8.7817800000
2026-02-03	2025-12	Tidal	The Linden Hours	Glass Coast	DEX252400101	4065629100101	250	100	Song	GB	0	2.3642500000
2026-02-03	2025-12	Tidal	The Linden Hours	Glass Coast	DEX252400101	4065629100101	205	100	Song	NL	0	2.1436030000
2026-02-03	2025-12	Tidal	The Linden Hours	Glass Coast	DEX252400101	4065629100101	145	100	Song	SE	0	1.5289960000
2026-02-03	2025-12	Tidal	The Linden Hours	Glass Coast	DEX252400101	4065629100101	350	100	Song	US	0	3.3957000000
2026-02-03	2025-12	Tidal	The Linden Hours	Northern Wire	DEX252400102	4065629100101	150	100	Song	AT	0	1.4758800000
2026-02-03	2025-12	Tidal	The Linden Hours	Northern Wire	DEX252400102	4065629100101	645	100	Song	DE	0	6.7065810000
2026-02-03	2025-12	Tidal	The Linden Hours	Northern Wire	DEX252400102	4065629100101	205	100	Song	GB	0	2.1456120000
2026-02-03	2025-12	Tidal	The Linden Hours	Northern Wire	DEX252400102	4065629100101	125	100	Song	NL	0	1.2017250000
2026-02-03	2025-12	Tidal	The Linden Hours	Northern Wire	DEX252400102	4065629100101	95	100	Song	SE	0	0.9300690000
2026-02-03	2025-12	Tidal	The Linden Hours	Northern Wire	DEX252400102	4065629100101	280	100	Song	US	0	2.6013120000
2026-02-03	2025-12	Tidal	The Linden Hours	Low Orbit	DEX252400103	4065629100101	120	100	Song	AT	0	1.1348400000
2026-02-03	2025-12	Tidal	The Linden Hours	Low Orbit	DEX252400103	4065629100101	480	100	Song	DE	0	4.7040000000
2026-02-03	2025-12	Tidal	The Linden Hours	Low Orbit	DEX252400103	4065629100101	165	100	Song	GB	0	1.7269560000
2026-02-03	2025-12	Tidal	The Linden Hours	Low Orbit	DEX252400103	4065629100101	90	100	Song	NL	0	0.8132040000
2026-02-03	2025-12	Tidal	The Linden Hours	Low Orbit	DEX252400103	4065629100101	65	100	Song	SE	0	0.6395480000
2026-02-03	2025-12	Tidal	The Linden Hours	Low Orbit	DEX252400103	4065629100101	210	100	Song	US	0	2.1670740000
2026-02-03	2025-12	Tidal	The Linden Hours	Pale Hours	DEX252400104	4065629100101	60	100	Song	AT	0	0.5427240000
2026-02-03	2025-12	Tidal	The Linden Hours	Pale Hours	DEX252400104	4065629100101	320	100	Song	DE	0	3.2049920000
2026-02-03	2025-12	Tidal	The Linden Hours	Pale Hours	DEX252400104	4065629100101	105	100	Song	GB	0	0.9929850000
2026-02-03	2025-12	Tidal	The Linden Hours	Pale Hours	DEX252400104	4065629100101	65	100	Song	NL	0	0.6420960000
2026-02-03	2025-12	Tidal	The Linden Hours	Pale Hours	DEX252400104	4065629100101	50	100	Song	SE	0	0.4708900000
2026-02-03	2025-12	Tidal	The Linden Hours	Pale Hours	DEX252400104	4065629100101	135	100	Song	US	0	1.3772430000
2026-02-03	2025-12	YouTube Music	The Linden Hours	Glass Coast	DEX252400101	4065629100101	405	100	Song	AT	0	0.8292375000
2026-02-03	2025-12	YouTube Music	The Linden Hours	Glass Coast	DEX252400101	4065629100101	1605	100	Song	DE	0	3.2626440000
2026-02-03	2025-12	YouTube Music	The Linden Hours	Glass Coast	DEX252400101	4065629100101	560	100	Song	GB	0	1.1054400000
2026-02-03	2025-12	YouTube Music	The Linden Hours	Glass Coast	DEX252400101	4065629100101	310	100	Song	NL	0	0.6353760000
2026-02-03	2025-12	YouTube Music	The Linden Hours	Glass Coast	DEX252400101	4065629100101	285	100	Song	SE	0	0.5973030000
2026-02-03	2025-12	YouTube Music	The Linden Hours	Glass Coast	DEX252400101	4065629100101	795	100	Song	US	0	1.5626520000
2026-02-03	2025-12	YouTube Music	The Linden Hours	Northern Wire	DEX252400102	4065629100101	220	100	Song	AT	0	0.4818660000
2026-02-03	2025-12	YouTube Music	The Linden Hours	Northern Wire	DEX252400102	4065629100101	1010	100	Song	DE	0	2.0700960000
2026-02-03	2025-12	YouTube Music	The Linden Hours	Northern Wire	DEX252400102	4065629100101	310	100	Song	GB	0	0.6998250000
2026-02-03	2025-12	YouTube Music	The Linden Hours	Northern Wire	DEX252400102	4065629100101	210	100	Song	NL	0	0.4357080000
2026-02-03	2025-12	YouTube Music	The Linden Hours	Northern Wire	DEX252400102	4065629100101	205	100	Song	SE	0	0.4046700000
2026-02-03	2025-12	YouTube Music	The Linden Hours	Northern Wire	DEX252400102	4065629100101	570	100	Song	US	0	1.1886210000
2026-02-03	2025-12	YouTube Music	The Linden Hours	Low Orbit	DEX252400103	4065629100101	220	100	Song	AT	0	0.4814040000
2026-02-03	2025-12	YouTube Music	The Linden Hours	Low Orbit	DEX252400103	4065629100101	905	100	Song	DE	0	1.9385100000
2026-02-03	2025-12	YouTube Music	The Linden Hours	Low Orbit	DEX252400103	4065629100101	225	100	Song	GB	0	0.4914000000
2026-02-03	2025-12	YouTube Music	The Linden Hours	Low Orbit	DEX252400103	4065629100101	200	100	Song	NL	0	0.3956400000
2026-02-03	2025-12	YouTube Music	The Linden Hours	Low Orbit	DEX252400103	4065629100101	125	100	Song	SE	0	0.2485875000
2026-02-03	2025-12	YouTube Music	The Linden Hours	Low Orbit	DEX252400103	4065629100101	430	100	Song	US	0	0.8804250000
2026-02-03	2025-12	YouTube Music	The Linden Hours	Pale Hours	DEX252400104	4065629100101	135	100	Song	AT	0	0.2965410000
2026-02-03	2025-12	YouTube Music	The Linden Hours	Pale Hours	DEX252400104	4065629100101	490	100	Song	DE	0	1.1000010000
2026-02-03	2025-12	YouTube Music	The Linden Hours	Pale Hours	DEX252400104	4065629100101	165	100	Song	GB	0	0.3392235000
2026-02-03	2025-12	YouTube Music	The Linden Hours	Pale Hours	DEX252400104	4065629100101	125	100	Song	NL	0	0.2601375000
2026-02-03	2025-12	YouTube Music	The Linden Hours	Pale Hours	DEX252400104	4065629100101	90	100	Song	SE	0	0.1922130000
2026-02-03	2025-12	YouTube Music	The Linden Hours	Pale Hours	DEX252400104	4065629100101	255	100	Song	US	0	0.5542425000
2026-03-06	2026-01	Amazon Music	The Linden Hours	Glass Coast	DEX252400101	4065629100101	275	100	Song	AT	0	1.2585375000
2026-03-06	2026-01	Amazon Music	The Linden Hours	Glass Coast	DEX252400101	4065629100101	1485	100	Song	DE	0	6.2748675000
2026-03-06	2026-01	Amazon Music	The Linden Hours	Glass Coast	DEX252400101	4065629100101	540	100	Song	GB	0	2.6025300000
2026-03-06	2026-01	Amazon Music	The Linden Hours	Glass Coast	DEX252400101	4065629100101	290	100	Song	NL	0	1.3872150000
2026-03-06	2026-01	Amazon Music	The Linden Hours	Glass Coast	DEX252400101	4065629100101	215	100	Song	SE	0	1.0081350000
2026-03-06	2026-01	Amazon Music	The Linden Hours	Glass Coast	DEX252400101	4065629100101	635	100	Song	US	0	2.6603325000
2026-03-06	2026-01	Amazon Music	The Linden Hours	Northern Wire	DEX252400102	4065629100101	260	100	Song	AT	0	1.1969100000
2026-03-06	2026-01	Amazon Music	The Linden Hours	Northern Wire	DEX252400102	4065629100101	960	100	Song	DE	0	4.1212800000
2026-03-06	2026-01	Amazon Music	The Linden Hours	Northern Wire	DEX252400102	4065629100101	335	100	Song	GB	0	1.5542325000
2026-03-06	2026-01	Amazon Music	The Linden Hours	Northern Wire	DEX252400102	4065629100101	200	100	Song	NL	0	0.8919000000
2026-03-06	2026-01	Amazon Music	The Linden Hours	Northern Wire	DEX252400102	4065629100101	160	100	Song	SE	0	0.7423200000
2026-03-06	2026-01	Amazon Music	The Linden Hours	Northern Wire	DEX252400102	4065629100101	515	100	Song	US	0	2.4797250000
2026-03-06	2026-01	Amazon Music	The Linden Hours	Low Orbit	DEX252400103	4065629100101	190	100	Song	AT	0	0.8857800000
2026-03-06	2026-01	Amazon Music	The Linden Hours	Low Orbit	DEX252400103	4065629100101	745	100	Song	DE	0	3.3156225000
2026-03-06	2026-01	Amazon Music	The Linden Hours	Low Orbit	DEX252400103	4065629100101	245	100	Song	GB	0	1.1730600000
2026-03-06	2026-01	Amazon Music	The Linden Hours	Low Orbit	DEX252400103	4065629100101	150	100	Song	NL	0	0.6311250000
2026-03-06	2026-01	Amazon Music	The Linden Hours	Low Orbit	DEX252400103	4065629100101	115	100	Song	SE	0	0.4942125000
2026-03-06	2026-01	Amazon Music	The Linden Hours	Low Orbit	DEX252400103	4065629100101	345	100	Song	US	0	1.5509475000
2026-03-06	2026-01	Amazon Music	The Linden Hours	Pale Hours	DEX252400104	4065629100101	110	100	Song	AT	0	0.4573800000
2026-03-06	2026-01	Amazon Music	The Linden Hours	Pale Hours	DEX252400104	4065629100101	520	100	Song	DE	0	2.4827400000
2026-03-06	2026-01	Amazon Music	The Linden Hours	Pale Hours	DEX252400104	4065629100101	185	100	Song	GB	0	0.8774550000
2026-03-06	2026-01	Amazon Music	The Linden Hours	Pale Hours	DEX252400104	4065629100101	105	100	Song	NL	0	0.4606875000
2026-03-06	2026-01	Amazon Music	The Linden Hours	Pale Hours	DEX252400104	4065629100101	80	100	Song	SE	0	0.3391200000
2026-03-06	2026-01	Amazon Music	The Linden Hours	Pale Hours	DEX252400104	4065629100101	245	100	Song	US	0	1.0793475000
2026-03-06	2025-12	Apple Music	The Linden Hours	Glass Coast	DEX252400101	4065629100101	610	100	Song	AT	0	4.2746970000
2026-03-06	2025-12	Apple Music	The Linden Hours	Glass Coast	DEX252400101	4065629100101	2495	100	Song	DE	0	18.6356540000
2026-03-06	2025-12	Apple Music	The Linden Hours	Glass Coast	DEX252400101	4065629100101	935	100	Song	GB	0	6.9969790000
2026-03-06	2025-12	Apple Music	The Linden Hours	Glass Coast	DEX252400101	4065629100101	510	100	Song	NL	0	3.6318630000
2026-03-06	2025-12	Apple Music	The Linden Hours	Glass Coast	DEX252400101	4065629100101	440	100	Song	SE	0	2.9927920000
2026-03-06	2025-12	Apple Music	The Linden Hours	Glass Coast	DEX252400101	4065629100101	1450	100	Song	US	0	9.8111350000
2026-03-06	2025-12	Apple Music	The Linden Hours	Northern Wire	DEX252400102	4065629100101	380	100	Song	AT	0	2.8841620000
2026-03-06	2025-12	Apple Music	The Linden Hours	Northern Wire	DEX252400102	4065629100101	1740	100	Song	DE	0	11.5386360000
2026-03-06	2025-12	Apple Music	The Linden Hours	Northern Wire	DEX252400102	4065629100101	495	100	Song	GB	0	3.4969275000
2026-03-06	2025-12	Apple Music	The Linden Hours	Northern Wire	DEX252400102	4065629100101	345	100	Song	NL	0	2.4739950000
2026-03-06	2025-12	Apple Music	The Linden Hours	Northern Wire	DEX252400102	4065629100101	305	100	Song	SE	0	2.0377355000
2026-03-06	2025-12	Apple Music	The Linden Hours	Northern Wire	DEX252400102	4065629100101	980	100	Song	US	0	7.1597820000
2026-03-06	2025-12	Apple Music	The Linden Hours	Low Orbit	DEX252400103	4065629100101	275	100	Song	AT	0	1.9778825000
2026-03-06	2025-12	Apple Music	The Linden Hours	Low Orbit	DEX252400103	4065629100101	1410	100	Song	DE	0	10.6316820000
2026-03-06	2025-12	Apple Music	The Linden Hours	Low Orbit	DEX252400103	4065629100101	390	100	Song	GB	0	2.9655990000
2026-03-06	2025-12	Apple Music	The Linden Hours	Low Orbit	DEX252400103	4065629100101	240	100	Song	NL	0	1.7227440000
2026-03-06	2025-12	Apple Music	The Linden Hours	Low Orbit	DEX252400103	4065629100101	245	100	Song	SE	0	1.8316935000
2026-03-06	2025-12	Apple Music	The Linden Hours	Low Orbit	DEX252400103	4065629100101	610	100	Song	US	0	4.1707530000
2026-03-06	2025-12	Apple Music	The Linden Hours	Pale Hours	DEX252400104	4065629100101	185	100	Song	AT	0	1.3818020000
2026-03-06	2025-12	Apple Music	The Linden Hours	Pale Hours	DEX252400104	4065629100101	720	100	Song	DE	0	4.8666240000
2026-03-06	2025-12	Apple Music	The Linden Hours	Pale Hours	DEX252400104	4065629100101	270	100	Song	GB	0	1.8978300000
2026-03-06	2025-12	Apple Music	The Linden Hours	Pale Hours	DEX252400104	4065629100101	195	100	Song	NL	0	1.3055835000
2026-03-06	2025-12	Apple Music	The Linden Hours	Pale Hours	DEX252400104	4065629100101	155	100	Song	SE	0	1.1863390000
2026-03-06	2025-12	Apple Music	The Linden Hours	Pale Hours	DEX252400104	4065629100101	450	100	Song	US	0	3.3100200000
2026-03-06	2026-01	Deezer	The Linden Hours	Glass Coast	DEX252400101	4065629100101	270	100	Song	AT	0	0.9272880000
2026-03-06	2026-01	Deezer	The Linden Hours	Glass Coast	DEX252400101	4065629100101	910	100	Song	DE	0	3.1449600000
2026-03-06	2026-01	Deezer	The Linden Hours	Glass Coast	DEX252400101	4065629100101	435	100	Song	GB	0	1.6380360000
2026-03-06	2026-01	Deezer	The Linden Hours	Glass Coast	DEX252400101	4065629100101	250	100	Song	NL	0	0.8496000000
2026-03-06	2026-01	Deezer	The Linden Hours	Glass Coast	DEX252400101	4065629100101	200	100	Song	SE	0	0.6847200000
2026-03-06	2026-01	Deezer	The Linden Hours	Glass Coast	DEX252400101	4065629100101	445	100	Song	US	0	1.5411240000
2026-03-06	2026-01	Deezer	The Linden Hours	Northern Wire	DEX252400102	4065629100101	160	100	Song	AT	0	0.6197760000
2026-03-06	2026-01	Deezer	The Linden Hours	Northern Wire	DEX252400102	4065629100101	810	100	Song	DE	0	2.7585360000
2026-03-06	2026-01	Deezer	The Linden Hours	Northern Wire	DEX252400102	4065629100101	230	100	Song	GB	0	0.8544960000
2026-03-06	2026-01	Deezer	The Linden Hours	Northern Wire	DEX252400102	4065629100101	150	100	Song	NL	0	0.5157000000
2026-03-06	2026-01	Deezer	The Linden Hours	Northern Wire	DEX252400102	4065629100101	110	100	Song	SE	0	0.3797640000
2026-03-06	2026-01	Deezer	The Linden Hours	Northern Wire	DEX252400102	4065629100101	350	100	Song	US	0	1.2889800000
2026-03-06	2026-01	Deezer	The Linden Hours	Low Orbit	DEX252400103	4065629100101	135	100	Song	AT	0	0.4801680000
2026-03-06	2026-01	Deezer	The Linden Hours	Low Orbit	DEX252400103	4065629100101	515	100	Song	DE	0	1.8224820000
2026-03-06	2026-01	Deezer	The Linden Hours	Low Orbit	DEX252400103	4065629100101	165	100	Song	GB	0	0.5761800000
2026-03-06	2026-01	Deezer	The Linden Hours	Low Orbit	DEX252400103	4065629100101	110	100	Song	NL	0	0.3722400000
2026-03-06	2026-01	Deezer	The Linden Hours	Low Orbit	DEX252400103	4065629100101	85	100	Song	SE	0	0.3160980000
2026-03-06	2026-01	Deezer	The Linden Hours	Low Orbit	DEX252400103	4065629100101	230	100	Song	US	0	0.7799760000
2026-03-06	2026-01	Deezer	The Linden Hours	Pale Hours	DEX252400104	4065629100101	70	100	Song	AT	0	0.2603160000
2026-03-06	2026-01	Deezer	The Linden Hours	Pale Hours	DEX252400104	4065629100101	335	100	Song	DE	0	1.2156480000
2026-03-06	2026-01	Deezer	The Linden Hours	Pale Hours	DEX252400104	4065629100101	130	100	Song	GB	0	0.5031000000
2026-03-06	2026-01	Deezer	The Linden Hours	Pale Hours	DEX252400104	4065629100101	80	100	Song	NL	0	0.2672640000
2026-03-06	2026-01	Deezer	The Linden Hours	Pale Hours	DEX252400104	4065629100101	65	100	Song	SE	0	0.2162160000
2026-03-06	2026-01	Deezer	The Linden Hours	Pale Hours	DEX252400104	4065629100101	150	100	Song	US	0	0.5416200000
2026-03-06	2026-01	Spotify	The Linden Hours	Glass Coast	DEX252400101	4065629100101	2420	100	Song	AT	0	7.2251520000
2026-03-06	2026-01	Spotify	The Linden Hours	Glass Coast	DEX252400101	4065629100101	9290	100	Song	DE	0	29.9658240000
2026-03-06	2026-01	Spotify	The Linden Hours	Glass Coast	DEX252400101	4065629100101	3455	100	Song	GB	0	10.4589760000
2026-03-06	2026-01	Spotify	The Linden Hours	Glass Coast	DEX252400101	4065629100101	2275	100	Song	NL	0	6.8796000000
2026-03-06	2026-01	Spotify	The Linden Hours	Glass Coast	DEX252400101	4065629100101	1910	100	Song	SE	0	5.8919680000
2026-03-06	2026-01	Spotify	The Linden Hours	Glass Coast	DEX252400101	4065629100101	4645	100	Song	US	0	15.5477440000
2026-03-06	2026-01	Spotify	The Linden Hours	Northern Wire	DEX252400102	4065629100101	1620	100	Song	AT	0	5.5416960000
2026-03-06	2026-01	Spotify	The Linden Hours	Northern Wire	DEX252400102	4065629100101	5690	100	Song	DE	0	17.5707200000
2026-03-06	2026-01	Spotify	The Linden Hours	Northern Wire	DEX252400102	4065629100101	2275	100	Song	GB	0	7.5056800000
2026-03-06	2026-01	Spotify	The Linden Hours	Northern Wire	DEX252400102	4065629100101	1760	100	Song	NL	0	5.8572800000
2026-03-06	2026-01	Spotify	The Linden Hours	Northern Wire	DEX252400102	4065629100101	1220	100	Song	SE	0	4.1616640000
2026-03-06	2026-01	Spotify	The Linden Hours	Northern Wire	DEX252400102	4065629100101	3310	100	Song	US	0	10.8673920000
2026-03-06	2026-01	Spotify	The Linden Hours	Low Orbit	DEX252400103	4065629100101	1295	100	Song	AT	0	4.0196800000
2026-03-06	2026-01	Spotify	The Linden Hours	Low Orbit	DEX252400103	4065629100101	4785	100	Song	DE	0	14.1789120000
2026-03-06	2026-01	Spotify	The Linden Hours	Low Orbit	DEX252400103	4065629100101	2070	100	Song	GB	0	6.9154560000
2026-03-06	2026-01	Spotify	The Linden Hours	Low Orbit	DEX252400103	4065629100101	1125	100	Song	NL	0	3.8052000000
2026-03-06	2026-01	Spotify	The Linden Hours	Low Orbit	DEX252400103	4065629100101	1020	100	Song	SE	0	3.5088000000
2026-03-06	2026-01	Spotify	The Linden Hours	Low Orbit	DEX252400103	4065629100101	2360	100	Song	US	0	7.1139840000
2026-03-06	2026-01	Spotify	The Linden Hours	Pale Hours	DEX252400104	4065629100101	835	100	Song	AT	0	2.8269760000
2026-03-06	2026-01	Spotify	The Linden Hours	Pale Hours	DEX252400104	4065629100101	3175	100	Song	DE	0	9.4792800000
2026-03-06	2026-01	Spotify	The Linden Hours	Pale Hours	DEX252400104	4065629100101	1190	100	Song	GB	0	3.6328320000
2026-03-06	2026-01	Spotify	The Linden Hours	Pale Hours	DEX252400104	4065629100101	885	100	Song	NL	0	2.6535840000
2026-03-06	2026-01	Spotify	The Linden Hours	Pale Hours	DEX252400104	4065629100101	605	100	Song	SE	0	1.9553600000
2026-03-06	2026-01	Spotify	The Linden Hours	Pale Hours	DEX252400104	4065629100101	1720	100	Song	US	0	5.1077120000
2026-03-06	2026-01	Tidal	The Linden Hours	Glass Coast	DEX252400101	4065629100101	230	100	Song	AT	0	2.3306360000
2026-03-06	2026-01	Tidal	The Linden Hours	Glass Coast	DEX252400101	4065629100101	850	100	Song	DE	0	8.1550700000
2026-03-06	2026-01	Tidal	The Linden Hours	Glass Coast	DEX252400101	4065629100101	325	100	Song	GB	0	3.3983950000
2026-03-06	2026-01	Tidal	The Linden Hours	Glass Coast	DEX252400101	4065629100101	165	100	Song	NL	0	1.7091690000
2026-03-06	2026-01	Tidal	The Linden Hours	Glass Coast	DEX252400101	4065629100101	140	100	Song	SE	0	1.2979120000
2026-03-06	2026-01	Tidal	The Linden Hours	Glass Coast	DEX252400101	4065629100101	515	100	Song	US	0	4.8804490000
2026-03-06	2026-01	Tidal	The Linden Hours	Northern Wire	DEX252400102	4065629100101	145	100	Song	AT	0	1.4195790000
2026-03-06	2026-01	Tidal	The Linden Hours	Northern Wire	DEX252400102	4065629100101	635	100	Song	DE	0	6.0923170000
2026-03-06	2026-01	Tidal	The Linden Hours	Northern Wire	DEX252400102	4065629100101	195	100	Song	GB	0	1.7963400000
2026-03-06	2026-01	Tidal	The Linden Hours	Northern Wire	DEX252400102	4065629100101	140	100	Song	NL	0	1.4063000000
2026-03-06	2026-01	Tidal	The Linden Hours	Northern Wire	DEX252400102	4065629100101	100	100	Song	SE	0	1.0535000000
2026-03-06	2026-01	Tidal	The Linden Hours	Northern Wire	DEX252400102	4065629100101	320	100	Song	US	0	3.3868800000
2026-03-06	2026-01	Tidal	The Linden Hours	Low Orbit	DEX252400103	4065629100101	85	100	Song	AT	0	0.7880180000
2026-03-06	2026-01	Tidal	The Linden Hours	Low Orbit	DEX252400103	4065629100101	400	100	Song	DE	0	3.9866400000
2026-03-06	2026-01	Tidal	The Linden Hours	Low Orbit	DEX252400103	4065629100101	145	100	Song	GB	0	1.3755280000
2026-03-06	2026-01	Tidal	The Linden Hours	Low Orbit	DEX252400103	4065629100101	105	100	Song	NL	0	1.0187100000
2026-03-06	2026-01	Tidal	The Linden Hours	Low Orbit	DEX252400103	4065629100101	65	100	Song	SE	0	0.6299930000
2026-03-06	2026-01	Tidal	The Linden Hours	Low Orbit	DEX252400103	4065629100101	220	100	Song	US	0	2.1710920000
2026-03-06	2026-01	Tidal	The Linden Hours	Pale Hours	DEX252400104	4065629100101	65	100	Song	AT	0	0.6204380000
2026-03-06	2026-01	Tidal	The Linden Hours	Pale Hours	DEX252400104	4065629100101	310	100	Song	DE	0	2.9438220000
2026-03-06	2026-01	Tidal	The Linden Hours	Pale Hours	DEX252400104	4065629100101	110	100	Song	GB	0	1.0650640000
2026-03-06	2026-01	Tidal	The Linden Hours	Pale Hours	DEX252400104	4065629100101	55	100	Song	NL	0	0.5244470000
2026-03-06	2026-01	Tidal	The Linden Hours	Pale Hours	DEX252400104	4065629100101	55	100	Song	SE	0	0.5077380000
2026-03-06	2026-01	Tidal	The Linden Hours	Pale Hours	DEX252400104	4065629100101	140	100	Song	US	0	1.2759600000
2026-03-06	2026-01	YouTube Music	The Linden Hours	Glass Coast	DEX252400101	4065629100101	455	100	Song	AT	0	0.9688770000
2026-03-06	2026-01	YouTube Music	The Linden Hours	Glass Coast	DEX252400101	4065629100101	1660	100	Song	DE	0	3.2210640000
2026-03-06	2026-01	YouTube Music	The Linden Hours	Glass Coast	DEX252400101	4065629100101	650	100	Song	GB	0	1.3772850000
2026-03-06	2026-01	YouTube Music	The Linden Hours	Glass Coast	DEX252400101	4065629100101	370	100	Song	NL	0	0.7249410000
2026-03-06	2026-01	YouTube Music	The Linden Hours	Glass Coast	DEX252400101	4065629100101	250	100	Song	SE	0	0.4950750000
2026-03-06	2026-01	YouTube Music	The Linden Hours	Glass Coast	DEX252400101	4065629100101	805	100	Song	US	0	1.7716440000
2026-03-06	2026-01	YouTube Music	The Linden Hours	Northern Wire	DEX252400102	4065629100101	270	100	Song	AT	0	0.5233410000
2026-03-06	2026-01	YouTube Music	The Linden Hours	Northern Wire	DEX252400102	4065629100101	1090	100	Song	DE	0	2.3714040000
2026-03-06	2026-01	YouTube Music	The Linden Hours	Northern Wire	DEX252400102	4065629100101	310	100	Song	GB	0	0.6750870000
2026-03-06	2026-01	YouTube Music	The Linden Hours	Northern Wire	DEX252400102	4065629100101	285	100	Song	NL	0	0.5889240000
2026-03-06	2026-01	YouTube Music	The Linden Hours	Northern Wire	DEX252400102	4065629100101	195	100	Song	SE	0	0.3845205000
2026-03-06	2026-01	YouTube Music	The Linden Hours	Northern Wire	DEX252400102	4065629100101	535	100	Song	US	0	1.1459700000
2026-03-06	2026-01	YouTube Music	The Linden Hours	Low Orbit	DEX252400103	4065629100101	175	100	Song	AT	0	0.3432450000
2026-03-06	2026-01	YouTube Music	The Linden Hours	Low Orbit	DEX252400103	4065629100101	800	100	Song	DE	0	1.8093600000
2026-03-06	2026-01	YouTube Music	The Linden Hours	Low Orbit	DEX252400103	4065629100101	295	100	Song	GB	0	0.6387045000
2026-03-06	2026-01	YouTube Music	The Linden Hours	Low Orbit	DEX252400103	4065629100101	160	100	Song	NL	0	0.3467520000
2026-03-06	2026-01	YouTube Music	The Linden Hours	Low Orbit	DEX252400103	4065629100101	110	100	Song	SE	0	0.2319240000
2026-03-06	2026-01	YouTube Music	The Linden Hours	Low Orbit	DEX252400103	4065629100101	465	100	Song	US	0	1.0175130000
2026-03-06	2026-01	YouTube Music	The Linden Hours	Pale Hours	DEX252400104	4065629100101	120	100	Song	AT	0	0.2386440000
2026-03-06	2026-01	YouTube Music	The Linden Hours	Pale Hours	DEX252400104	4065629100101	585	100	Song	DE	0	1.1633895000
2026-03-06	2026-01	YouTube Music	The Linden Hours	Pale Hours	DEX252400104	4065629100101	135	100	Song	GB	0	0.2928555000
2026-03-06	2026-01	YouTube Music	The Linden Hours	Pale Hours	DEX252400104	4065629100101	125	100	Song	NL	0	0.2533125000
2026-03-06	2026-01	YouTube Music	The Linden Hours	Pale Hours	DEX252400104	4065629100101	70	100	Song	SE	0	0.1572900000
2026-03-06	2026-01	YouTube Music	The Linden Hours	Pale Hours	DEX252400104	4065629100101	265	100	Song	US	0	0.5453700000
2026-04-05	2026-02	Amazon Music	The Linden Hours	Glass Coast	DEX252400101	4065629100101	355	100	Song	AT	0	1.7221050000
2026-04-05	2026-02	Amazon Music	The Linden Hours	Glass Coast	DEX252400101	4065629100101	1330	100	Song	DE	0	6.0508350000
2026-04-05	2026-02	Amazon Music	The Linden Hours	Glass Coast	DEX252400101	4065629100101	395	100	Song	GB	0	1.7330625000
2026-04-05	2026-02	Amazon Music	The Linden Hours	Glass Coast	DEX252400101	4065629100101	335	100	Song	NL	0	1.5783525000
2026-04-05	2026-02	Amazon Music	The Linden Hours	Glass Coast	DEX252400101	4065629100101	225	100	Song	SE	0	1.0702125000
2026-04-05	2026-02	Amazon Music	The Linden Hours	Glass Coast	DEX252400101	4065629100101	595	100	Song	US	0	2.8006650000
2026-04-05	2026-02	Amazon Music	The Linden Hours	Northern Wire	DEX252400102	4065629100101	250	100	Song	AT	0	1.1857500000
2026-04-05	2026-02	Amazon Music	The Linden Hours	Northern Wire	DEX252400102	4065629100101	965	100	Song	DE	0	4.4858025000
2026-04-05	2026-02	Amazon Music	The Linden Hours	Northern Wire	DEX252400102	4065629100101	295	100	Song	GB	0	1.3062600000
2026-04-05	2026-02	Amazon Music	The Linden Hours	Northern Wire	DEX252400102	4065629100101	200	100	Song	NL	0	0.9180000000
2026-04-05	2026-02	Amazon Music	The Linden Hours	Northern Wire	DEX252400102	4065629100101	175	100	Song	SE	0	0.7662375000
2026-04-05	2026-02	Amazon Music	The Linden Hours	Northern Wire	DEX252400102	4065629100101	470	100	Song	US	0	2.1890250000
2026-04-05	2026-02	Amazon Music	The Linden Hours	Low Orbit	DEX252400103	4065629100101	180	100	Song	AT	0	0.8253900000
2026-04-05	2026-02	Amazon Music	The Linden Hours	Low Orbit	DEX252400103	4065629100101	580	100	Song	DE	0	2.5160400000
2026-04-05	2026-02	Amazon Music	The Linden Hours	Low Orbit	DEX252400103	4065629100101	280	100	Song	GB	0	1.2070800000
2026-04-05	2026-02	Amazon Music	The Linden Hours	Low Orbit	DEX252400103	4065629100101	160	100	Song	NL	0	0.6969600000
2026-04-05	2026-02	Amazon Music	The Linden Hours	Low Orbit	DEX252400103	4065629100101	115	100	Song	SE	0	0.5402700000
2026-04-05	2026-02	Amazon Music	The Linden Hours	Low Orbit	DEX252400103	4065629100101	335	100	Song	US	0	1.5768450000
2026-04-05	2026-02	Amazon Music	The Linden Hours	Pale Hours	DEX252400104	4065629100101	110	100	Song	AT	0	0.4796550000
2026-04-05	2026-02	Amazon Music	The Linden Hours	Pale Hours	DEX252400104	4065629100101	475	100	Song	DE	0	2.0455875000
2026-04-05	2026-02	Amazon Music	The Linden Hours	Pale Hours	DEX252400104	4065629100101	190	100	Song	GB	0	0.8960400000
2026-04-05	2026-02	Amazon Music	The Linden Hours	Pale Hours	DEX252400104	4065629100101	100	100	Song	NL	0	0.4401000000
2026-04-05	2026-02	Amazon Music	The Linden Hours	Pale Hours	DEX252400104	4065629100101	75	100	Song	SE	0	0.3142125000
2026-04-05	2026-02	Amazon Music	The Linden Hours	Pale Hours	DEX252400104	4065629100101	215	100	Song	US	0	0.9171900000
2026-04-05	2026-01	Apple Music	The Linden Hours	Glass Coast	DEX252400101	4065629100101	515	100	Song	AT	0	3.5102400000
2026-04-05	2026-01	Apple Music	The Linden Hours	Glass Coast	DEX252400101	4065629100101	2520	100	Song	DE	0	16.9258320000
2026-04-05	2026-01	Apple Music	The Linden Hours	Glass Coast	DEX252400101	4065629100101	870	100	Song	GB	0	6.3252480000
2026-04-05	2026-01	Apple Music	The Linden Hours	Glass Coast	DEX252400101	4065629100101	580	100	Song	NL	0	4.0315220000
2026-04-05	2026-01	Apple Music	The Linden Hours	Glass Coast	DEX252400101	4065629100101	360	100	Song	SE	0	2.5764480000
2026-04-05	2026-01	Apple Music	The Linden Hours	Glass Coast	DEX252400101	4065629100101	1490	100	Song	US	0	10.8857910000
2026-04-05	2026-01	Apple Music	The Linden Hours	Northern Wire	DEX252400102	4065629100101	410	100	Song	AT	0	3.0914820000
2026-04-05	2026-01	Apple Music	The Linden Hours	Northern Wire	DEX252400102	4065629100101	1845	100	Song	DE	0	12.7196145000
2026-04-05	2026-01	Apple Music	The Linden Hours	Northern Wire	DEX252400102	4065629100101	570	100	Song	GB	0	3.7798980000
2026-04-05	2026-01	Apple Music	The Linden Hours	Northern Wire	DEX252400102	4065629100101	365	100	Song	NL	0	2.4282355000
2026-04-05	2026-01	Apple Music	The Linden Hours	Northern Wire	DEX252400102	4065629100101	340	100	Song	SE	0	2.4936620000
2026-04-05	2026-01	Apple Music	The Linden Hours	Northern Wire	DEX252400102	4065629100101	855	100	Song	US	0	5.7730455000
2026-04-05	2026-01	Apple Music	The Linden Hours	Low Orbit	DEX252400103	4065629100101	340	100	Song	AT	0	2.4526240000
2026-04-05	2026-01	Apple Music	The Linden Hours	Low Orbit	DEX252400103	4065629100101	1095	100	Song	DE	0	7.2380595000
2026-04-05	2026-01	Apple Music	The Linden Hours	Low Orbit	DEX252400103	4065629100101	465	100	Song	GB	0	3.1100130000
2026-04-05	2026-01	Apple Music	The Linden Hours	Low Orbit	DEX252400103	4065629100101	230	100	Song	NL	0	1.7064850000
2026-04-05	2026-01	Apple Music	The Linden Hours	Low Orbit	DEX252400103	4065629100101	225	100	Song	SE	0	1.5623550000
2026-04-05	2026-01	Apple Music	The Linden Hours	Low Orbit	DEX252400103	4065629100101	670	100	Song	US	0	5.0138780000
2026-04-05	2026-01	Apple Music	The Linden Hours	Pale Hours	DEX252400104	4065629100101	240	100	Song	AT	0	1.7397840000
2026-04-05	2026-01	Apple Music	The Linden Hours	Pale Hours	DEX252400104	4065629100101	855	100	Song	DE	0	6.4711530000
2026-04-05	2026-01	Apple Music	The Linden Hours	Pale Hours	DEX252400104	4065629100101	300	100	Song	GB	0	2.2301100000
2026-04-05	2026-01	Apple Music	The Linden Hours	Pale Hours	DEX252400104	4065629100101	125	100	Song	NL	0	0.9478500000
2026-04-05	2026-01	Apple Music	The Linden Hours	Pale Hours	DEX252400104	4065629100101	125	100	Song	SE	0	0.8688625000
2026-04-05	2026-01	Apple Music	The Linden Hours	Pale Hours	DEX252400104	4065629100101	470	100	Song	US	0	3.0800510000
2026-04-05	2026-02	Deezer	The Linden Hours	Glass Coast	DEX252400101	4065629100101	270	100	Song	AT	0	0.9311760000
2026-04-05	2026-02	Deezer	The Linden Hours	Glass Coast	DEX252400101	4065629100101	1025	100	Song	DE	0	3.5534700000
2026-04-05	2026-02	Deezer	The Linden Hours	Glass Coast	DEX252400101	4065629100101	345	100	Song	GB	0	1.1649960000
2026-04-05	2026-02	Deezer	The Linden Hours	Glass Coast	DEX252400101	4065629100101	245	100	Song	NL	0	0.9472680000
2026-04-05	2026-02	Deezer	The Linden Hours	Glass Coast	DEX252400101	4065629100101	200	100	Song	SE	0	0.7279200000
2026-04-05	2026-02	Deezer	The Linden Hours	Glass Coast	DEX252400101	4065629100101	515	100	Song	US	0	1.7316360000
2026-04-05	2026-02	Deezer	The Linden Hours	Northern Wire	DEX252400102	4065629100101	165	100	Song	AT	0	0.6088500000
2026-04-05	2026-02	Deezer	The Linden Hours	Northern Wire	DEX252400102	4065629100101	690	100	Song	DE	0	2.5386480000
2026-04-05	2026-02	Deezer	The Linden Hours	Northern Wire	DEX252400102	4065629100101	235	100	Song	GB	0	0.9086040000
2026-04-05	2026-02	Deezer	The Linden Hours	Northern Wire	DEX252400102	4065629100101	165	100	Song	NL	0	0.5797440000
2026-04-05	2026-02	Deezer	The Linden Hours	Northern Wire	DEX252400102	4065629100101	125	100	Song	SE	0	0.4167000000
2026-04-05	2026-02	Deezer	The Linden Hours	Northern Wire	DEX252400102	4065629100101	370	100	Song	US	0	1.3200120000
2026-04-05	2026-02	Deezer	The Linden Hours	Low Orbit	DEX252400103	4065629100101	120	100	Song	AT	0	0.4034880000
2026-04-05	2026-02	Deezer	The Linden Hours	Low Orbit	DEX252400103	4065629100101	615	100	Song	DE	0	2.2737780000
2026-04-05	2026-02	Deezer	The Linden Hours	Low Orbit	DEX252400103	4065629100101	150	100	Song	GB	0	0.5432400000
2026-04-05	2026-02	Deezer	The Linden Hours	Low Orbit	DEX252400103	4065629100101	110	100	Song	NL	0	0.4130280000
2026-04-05	2026-02	Deezer	The Linden Hours	Low Orbit	DEX252400103	4065629100101	75	100	Song	SE	0	0.2654100000
2026-04-05	2026-02	Deezer	The Linden Hours	Low Orbit	DEX252400103	4065629100101	220	100	Song	US	0	0.7856640000
2026-04-05	2026-02	Deezer	The Linden Hours	Pale Hours	DEX252400104	4065629100101	75	100	Song	AT	0	0.2764800000
2026-04-05	2026-02	Deezer	The Linden Hours	Pale Hours	DEX252400104	4065629100101	360	100	Song	DE	0	1.2493440000
2026-04-05	2026-02	Deezer	The Linden Hours	Pale Hours	DEX252400104	4065629100101	100	100	Song	GB	0	0.3312000000
2026-04-05	2026-02	Deezer	The Linden Hours	Pale Hours	DEX252400104	4065629100101	75	100	Song	NL	0	0.2529900000
2026-04-05	2026-02	Deezer	The Linden Hours	Pale Hours	DEX252400104	4065629100101	55	100	Song	SE	0	0.1910700000
2026-04-05	2026-02	Deezer	The Linden Hours	Pale Hours	DEX252400104	4065629100101	135	100	Song	US	0	0.4937760000
2026-04-05	2026-02	Spotify	The Linden Hours	Glass Coast	DEX252400101	4065629100101	2475	100	Song	AT	0	7.9279200000
2026-04-05	2026-02	Spotify	The Linden Hours	Glass Coast	DEX252400101	4065629100101	8730	100	Song	DE	0	28.4947200000
2026-04-05	2026-02	Spotify	The Linden Hours	Glass Coast	DEX252400101	4065629100101	3635	100	Song	GB	0	11.2481440000
2026-04-05	2026-02	Spotify	The Linden Hours	Glass Coast	DEX252400101	4065629100101	2040	100	Song	NL	0	6.0971520000
2026-04-05	2026-02	Spotify	The Linden Hours	Glass Coast	DEX252400101	4065629100101	1745	100	Song	SE	0	5.8464480000
2026-04-05	2026-02	Spotify	The Linden Hours	Glass Coast	DEX252400101	4065629100101	5120	100	Song	US	0	15.8924800000
2026-04-05	2026-02	Spotify	The Linden Hours	Northern Wire	DEX252400102	4065629100101	1965	100	Song	AT	0	5.7849600000
2026-04-05	2026-02	Spotify	The Linden Hours	Northern Wire	DEX252400102	4065629100101	6935	100	Song	DE	0	23.1018720000
2026-04-05	2026-02	Spotify	The Linden Hours	Northern Wire	DEX252400102	4065629100101	2415	100	Song	GB	0	7.8593760000
2026-04-05	2026-02	Spotify	The Linden Hours	Northern Wire	DEX252400102	4065629100101	1725	100	Song	NL	0	5.3599200000
2026-04-05	2026-02	Spotify	The Linden Hours	Northern Wire	DEX252400102	4065629100101	1355	100	Song	SE	0	4.2926400000
2026-04-05	2026-02	Spotify	The Linden Hours	Northern Wire	DEX252400102	4065629100101	3265	100	Song	US	0	11.2629440000
2026-04-05	2026-02	Spotify	The Linden Hours	Low Orbit	DEX252400103	4065629100101	1190	100	Song	AT	0	3.7280320000
2026-04-05	2026-02	Spotify	The Linden Hours	Low Orbit	DEX252400103	4065629100101	4620	100	Song	DE	0	14.8727040000
2026-04-05	2026-02	Spotify	The Linden Hours	Low Orbit	DEX252400103	4065629100101	1645	100	Song	GB	0	5.0534400000
2026-04-05	2026-02	Spotify	The Linden Hours	Low Orbit	DEX252400103	4065629100101	990	100	Song	NL	0	3.2883840000
2026-04-05	2026-02	Spotify	The Linden Hours	Low Orbit	DEX252400103	4065629100101	830	100	Song	SE	0	2.6613120000
2026-04-05	2026-02	Spotify	The Linden Hours	Low Orbit	DEX252400103	4065629100101	2745	100	Song	US	0	8.7752160000
2026-04-05	2026-02	Spotify	The Linden Hours	Pale Hours	DEX252400104	4065629100101	740	100	Song	AT	0	2.2567040000
2026-04-05	2026-02	Spotify	The Linden Hours	Pale Hours	DEX252400104	4065629100101	3930	100	Song	DE	0	13.1419200000
2026-04-05	2026-02	Spotify	The Linden Hours	Pale Hours	DEX252400104	4065629100101	1070	100	Song	GB	0	3.4616640000
2026-04-05	2026-02	Spotify	The Linden Hours	Pale Hours	DEX252400104	4065629100101	845	100	Song	NL	0	2.5606880000
2026-04-05	2026-02	Spotify	The Linden Hours	Pale Hours	DEX252400104	4065629100101	660	100	Song	SE	0	2.0275200000
2026-04-05	2026-02	Spotify	The Linden Hours	Pale Hours	DEX252400104	4065629100101	1840	100	Song	US	0	5.9645440000
2026-04-05	2026-02	Tidal	The Linden Hours	Glass Coast	DEX252400101	4065629100101	175	100	Song	AT	0	1.6789850000
2026-04-05	2026-02	Tidal	The Linden Hours	Glass Coast	DEX252400101	4065629100101	875	100	Song	DE	0	8.8494000000
2026-04-05	2026-02	Tidal	The Linden Hours	Glass Coast	DEX252400101	4065629100101	280	100	Song	GB	0	2.5793600000
2026-04-05	2026-02	Tidal	The Linden Hours	Glass Coast	DEX252400101	4065629100101	190	100	Song	NL	0	1.9364800000
2026-04-05	2026-02	Tidal	The Linden Hours	Glass Coast	DEX252400101	4065629100101	140	100	Song	SE	0	1.3267240000
2026-04-05	2026-02	Tidal	The Linden Hours	Glass Coast	DEX252400101	4065629100101	405	100	Song	US	0	3.7149840000
2026-04-05	2026-02	Tidal	The Linden Hours	Northern Wire	DEX252400102	4065629100101	135	100	Song	AT	0	1.3269690000
2026-04-05	2026-02	Tidal	The Linden Hours	Northern Wire	DEX252400102	4065629100101	580	100	Song	DE	0	5.7522080000
2026-04-05	2026-02	Tidal	The Linden Hours	Northern Wire	DEX252400102	4065629100101	210	100	Song	GB	0	1.9756800000
2026-04-05	2026-02	Tidal	The Linden Hours	Northern Wire	DEX252400102	4065629100101	115	100	Song	NL	0	1.1112220000
2026-04-05	2026-02	Tidal	The Linden Hours	Northern Wire	DEX252400102	4065629100101	90	100	Song	SE	0	0.9163980000
2026-04-05	2026-02	Tidal	The Linden Hours	Northern Wire	DEX252400102	4065629100101	255	100	Song	US	0	2.4990000000
2026-04-05	2026-02	Tidal	The Linden Hours	Low Orbit	DEX252400103	4065629100101	110	100	Song	AT	0	1.1577720000
2026-04-05	2026-02	Tidal	The Linden Hours	Low Orbit	DEX252400103	4065629100101	510	100	Song	DE	0	4.8680520000
2026-04-05	2026-02	Tidal	The Linden Hours	Low Orbit	DEX252400103	4065629100101	145	100	Song	GB	0	1.4309470000
2026-04-05	2026-02	Tidal	The Linden Hours	Low Orbit	DEX252400103	4065629100101	90	100	Song	NL	0	0.8281980000
2026-04-05	2026-02	Tidal	The Linden Hours	Low Orbit	DEX252400103	4065629100101	70	100	Song	SE	0	0.7127540000
2026-04-05	2026-02	Tidal	The Linden Hours	Low Orbit	DEX252400103	4065629100101	175	100	Song	US	0	1.5932350000
2026-04-05	2026-02	Tidal	The Linden Hours	Pale Hours	DEX252400104	4065629100101	75	100	Song	AT	0	0.7857150000
2026-04-05	2026-02	Tidal	The Linden Hours	Pale Hours	DEX252400104	4065629100101	275	100	Song	DE	0	2.8755650000
2026-04-05	2026-02	Tidal	The Linden Hours	Pale Hours	DEX252400104	4065629100101	85	100	Song	GB	0	0.8071770000
2026-04-05	2026-02	Tidal	The Linden Hours	Pale Hours	DEX252400104	4065629100101	55	100	Song	NL	0	0.5379220000
2026-04-05	2026-02	Tidal	The Linden Hours	Pale Hours	DEX252400104	4065629100101	40	100	Song	SE	0	0.3712240000
2026-04-05	2026-02	Tidal	The Linden Hours	Pale Hours	DEX252400104	4065629100101	135	100	Song	US	0	1.3071240000
2026-04-05	2026-02	YouTube Music	The Linden Hours	Glass Coast	DEX252400101	4065629100101	315	100	Song	AT	0	0.6925905000
2026-04-05	2026-02	YouTube Music	The Linden Hours	Glass Coast	DEX252400101	4065629100101	1315	100	Song	DE	0	2.6786550000
2026-04-05	2026-02	YouTube Music	The Linden Hours	Glass Coast	DEX252400101	4065629100101	490	100	Song	GB	0	1.0073910000
2026-04-05	2026-02	YouTube Music	The Linden Hours	Glass Coast	DEX252400101	4065629100101	355	100	Song	NL	0	0.7745745000
2026-04-05	2026-02	YouTube Music	The Linden Hours	Glass Coast	DEX252400101	4065629100101	300	100	Song	SE	0	0.6728400000
2026-04-05	2026-02	YouTube Music	The Linden Hours	Glass Coast	DEX252400101	4065629100101	790	100	Song	US	0	1.5412110000
2026-04-05	2026-02	YouTube Music	The Linden Hours	Northern Wire	DEX252400102	4065629100101	215	100	Song	AT	0	0.4578210000
2026-04-05	2026-02	YouTube Music	The Linden Hours	Northern Wire	DEX252400102	4065629100101	780	100	Song	DE	0	1.5904980000
2026-04-05	2026-02	YouTube Music	The Linden Hours	Northern Wire	DEX252400102	4065629100101	330	100	Song	GB	0	0.6396390000
2026-04-05	2026-02	YouTube Music	The Linden Hours	Northern Wire	DEX252400102	4065629100101	255	100	Song	NL	0	0.5028345000
2026-04-05	2026-02	YouTube Music	The Linden Hours	Northern Wire	DEX252400102	4065629100101	185	100	Song	SE	0	0.3803415000
2026-04-05	2026-02	YouTube Music	The Linden Hours	Northern Wire	DEX252400102	4065629100101	555	100	Song	US	0	1.1025630000
2026-04-05	2026-02	YouTube Music	The Linden Hours	Low Orbit	DEX252400103	4065629100101	195	100	Song	AT	0	0.4250610000
2026-04-05	2026-02	YouTube Music	The Linden Hours	Low Orbit	DEX252400103	4065629100101	745	100	Song	DE	0	1.5942255000
2026-04-05	2026-02	YouTube Music	The Linden Hours	Low Orbit	DEX252400103	4065629100101	310	100	Song	GB	0	0.6151950000
2026-04-05	2026-02	YouTube Music	The Linden Hours	Low Orbit	DEX252400103	4065629100101	180	100	Song	NL	0	0.3621240000
2026-04-05	2026-02	YouTube Music	The Linden Hours	Low Orbit	DEX252400103	4065629100101	140	100	Song	SE	0	0.2822400000
2026-04-05	2026-02	YouTube Music	The Linden Hours	Low Orbit	DEX252400103	4065629100101	480	100	Song	US	0	0.9636480000
2026-04-05	2026-02	YouTube Music	The Linden Hours	Pale Hours	DEX252400104	4065629100101	140	100	Song	AT	0	0.2743020000
2026-04-05	2026-02	YouTube Music	The Linden Hours	Pale Hours	DEX252400104	4065629100101	505	100	Song	DE	0	1.1220090000
2026-04-05	2026-02	YouTube Music	The Linden Hours	Pale Hours	DEX252400104	4065629100101	195	100	Song	GB	0	0.4152330000
2026-04-05	2026-02	YouTube Music	The Linden Hours	Pale Hours	DEX252400104	4065629100101	105	100	Song	NL	0	0.2253510000
2026-04-05	2026-02	YouTube Music	The Linden Hours	Pale Hours	DEX252400104	4065629100101	115	100	Song	SE	0	0.2318400000
2026-04-05	2026-02	YouTube Music	The Linden Hours	Pale Hours	DEX252400104	4065629100101	285	100	Song	US	0	0.6134625000
2026-05-06	2026-03	Amazon Music	The Linden Hours	Glass Coast	DEX252400101	4065629100101	325	100	Song	AT	0	1.4581125000
2026-05-06	2026-03	Amazon Music	The Linden Hours	Glass Coast	DEX252400101	4065629100101	1580	100	Song	DE	0	7.4370600000
2026-05-06	2026-03	Amazon Music	The Linden Hours	Glass Coast	DEX252400101	4065629100101	480	100	Song	GB	0	1.9893600000
2026-05-06	2026-03	Amazon Music	The Linden Hours	Glass Coast	DEX252400101	4065629100101	320	100	Song	NL	0	1.5480000000
2026-05-06	2026-03	Amazon Music	The Linden Hours	Glass Coast	DEX252400101	4065629100101	235	100	Song	SE	0	1.0300050000
2026-05-06	2026-03	Amazon Music	The Linden Hours	Glass Coast	DEX252400101	4065629100101	665	100	Song	US	0	3.0822750000
2026-05-06	2026-03	Amazon Music	The Linden Hours	Northern Wire	DEX252400102	4065629100101	250	100	Song	AT	0	1.1092500000
2026-05-06	2026-03	Amazon Music	The Linden Hours	Northern Wire	DEX252400102	4065629100101	915	100	Song	DE	0	4.3192575000
2026-05-06	2026-03	Amazon Music	The Linden Hours	Northern Wire	DEX252400102	4065629100101	350	100	Song	GB	0	1.5135750000
2026-05-06	2026-03	Amazon Music	The Linden Hours	Northern Wire	DEX252400102	4065629100101	165	100	Song	NL	0	0.7863075000
2026-05-06	2026-03	Amazon Music	The Linden Hours	Northern Wire	DEX252400102	4065629100101	160	100	Song	SE	0	0.7128000000
2026-05-06	2026-03	Amazon Music	The Linden Hours	Northern Wire	DEX252400102	4065629100101	365	100	Song	US	0	1.5915825000
2026-05-06	2026-03	Amazon Music	The Linden Hours	Low Orbit	DEX252400103	4065629100101	160	100	Song	AT	0	0.7466400000
2026-05-06	2026-03	Amazon Music	The Linden Hours	Low Orbit	DEX252400103	4065629100101	810	100	Song	DE	0	3.8746350000
2026-05-06	2026-03	Amazon Music	The Linden Hours	Low Orbit	DEX252400103	4065629100101	250	100	Song	GB	0	1.0923750000
2026-05-06	2026-03	Amazon Music	The Linden Hours	Low Orbit	DEX252400103	4065629100101	130	100	Song	NL	0	0.6154200000
2026-05-06	2026-03	Amazon Music	The Linden Hours	Low Orbit	DEX252400103	4065629100101	115	100	Song	SE	0	0.5102550000
2026-05-06	2026-03	Amazon Music	The Linden Hours	Low Orbit	DEX252400103	4065629100101	375	100	Song	US	0	1.7836875000
2026-05-06	2026-03	Amazon Music	The Linden Hours	Pale Hours	DEX252400104	4065629100101	105	100	Song	AT	0	0.4715550000
2026-05-06	2026-03	Amazon Music	The Linden Hours	Pale Hours	DEX252400104	4065629100101	480	100	Song	DE	0	2.2161600000
2026-05-06	2026-03	Amazon Music	The Linden Hours	Pale Hours	DEX252400104	4065629100101	160	100	Song	GB	0	0.6796800000
2026-05-06	2026-03	Amazon Music	The Linden Hours	Pale Hours	DEX252400104	4065629100101	95	100	Song	NL	0	0.4446000000
2026-05-06	2026-03	Amazon Music	The Linden Hours	Pale Hours	DEX252400104	4065629100101	65	100	Song	SE	0	0.2696850000
2026-05-06	2026-03	Amazon Music	The Linden Hours	Pale Hours	DEX252400104	4065629100101	205	100	Song	US	0	0.8588475000
2026-05-06	2026-02	Apple Music	The Linden Hours	Glass Coast	DEX252400101	4065629100101	650	100	Song	AT	0	4.7119150000
2026-05-06	2026-02	Apple Music	The Linden Hours	Glass Coast	DEX252400101	4065629100101	2640	100	Song	DE	0	17.8068000000
2026-05-06	2026-02	Apple Music	The Linden Hours	Glass Coast	DEX252400101	4065629100101	890	100	Song	GB	0	6.3505950000
2026-05-06	2026-02	Apple Music	The Linden Hours	Glass Coast	DEX252400101	4065629100101	520	100	Song	NL	0	3.9762840000
2026-05-06	2026-02	Apple Music	The Linden Hours	Glass Coast	DEX252400101	4065629100101	465	100	Song	SE	0	3.4302585000
2026-05-06	2026-02	Apple Music	The Linden Hours	Glass Coast	DEX252400101	4065629100101	1360	100	Song	US	0	9.9553360000
2026-05-06	2026-02	Apple Music	The Linden Hours	Northern Wire	DEX252400102	4065629100101	450	100	Song	AT	0	3.0991500000
2026-05-06	2026-02	Apple Music	The Linden Hours	Northern Wire	DEX252400102	4065629100101	1620	100	Song	DE	0	11.6745300000
2026-05-06	2026-02	Apple Music	The Linden Hours	Northern Wire	DEX252400102	4065629100101	505	100	Song	GB	0	3.2986600000
2026-05-06	2026-02	Apple Music	The Linden Hours	Northern Wire	DEX252400102	4065629100101	390	100	Song	NL	0	2.8880670000
2026-05-06	2026-02	Apple Music	The Linden Hours	Northern Wire	DEX252400102	4065629100101	280	100	Song	SE	0	2.1291480000
2026-05-06	2026-02	Apple Music	The Linden Hours	Northern Wire	DEX252400102	4065629100101	850	100	Song	US	0	5.8539500000
2026-05-06	2026-02	Apple Music	The Linden Hours	Low Orbit	DEX252400103	4065629100101	335	100	Song	AT	0	2.2143835000
2026-05-06	2026-02	Apple Music	The Linden Hours	Low Orbit	DEX252400103	4065629100101	1010	100	Song	DE	0	7.1781710000
2026-05-06	2026-02	Apple Music	The Linden Hours	Low Orbit	DEX252400103	4065629100101	420	100	Song	GB	0	3.2056500000
2026-05-06	2026-02	Apple Music	The Linden Hours	Low Orbit	DEX252400103	4065629100101	250	100	Song	NL	0	1.7909750000
2026-05-06	2026-02	Apple Music	The Linden Hours	Low Orbit	DEX252400103	4065629100101	200	100	Song	SE	0	1.5009400000
2026-05-06	2026-02	Apple Music	The Linden Hours	Low Orbit	DEX252400103	4065629100101	600	100	Song	US	0	4.4644800000
2026-05-06	2026-02	Apple Music	The Linden Hours	Pale Hours	DEX252400104	4065629100101	200	100	Song	AT	0	1.4981000000
2026-05-06	2026-02	Apple Music	The Linden Hours	Pale Hours	DEX252400104	4065629100101	880	100	Song	DE	0	6.2355040000
2026-05-06	2026-02	Apple Music	The Linden Hours	Pale Hours	DEX252400104	4065629100101	315	100	Song	GB	0	2.1380940000
2026-05-06	2026-02	Apple Music	The Linden Hours	Pale Hours	DEX252400104	4065629100101	155	100	Song	NL	0	1.0597815000
2026-05-06	2026-02	Apple Music	The Linden Hours	Pale Hours	DEX252400104	4065629100101	150	100	Song	SE	0	1.0713900000
2026-05-06	2026-02	Apple Music	The Linden Hours	Pale Hours	DEX252400104	4065629100101	375	100	Song	US	0	2.4787875000
2026-05-06	2026-03	Deezer	The Linden Hours	Glass Coast	DEX252400101	4065629100101	220	100	Song	AT	0	0.8125920000
2026-05-06	2026-03	Deezer	The Linden Hours	Glass Coast	DEX252400101	4065629100101	1095	100	Song	DE	0	3.6975960000
2026-05-06	2026-03	Deezer	The Linden Hours	Glass Coast	DEX252400101	4065629100101	295	100	Song	GB	0	1.0545660000
2026-05-06	2026-03	Deezer	The Linden Hours	Glass Coast	DEX252400101	4065629100101	215	100	Song	NL	0	0.7608420000
2026-05-06	2026-03	Deezer	The Linden Hours	Glass Coast	DEX252400101	4065629100101	185	100	Song	SE	0	0.6580080000
2026-05-06	2026-03	Deezer	The Linden Hours	Glass Coast	DEX252400101	4065629100101	505	100	Song	US	0	1.7252820000
2026-05-06	2026-03	Deezer	The Linden Hours	Northern Wire	DEX252400102	4065629100101	155	100	Song	AT	0	0.5401440000
2026-05-06	2026-03	Deezer	The Linden Hours	Northern Wire	DEX252400102	4065629100101	595	100	Song	DE	0	2.1762720000
2026-05-06	2026-03	Deezer	The Linden Hours	Northern Wire	DEX252400102	4065629100101	305	100	Song	GB	0	1.0398060000
2026-05-06	2026-03	Deezer	The Linden Hours	Northern Wire	DEX252400102	4065629100101	135	100	Song	NL	0	0.4699620000
2026-05-06	2026-03	Deezer	The Linden Hours	Northern Wire	DEX252400102	4065629100101	130	100	Song	SE	0	0.4319640000
2026-05-06	2026-03	Deezer	The Linden Hours	Northern Wire	DEX252400102	4065629100101	355	100	Song	US	0	1.2741660000
2026-05-06	2026-03	Deezer	The Linden Hours	Low Orbit	DEX252400103	4065629100101	135	100	Song	AT	0	0.5146740000
2026-05-06	2026-03	Deezer	The Linden Hours	Low Orbit	DEX252400103	4065629100101	470	100	Song	DE	0	1.6310880000
2026-05-06	2026-03	Deezer	The Linden Hours	Low Orbit	DEX252400103	4065629100101	185	100	Song	GB	0	0.6719940000
2026-05-06	2026-03	Deezer	The Linden Hours	Low Orbit	DEX252400103	4065629100101	105	100	Song	NL	0	0.4021920000
2026-05-06	2026-03	Deezer	The Linden Hours	Low Orbit	DEX252400103	4065629100101	80	100	Song	SE	0	0.2805120000
2026-05-06	2026-03	Deezer	The Linden Hours	Low Orbit	DEX252400103	4065629100101	265	100	Song	US	0	0.9778500000
2026-05-06	2026-03	Deezer	The Linden Hours	Pale Hours	DEX252400104	4065629100101	90	100	Song	AT	0	0.3340440000
2026-05-06	2026-03	Deezer	The Linden Hours	Pale Hours	DEX252400104	4065629100101	315	100	Song	DE	0	1.0931760000
2026-05-06	2026-03	Deezer	The Linden Hours	Pale Hours	DEX252400104	4065629100101	120	100	Song	GB	0	0.4609440000
2026-05-06	2026-03	Deezer	The Linden Hours	Pale Hours	DEX252400104	4065629100101	80	100	Song	NL	0	0.3078720000
2026-05-06	2026-03	Deezer	The Linden Hours	Pale Hours	DEX252400104	4065629100101	65	100	Song	SE	0	0.2363400000
2026-05-06	2026-03	Deezer	The Linden Hours	Pale Hours	DEX252400104	4065629100101	185	100	Song	US	0	0.6300360000
2026-05-06	2026-03	Spotify	The Linden Hours	Glass Coast	DEX252400101	4065629100101	2500	100	Song	AT	0	7.5680000000
2026-05-06	2026-03	Spotify	The Linden Hours	Glass Coast	DEX252400101	4065629100101	10395	100	Song	DE	0	32.2660800000
2026-05-06	2026-03	Spotify	The Linden Hours	Glass Coast	DEX252400101	4065629100101	3475	100	Song	GB	0	12.0096000000
2026-05-06	2026-03	Spotify	The Linden Hours	Glass Coast	DEX252400101	4065629100101	2310	100	Song	NL	0	7.1776320000
2026-05-06	2026-03	Spotify	The Linden Hours	Glass Coast	DEX252400101	4065629100101	1445	100	Song	SE	0	4.9846720000
2026-05-06	2026-03	Spotify	The Linden Hours	Glass Coast	DEX252400101	4065629100101	4860	100	Song	US	0	15.0854400000
2026-05-06	2026-03	Spotify	The Linden Hours	Northern Wire	DEX252400102	4065629100101	1705	100	Song	AT	0	5.1450080000
2026-05-06	2026-03	Spotify	The Linden Hours	Northern Wire	DEX252400102	4065629100101	6230	100	Song	DE	0	18.8594560000
2026-05-06	2026-03	Spotify	The Linden Hours	Northern Wire	DEX252400102	4065629100101	2430	100	Song	GB	0	7.6515840000
2026-05-06	2026-03	Spotify	The Linden Hours	Northern Wire	DEX252400102	4065629100101	1560	100	Song	NL	0	4.8122880000
2026-05-06	2026-03	Spotify	The Linden Hours	Northern Wire	DEX252400102	4065629100101	1125	100	Song	SE	0	3.8664000000
2026-05-06	2026-03	Spotify	The Linden Hours	Northern Wire	DEX252400102	4065629100101	3840	100	Song	US	0	12.9638400000
2026-05-06	2026-03	Spotify	The Linden Hours	Low Orbit	DEX252400103	4065629100101	1000	100	Song	AT	0	3.2896000000
2026-05-06	2026-03	Spotify	The Linden Hours	Low Orbit	DEX252400103	4065629100101	5010	100	Song	DE	0	14.9899200000
2026-05-06	2026-03	Spotify	The Linden Hours	Low Orbit	DEX252400103	4065629100101	1875	100	Song	GB	0	5.9520000000
2026-05-06	2026-03	Spotify	The Linden Hours	Low Orbit	DEX252400103	4065629100101	1225	100	Song	NL	0	3.7004800000
2026-05-06	2026-03	Spotify	The Linden Hours	Low Orbit	DEX252400103	4065629100101	820	100	Song	SE	0	2.6554880000
2026-05-06	2026-03	Spotify	The Linden Hours	Low Orbit	DEX252400103	4065629100101	2350	100	Song	US	0	7.9787200000
2026-05-06	2026-03	Spotify	The Linden Hours	Pale Hours	DEX252400104	4065629100101	960	100	Song	AT	0	3.0658560000
2026-05-06	2026-03	Spotify	The Linden Hours	Pale Hours	DEX252400104	4065629100101	3680	100	Song	DE	0	12.3294720000
2026-05-06	2026-03	Spotify	The Linden Hours	Pale Hours	DEX252400104	4065629100101	1140	100	Song	GB	0	3.6261120000
2026-05-06	2026-03	Spotify	The Linden Hours	Pale Hours	DEX252400104	4065629100101	755	100	Song	NL	0	2.3580160000
2026-05-06	2026-03	Spotify	The Linden Hours	Pale Hours	DEX252400104	4065629100101	620	100	Song	SE	0	1.9284480000
2026-05-06	2026-03	Spotify	The Linden Hours	Pale Hours	DEX252400104	4065629100101	1460	100	Song	US	0	4.3169280000
2026-05-06	2026-03	Tidal	The Linden Hours	Glass Coast	DEX252400101	4065629100101	235	100	Song	AT	0	2.3283330000
2026-05-06	2026-03	Tidal	The Linden Hours	Glass Coast	DEX252400101	4065629100101	795	100	Song	DE	0	7.2222570000
2026-05-06	2026-03	Tidal	The Linden Hours	Glass Coast	DEX252400101	4065629100101	310	100	Song	GB	0	3.0288860000
2026-05-06	2026-03	Tidal	The Linden Hours	Glass Coast	DEX252400101	4065629100101	190	100	Song	NL	0	1.9159980000
2026-05-06	2026-03	Tidal	The Linden Hours	Glass Coast	DEX252400101	4065629100101	175	100	Song	SE	0	1.6566900000
2026-05-06	2026-03	Tidal	The Linden Hours	Glass Coast	DEX252400101	4065629100101	405	100	Song	US	0	3.7308600000
2026-05-06	2026-03	Tidal	The Linden Hours	Northern Wire	DEX252400102	4065629100101	145	100	Song	AT	0	1.5062600000
2026-05-06	2026-03	Tidal	The Linden Hours	Northern Wire	DEX252400102	4065629100101	505	100	Song	DE	0	5.2954300000
2026-05-06	2026-03	Tidal	The Linden Hours	Northern Wire	DEX252400102	4065629100101	255	100	Song	GB	0	2.6214510000
2026-05-06	2026-03	Tidal	The Linden Hours	Northern Wire	DEX252400102	4065629100101	105	100	Song	NL	0	1.0413480000
2026-05-06	2026-03	Tidal	The Linden Hours	Northern Wire	DEX252400102	4065629100101	100	100	Song	SE	0	0.9525600000
2026-05-06	2026-03	Tidal	The Linden Hours	Northern Wire	DEX252400102	4065629100101	290	100	Song	US	0	2.9016820000
2026-05-06	2026-03	Tidal	The Linden Hours	Low Orbit	DEX252400103	4065629100101	95	100	Song	AT	0	1.0008250000
2026-05-06	2026-03	Tidal	The Linden Hours	Low Orbit	DEX252400103	4065629100101	460	100	Song	DE	0	4.8596240000
2026-05-06	2026-03	Tidal	The Linden Hours	Low Orbit	DEX252400103	4065629100101	150	100	Song	GB	0	1.4185500000
2026-05-06	2026-03	Tidal	The Linden Hours	Low Orbit	DEX252400103	4065629100101	85	100	Song	NL	0	0.8379980000
2026-05-06	2026-03	Tidal	The Linden Hours	Low Orbit	DEX252400103	4065629100101	75	100	Song	SE	0	0.7599900000
2026-05-06	2026-03	Tidal	The Linden Hours	Low Orbit	DEX252400103	4065629100101	215	100	Song	US	0	2.2292060000
2026-05-06	2026-03	Tidal	The Linden Hours	Pale Hours	DEX252400104	4065629100101	70	100	Song	AT	0	0.6503280000
2026-05-06	2026-03	Tidal	The Linden Hours	Pale Hours	DEX252400104	4065629100101	225	100	Song	DE	0	2.1785400000
2026-05-06	2026-03	Tidal	The Linden Hours	Pale Hours	DEX252400104	4065629100101	95	100	Song	GB	0	0.9794120000
2026-05-06	2026-03	Tidal	The Linden Hours	Pale Hours	DEX252400104	4065629100101	55	100	Song	NL	0	0.5346880000
2026-05-06	2026-03	Tidal	The Linden Hours	Pale Hours	DEX252400104	4065629100101	35	100	Song	SE	0	0.3179610000
2026-05-06	2026-03	Tidal	The Linden Hours	Pale Hours	DEX252400104	4065629100101	135	100	Song	US	0	1.3838580000
2026-05-06	2026-03	YouTube Music	The Linden Hours	Glass Coast	DEX252400101	4065629100101	405	100	Song	AT	0	0.8385930000
2026-05-06	2026-03	YouTube Music	The Linden Hours	Glass Coast	DEX252400101	4065629100101	1700	100	Song	DE	0	3.6878100000
2026-05-06	2026-03	YouTube Music	The Linden Hours	Glass Coast	DEX252400101	4065629100101	540	100	Song	GB	0	1.2020400000
2026-05-06	2026-03	YouTube Music	The Linden Hours	Glass Coast	DEX252400101	4065629100101	370	100	Song	NL	0	0.8368290000
2026-05-06	2026-03	YouTube Music	The Linden Hours	Glass Coast	DEX252400101	4065629100101	285	100	Song	SE	0	0.6362055000
2026-05-06	2026-03	YouTube Music	The Linden Hours	Glass Coast	DEX252400101	4065629100101	795	100	Song	US	0	1.7780175000
2026-05-06	2026-03	YouTube Music	The Linden Hours	Northern Wire	DEX252400102	4065629100101	275	100	Song	AT	0	0.5341875000
2026-05-06	2026-03	YouTube Music	The Linden Hours	Northern Wire	DEX252400102	4065629100101	1150	100	Song	DE	0	2.5212600000
2026-05-06	2026-03	YouTube Music	The Linden Hours	Northern Wire	DEX252400102	4065629100101	425	100	Song	GB	0	0.8746500000
2026-05-06	2026-03	YouTube Music	The Linden Hours	Northern Wire	DEX252400102	4065629100101	260	100	Song	NL	0	0.5219760000
2026-05-06	2026-03	YouTube Music	The Linden Hours	Northern Wire	DEX252400102	4065629100101	210	100	Song	SE	0	0.4255650000
2026-05-06	2026-03	YouTube Music	The Linden Hours	Northern Wire	DEX252400102	4065629100101	415	100	Song	US	0	0.8070090000
2026-05-06	2026-03	YouTube Music	The Linden Hours	Low Orbit	DEX252400103	4065629100101	180	100	Song	AT	0	0.3522960000
2026-05-06	2026-03	YouTube Music	The Linden Hours	Low Orbit	DEX252400103	4065629100101	900	100	Song	DE	0	2.0393100000
2026-05-06	2026-03	YouTube Music	The Linden Hours	Low Orbit	DEX252400103	4065629100101	270	100	Song	GB	0	0.5959170000
2026-05-06	2026-03	YouTube Music	The Linden Hours	Low Orbit	DEX252400103	4065629100101	205	100	Song	NL	0	0.4391100000
2026-05-06	2026-03	YouTube Music	The Linden Hours	Low Orbit	DEX252400103	4065629100101	120	100	Song	SE	0	0.2467080000
2026-05-06	2026-03	YouTube Music	The Linden Hours	Low Orbit	DEX252400103	4065629100101	395	100	Song	US	0	0.8742930000
2026-05-06	2026-03	YouTube Music	The Linden Hours	Pale Hours	DEX252400104	4065629100101	125	100	Song	AT	0	0.2714250000
2026-05-06	2026-03	YouTube Music	The Linden Hours	Pale Hours	DEX252400104	4065629100101	440	100	Song	DE	0	0.8547000000
2026-05-06	2026-03	YouTube Music	The Linden Hours	Pale Hours	DEX252400104	4065629100101	190	100	Song	GB	0	0.4097730000
2026-05-06	2026-03	YouTube Music	The Linden Hours	Pale Hours	DEX252400104	4065629100101	130	100	Song	NL	0	0.2940210000
2026-05-06	2026-03	YouTube Music	The Linden Hours	Pale Hours	DEX252400104	4065629100101	80	100	Song	SE	0	0.1562400000
2026-05-06	2026-03	YouTube Music	The Linden Hours	Pale Hours	DEX252400104	4065629100101	275	100	Song	US	0	0.6011775000
2026-06-04	2026-04	Amazon Music	The Linden Hours	Glass Coast	DEX252400101	4065629100101	295	100	Song	AT	0	1.3288275000
2026-06-04	2026-04	Amazon Music	The Linden Hours	Glass Coast	DEX252400101	4065629100101	1310	100	Song	DE	0	6.3666000000
2026-06-04	2026-04	Amazon Music	The Linden Hours	Glass Coast	DEX252400101	4065629100101	515	100	Song	GB	0	2.2572450000
2026-06-04	2026-04	Amazon Music	The Linden Hours	Glass Coast	DEX252400101	4065629100101	340	100	Song	NL	0	1.4657400000
2026-06-04	2026-04	Amazon Music	The Linden Hours	Glass Coast	DEX252400101	4065629100101	250	100	Song	SE	0	1.0530000000
2026-06-04	2026-04	Amazon Music	The Linden Hours	Glass Coast	DEX252400101	4065629100101	705	100	Song	US	0	3.3723675000
2026-06-04	2026-04	Amazon Music	The Linden Hours	Northern Wire	DEX252400102	4065629100101	185	100	Song	AT	0	0.8749575000
2026-06-04	2026-04	Amazon Music	The Linden Hours	Northern Wire	DEX252400102	4065629100101	800	100	Song	DE	0	3.6288000000
2026-06-04	2026-04	Amazon Music	The Linden Hours	Northern Wire	DEX252400102	4065629100101	290	100	Song	GB	0	1.3363200000
2026-06-04	2026-04	Amazon Music	The Linden Hours	Northern Wire	DEX252400102	4065629100101	215	100	Song	NL	0	0.9288000000
2026-06-04	2026-04	Amazon Music	The Linden Hours	Northern Wire	DEX252400102	4065629100101	155	100	Song	SE	0	0.6556500000
2026-06-04	2026-04	Amazon Music	The Linden Hours	Northern Wire	DEX252400102	4065629100101	475	100	Song	US	0	2.2486500000
2026-06-04	2026-04	Amazon Music	The Linden Hours	Low Orbit	DEX252400103	4065629100101	190	100	Song	AT	0	0.8421750000
2026-06-04	2026-04	Amazon Music	The Linden Hours	Low Orbit	DEX252400103	4065629100101	730	100	Song	DE	0	3.3605550000
2026-06-04	2026-04	Amazon Music	The Linden Hours	Low Orbit	DEX252400103	4065629100101	265	100	Song	GB	0	1.1889225000
2026-06-04	2026-04	Amazon Music	The Linden Hours	Low Orbit	DEX252400103	4065629100101	140	100	Song	NL	0	0.6596100000
2026-06-04	2026-04	Amazon Music	The Linden Hours	Low Orbit	DEX252400103	4065629100101	135	100	Song	SE	0	0.6111450000
2026-06-04	2026-04	Amazon Music	The Linden Hours	Low Orbit	DEX252400103	4065629100101	310	100	Song	US	0	1.4494050000
2026-06-04	2026-04	Amazon Music	The Linden Hours	Pale Hours	DEX252400104	4065629100101	115	100	Song	AT	0	0.5216400000
2026-06-04	2026-04	Amazon Music	The Linden Hours	Pale Hours	DEX252400104	4065629100101	515	100	Song	DE	0	2.3267700000
2026-06-04	2026-04	Amazon Music	The Linden Hours	Pale Hours	DEX252400104	4065629100101	165	100	Song	GB	0	0.7024050000
2026-06-04	2026-04	Amazon Music	The Linden Hours	Pale Hours	DEX252400104	4065629100101	85	100	Song	NL	0	0.3645225000
2026-06-04	2026-04	Amazon Music	The Linden Hours	Pale Hours	DEX252400104	4065629100101	80	100	Song	SE	0	0.3762000000
2026-06-04	2026-04	Amazon Music	The Linden Hours	Pale Hours	DEX252400104	4065629100101	210	100	Song	US	0	0.9109800000
2026-06-04	2026-03	Apple Music	The Linden Hours	Glass Coast	DEX252400101	4065629100101	610	100	Song	AT	0	4.4262820000
2026-06-04	2026-03	Apple Music	The Linden Hours	Glass Coast	DEX252400101	4065629100101	2520	100	Song	DE	0	17.5341600000
2026-06-04	2026-03	Apple Music	The Linden Hours	Glass Coast	DEX252400101	4065629100101	875	100	Song	GB	0	6.6660125000
2026-06-04	2026-03	Apple Music	The Linden Hours	Glass Coast	DEX252400101	4065629100101	530	100	Song	NL	0	3.8834160000
2026-06-04	2026-03	Apple Music	The Linden Hours	Glass Coast	DEX252400101	4065629100101	335	100	Song	SE	0	2.2904955000
2026-06-04	2026-03	Apple Music	The Linden Hours	Glass Coast	DEX252400101	4065629100101	1320	100	Song	US	0	9.4094880000
2026-06-04	2026-03	Apple Music	The Linden Hours	Northern Wire	DEX252400102	4065629100101	360	100	Song	AT	0	2.7323640000
2026-06-04	2026-03	Apple Music	The Linden Hours	Northern Wire	DEX252400102	4065629100101	1850	100	Song	DE	0	12.0842000000
2026-06-04	2026-03	Apple Music	The Linden Hours	Northern Wire	DEX252400102	4065629100101	585	100	Song	GB	0	3.9084435000
2026-06-04	2026-03	Apple Music	The Linden Hours	Northern Wire	DEX252400102	4065629100101	355	100	Song	NL	0	2.3692700000
2026-06-04	2026-03	Apple Music	The Linden Hours	Northern Wire	DEX252400102	4065629100101	285	100	Song	SE	0	1.8939960000
2026-06-04	2026-03	Apple Music	The Linden Hours	Northern Wire	DEX252400102	4065629100101	695	100	Song	US	0	5.0874695000
2026-06-04	2026-03	Apple Music	The Linden Hours	Low Orbit	DEX252400103	4065629100101	335	100	Song	AT	0	2.4926680000
2026-06-04	2026-03	Apple Music	The Linden Hours	Low Orbit	DEX252400103	4065629100101	1020	100	Song	DE	0	7.0102560000
2026-06-04	2026-03	Apple Music	The Linden Hours	Low Orbit	DEX252400103	4065629100101	395	100	Song	GB	0	2.6754930000
2026-06-04	2026-03	Apple Music	The Linden Hours	Low Orbit	DEX252400103	4065629100101	285	100	Song	NL	0	2.1024165000
2026-06-04	2026-03	Apple Music	The Linden Hours	Low Orbit	DEX252400103	4065629100101	225	100	Song	SE	0	1.5272100000
2026-06-04	2026-03	Apple Music	The Linden Hours	Low Orbit	DEX252400103	4065629100101	680	100	Song	US	0	4.8666240000
2026-06-04	2026-03	Apple Music	The Linden Hours	Pale Hours	DEX252400104	4065629100101	185	100	Song	AT	0	1.4159530000
2026-06-04	2026-03	Apple Music	The Linden Hours	Pale Hours	DEX252400104	4065629100101	850	100	Song	DE	0	6.0289650000
2026-06-04	2026-03	Apple Music	The Linden Hours	Pale Hours	DEX252400104	4065629100101	300	100	Song	GB	0	1.9915500000
2026-06-04	2026-03	Apple Music	The Linden Hours	Pale Hours	DEX252400104	4065629100101	180	100	Song	NL	0	1.2677760000
2026-06-04	2026-03	Apple Music	The Linden Hours	Pale Hours	DEX252400104	4065629100101	140	100	Song	SE	0	1.0188500000
2026-06-04	2026-03	Apple Music	The Linden Hours	Pale Hours	DEX252400104	4065629100101	395	100	Song	US	0	2.9278980000
2026-06-04	2026-04	Deezer	The Linden Hours	Glass Coast	DEX252400101	4065629100101	300	100	Song	AT	0	1.0897200000
2026-06-04	2026-04	Deezer	The Linden Hours	Glass Coast	DEX252400101	4065629100101	910	100	Song	DE	0	3.4234200000
2026-06-04	2026-04	Deezer	The Linden Hours	Glass Coast	DEX252400101	4065629100101	360	100	Song	GB	0	1.2597120000
2026-06-04	2026-04	Deezer	The Linden Hours	Glass Coast	DEX252400101	4065629100101	215	100	Song	NL	0	0.8335980000
2026-06-04	2026-04	Deezer	The Linden Hours	Glass Coast	DEX252400101	4065629100101	180	100	Song	SE	0	0.6058800000
2026-06-04	2026-04	Deezer	The Linden Hours	Glass Coast	DEX252400101	4065629100101	575	100	Song	US	0	1.9934100000
2026-06-04	2026-04	Deezer	The Linden Hours	Northern Wire	DEX252400102	4065629100101	165	100	Song	AT	0	0.5791500000
2026-06-04	2026-04	Deezer	The Linden Hours	Northern Wire	DEX252400102	4065629100101	685	100	Song	DE	0	2.5671060000
2026-06-04	2026-04	Deezer	The Linden Hours	Northern Wire	DEX252400102	4065629100101	185	100	Song	GB	0	0.6759900000
2026-06-04	2026-04	Deezer	The Linden Hours	Northern Wire	DEX252400102	4065629100101	140	100	Song	NL	0	0.5266800000
2026-06-04	2026-04	Deezer	The Linden Hours	Northern Wire	DEX252400102	4065629100101	120	100	Song	SE	0	0.4466880000
2026-06-04	2026-04	Deezer	The Linden Hours	Northern Wire	DEX252400102	4065629100101	325	100	Song	US	0	1.0822500000
2026-06-04	2026-04	Deezer	The Linden Hours	Low Orbit	DEX252400103	4065629100101	115	100	Song	AT	0	0.4094460000
2026-06-04	2026-04	Deezer	The Linden Hours	Low Orbit	DEX252400103	4065629100101	520	100	Song	DE	0	1.9131840000
2026-06-04	2026-04	Deezer	The Linden Hours	Low Orbit	DEX252400103	4065629100101	205	100	Song	GB	0	0.6863400000
2026-06-04	2026-04	Deezer	The Linden Hours	Low Orbit	DEX252400103	4065629100101	125	100	Song	NL	0	0.4410000000
2026-06-04	2026-04	Deezer	The Linden Hours	Low Orbit	DEX252400103	4065629100101	80	100	Song	SE	0	0.3038400000
2026-06-04	2026-04	Deezer	The Linden Hours	Low Orbit	DEX252400103	4065629100101	225	100	Song	US	0	0.8245800000
2026-06-04	2026-04	Deezer	The Linden Hours	Pale Hours	DEX252400104	4065629100101	75	100	Song	AT	0	0.2708100000
2026-06-04	2026-04	Deezer	The Linden Hours	Pale Hours	DEX252400104	4065629100101	270	100	Song	DE	0	1.0351800000
2026-06-04	2026-04	Deezer	The Linden Hours	Pale Hours	DEX252400104	4065629100101	120	100	Song	GB	0	0.4561920000
2026-06-04	2026-04	Deezer	The Linden Hours	Pale Hours	DEX252400104	4065629100101	80	100	Song	NL	0	0.2770560000
2026-06-04	2026-04	Deezer	The Linden Hours	Pale Hours	DEX252400104	4065629100101	60	100	Song	SE	0	0.2324160000
2026-06-04	2026-04	Deezer	The Linden Hours	Pale Hours	DEX252400104	4065629100101	165	100	Song	US	0	0.5547960000
2026-06-04	2026-04	Spotify	The Linden Hours	Glass Coast	DEX252400101	4065629100101	2865	100	Song	AT	0	9.4522080000
2026-06-04	2026-04	Spotify	The Linden Hours	Glass Coast	DEX252400101	4065629100101	10775	100	Song	DE	0	31.7905600000
2026-06-04	2026-04	Spotify	The Linden Hours	Glass Coast	DEX252400101	4065629100101	2925	100	Song	GB	0	9.9122400000
2026-06-04	2026-04	Spotify	The Linden Hours	Glass Coast	DEX252400101	4065629100101	2240	100	Song	NL	0	7.4332160000
2026-06-04	2026-04	Spotify	The Linden Hours	Glass Coast	DEX252400101	4065629100101	1730	100	Song	SE	0	5.9290560000
2026-06-04	2026-04	Spotify	The Linden Hours	Glass Coast	DEX252400101	4065629100101	5325	100	Song	US	0	16.2902400000
2026-06-04	2026-04	Spotify	The Linden Hours	Northern Wire	DEX252400102	4065629100101	1845	100	Song	AT	0	5.8213440000
2026-06-04	2026-04	Spotify	The Linden Hours	Northern Wire	DEX252400102	4065629100101	7500	100	Song	DE	0	23.1360000000
2026-06-04	2026-04	Spotify	The Linden Hours	Northern Wire	DEX252400102	4065629100101	2325	100	Song	GB	0	8.0054400000
2026-06-04	2026-04	Spotify	The Linden Hours	Northern Wire	DEX252400102	4065629100101	1350	100	Song	NL	0	4.4928000000
2026-06-04	2026-04	Spotify	The Linden Hours	Northern Wire	DEX252400102	4065629100101	1295	100	Song	SE	0	4.0818400000
2026-06-04	2026-04	Spotify	The Linden Hours	Northern Wire	DEX252400102	4065629100101	2655	100	Song	US	0	8.5979520000
2026-06-04	2026-04	Spotify	The Linden Hours	Low Orbit	DEX252400103	4065629100101	1340	100	Song	AT	0	4.4252160000
2026-06-04	2026-04	Spotify	The Linden Hours	Low Orbit	DEX252400103	4065629100101	5080	100	Song	DE	0	16.2722560000
2026-06-04	2026-04	Spotify	The Linden Hours	Low Orbit	DEX252400103	4065629100101	2005	100	Song	GB	0	6.6084800000
2026-06-04	2026-04	Spotify	The Linden Hours	Low Orbit	DEX252400103	4065629100101	1205	100	Song	NL	0	4.1066400000
2026-06-04	2026-04	Spotify	The Linden Hours	Low Orbit	DEX252400103	4065629100101	810	100	Song	SE	0	2.5090560000
2026-06-04	2026-04	Spotify	The Linden Hours	Low Orbit	DEX252400103	4065629100101	2875	100	Song	US	0	9.4116000000
2026-06-04	2026-04	Spotify	The Linden Hours	Pale Hours	DEX252400104	4065629100101	870	100	Song	AT	0	2.7561600000
2026-06-04	2026-04	Spotify	The Linden Hours	Pale Hours	DEX252400104	4065629100101	2985	100	Song	DE	0	8.8069440000
2026-06-04	2026-04	Spotify	The Linden Hours	Pale Hours	DEX252400104	4065629100101	1310	100	Song	GB	0	4.4644800000
2026-06-04	2026-04	Spotify	The Linden Hours	Pale Hours	DEX252400104	4065629100101	955	100	Song	NL	0	3.1690720000
2026-06-04	2026-04	Spotify	The Linden Hours	Pale Hours	DEX252400104	4065629100101	655	100	Song	SE	0	2.1148640000
2026-06-04	2026-04	Spotify	The Linden Hours	Pale Hours	DEX252400104	4065629100101	1500	100	Song	US	0	4.5696000000
2026-06-04	2026-04	Tidal	The Linden Hours	Glass Coast	DEX252400101	4065629100101	220	100	Song	AT	0	2.2638000000
2026-06-04	2026-04	Tidal	The Linden Hours	Glass Coast	DEX252400101	4065629100101	875	100	Song	DE	0	8.7893750000
2026-06-04	2026-04	Tidal	The Linden Hours	Glass Coast	DEX252400101	4065629100101	310	100	Song	GB	0	2.8526820000
2026-06-04	2026-04	Tidal	The Linden Hours	Glass Coast	DEX252400101	4065629100101	180	100	Song	NL	0	1.7675280000
2026-06-04	2026-04	Tidal	The Linden Hours	Glass Coast	DEX252400101	4065629100101	130	100	Song	SE	0	1.1924640000
2026-06-04	2026-04	Tidal	The Linden Hours	Glass Coast	DEX252400101	4065629100101	450	100	Song	US	0	4.5158400000
2026-06-04	2026-04	Tidal	The Linden Hours	Northern Wire	DEX252400102	4065629100101	155	100	Song	AT	0	1.4126700000
2026-06-04	2026-04	Tidal	The Linden Hours	Northern Wire	DEX252400102	4065629100101	545	100	Song	DE	0	5.6454370000
2026-06-04	2026-04	Tidal	The Linden Hours	Northern Wire	DEX252400102	4065629100101	215	100	Song	GB	0	2.0227200000
2026-06-04	2026-04	Tidal	The Linden Hours	Northern Wire	DEX252400102	4065629100101	125	100	Song	NL	0	1.1466000000
2026-06-04	2026-04	Tidal	The Linden Hours	Northern Wire	DEX252400102	4065629100101	120	100	Song	SE	0	1.2112800000
2026-06-04	2026-04	Tidal	The Linden Hours	Northern Wire	DEX252400102	4065629100101	275	100	Song	US	0	2.8351400000
2026-06-04	2026-04	Tidal	The Linden Hours	Low Orbit	DEX252400103	4065629100101	85	100	Song	AT	0	0.8155070000
2026-06-04	2026-04	Tidal	The Linden Hours	Low Orbit	DEX252400103	4065629100101	435	100	Song	DE	0	4.5443580000
2026-06-04	2026-04	Tidal	The Linden Hours	Low Orbit	DEX252400103	4065629100101	140	100	Song	GB	0	1.2704720000
2026-06-04	2026-04	Tidal	The Linden Hours	Low Orbit	DEX252400103	4065629100101	85	100	Song	NL	0	0.8838130000
2026-06-04	2026-04	Tidal	The Linden Hours	Low Orbit	DEX252400103	4065629100101	80	100	Song	SE	0	0.7244160000
2026-06-04	2026-04	Tidal	The Linden Hours	Low Orbit	DEX252400103	4065629100101	230	100	Song	US	0	2.2630160000
2026-06-04	2026-04	Tidal	The Linden Hours	Pale Hours	DEX252400104	4065629100101	65	100	Song	AT	0	0.6822270000
2026-06-04	2026-04	Tidal	The Linden Hours	Pale Hours	DEX252400104	4065629100101	305	100	Song	DE	0	2.8724290000
2026-06-04	2026-04	Tidal	The Linden Hours	Pale Hours	DEX252400104	4065629100101	105	100	Song	GB	0	0.9837240000
2026-06-04	2026-04	Tidal	The Linden Hours	Pale Hours	DEX252400104	4065629100101	60	100	Song	NL	0	0.5991720000
2026-06-04	2026-04	Tidal	The Linden Hours	Pale Hours	DEX252400104	4065629100101	40	100	Song	SE	0	0.3763200000
2026-06-04	2026-04	Tidal	The Linden Hours	Pale Hours	DEX252400104	4065629100101	125	100	Song	US	0	1.1870250000
2026-06-04	2026-04	YouTube Music	The Linden Hours	Glass Coast	DEX252400101	4065629100101	285	100	Song	AT	0	0.5643855000
2026-06-04	2026-04	YouTube Music	The Linden Hours	Glass Coast	DEX252400101	4065629100101	1405	100	Song	DE	0	2.9593515000
2026-06-04	2026-04	YouTube Music	The Linden Hours	Glass Coast	DEX252400101	4065629100101	570	100	Song	GB	0	1.2688200000
2026-06-04	2026-04	YouTube Music	The Linden Hours	Glass Coast	DEX252400101	4065629100101	375	100	Song	NL	0	0.7922250000
2026-06-04	2026-04	YouTube Music	The Linden Hours	Glass Coast	DEX252400101	4065629100101	280	100	Song	SE	0	0.6315120000
2026-06-04	2026-04	YouTube Music	The Linden Hours	Glass Coast	DEX252400101	4065629100101	665	100	Song	US	0	1.4900655000
2026-06-04	2026-04	YouTube Music	The Linden Hours	Northern Wire	DEX252400102	4065629100101	265	100	Song	AT	0	0.5926725000
2026-06-04	2026-04	YouTube Music	The Linden Hours	Northern Wire	DEX252400102	4065629100101	1060	100	Song	DE	0	2.3929500000
2026-06-04	2026-04	YouTube Music	The Linden Hours	Northern Wire	DEX252400102	4065629100101	355	100	Song	GB	0	0.7499730000
2026-06-04	2026-04	YouTube Music	The Linden Hours	Northern Wire	DEX252400102	4065629100101	200	100	Song	NL	0	0.3990000000
2026-06-04	2026-04	YouTube Music	The Linden Hours	Northern Wire	DEX252400102	4065629100101	175	100	Song	SE	0	0.3682350000
2026-06-04	2026-04	YouTube Music	The Linden Hours	Northern Wire	DEX252400102	4065629100101	515	100	Song	US	0	1.0490550000
2026-06-04	2026-04	YouTube Music	The Linden Hours	Low Orbit	DEX252400103	4065629100101	200	100	Song	AT	0	0.4401600000
2026-06-04	2026-04	YouTube Music	The Linden Hours	Low Orbit	DEX252400103	4065629100101	855	100	Song	DE	0	1.7380440000
2026-06-04	2026-04	YouTube Music	The Linden Hours	Low Orbit	DEX252400103	4065629100101	315	100	Song	GB	0	0.7130970000
2026-06-04	2026-04	YouTube Music	The Linden Hours	Low Orbit	DEX252400103	4065629100101	150	100	Song	NL	0	0.3244500000
2026-06-04	2026-04	YouTube Music	The Linden Hours	Low Orbit	DEX252400103	4065629100101	125	100	Song	SE	0	0.2774625000
2026-06-04	2026-04	YouTube Music	The Linden Hours	Low Orbit	DEX252400103	4065629100101	395	100	Song	US	0	0.8377950000
2026-06-04	2026-04	YouTube Music	The Linden Hours	Pale Hours	DEX252400104	4065629100101	120	100	Song	AT	0	0.2683800000
2026-06-04	2026-04	YouTube Music	The Linden Hours	Pale Hours	DEX252400104	4065629100101	635	100	Song	DE	0	1.2441555000
2026-06-04	2026-04	YouTube Music	The Linden Hours	Pale Hours	DEX252400104	4065629100101	175	100	Song	GB	0	0.3546375000
2026-06-04	2026-04	YouTube Music	The Linden Hours	Pale Hours	DEX252400104	4065629100101	110	100	Song	NL	0	0.2166780000
2026-06-04	2026-04	YouTube Music	The Linden Hours	Pale Hours	DEX252400104	4065629100101	90	100	Song	SE	0	0.1950480000
2026-06-04	2026-04	YouTube Music	The Linden Hours	Pale Hours	DEX252400104	4065629100101	285	100	Song	US	0	0.5955075000
