Reporting Date	Sale Month	Store	Artist	Title	ISRC	UPC	Quantity	Team Percentage	Song/Album	Country of Sale	Songwriter Royalties Withheld	Earnings (USD)
2026-01-05	2025-11	Amazon Music	The Linden Hours	Low Tide	DEX262600101	4065629200101	317	100	Song	AT	0	1.4350590000
2026-01-05	2025-11	Amazon Music	The Linden Hours	Low Tide	DEX262600101	4065629200101	258	100	Song	CH	0	1.0866960000
2026-01-05	2025-11	Amazon Music	The Linden Hours	Low Tide	DEX262600101	4065629200101	799	100	Song	DE	0	3.3510060000
2026-01-05	2025-11	Amazon Music	The Linden Hours	Low Tide	DEX262600101	4065629200101	399	100	Song	GB	0	1.6662240000
2026-01-05	2025-11	Amazon Music	The Linden Hours	Low Tide	DEX262600101	4065629200101	301	100	Song	NL	0	1.3125105000
2026-01-05	2025-11	Amazon Music	The Linden Hours	Low Tide	DEX262600101	4065629200101	185	100	Song	PL	0	0.8033625000
2026-01-05	2025-11	Amazon Music	The Linden Hours	Low Tide	DEX262600101	4065629200101	200	100	Song	SE	0	0.9693000000
2026-01-05	2025-11	Amazon Music	The Linden Hours	Low Tide	DEX262600101	4065629200101	630	100	Song	US	0	2.8350000000
2026-01-05	2025-11	Amazon Music	The Linden Hours	Paper Lanterns	DEX262600102	4065629200101	519	100	Song	AT	0	2.3938875000
2026-01-05	2025-11	Amazon Music	The Linden Hours	Paper Lanterns	DEX262600102	4065629200101	435	100	Song	CH	0	2.1199725000
2026-01-05	2025-11	Amazon Music	The Linden Hours	Paper Lanterns	DEX262600102	4065629200101	2987	100	Song	DE	0	12.8769570000
2026-01-05	2025-11	Amazon Music	The Linden Hours	Paper Lanterns	DEX262600102	4065629200101	598	100	Song	GB	0	2.5699050000
2026-01-05	2025-11	Amazon Music	The Linden Hours	Paper Lanterns	DEX262600102	4065629200101	500	100	Song	NL	0	2.4435000000
2026-01-05	2025-11	Amazon Music	The Linden Hours	Paper Lanterns	DEX262600102	4065629200101	401	100	Song	PL	0	1.8586350000
2026-01-05	2025-11	Amazon Music	The Linden Hours	Paper Lanterns	DEX262600102	4065629200101	328	100	Song	SE	0	1.5822720000
2026-01-05	2025-11	Amazon Music	The Linden Hours	Paper Lanterns	DEX262600102	4065629200101	1091	100	Song	US	0	4.4872830000
2026-01-05	2025-11	Amazon Music	The Linden Hours	Northbound	DEX262600103	4065629200101	266	100	Song	AT	0	1.1766510000
2026-01-05	2025-11	Amazon Music	The Linden Hours	Northbound	DEX262600103	4065629200101	206	100	Song	CH	0	0.9149490000
2026-01-05	2025-11	Amazon Music	The Linden Hours	Northbound	DEX262600103	4065629200101	949	100	Song	DE	0	4.6292220000
2026-01-05	2025-11	Amazon Music	The Linden Hours	Northbound	DEX262600103	4065629200101	266	100	Song	GB	0	1.2568500000
2026-01-05	2025-11	Amazon Music	The Linden Hours	Northbound	DEX262600103	4065629200101	220	100	Song	NL	0	1.0305900000
2026-01-05	2025-11	Amazon Music	The Linden Hours	Northbound	DEX262600103	4065629200101	141	100	Song	PL	0	0.5894505000
2026-01-05	2025-11	Amazon Music	The Linden Hours	Northbound	DEX262600103	4065629200101	164	100	Song	SE	0	0.7439040000
2026-01-05	2025-11	Amazon Music	The Linden Hours	Northbound	DEX262600103	4065629200101	466	100	Song	US	0	2.1116790000
2026-01-05	2025-11	Amazon Music	The Linden Hours	Salt and Iron	DEX262600104	4065629200101	192	100	Song	AT	0	0.7784640000
2026-01-05	2025-11	Amazon Music	The Linden Hours	Salt and Iron	DEX262600104	4065629200101	145	100	Song	CH	0	0.5918175000
2026-01-05	2025-11	Amazon Music	The Linden Hours	Salt and Iron	DEX262600104	4065629200101	667	100	Song	DE	0	2.7793890000
2026-01-05	2025-11	Amazon Music	The Linden Hours	Salt and Iron	DEX262600104	4065629200101	187	100	Song	GB	0	0.8751600000
2026-01-05	2025-11	Amazon Music	The Linden Hours	Salt and Iron	DEX262600104	4065629200101	160	100	Song	NL	0	0.7711200000
2026-01-05	2025-11	Amazon Music	The Linden Hours	Salt and Iron	DEX262600104	4065629200101	146	100	Song	PL	0	0.7023330000
2026-01-05	2025-11	Amazon Music	The Linden Hours	Salt and Iron	DEX262600104	4065629200101	99	100	Song	SE	0	0.4495095000
2026-01-05	2025-11	Amazon Music	The Linden Hours	Salt and Iron	DEX262600104	4065629200101	360	100	Song	US	0	1.5616800000
2026-01-05	2025-11	Amazon Music	The Linden Hours	The Quiet Year	DEX262600105	4065629200101	170	100	Song	AT	0	0.7864200000
2026-01-05	2025-11	Amazon Music	The Linden Hours	The Quiet Year	DEX262600105	4065629200101	124	100	Song	CH	0	0.5663700000
2026-01-05	2025-11	Amazon Music	The Linden Hours	The Quiet Year	DEX262600105	4065629200101	612	100	Song	DE	0	2.9660580000
2026-01-05	2025-11	Amazon Music	The Linden Hours	The Quiet Year	DEX262600105	4065629200101	159	100	Song	GB	0	0.6711390000
2026-01-05	2025-11	Amazon Music	The Linden Hours	The Quiet Year	DEX262600105	4065629200101	128	100	Song	NL	0	0.5880960000
2026-01-05	2025-11	Amazon Music	The Linden Hours	The Quiet Year	DEX262600105	4065629200101	115	100	Song	PL	0	0.5288850000
2026-01-05	2025-11	Amazon Music	The Linden Hours	The Quiet Year	DEX262600105	4065629200101	89	100	Song	SE	0	0.3788730000
2026-01-05	2025-11	Amazon Music	The Linden Hours	The Quiet Year	DEX262600105	4065629200101	279	100	Song	US	0	1.2153240000
2026-01-05	2025-11	Amazon Music	The Linden Hours	Glasshouse	DEX262600106	4065629200101	216	100	Song	AT	0	0.8884080000
2026-01-05	2025-11	Amazon Music	The Linden Hours	Glasshouse	DEX262600106	4065629200101	228	100	Song	CH	0	1.1142360000
2026-01-05	2025-11	Amazon Music	The Linden Hours	Glasshouse	DEX262600106	4065629200101	824	100	Song	DE	0	3.7265400000
2026-01-05	2025-11	Amazon Music	The Linden Hours	Glasshouse	DEX262600106	4065629200101	321	100	Song	GB	0	1.5340590000
2026-01-05	2025-11	Amazon Music	The Linden Hours	Glasshouse	DEX262600106	4065629200101	218	100	Song	NL	0	0.9564750000
2026-01-05	2025-11	Amazon Music	The Linden Hours	Glasshouse	DEX262600106	4065629200101	222	100	Song	PL	0	0.9340650000
2026-01-05	2025-11	Amazon Music	The Linden Hours	Glasshouse	DEX262600106	4065629200101	145	100	Song	SE	0	0.6068250000
2026-01-05	2025-11	Amazon Music	The Linden Hours	Glasshouse	DEX262600106	4065629200101	463	100	Song	US	0	2.2126770000
2026-01-05	2025-11	Amazon Music	The Linden Hours	Second Light	DEX262600107	4065629200101	102	100	Song	AT	0	0.4929660000
2026-01-05	2025-11	Amazon Music	The Linden Hours	Second Light	DEX262600107	4065629200101	75	100	Song	CH	0	0.3638250000
2026-01-05	2025-11	Amazon Music	The Linden Hours	Second Light	DEX262600107	4065629200101	517	100	Song	DE	0	2.1101355000
2026-01-05	2025-11	Amazon Music	The Linden Hours	Second Light	DEX262600107	4065629200101	126	100	Song	GB	0	0.5840100000
2026-01-05	2025-11	Amazon Music	The Linden Hours	Second Light	DEX262600107	4065629200101	95	100	Song	NL	0	0.3937275000
2026-01-05	2025-11	Amazon Music	The Linden Hours	Second Light	DEX262600107	4065629200101	81	100	Song	PL	0	0.3568455000
2026-01-05	2025-11	Amazon Music	The Linden Hours	Second Light	DEX262600107	4065629200101	77	100	Song	SE	0	0.3416490000
2026-01-05	2025-11	Amazon Music	The Linden Hours	Second Light	DEX262600107	4065629200101	200	100	Song	US	0	0.9513000000
2026-01-05	2025-11	Amazon Music	The Linden Hours	Linden	DEX262600108	4065629200101	164	100	Song	AT	0	0.7859700000
2026-01-05	2025-11	Amazon Music	The Linden Hours	Linden	DEX262600108	4065629200101	183	100	Song	CH	0	0.8992620000
2026-01-05	2025-11	Amazon Music	The Linden Hours	Linden	DEX262600108	4065629200101	764	100	Song	DE	0	3.4483140000
2026-01-05	2025-11	Amazon Music	The Linden Hours	Linden	DEX262600108	4065629200101	238	100	Song	GB	0	1.1641770000
2026-01-05	2025-11	Amazon Music	The Linden Hours	Linden	DEX262600108	4065629200101	157	100	Song	NL	0	0.6662295000
2026-01-05	2025-11	Amazon Music	The Linden Hours	Linden	DEX262600108	4065629200101	113	100	Song	PL	0	0.5064660000
2026-01-05	2025-11	Amazon Music	The Linden Hours	Linden	DEX262600108	4065629200101	125	100	Song	SE	0	0.5979375000
2026-01-05	2025-11	Amazon Music	The Linden Hours	Linden	DEX262600108	4065629200101	323	100	Song	US	0	1.5668730000
2026-01-05	2025-11	Amazon Music	The Linden Hours	Summer Static	DEX262600201	4065629200201	632	100	Song	AT	0	2.6164800000
2026-01-05	2025-11	Amazon Music	The Linden Hours	Summer Static	DEX262600201	4065629200201	475	100	Song	CH	0	2.1888000000
2026-01-05	2025-11	Amazon Music	The Linden Hours	Summer Static	DEX262600201	4065629200201	3487	100	Song	DE	0	16.5388410000
2026-01-05	2025-11	Amazon Music	The Linden Hours	Summer Static	DEX262600201	4065629200201	771	100	Song	GB	0	3.3133725000
2026-01-05	2025-11	Amazon Music	The Linden Hours	Summer Static	DEX262600201	4065629200201	595	100	Song	NL	0	2.7471150000
2026-01-05	2025-11	Amazon Music	The Linden Hours	Summer Static	DEX262600201	4065629200201	473	100	Song	PL	0	2.2476960000
2026-01-05	2025-11	Amazon Music	The Linden Hours	Summer Static	DEX262600201	4065629200201	427	100	Song	SE	0	1.9868310000
2026-01-05	2025-11	Amazon Music	The Linden Hours	Summer Static	DEX262600201	4065629200201	982	100	Song	US	0	4.0610610000
2026-01-05	2025-10	Apple Music	The Linden Hours	Low Tide	DEX262600101	4065629200101	756	100	Song	AT	0	5.6681856000
2026-01-05	2025-10	Apple Music	The Linden Hours	Low Tide	DEX262600101	4065629200101	365	100	Song	CH	0	2.8376925000
2026-01-05	2025-10	Apple Music	The Linden Hours	Low Tide	DEX262600101	4065629200101	2343	100	Song	DE	0	15.1048524000
2026-01-05	2025-10	Apple Music	The Linden Hours	Low Tide	DEX262600101	4065629200101	558	100	Song	GB	0	3.8469078000
2026-01-05	2025-10	Apple Music	The Linden Hours	Low Tide	DEX262600101	4065629200101	507	100	Song	NL	0	3.9560703000
2026-01-05	2025-10	Apple Music	The Linden Hours	Low Tide	DEX262600101	4065629200101	322	100	Song	PL	0	2.1810348000
2026-01-05	2025-10	Apple Music	The Linden Hours	Low Tide	DEX262600101	4065629200101	416	100	Song	SE	0	2.8797600000
2026-01-05	2025-10	Apple Music	The Linden Hours	Low Tide	DEX262600101	4065629200101	1046	100	Song	US	0	7.0775498000
2026-01-05	2025-10	Apple Music	The Linden Hours	Paper Lanterns	DEX262600102	4065629200101	639	100	Song	AT	0	4.2692229000
2026-01-05	2025-10	Apple Music	The Linden Hours	Paper Lanterns	DEX262600102	4065629200101	770	100	Song	CH	0	5.4834010000
2026-01-05	2025-10	Apple Music	The Linden Hours	Paper Lanterns	DEX262600102	4065629200101	4547	100	Song	DE	0	29.3781670000
2026-01-05	2025-10	Apple Music	The Linden Hours	Paper Lanterns	DEX262600102	4065629200101	902	100	Song	GB	0	6.7564310000
2026-01-05	2025-10	Apple Music	The Linden Hours	Paper Lanterns	DEX262600102	4065629200101	710	100	Song	NL	0	4.8645650000
2026-01-05	2025-10	Apple Music	The Linden Hours	Paper Lanterns	DEX262600102	4065629200101	569	100	Song	PL	0	4.0035409000
2026-01-05	2025-10	Apple Music	The Linden Hours	Paper Lanterns	DEX262600102	4065629200101	532	100	Song	SE	0	3.9773916000
2026-01-05	2025-10	Apple Music	The Linden Hours	Paper Lanterns	DEX262600102	4065629200101	1806	100	Song	US	0	13.2842136000
2026-01-05	2025-10	Apple Music	The Linden Hours	Northbound	DEX262600103	4065629200101	403	100	Song	AT	0	2.8069353000
2026-01-05	2025-10	Apple Music	The Linden Hours	Northbound	DEX262600103	4065629200101	308	100	Song	CH	0	2.1627452000
2026-01-05	2025-10	Apple Music	The Linden Hours	Northbound	DEX262600103	4065629200101	1769	100	Song	DE	0	13.0120564000
2026-01-05	2025-10	Apple Music	The Linden Hours	Northbound	DEX262600103	4065629200101	440	100	Song	GB	0	2.8365920000
2026-01-05	2025-10	Apple Music	The Linden Hours	Northbound	DEX262600103	4065629200101	317	100	Song	NL	0	2.4059983000
2026-01-05	2025-10	Apple Music	The Linden Hours	Northbound	DEX262600103	4065629200101	250	100	Song	PL	0	1.7253000000
2026-01-05	2025-10	Apple Music	The Linden Hours	Northbound	DEX262600103	4065629200101	232	100	Song	SE	0	1.6768496000
2026-01-05	2025-10	Apple Music	The Linden Hours	Northbound	DEX262600103	4065629200101	748	100	Song	US	0	5.5497860000
2026-01-05	2025-10	Apple Music	The Linden Hours	Salt and Iron	DEX262600104	4065629200101	445	100	Song	AT	0	2.9888870000
2026-01-05	2025-10	Apple Music	The Linden Hours	Salt and Iron	DEX262600104	4065629200101	309	100	Song	CH	0	2.3737998000
2026-01-05	2025-10	Apple Music	The Linden Hours	Salt and Iron	DEX262600104	4065629200101	1691	100	Song	DE	0	13.0986551000
2026-01-05	2025-10	Apple Music	The Linden Hours	Salt and Iron	DEX262600104	4065629200101	320	100	Song	GB	0	2.1106880000
2026-01-05	2025-10	Apple Music	The Linden Hours	Salt and Iron	DEX262600104	4065629200101	255	100	Song	NL	0	1.7670480000
2026-01-05	2025-10	Apple Music	The Linden Hours	Salt and Iron	DEX262600104	4065629200101	184	100	Song	PL	0	1.3246896000
2026-01-05	2025-10	Apple Music	The Linden Hours	Salt and Iron	DEX262600104	4065629200101	169	100	Song	SE	0	1.1591034000
2026-01-05	2025-10	Apple Music	The Linden Hours	Salt and Iron	DEX262600104	4065629200101	524	100	Song	US	0	3.8059692000
2026-01-05	2025-10	Apple Music	The Linden Hours	The Quiet Year	DEX262600105	4065629200101	262	100	Song	AT	0	1.9662314000
2026-01-05	2025-10	Apple Music	The Linden Hours	The Quiet Year	DEX262600105	4065629200101	179	100	Song	CH	0	1.2963180000
2026-01-05	2025-10	Apple Music	The Linden Hours	The Quiet Year	DEX262600105	4065629200101	1303	100	Song	DE	0	9.1587870000
2026-01-05	2025-10	Apple Music	The Linden Hours	The Quiet Year	DEX262600105	4065629200101	343	100	Song	GB	0	2.6471711000
2026-01-05	2025-10	Apple Music	The Linden Hours	The Quiet Year	DEX262600105	4065629200101	268	100	Song	NL	0	1.7905348000
2026-01-05	2025-10	Apple Music	The Linden Hours	The Quiet Year	DEX262600105	4065629200101	167	100	Song	PL	0	1.1762144000
2026-01-05	2025-10	Apple Music	The Linden Hours	The Quiet Year	DEX262600105	4065629200101	199	100	Song	SE	0	1.3323647000
2026-01-05	2025-10	Apple Music	The Linden Hours	The Quiet Year	DEX262600105	4065629200101	415	100	Song	US	0	2.9789115000
2026-01-05	2025-10	Apple Music	The Linden Hours	Glasshouse	DEX262600106	4065629200101	401	100	Song	AT	0	3.1261158000
2026-01-05	2025-10	Apple Music	The Linden Hours	Glasshouse	DEX262600106	4065629200101	286	100	Song	CH	0	1.8965804000
2026-01-05	2025-10	Apple Music	The Linden Hours	Glasshouse	DEX262600106	4065629200101	1606	100	Song	DE	0	11.3797948000
2026-01-05	2025-10	Apple Music	The Linden Hours	Glasshouse	DEX262600106	4065629200101	435	100	Song	GB	0	3.3726420000
2026-01-05	2025-10	Apple Music	The Linden Hours	Glasshouse	DEX262600106	4065629200101	432	100	Song	NL	0	3.2757696000
2026-01-05	2025-10	Apple Music	The Linden Hours	Glasshouse	DEX262600106	4065629200101	345	100	Song	PL	0	2.6871015000
2026-01-05	2025-10	Apple Music	The Linden Hours	Glasshouse	DEX262600106	4065629200101	320	100	Song	SE	0	2.3106240000
2026-01-05	2025-10	Apple Music	The Linden Hours	Glasshouse	DEX262600106	4065629200101	880	100	Song	US	0	6.3917040000
2026-01-05	2025-10	Apple Music	The Linden Hours	Second Light	DEX262600107	4065629200101	154	100	Song	AT	0	1.0955868000
2026-01-05	2025-10	Apple Music	The Linden Hours	Second Light	DEX262600107	4065629200101	167	100	Song	CH	0	1.2888559000
2026-01-05	2025-10	Apple Music	The Linden Hours	Second Light	DEX262600107	4065629200101	873	100	Song	DE	0	5.6838411000
2026-01-05	2025-10	Apple Music	The Linden Hours	Second Light	DEX262600107	4065629200101	224	100	Song	GB	0	1.4393120000
2026-01-05	2025-10	Apple Music	The Linden Hours	Second Light	DEX262600107	4065629200101	178	100	Song	NL	0	1.1639598000
2026-01-05	2025-10	Apple Music	The Linden Hours	Second Light	DEX262600107	4065629200101	129	100	Song	PL	0	0.8865912000
2026-01-05	2025-10	Apple Music	The Linden Hours	Second Light	DEX262600107	4065629200101	150	100	Song	SE	0	1.1555250000
2026-01-05	2025-10	Apple Music	The Linden Hours	Second Light	DEX262600107	4065629200101	372	100	Song	US	0	2.6491236000
2026-01-05	2025-10	Apple Music	The Linden Hours	Linden	DEX262600108	4065629200101	321	100	Song	AT	0	2.3315193000
2026-01-05	2025-10	Apple Music	The Linden Hours	Linden	DEX262600108	4065629200101	265	100	Song	CH	0	2.0489535000
2026-01-05	2025-10	Apple Music	The Linden Hours	Linden	DEX262600108	4065629200101	1290	100	Song	DE	0	8.9849790000
2026-01-05	2025-10	Apple Music	The Linden Hours	Linden	DEX262600108	4065629200101	333	100	Song	GB	0	2.3382927000
2026-01-05	2025-10	Apple Music	The Linden Hours	Linden	DEX262600108	4065629200101	294	100	Song	NL	0	2.0373024000
2026-01-05	2025-10	Apple Music	The Linden Hours	Linden	DEX262600108	4065629200101	214	100	Song	PL	0	1.5968894000
2026-01-05	2025-10	Apple Music	The Linden Hours	Linden	DEX262600108	4065629200101	246	100	Song	SE	0	1.8583824000
2026-01-05	2025-10	Apple Music	The Linden Hours	Linden	DEX262600108	4065629200101	493	100	Song	US	0	3.3287853000
2026-01-05	2025-10	Apple Music	The Linden Hours	Summer Static	DEX262600201	4065629200201	1154	100	Song	AT	0	8.8898390000
2026-01-05	2025-10	Apple Music	The Linden Hours	Summer Static	DEX262600201	4065629200201	949	100	Song	CH	0	6.4481703000
2026-01-05	2025-10	Apple Music	The Linden Hours	Summer Static	DEX262600201	4065629200201	4169	100	Song	DE	0	27.4391073000
2026-01-05	2025-10	Apple Music	The Linden Hours	Summer Static	DEX262600201	4065629200201	1125	100	Song	GB	0	7.4124000000
2026-01-05	2025-10	Apple Music	The Linden Hours	Summer Static	DEX262600201	4065629200201	1247	100	Song	NL	0	9.1635795000
2026-01-05	2025-10	Apple Music	The Linden Hours	Summer Static	DEX262600201	4065629200201	783	100	Song	PL	0	5.8094685000
2026-01-05	2025-10	Apple Music	The Linden Hours	Summer Static	DEX262600201	4065629200201	733	100	Song	SE	0	4.6942786000
2026-01-05	2025-10	Apple Music	The Linden Hours	Summer Static	DEX262600201	4065629200201	1920	100	Song	US	0	12.9504000000
2026-01-05	2025-11	Deezer	The Linden Hours	Low Tide	DEX262600101	4065629200101	196	100	Song	AT	0	0.7359408000
2026-01-05	2025-11	Deezer	The Linden Hours	Low Tide	DEX262600101	4065629200101	212	100	Song	CH	0	0.7715952000
2026-01-05	2025-11	Deezer	The Linden Hours	Low Tide	DEX262600101	4065629200101	1038	100	Song	DE	0	3.9199032000
2026-01-05	2025-11	Deezer	The Linden Hours	Low Tide	DEX262600101	4065629200101	325	100	Song	GB	0	1.2530700000
2026-01-05	2025-11	Deezer	The Linden Hours	Low Tide	DEX262600101	4065629200101	272	100	Song	NL	0	0.8881344000
2026-01-05	2025-11	Deezer	The Linden Hours	Low Tide	DEX262600101	4065629200101	165	100	Song	PL	0	0.5417280000
2026-01-05	2025-11	Deezer	The Linden Hours	Low Tide	DEX262600101	4065629200101	118	100	Song	SE	0	0.4528368000
2026-01-05	2025-11	Deezer	The Linden Hours	Low Tide	DEX262600101	4065629200101	500	100	Song	US	0	1.8684000000
2026-01-05	2025-11	Deezer	The Linden Hours	Paper Lanterns	DEX262600102	4065629200101	428	100	Song	AT	0	1.4591376000
2026-01-05	2025-11	Deezer	The Linden Hours	Paper Lanterns	DEX262600102	4065629200101	370	100	Song	CH	0	1.2747240000
2026-01-05	2025-11	Deezer	The Linden Hours	Paper Lanterns	DEX262600102	4065629200101	1716	100	Song	DE	0	6.1776000000
2026-01-05	2025-11	Deezer	The Linden Hours	Paper Lanterns	DEX262600102	4065629200101	369	100	Song	GB	0	1.3244148000
2026-01-05	2025-11	Deezer	The Linden Hours	Paper Lanterns	DEX262600102	4065629200101	340	100	Song	NL	0	1.3329360000
2026-01-05	2025-11	Deezer	The Linden Hours	Paper Lanterns	DEX262600102	4065629200101	299	100	Song	PL	0	1.1420604000
2026-01-05	2025-11	Deezer	The Linden Hours	Paper Lanterns	DEX262600102	4065629200101	268	100	Song	SE	0	1.0033920000
2026-01-05	2025-11	Deezer	The Linden Hours	Paper Lanterns	DEX262600102	4065629200101	869	100	Song	US	0	3.0564468000
2026-01-05	2025-11	Deezer	The Linden Hours	Northbound	DEX262600103	4065629200101	187	100	Song	AT	0	0.6381936000
2026-01-05	2025-11	Deezer	The Linden Hours	Northbound	DEX262600103	4065629200101	122	100	Song	CH	0	0.4049424000
2026-01-05	2025-11	Deezer	The Linden Hours	Northbound	DEX262600103	4065629200101	791	100	Song	DE	0	2.7308484000
2026-01-05	2025-11	Deezer	The Linden Hours	Northbound	DEX262600103	4065629200101	146	100	Song	GB	0	0.4767192000
2026-01-05	2025-11	Deezer	The Linden Hours	Northbound	DEX262600103	4065629200101	162	100	Song	NL	0	0.5277960000
2026-01-05	2025-11	Deezer	The Linden Hours	Northbound	DEX262600103	4065629200101	90	100	Song	PL	0	0.3162240000
2026-01-05	2025-11	Deezer	The Linden Hours	Northbound	DEX262600103	4065629200101	102	100	Song	SE	0	0.3910680000
2026-01-05	2025-11	Deezer	The Linden Hours	Northbound	DEX262600103	4065629200101	316	100	Song	US	0	1.0238400000
2026-01-05	2025-11	Deezer	The Linden Hours	Salt and Iron	DEX262600104	4065629200101	150	100	Song	AT	0	0.5200200000
2026-01-05	2025-11	Deezer	The Linden Hours	Salt and Iron	DEX262600104	4065629200101	103	100	Song	CH	0	0.4015764000
2026-01-05	2025-11	Deezer	The Linden Hours	Salt and Iron	DEX262600104	4065629200101	597	100	Song	DE	0	2.1126636000
2026-01-05	2025-11	Deezer	The Linden Hours	Salt and Iron	DEX262600104	4065629200101	152	100	Song	GB	0	0.5493888000
2026-01-05	2025-11	Deezer	The Linden Hours	Salt and Iron	DEX262600104	4065629200101	164	100	Song	NL	0	0.5909904000
2026-01-05	2025-11	Deezer	The Linden Hours	Salt and Iron	DEX262600104	4065629200101	92	100	Song	PL	0	0.3341808000
2026-01-05	2025-11	Deezer	The Linden Hours	Salt and Iron	DEX262600104	4065629200101	76	100	Song	SE	0	0.2511648000
2026-01-05	2025-11	Deezer	The Linden Hours	Salt and Iron	DEX262600104	4065629200101	256	100	Song	US	0	0.9308160000
2026-01-05	2025-11	Deezer	The Linden Hours	The Quiet Year	DEX262600105	4065629200101	111	100	Song	AT	0	0.3692304000
2026-01-05	2025-11	Deezer	The Linden Hours	The Quiet Year	DEX262600105	4065629200101	89	100	Song	CH	0	0.3210408000
2026-01-05	2025-11	Deezer	The Linden Hours	The Quiet Year	DEX262600105	4065629200101	463	100	Song	DE	0	1.6934688000
2026-01-05	2025-11	Deezer	The Linden Hours	The Quiet Year	DEX262600105	4065629200101	117	100	Song	GB	0	0.4603716000
2026-01-05	2025-11	Deezer	The Linden Hours	The Quiet Year	DEX262600105	4065629200101	106	100	Song	NL	0	0.4033512000
2026-01-05	2025-11	Deezer	The Linden Hours	The Quiet Year	DEX262600105	4065629200101	78	100	Song	PL	0	0.3077568000
2026-01-05	2025-11	Deezer	The Linden Hours	The Quiet Year	DEX262600105	4065629200101	71	100	Song	SE	0	0.2678688000
2026-01-05	2025-11	Deezer	The Linden Hours	The Quiet Year	DEX262600105	4065629200101	223	100	Song	US	0	0.8790660000
2026-01-05	2025-11	Deezer	The Linden Hours	Glasshouse	DEX262600106	4065629200101	167	100	Song	AT	0	0.6180336000
2026-01-05	2025-11	Deezer	The Linden Hours	Glasshouse	DEX262600106	4065629200101	141	100	Song	CH	0	0.4674996000
2026-01-05	2025-11	Deezer	The Linden Hours	Glasshouse	DEX262600106	4065629200101	805	100	Song	DE	0	3.0486960000
2026-01-05	2025-11	Deezer	The Linden Hours	Glasshouse	DEX262600106	4065629200101	215	100	Song	GB	0	0.8289540000
2026-01-05	2025-11	Deezer	The Linden Hours	Glasshouse	DEX262600106	4065629200101	171	100	Song	NL	0	0.5737392000
2026-01-05	2025-11	Deezer	The Linden Hours	Glasshouse	DEX262600106	4065629200101	112	100	Song	PL	0	0.3632832000
2026-01-05	2025-11	Deezer	The Linden Hours	Glasshouse	DEX262600106	4065629200101	121	100	Song	SE	0	0.4107708000
2026-01-05	2025-11	Deezer	The Linden Hours	Glasshouse	DEX262600106	4065629200101	402	100	Song	US	0	1.3097160000
2026-01-05	2025-11	Deezer	The Linden Hours	Second Light	DEX262600107	4065629200101	69	100	Song	AT	0	0.2526228000
2026-01-05	2025-11	Deezer	The Linden Hours	Second Light	DEX262600107	4065629200101	78	100	Song	CH	0	0.2864160000
2026-01-05	2025-11	Deezer	The Linden Hours	Second Light	DEX262600107	4065629200101	448	100	Song	DE	0	1.4773248000
2026-01-05	2025-11	Deezer	The Linden Hours	Second Light	DEX262600107	4065629200101	73	100	Song	GB	0	0.2488716000
2026-01-05	2025-11	Deezer	The Linden Hours	Second Light	DEX262600107	4065629200101	87	100	Song	NL	0	0.3178980000
2026-01-05	2025-11	Deezer	The Linden Hours	Second Light	DEX262600107	4065629200101	54	100	Song	PL	0	0.2082024000
2026-01-05	2025-11	Deezer	The Linden Hours	Second Light	DEX262600107	4065629200101	69	100	Song	SE	0	0.2464128000
2026-01-05	2025-11	Deezer	The Linden Hours	Second Light	DEX262600107	4065629200101	164	100	Song	US	0	0.6464880000
2026-01-05	2025-11	Deezer	The Linden Hours	Linden	DEX262600108	4065629200101	141	100	Song	AT	0	0.4893264000
2026-01-05	2025-11	Deezer	The Linden Hours	Linden	DEX262600108	4065629200101	96	100	Song	CH	0	0.3649536000
2026-01-05	2025-11	Deezer	The Linden Hours	Linden	DEX262600108	4065629200101	532	100	Song	DE	0	1.9784016000
2026-01-05	2025-11	Deezer	The Linden Hours	Linden	DEX262600108	4065629200101	143	100	Song	GB	0	0.5055336000
2026-01-05	2025-11	Deezer	The Linden Hours	Linden	DEX262600108	4065629200101	102	100	Song	NL	0	0.3829896000
2026-01-05	2025-11	Deezer	The Linden Hours	Linden	DEX262600108	4065629200101	99	100	Song	PL	0	0.3777840000
2026-01-05	2025-11	Deezer	The Linden Hours	Linden	DEX262600108	4065629200101	89	100	Song	SE	0	0.2925252000
2026-01-05	2025-11	Deezer	The Linden Hours	Linden	DEX262600108	4065629200101	190	100	Song	US	0	0.7161480000
2026-01-05	2025-11	Deezer	The Linden Hours	Summer Static	DEX262600201	4065629200201	559	100	Song	AT	0	1.8453708000
2026-01-05	2025-11	Deezer	The Linden Hours	Summer Static	DEX262600201	4065629200201	384	100	Song	CH	0	1.3284864000
2026-01-05	2025-11	Deezer	The Linden Hours	Summer Static	DEX262600201	4065629200201	2141	100	Song	DE	0	7.2913896000
2026-01-05	2025-11	Deezer	The Linden Hours	Summer Static	DEX262600201	4065629200201	602	100	Song	GB	0	2.2083768000
2026-01-05	2025-11	Deezer	The Linden Hours	Summer Static	DEX262600201	4065629200201	536	100	Song	NL	0	2.0125728000
2026-01-05	2025-11	Deezer	The Linden Hours	Summer Static	DEX262600201	4065629200201	272	100	Song	PL	0	0.9792000000
2026-01-05	2025-11	Deezer	The Linden Hours	Summer Static	DEX262600201	4065629200201	352	100	Song	SE	0	1.2000384000
2026-01-05	2025-11	Deezer	The Linden Hours	Summer Static	DEX262600201	4065629200201	960	100	Song	US	0	3.2140800000
2026-01-05	2025-11	Spotify	The Linden Hours	Low Tide	DEX262600101	4065629200101	2462	100	Song	AT	0	7.1693440000
2026-01-05	2025-11	Spotify	The Linden Hours	Low Tide	DEX262600101	4065629200101	1914	100	Song	CH	0	5.5858176000
2026-01-05	2025-11	Spotify	The Linden Hours	Low Tide	DEX262600101	4065629200101	7641	100	Song	DE	0	26.1627840000
2026-01-05	2025-11	Spotify	The Linden Hours	Low Tide	DEX262600101	4065629200101	2273	100	Song	GB	0	6.8371840000
2026-01-05	2025-11	Spotify	The Linden Hours	Low Tide	DEX262600101	4065629200101	1640	100	Song	NL	0	5.2060160000
2026-01-05	2025-11	Spotify	The Linden Hours	Low Tide	DEX262600101	4065629200101	1421	100	Song	PL	0	4.6927104000
2026-01-05	2025-11	Spotify	The Linden Hours	Low Tide	DEX262600101	4065629200101	1766	100	Song	SE	0	5.4251520000
2026-01-05	2025-11	Spotify	The Linden Hours	Low Tide	DEX262600101	4065629200101	4237	100	Song	US	0	13.1516480000
2026-01-05	2025-11	Spotify	The Linden Hours	Paper Lanterns	DEX262600102	4065629200101	2781	100	Song	AT	0	8.4453408000
2026-01-05	2025-11	Spotify	The Linden Hours	Paper Lanterns	DEX262600102	4065629200101	3093	100	Song	CH	0	10.5211488000
2026-01-05	2025-11	Spotify	The Linden Hours	Paper Lanterns	DEX262600102	4065629200101	13985	100	Song	DE	0	45.6917920000
2026-01-05	2025-11	Spotify	The Linden Hours	Paper Lanterns	DEX262600102	4065629200101	4210	100	Song	GB	0	13.5124160000
2026-01-05	2025-11	Spotify	The Linden Hours	Paper Lanterns	DEX262600102	4065629200101	3785	100	Song	NL	0	11.5669600000
2026-01-05	2025-11	Spotify	The Linden Hours	Paper Lanterns	DEX262600102	4065629200101	2415	100	Song	PL	0	7.4420640000
2026-01-05	2025-11	Spotify	The Linden Hours	Paper Lanterns	DEX262600102	4065629200101	2639	100	Song	SE	0	8.0394496000
2026-01-05	2025-11	Spotify	The Linden Hours	Paper Lanterns	DEX262600102	4065629200101	5898	100	Song	US	0	18.9868416000
2026-01-05	2025-11	Spotify	The Linden Hours	Northbound	DEX262600103	4065629200101	1571	100	Song	AT	0	4.8160576000
2026-01-05	2025-11	Spotify	The Linden Hours	Northbound	DEX262600103	4065629200101	1200	100	Song	CH	0	4.1625600000
2026-01-05	2025-11	Spotify	The Linden Hours	Northbound	DEX262600103	4065629200101	5978	100	Song	DE	0	19.5313216000
2026-01-05	2025-11	Spotify	The Linden Hours	Northbound	DEX262600103	4065629200101	1578	100	Song	GB	0	5.0647488000
2026-01-05	2025-11	Spotify	The Linden Hours	Northbound	DEX262600103	4065629200101	1277	100	Song	NL	0	4.4582624000
2026-01-05	2025-11	Spotify	The Linden Hours	Northbound	DEX262600103	4065629200101	1079	100	Song	PL	0	3.7290240000
2026-01-05	2025-11	Spotify	The Linden Hours	Northbound	DEX262600103	4065629200101	1014	100	Song	SE	0	3.0014400000
2026-01-05	2025-11	Spotify	The Linden Hours	Northbound	DEX262600103	4065629200101	2763	100	Song	US	0	9.6550272000
2026-01-05	2025-11	Spotify	The Linden Hours	Salt and Iron	DEX262600104	4065629200101	1075	100	Song	AT	0	3.4537600000
2026-01-05	2025-11	Spotify	The Linden Hours	Salt and Iron	DEX262600104	4065629200101	1094	100	Song	CH	0	3.8403776000
2026-01-05	2025-11	Spotify	The Linden Hours	Salt and Iron	DEX262600104	4065629200101	3986	100	Song	DE	0	13.3291840000
2026-01-05	2025-11	Spotify	The Linden Hours	Salt and Iron	DEX262600104	4065629200101	1534	100	Song	GB	0	4.9333440000
2026-01-05	2025-11	Spotify	The Linden Hours	Salt and Iron	DEX262600104	4065629200101	1357	100	Song	NL	0	4.0167200000
2026-01-05	2025-11	Spotify	The Linden Hours	Salt and Iron	DEX262600104	4065629200101	765	100	Song	PL	0	2.5948800000
2026-01-05	2025-11	Spotify	The Linden Hours	Salt and Iron	DEX262600104	4065629200101	821	100	Song	SE	0	2.5562656000
2026-01-05	2025-11	Spotify	The Linden Hours	Salt and Iron	DEX262600104	4065629200101	3011	100	Song	US	0	8.8932896000
2026-01-05	2025-11	Spotify	The Linden Hours	The Quiet Year	DEX262600105	4065629200101	975	100	Song	AT	0	3.0513600000
2026-01-05	2025-11	Spotify	The Linden Hours	The Quiet Year	DEX262600105	4065629200101	747	100	Song	CH	0	2.6294400000
2026-01-05	2025-11	Spotify	The Linden Hours	The Quiet Year	DEX262600105	4065629200101	3554	100	Song	DE	0	11.6798656000
2026-01-05	2025-11	Spotify	The Linden Hours	The Quiet Year	DEX262600105	4065629200101	1019	100	Song	GB	0	3.1205856000
2026-01-05	2025-11	Spotify	The Linden Hours	The Quiet Year	DEX262600105	4065629200101	963	100	Song	NL	0	3.1401504000
2026-01-05	2025-11	Spotify	The Linden Hours	The Quiet Year	DEX262600105	4065629200101	560	100	Song	PL	0	1.9031040000
2026-01-05	2025-11	Spotify	The Linden Hours	The Quiet Year	DEX262600105	4065629200101	677	100	Song	SE	0	2.2638880000
2026-01-05	2025-11	Spotify	The Linden Hours	The Quiet Year	DEX262600105	4065629200101	1848	100	Song	US	0	5.4227712000
2026-01-05	2025-11	Spotify	The Linden Hours	Glasshouse	DEX262600106	4065629200101	1765	100	Song	AT	0	5.1396800000
2026-01-05	2025-11	Spotify	The Linden Hours	Glasshouse	DEX262600106	4065629200101	1427	100	Song	CH	0	4.7536224000
2026-01-05	2025-11	Spotify	The Linden Hours	Glasshouse	DEX262600106	4065629200101	8309	100	Song	DE	0	23.9299200000
2026-01-05	2025-11	Spotify	The Linden Hours	Glasshouse	DEX262600106	4065629200101	2007	100	Song	GB	0	6.0691680000
2026-01-05	2025-11	Spotify	The Linden Hours	Glasshouse	DEX262600106	4065629200101	1440	100	Song	NL	0	4.4928000000
2026-01-05	2025-11	Spotify	The Linden Hours	Glasshouse	DEX262600106	4065629200101	1032	100	Song	PL	0	3.2000256000
2026-01-05	2025-11	Spotify	The Linden Hours	Glasshouse	DEX262600106	4065629200101	1342	100	Song	SE	0	4.7195456000
2026-01-05	2025-11	Spotify	The Linden Hours	Glasshouse	DEX262600106	4065629200101	3279	100	Song	US	0	10.9020192000
2026-01-05	2025-11	Spotify	The Linden Hours	Second Light	DEX262600107	4065629200101	731	100	Song	AT	0	2.1660992000
2026-01-05	2025-11	Spotify	The Linden Hours	Second Light	DEX262600107	4065629200101	561	100	Song	CH	0	1.7072352000
2026-01-05	2025-11	Spotify	The Linden Hours	Second Light	DEX262600107	4065629200101	3051	100	Song	DE	0	9.3043296000
2026-01-05	2025-11	Spotify	The Linden Hours	Second Light	DEX262600107	4065629200101	867	100	Song	GB	0	2.9436384000
2026-01-05	2025-11	Spotify	The Linden Hours	Second Light	DEX262600107	4065629200101	717	100	Song	NL	0	2.1131424000
2026-01-05	2025-11	Spotify	The Linden Hours	Second Light	DEX262600107	4065629200101	579	100	Song	PL	0	2.0084352000
2026-01-05	2025-11	Spotify	The Linden Hours	Second Light	DEX262600107	4065629200101	560	100	Song	SE	0	1.8117120000
2026-01-05	2025-11	Spotify	The Linden Hours	Second Light	DEX262600107	4065629200101	1423	100	Song	US	0	4.4898496000
2026-01-05	2025-11	Spotify	The Linden Hours	Linden	DEX262600108	4065629200101	1320	100	Song	AT	0	4.0803840000
2026-01-05	2025-11	Spotify	The Linden Hours	Linden	DEX262600108	4065629200101	994	100	Song	CH	0	2.8690816000
2026-01-05	2025-11	Spotify	The Linden Hours	Linden	DEX262600108	4065629200101	6968	100	Song	DE	0	21.9631360000
2026-01-05	2025-11	Spotify	The Linden Hours	Linden	DEX262600108	4065629200101	1806	100	Song	GB	0	5.3168640000
2026-01-05	2025-11	Spotify	The Linden Hours	Linden	DEX262600108	4065629200101	1288	100	Song	NL	0	3.8207232000
2026-01-05	2025-11	Spotify	The Linden Hours	Linden	DEX262600108	4065629200101	833	100	Song	PL	0	2.4123680000
2026-01-05	2025-11	Spotify	The Linden Hours	Linden	DEX262600108	4065629200101	1018	100	Song	SE	0	3.2380544000
2026-01-05	2025-11	Spotify	The Linden Hours	Linden	DEX262600108	4065629200101	2238	100	Song	US	0	7.8347904000
2026-01-05	2025-11	Spotify	The Linden Hours	Summer Static	DEX262600201	4065629200201	5017	100	Song	AT	0	15.8778016000
2026-01-05	2025-11	Spotify	The Linden Hours	Summer Static	DEX262600201	4065629200201	3697	100	Song	CH	0	11.7002656000
2026-01-05	2025-11	Spotify	The Linden Hours	Summer Static	DEX262600201	4065629200201	22553	100	Song	DE	0	65.0248096000
2026-01-05	2025-11	Spotify	The Linden Hours	Summer Static	DEX262600201	4065629200201	3349	100	Song	GB	0	11.6920288000
2026-01-05	2025-11	Spotify	The Linden Hours	Summer Static	DEX262600201	4065629200201	4210	100	Song	NL	0	14.6844800000
2026-01-05	2025-11	Spotify	The Linden Hours	Summer Static	DEX262600201	4065629200201	3377	100	Song	PL	0	11.7249440000
2026-01-05	2025-11	Spotify	The Linden Hours	Summer Static	DEX262600201	4065629200201	3213	100	Song	SE	0	10.4358240000
2026-01-05	2025-11	Spotify	The Linden Hours	Summer Static	DEX262600201	4065629200201	7740	100	Song	US	0	23.1580800000
2026-01-05	2025-11	TikTok	The Linden Hours	Low Tide	DEX262600101	4065629200101	347	100	Song	AT	0	0.2832561000
2026-01-05	2025-11	TikTok	The Linden Hours	Low Tide	DEX262600101	4065629200101	290	100	Song	CH	0	0.2628270000
2026-01-05	2025-11	TikTok	The Linden Hours	Low Tide	DEX262600101	4065629200101	1369	100	Song	DE	0	1.3319001000
2026-01-05	2025-11	TikTok	The Linden Hours	Low Tide	DEX262600101	4065629200101	363	100	Song	GB	0	0.3492423000
2026-01-05	2025-11	TikTok	The Linden Hours	Low Tide	DEX262600101	4065629200101	280	100	Song	NL	0	0.2610720000
2026-01-05	2025-11	TikTok	The Linden Hours	Low Tide	DEX262600101	4065629200101	191	100	Song	PL	0	0.1799793000
2026-01-05	2025-11	TikTok	The Linden Hours	Low Tide	DEX262600101	4065629200101	194	100	Song	SE	0	0.1740762000
2026-01-05	2025-11	TikTok	The Linden Hours	Low Tide	DEX262600101	4065629200101	451	100	Song	US	0	0.3843873000
2026-01-05	2025-11	TikTok	The Linden Hours	Paper Lanterns	DEX262600102	4065629200101	413	100	Song	AT	0	0.3943737000
2026-01-05	2025-11	TikTok	The Linden Hours	Paper Lanterns	DEX262600102	4065629200101	435	100	Song	CH	0	0.4095090000
2026-01-05	2025-11	TikTok	The Linden Hours	Paper Lanterns	DEX262600102	4065629200101	2313	100	Song	DE	0	2.0213307000
2026-01-05	2025-11	TikTok	The Linden Hours	Paper Lanterns	DEX262600102	4065629200101	600	100	Song	GB	0	0.5319000000
2026-01-05	2025-11	TikTok	The Linden Hours	Paper Lanterns	DEX262600102	4065629200101	474	100	Song	NL	0	0.4300128000
2026-01-05	2025-11	TikTok	The Linden Hours	Paper Lanterns	DEX262600102	4065629200101	328	100	Song	PL	0	0.2963808000
2026-01-05	2025-11	TikTok	The Linden Hours	Paper Lanterns	DEX262600102	4065629200101	327	100	Song	SE	0	0.2807622000
2026-01-05	2025-11	TikTok	The Linden Hours	Paper Lanterns	DEX262600102	4065629200101	1006	100	Song	US	0	0.8583192000
2026-01-05	2025-11	TikTok	The Linden Hours	Northbound	DEX262600103	4065629200101	172	100	Song	AT	0	0.1691964000
2026-01-05	2025-11	TikTok	The Linden Hours	Northbound	DEX262600103	4065629200101	169	100	Song	CH	0	0.1531647000
2026-01-05	2025-11	TikTok	The Linden Hours	Northbound	DEX262600103	4065629200101	891	100	Song	DE	0	0.7898715000
2026-01-05	2025-11	TikTok	The Linden Hours	Northbound	DEX262600103	4065629200101	217	100	Song	GB	0	0.2134629000
2026-01-05	2025-11	TikTok	The Linden Hours	Northbound	DEX262600103	4065629200101	204	100	Song	NL	0	0.1957176000
2026-01-05	2025-11	TikTok	The Linden Hours	Northbound	DEX262600103	4065629200101	137	100	Song	PL	0	0.1339038000
2026-01-05	2025-11	TikTok	The Linden Hours	Northbound	DEX262600103	4065629200101	169	100	Song	SE	0	0.1597050000
2026-01-05	2025-11	TikTok	The Linden Hours	Northbound	DEX262600103	4065629200101	310	100	Song	US	0	0.2893230000
2026-01-05	2025-11	TikTok	The Linden Hours	Salt and Iron	DEX262600104	4065629200101	160	100	Song	AT	0	0.1321920000
2026-01-05	2025-11	TikTok	The Linden Hours	Salt and Iron	DEX262600104	4065629200101	129	100	Song	CH	0	0.1065798000
2026-01-05	2025-11	TikTok	The Linden Hours	Salt and Iron	DEX262600104	4065629200101	666	100	Song	DE	0	0.6059934000
2026-01-05	2025-11	TikTok	The Linden Hours	Salt and Iron	DEX262600104	4065629200101	253	100	Song	GB	0	0.2258784000
2026-01-05	2025-11	TikTok	The Linden Hours	Salt and Iron	DEX262600104	4065629200101	166	100	Song	NL	0	0.1450674000
2026-01-05	2025-11	TikTok	The Linden Hours	Salt and Iron	DEX262600104	4065629200101	137	100	Song	PL	0	0.1286019000
2026-01-05	2025-11	TikTok	The Linden Hours	Salt and Iron	DEX262600104	4065629200101	91	100	Song	SE	0	0.0837018000
2026-01-05	2025-11	TikTok	The Linden Hours	Salt and Iron	DEX262600104	4065629200101	345	100	Song	US	0	0.2903175000
2026-01-05	2025-11	TikTok	The Linden Hours	The Quiet Year	DEX262600105	4065629200101	148	100	Song	AT	0	0.1415916000
2026-01-05	2025-11	TikTok	The Linden Hours	The Quiet Year	DEX262600105	4065629200101	116	100	Song	CH	0	0.1142136000
2026-01-05	2025-11	TikTok	The Linden Hours	The Quiet Year	DEX262600105	4065629200101	767	100	Song	DE	0	0.7531173000
2026-01-05	2025-11	TikTok	The Linden Hours	The Quiet Year	DEX262600105	4065629200101	187	100	Song	GB	0	0.1637559000
2026-01-05	2025-11	TikTok	The Linden Hours	The Quiet Year	DEX262600105	4065629200101	144	100	Song	NL	0	0.1167696000
2026-01-05	2025-11	TikTok	The Linden Hours	The Quiet Year	DEX262600105	4065629200101	75	100	Song	PL	0	0.0675675000
2026-01-05	2025-11	TikTok	The Linden Hours	The Quiet Year	DEX262600105	4065629200101	100	100	Song	SE	0	0.0918900000
2026-01-05	2025-11	TikTok	The Linden Hours	The Quiet Year	DEX262600105	4065629200101	194	100	Song	US	0	0.1683144000
2026-01-05	2025-11	TikTok	The Linden Hours	Glasshouse	DEX262600106	4065629200101	311	100	Song	AT	0	0.2723427000
2026-01-05	2025-11	TikTok	The Linden Hours	Glasshouse	DEX262600106	4065629200101	150	100	Song	CH	0	0.1290600000
2026-01-05	2025-11	TikTok	The Linden Hours	Glasshouse	DEX262600106	4065629200101	821	100	Song	DE	0	0.7093440000
2026-01-05	2025-11	TikTok	The Linden Hours	Glasshouse	DEX262600106	4065629200101	269	100	Song	GB	0	0.2425842000
2026-01-05	2025-11	TikTok	The Linden Hours	Glasshouse	DEX262600106	4065629200101	233	100	Song	NL	0	0.2172492000
2026-01-05	2025-11	TikTok	The Linden Hours	Glasshouse	DEX262600106	4065629200101	182	100	Song	PL	0	0.1515150000
2026-01-05	2025-11	TikTok	The Linden Hours	Glasshouse	DEX262600106	4065629200101	210	100	Song	SE	0	0.1916460000
2026-01-05	2025-11	TikTok	The Linden Hours	Glasshouse	DEX262600106	4065629200101	473	100	Song	US	0	0.4086720000
2026-01-05	2025-11	TikTok	The Linden Hours	Second Light	DEX262600107	4065629200101	105	100	Song	AT	0	0.1021545000
2026-01-05	2025-11	TikTok	The Linden Hours	Second Light	DEX262600107	4065629200101	113	100	Song	CH	0	0.1089207000
2026-01-05	2025-11	TikTok	The Linden Hours	Second Light	DEX262600107	4065629200101	495	100	Song	DE	0	0.4811400000
2026-01-05	2025-11	TikTok	The Linden Hours	Second Light	DEX262600107	4065629200101	142	100	Song	GB	0	0.1249884000
2026-01-05	2025-11	TikTok	The Linden Hours	Second Light	DEX262600107	4065629200101	97	100	Song	NL	0	0.0887841000
2026-01-05	2025-11	TikTok	The Linden Hours	Second Light	DEX262600107	4065629200101	71	100	Song	PL	0	0.0592353000
2026-01-05	2025-11	TikTok	The Linden Hours	Second Light	DEX262600107	4065629200101	62	100	Song	SE	0	0.0547956000
2026-01-05	2025-11	TikTok	The Linden Hours	Second Light	DEX262600107	4065629200101	206	100	Song	US	0	0.1750176000
2026-01-05	2025-11	TikTok	The Linden Hours	Linden	DEX262600108	4065629200101	188	100	Song	AT	0	0.1859508000
2026-01-05	2025-11	TikTok	The Linden Hours	Linden	DEX262600108	4065629200101	180	100	Song	CH	0	0.1542240000
2026-01-05	2025-11	TikTok	The Linden Hours	Linden	DEX262600108	4065629200101	791	100	Song	DE	0	0.7375284000
2026-01-05	2025-11	TikTok	The Linden Hours	Linden	DEX262600108	4065629200101	195	100	Song	GB	0	0.1923480000
2026-01-05	2025-11	TikTok	The Linden Hours	Linden	DEX262600108	4065629200101	177	100	Song	NL	0	0.1545210000
2026-01-05	2025-11	TikTok	The Linden Hours	Linden	DEX262600108	4065629200101	124	100	Song	PL	0	0.1079172000
2026-01-05	2025-11	TikTok	The Linden Hours	Linden	DEX262600108	4065629200101	113	100	Song	SE	0	0.1099377000
2026-01-05	2025-11	TikTok	The Linden Hours	Linden	DEX262600108	4065629200101	299	100	Song	US	0	0.2777112000
2026-01-05	2025-11	TikTok	The Linden Hours	Summer Static	DEX262600201	4065629200201	593	100	Song	AT	0	0.5091498000
2026-01-05	2025-11	TikTok	The Linden Hours	Summer Static	DEX262600201	4065629200201	422	100	Song	CH	0	0.4082850000
2026-01-05	2025-11	TikTok	The Linden Hours	Summer Static	DEX262600201	4065629200201	2925	100	Song	DE	0	2.7246375000
2026-01-05	2025-11	TikTok	The Linden Hours	Summer Static	DEX262600201	4065629200201	755	100	Song	GB	0	0.7392960000
2026-01-05	2025-11	TikTok	The Linden Hours	Summer Static	DEX262600201	4065629200201	596	100	Song	NL	0	0.5090436000
2026-01-05	2025-11	TikTok	The Linden Hours	Summer Static	DEX262600201	4065629200201	446	100	Song	PL	0	0.4399344000
2026-01-05	2025-11	TikTok	The Linden Hours	Summer Static	DEX262600201	4065629200201	352	100	Song	SE	0	0.3095136000
2026-01-05	2025-11	TikTok	The Linden Hours	Summer Static	DEX262600201	4065629200201	1231	100	Song	US	0	1.1289501000
2026-01-05	2025-11	YouTube Music	The Linden Hours	Low Tide	DEX262600101	4065629200101	323	100	Song	AT	0	0.6111483000
2026-01-05	2025-11	YouTube Music	The Linden Hours	Low Tide	DEX262600101	4065629200101	335	100	Song	CH	0	0.7625940000
2026-01-05	2025-11	YouTube Music	The Linden Hours	Low Tide	DEX262600101	4065629200101	1572	100	Song	DE	0	3.1724532000
2026-01-05	2025-11	YouTube Music	The Linden Hours	Low Tide	DEX262600101	4065629200101	535	100	Song	GB	0	1.1347350000
2026-01-05	2025-11	YouTube Music	The Linden Hours	Low Tide	DEX262600101	4065629200101	346	100	Song	NL	0	0.7542108000
2026-01-05	2025-11	YouTube Music	The Linden Hours	Low Tide	DEX262600101	4065629200101	267	100	Song	PL	0	0.5208903000
2026-01-05	2025-11	YouTube Music	The Linden Hours	Low Tide	DEX262600101	4065629200101	259	100	Song	SE	0	0.5069148000
2026-01-05	2025-11	YouTube Music	The Linden Hours	Low Tide	DEX262600101	4065629200101	718	100	Song	US	0	1.5816822000
2026-01-05	2025-11	YouTube Music	The Linden Hours	Paper Lanterns	DEX262600102	4065629200101	509	100	Song	AT	0	1.1458608000
2026-01-05	2025-11	YouTube Music	The Linden Hours	Paper Lanterns	DEX262600102	4065629200101	456	100	Song	CH	0	1.0208016000
2026-01-05	2025-11	YouTube Music	The Linden Hours	Paper Lanterns	DEX262600102	4065629200101	2391	100	Song	DE	0	5.4428724000
2026-01-05	2025-11	YouTube Music	The Linden Hours	Paper Lanterns	DEX262600102	4065629200101	655	100	Song	GB	0	1.4869155000
2026-01-05	2025-11	YouTube Music	The Linden Hours	Paper Lanterns	DEX262600102	4065629200101	538	100	Song	NL	0	1.0721802000
2026-01-05	2025-11	YouTube Music	The Linden Hours	Paper Lanterns	DEX262600102	4065629200101	364	100	Song	PL	0	0.7705152000
2026-01-05	2025-11	YouTube Music	The Linden Hours	Paper Lanterns	DEX262600102	4065629200101	427	100	Song	SE	0	0.8195838000
2026-01-05	2025-11	YouTube Music	The Linden Hours	Paper Lanterns	DEX262600102	4065629200101	1263	100	Song	US	0	2.6363862000
2026-01-05	2025-11	YouTube Music	The Linden Hours	Northbound	DEX262600103	4065629200101	191	100	Song	AT	0	0.4267704000
2026-01-05	2025-11	YouTube Music	The Linden Hours	Northbound	DEX262600103	4065629200101	217	100	Song	CH	0	0.4848648000
2026-01-05	2025-11	YouTube Music	The Linden Hours	Northbound	DEX262600103	4065629200101	943	100	Song	DE	0	1.9525758000
2026-01-05	2025-11	YouTube Music	The Linden Hours	Northbound	DEX262600103	4065629200101	185	100	Song	GB	0	0.4017090000
2026-01-05	2025-11	YouTube Music	The Linden Hours	Northbound	DEX262600103	4065629200101	247	100	Song	NL	0	0.5098821000
2026-01-05	2025-11	YouTube Music	The Linden Hours	Northbound	DEX262600103	4065629200101	166	100	Song	PL	0	0.3269868000
2026-01-05	2025-11	YouTube Music	The Linden Hours	Northbound	DEX262600103	4065629200101	143	100	Song	SE	0	0.3198195000
2026-01-05	2025-11	YouTube Music	The Linden Hours	Northbound	DEX262600103	4065629200101	394	100	Song	US	0	0.8199534000
2026-01-05	2025-11	YouTube Music	The Linden Hours	Salt and Iron	DEX262600104	4065629200101	228	100	Song	AT	0	0.4606056000
2026-01-05	2025-11	YouTube Music	The Linden Hours	Salt and Iron	DEX262600104	4065629200101	166	100	Song	CH	0	0.3810198000
2026-01-05	2025-11	YouTube Music	The Linden Hours	Salt and Iron	DEX262600104	4065629200101	878	100	Song	DE	0	1.8290496000
2026-01-05	2025-11	YouTube Music	The Linden Hours	Salt and Iron	DEX262600104	4065629200101	233	100	Song	GB	0	0.4540704000
2026-01-05	2025-11	YouTube Music	The Linden Hours	Salt and Iron	DEX262600104	4065629200101	191	100	Song	NL	0	0.4083198000
2026-01-05	2025-11	YouTube Music	The Linden Hours	Salt and Iron	DEX262600104	4065629200101	140	100	Song	PL	0	0.2725380000
2026-01-05	2025-11	YouTube Music	The Linden Hours	Salt and Iron	DEX262600104	4065629200101	128	100	Song	SE	0	0.2728320000
2026-01-05	2025-11	YouTube Music	The Linden Hours	Salt and Iron	DEX262600104	4065629200101	350	100	Song	US	0	0.7497000000
2026-01-05	2025-11	YouTube Music	The Linden Hours	The Quiet Year	DEX262600105	4065629200101	150	100	Song	AT	0	0.3345300000
2026-01-05	2025-11	YouTube Music	The Linden Hours	The Quiet Year	DEX262600105	4065629200101	136	100	Song	CH	0	0.3107328000
2026-01-05	2025-11	YouTube Music	The Linden Hours	The Quiet Year	DEX262600105	4065629200101	581	100	Song	DE	0	1.1163915000
2026-01-05	2025-11	YouTube Music	The Linden Hours	The Quiet Year	DEX262600105	4065629200101	212	100	Song	GB	0	0.4692408000
2026-01-05	2025-11	YouTube Music	The Linden Hours	The Quiet Year	DEX262600105	4065629200101	140	100	Song	NL	0	0.3072300000
2026-01-05	2025-11	YouTube Music	The Linden Hours	The Quiet Year	DEX262600105	4065629200101	104	100	Song	PL	0	0.2131584000
2026-01-05	2025-11	YouTube Music	The Linden Hours	The Quiet Year	DEX262600105	4065629200101	108	100	Song	SE	0	0.2102436000
2026-01-05	2025-11	YouTube Music	The Linden Hours	The Quiet Year	DEX262600105	4065629200101	324	100	Song	US	0	0.7402752000
2026-01-05	2025-11	YouTube Music	The Linden Hours	Glasshouse	DEX262600106	4065629200101	299	100	Song	AT	0	0.6517602000
2026-01-05	2025-11	YouTube Music	The Linden Hours	Glasshouse	DEX262600106	4065629200101	237	100	Song	CH	0	0.5016816000
2026-01-05	2025-11	YouTube Music	The Linden Hours	Glasshouse	DEX262600106	4065629200101	1291	100	Song	DE	0	2.8574994000
2026-01-05	2025-11	YouTube Music	The Linden Hours	Glasshouse	DEX262600106	4065629200101	337	100	Song	GB	0	0.7593621000
2026-01-05	2025-11	YouTube Music	The Linden Hours	Glasshouse	DEX262600106	4065629200101	212	100	Song	NL	0	0.4184880000
2026-01-05	2025-11	YouTube Music	The Linden Hours	Glasshouse	DEX262600106	4065629200101	211	100	Song	PL	0	0.4493034000
2026-01-05	2025-11	YouTube Music	The Linden Hours	Glasshouse	DEX262600106	4065629200101	199	100	Song	SE	0	0.4471530000
2026-01-05	2025-11	YouTube Music	The Linden Hours	Glasshouse	DEX262600106	4065629200101	539	100	Song	US	0	1.0753050000
2026-01-05	2025-11	YouTube Music	The Linden Hours	Second Light	DEX262600107	4065629200101	119	100	Song	AT	0	0.2489004000
2026-01-05	2025-11	YouTube Music	The Linden Hours	Second Light	DEX262600107	4065629200101	83	100	Song	CH	0	0.1701168000
2026-01-05	2025-11	YouTube Music	The Linden Hours	Second Light	DEX262600107	4065629200101	515	100	Song	DE	0	1.1723460000
2026-01-05	2025-11	YouTube Music	The Linden Hours	Second Light	DEX262600107	4065629200101	139	100	Song	GB	0	0.3172953000
2026-01-05	2025-11	YouTube Music	The Linden Hours	Second Light	DEX262600107	4065629200101	86	100	Song	NL	0	0.1961316000
2026-01-05	2025-11	YouTube Music	The Linden Hours	Second Light	DEX262600107	4065629200101	75	100	Song	PL	0	0.1493100000
2026-01-05	2025-11	YouTube Music	The Linden Hours	Second Light	DEX262600107	4065629200101	98	100	Song	SE	0	0.2234988000
2026-01-05	2025-11	YouTube Music	The Linden Hours	Second Light	DEX262600107	4065629200101	177	100	Song	US	0	0.3966039000
2026-01-05	2025-11	YouTube Music	The Linden Hours	Linden	DEX262600108	4065629200101	217	100	Song	AT	0	0.4926117000
2026-01-05	2025-11	YouTube Music	The Linden Hours	Linden	DEX262600108	4065629200101	181	100	Song	CH	0	0.3991050000
2026-01-05	2025-11	YouTube Music	The Linden Hours	Linden	DEX262600108	4065629200101	858	100	Song	DE	0	1.6882866000
2026-01-05	2025-11	YouTube Music	The Linden Hours	Linden	DEX262600108	4065629200101	209	100	Song	GB	0	0.4064214000
2026-01-05	2025-11	YouTube Music	The Linden Hours	Linden	DEX262600108	4065629200101	187	100	Song	NL	0	0.3879876000
2026-01-05	2025-11	YouTube Music	The Linden Hours	Linden	DEX262600108	4065629200101	104	100	Song	PL	0	0.2140320000
2026-01-05	2025-11	YouTube Music	The Linden Hours	Linden	DEX262600108	4065629200101	142	100	Song	SE	0	0.3065496000
2026-01-05	2025-11	YouTube Music	The Linden Hours	Linden	DEX262600108	4065629200101	384	100	Song	US	0	0.7636608000
2026-01-05	2025-11	YouTube Music	The Linden Hours	Summer Static	DEX262600201	4065629200201	750	100	Song	AT	0	1.7073000000
2026-01-05	2025-11	YouTube Music	The Linden Hours	Summer Static	DEX262600201	4065629200201	664	100	Song	CH	0	1.3720896000
2026-01-05	2025-11	YouTube Music	The Linden Hours	Summer Static	DEX262600201	4065629200201	3917	100	Song	DE	0	8.2421514000
2026-01-05	2025-11	YouTube Music	The Linden Hours	Summer Static	DEX262600201	4065629200201	921	100	Song	GB	0	1.9089567000
2026-01-05	2025-11	YouTube Music	The Linden Hours	Summer Static	DEX262600201	4065629200201	563	100	Song	NL	0	1.2792486000
2026-01-05	2025-11	YouTube Music	The Linden Hours	Summer Static	DEX262600201	4065629200201	518	100	Song	PL	0	1.0606050000
2026-01-05	2025-11	YouTube Music	The Linden Hours	Summer Static	DEX262600201	4065629200201	494	100	Song	SE	0	0.9357348000
2026-01-05	2025-11	YouTube Music	The Linden Hours	Summer Static	DEX262600201	4065629200201	1481	100	Song	US	0	2.9670354000
2026-02-04	2025-12	Amazon Music	The Linden Hours	Low Tide	DEX262600101	4065629200101	340	100	Song	AT	0	1.4749200000
2026-02-04	2025-12	Amazon Music	The Linden Hours	Low Tide	DEX262600101	4065629200101	317	100	Song	CH	0	1.4878395000
2026-02-04	2025-12	Amazon Music	The Linden Hours	Low Tide	DEX262600101	4065629200101	924	100	Song	DE	0	3.9542580000
2026-02-04	2025-12	Amazon Music	The Linden Hours	Low Tide	DEX262600101	4065629200101	471	100	Song	GB	0	1.9372230000
2026-02-04	2025-12	Amazon Music	The Linden Hours	Low Tide	DEX262600101	4065629200101	316	100	Song	NL	0	1.5457140000
2026-02-04	2025-12	Amazon Music	The Linden Hours	Low Tide	DEX262600101	4065629200101	249	100	Song	PL	0	1.0230165000
2026-02-04	2025-12	Amazon Music	The Linden Hours	Low Tide	DEX262600101	4065629200101	284	100	Song	SE	0	1.2217680000
2026-02-04	2025-12	Amazon Music	The Linden Hours	Low Tide	DEX262600101	4065629200101	646	100	Song	US	0	2.6192070000
2026-02-04	2025-12	Amazon Music	The Linden Hours	Paper Lanterns	DEX262600102	4065629200101	556	100	Song	AT	0	2.4044220000
2026-02-04	2025-12	Amazon Music	The Linden Hours	Paper Lanterns	DEX262600102	4065629200101	507	100	Song	CH	0	2.2678110000
2026-02-04	2025-12	Amazon Music	The Linden Hours	Paper Lanterns	DEX262600102	4065629200101	2350	100	Song	DE	0	9.8030250000
2026-02-04	2025-12	Amazon Music	The Linden Hours	Paper Lanterns	DEX262600102	4065629200101	542	100	Song	GB	0	2.4024150000
2026-02-04	2025-12	Amazon Music	The Linden Hours	Paper Lanterns	DEX262600102	4065629200101	493	100	Song	NL	0	2.2473405000
2026-02-04	2025-12	Amazon Music	The Linden Hours	Paper Lanterns	DEX262600102	4065629200101	379	100	Song	PL	0	1.5792930000
2026-02-04	2025-12	Amazon Music	The Linden Hours	Paper Lanterns	DEX262600102	4065629200101	419	100	Song	SE	0	1.8383625000
2026-02-04	2025-12	Amazon Music	The Linden Hours	Paper Lanterns	DEX262600102	4065629200101	1000	100	Song	US	0	4.3110000000
2026-02-04	2025-12	Amazon Music	The Linden Hours	Northbound	DEX262600103	4065629200101	204	100	Song	AT	0	0.8362980000
2026-02-04	2025-12	Amazon Music	The Linden Hours	Northbound	DEX262600103	4065629200101	181	100	Song	CH	0	0.7900650000
2026-02-04	2025-12	Amazon Music	The Linden Hours	Northbound	DEX262600103	4065629200101	1020	100	Song	DE	0	4.8883500000
2026-02-04	2025-12	Amazon Music	The Linden Hours	Northbound	DEX262600103	4065629200101	260	100	Song	GB	0	1.0927800000
2026-02-04	2025-12	Amazon Music	The Linden Hours	Northbound	DEX262600103	4065629200101	171	100	Song	NL	0	0.7094790000
2026-02-04	2025-12	Amazon Music	The Linden Hours	Northbound	DEX262600103	4065629200101	153	100	Song	PL	0	0.6781725000
2026-02-04	2025-12	Amazon Music	The Linden Hours	Northbound	DEX262600103	4065629200101	121	100	Song	SE	0	0.5483115000
2026-02-04	2025-12	Amazon Music	The Linden Hours	Northbound	DEX262600103	4065629200101	421	100	Song	US	0	1.7751465000
2026-02-04	2025-12	Amazon Music	The Linden Hours	Salt and Iron	DEX262600104	4065629200101	203	100	Song	AT	0	0.8468145000
2026-02-04	2025-12	Amazon Music	The Linden Hours	Salt and Iron	DEX262600104	4065629200101	172	100	Song	CH	0	0.7469100000
2026-02-04	2025-12	Amazon Music	The Linden Hours	Salt and Iron	DEX262600104	4065629200101	754	100	Song	DE	0	3.4235370000
2026-02-04	2025-12	Amazon Music	The Linden Hours	Salt and Iron	DEX262600104	4065629200101	216	100	Song	GB	0	0.9136800000
2026-02-04	2025-12	Amazon Music	The Linden Hours	Salt and Iron	DEX262600104	4065629200101	190	100	Song	NL	0	0.8678250000
2026-02-04	2025-12	Amazon Music	The Linden Hours	Salt and Iron	DEX262600104	4065629200101	143	100	Song	PL	0	0.6866145000
2026-02-04	2025-12	Amazon Music	The Linden Hours	Salt and Iron	DEX262600104	4065629200101	146	100	Song	SE	0	0.6852510000
2026-02-04	2025-12	Amazon Music	The Linden Hours	Salt and Iron	DEX262600104	4065629200101	371	100	Song	US	0	1.5376095000
2026-02-04	2025-12	Amazon Music	The Linden Hours	The Quiet Year	DEX262600105	4065629200101	171	100	Song	AT	0	0.8272125000
2026-02-04	2025-12	Amazon Music	The Linden Hours	The Quiet Year	DEX262600105	4065629200101	101	100	Song	CH	0	0.4313205000
2026-02-04	2025-12	Amazon Music	The Linden Hours	The Quiet Year	DEX262600105	4065629200101	685	100	Song	DE	0	3.0146850000
2026-02-04	2025-12	Amazon Music	The Linden Hours	The Quiet Year	DEX262600105	4065629200101	105	100	Song	GB	0	0.4403700000
2026-02-04	2025-12	Amazon Music	The Linden Hours	The Quiet Year	DEX262600105	4065629200101	130	100	Song	NL	0	0.6089850000
2026-02-04	2025-12	Amazon Music	The Linden Hours	The Quiet Year	DEX262600105	4065629200101	118	100	Song	PL	0	0.4879890000
2026-02-04	2025-12	Amazon Music	The Linden Hours	The Quiet Year	DEX262600105	4065629200101	87	100	Song	SE	0	0.4095090000
2026-02-04	2025-12	Amazon Music	The Linden Hours	The Quiet Year	DEX262600105	4065629200101	292	100	Song	US	0	1.4401440000
2026-02-04	2025-12	Amazon Music	The Linden Hours	Glasshouse	DEX262600106	4065629200101	280	100	Song	AT	0	1.2587400000
2026-02-04	2025-12	Amazon Music	The Linden Hours	Glasshouse	DEX262600106	4065629200101	179	100	Song	CH	0	0.7515315000
2026-02-04	2025-12	Amazon Music	The Linden Hours	Glasshouse	DEX262600106	4065629200101	1326	100	Song	DE	0	6.2235810000
2026-02-04	2025-12	Amazon Music	The Linden Hours	Glasshouse	DEX262600106	4065629200101	323	100	Song	GB	0	1.5348960000
2026-02-04	2025-12	Amazon Music	The Linden Hours	Glasshouse	DEX262600106	4065629200101	211	100	Song	NL	0	0.9267120000
2026-02-04	2025-12	Amazon Music	The Linden Hours	Glasshouse	DEX262600106	4065629200101	196	100	Song	PL	0	0.8617140000
2026-02-04	2025-12	Amazon Music	The Linden Hours	Glasshouse	DEX262600106	4065629200101	174	100	Song	SE	0	0.8519040000
2026-02-04	2025-12	Amazon Music	The Linden Hours	Glasshouse	DEX262600106	4065629200101	403	100	Song	US	0	1.8171270000
2026-02-04	2025-12	Amazon Music	The Linden Hours	Second Light	DEX262600107	4065629200101	127	100	Song	AT	0	0.5183505000
2026-02-04	2025-12	Amazon Music	The Linden Hours	Second Light	DEX262600107	4065629200101	97	100	Song	CH	0	0.4225320000
2026-02-04	2025-12	Amazon Music	The Linden Hours	Second Light	DEX262600107	4065629200101	546	100	Song	DE	0	2.6683020000
2026-02-04	2025-12	Amazon Music	The Linden Hours	Second Light	DEX262600107	4065629200101	140	100	Song	GB	0	0.6350400000
2026-02-04	2025-12	Amazon Music	The Linden Hours	Second Light	DEX262600107	4065629200101	119	100	Song	NL	0	0.5124735000
2026-02-04	2025-12	Amazon Music	The Linden Hours	Second Light	DEX262600107	4065629200101	76	100	Song	PL	0	0.3276360000
2026-02-04	2025-12	Amazon Music	The Linden Hours	Second Light	DEX262600107	4065629200101	66	100	Song	SE	0	0.3115530000
2026-02-04	2025-12	Amazon Music	The Linden Hours	Second Light	DEX262600107	4065629200101	187	100	Song	US	0	0.7581915000
2026-02-04	2025-12	Amazon Music	The Linden Hours	Linden	DEX262600108	4065629200101	208	100	Song	AT	0	0.8948160000
2026-02-04	2025-12	Amazon Music	The Linden Hours	Linden	DEX262600108	4065629200101	146	100	Song	CH	0	0.6648840000
2026-02-04	2025-12	Amazon Music	The Linden Hours	Linden	DEX262600108	4065629200101	643	100	Song	DE	0	2.8587780000
2026-02-04	2025-12	Amazon Music	The Linden Hours	Linden	DEX262600108	4065629200101	265	100	Song	GB	0	1.1197575000
2026-02-04	2025-12	Amazon Music	The Linden Hours	Linden	DEX262600108	4065629200101	189	100	Song	NL	0	0.8734635000
2026-02-04	2025-12	Amazon Music	The Linden Hours	Linden	DEX262600108	4065629200101	138	100	Song	PL	0	0.5644890000
2026-02-04	2025-12	Amazon Music	The Linden Hours	Linden	DEX262600108	4065629200101	122	100	Song	SE	0	0.5089230000
2026-02-04	2025-12	Amazon Music	The Linden Hours	Linden	DEX262600108	4065629200101	460	100	Song	US	0	2.0907000000
2026-02-04	2025-12	Amazon Music	The Linden Hours	Summer Static	DEX262600201	4065629200201	497	100	Song	AT	0	2.2968855000
2026-02-04	2025-12	Amazon Music	The Linden Hours	Summer Static	DEX262600201	4065629200201	569	100	Song	CH	0	2.7064485000
2026-02-04	2025-12	Amazon Music	The Linden Hours	Summer Static	DEX262600201	4065629200201	3422	100	Song	DE	0	15.5529900000
2026-02-04	2025-12	Amazon Music	The Linden Hours	Summer Static	DEX262600201	4065629200201	806	100	Song	GB	0	3.6052380000
2026-02-04	2025-12	Amazon Music	The Linden Hours	Summer Static	DEX262600201	4065629200201	708	100	Song	NL	0	3.2783940000
2026-02-04	2025-12	Amazon Music	The Linden Hours	Summer Static	DEX262600201	4065629200201	488	100	Song	PL	0	2.2311360000
2026-02-04	2025-12	Amazon Music	The Linden Hours	Summer Static	DEX262600201	4065629200201	373	100	Song	SE	0	1.8077445000
2026-02-04	2025-12	Amazon Music	The Linden Hours	Summer Static	DEX262600201	4065629200201	1130	100	Song	US	0	5.3901000000
2026-02-04	2025-11	Apple Music	The Linden Hours	Low Tide	DEX262600101	4065629200101	655	100	Song	AT	0	4.5016840000
2026-02-04	2025-11	Apple Music	The Linden Hours	Low Tide	DEX262600101	4065629200101	571	100	Song	CH	0	3.8027458000
2026-02-04	2025-11	Apple Music	The Linden Hours	Low Tide	DEX262600101	4065629200101	2503	100	Song	DE	0	17.5935870000
2026-02-04	2025-11	Apple Music	The Linden Hours	Low Tide	DEX262600101	4065629200101	566	100	Song	GB	0	4.3802740000
2026-02-04	2025-11	Apple Music	The Linden Hours	Low Tide	DEX262600101	4065629200101	562	100	Song	NL	0	3.7507880000
2026-02-04	2025-11	Apple Music	The Linden Hours	Low Tide	DEX262600101	4065629200101	364	100	Song	PL	0	2.8273336000
2026-02-04	2025-11	Apple Music	The Linden Hours	Low Tide	DEX262600101	4065629200101	317	100	Song	SE	0	2.4645165000
2026-02-04	2025-11	Apple Music	The Linden Hours	Low Tide	DEX262600101	4065629200101	1036	100	Song	US	0	7.5836236000
2026-02-04	2025-11	Apple Music	The Linden Hours	Paper Lanterns	DEX262600102	4065629200101	964	100	Song	AT	0	6.7212008000
2026-02-04	2025-11	Apple Music	The Linden Hours	Paper Lanterns	DEX262600102	4065629200101	755	100	Song	CH	0	5.1460800000
2026-02-04	2025-11	Apple Music	The Linden Hours	Paper Lanterns	DEX262600102	4065629200101	3765	100	Song	DE	0	25.5018510000
2026-02-04	2025-11	Apple Music	The Linden Hours	Paper Lanterns	DEX262600102	4065629200101	1292	100	Song	GB	0	9.4025300000
2026-02-04	2025-11	Apple Music	The Linden Hours	Paper Lanterns	DEX262600102	4065629200101	876	100	Song	NL	0	5.6722752000
2026-02-04	2025-11	Apple Music	The Linden Hours	Paper Lanterns	DEX262600102	4065629200101	670	100	Song	PL	0	4.4858510000
2026-02-04	2025-11	Apple Music	The Linden Hours	Paper Lanterns	DEX262600102	4065629200101	646	100	Song	SE	0	4.1416998000
2026-02-04	2025-11	Apple Music	The Linden Hours	Paper Lanterns	DEX262600102	4065629200101	2047	100	Song	US	0	14.9261099000
2026-02-04	2025-11	Apple Music	The Linden Hours	Northbound	DEX262600103	4065629200101	436	100	Song	AT	0	3.3525348000
2026-02-04	2025-11	Apple Music	The Linden Hours	Northbound	DEX262600103	4065629200101	278	100	Song	CH	0	1.7862890000
2026-02-04	2025-11	Apple Music	The Linden Hours	Northbound	DEX262600103	4065629200101	1344	100	Song	DE	0	9.7905024000
2026-02-04	2025-11	Apple Music	The Linden Hours	Northbound	DEX262600103	4065629200101	487	100	Song	GB	0	3.4369538000
2026-02-04	2025-11	Apple Music	The Linden Hours	Northbound	DEX262600103	4065629200101	320	100	Song	NL	0	2.1356800000
2026-02-04	2025-11	Apple Music	The Linden Hours	Northbound	DEX262600103	4065629200101	296	100	Song	PL	0	1.9460816000
2026-02-04	2025-11	Apple Music	The Linden Hours	Northbound	DEX262600103	4065629200101	296	100	Song	SE	0	2.1541400000
2026-02-04	2025-11	Apple Music	The Linden Hours	Northbound	DEX262600103	4065629200101	708	100	Song	US	0	4.6648704000
2026-02-04	2025-11	Apple Music	The Linden Hours	Salt and Iron	DEX262600104	4065629200101	349	100	Song	AT	0	2.3986072000
2026-02-04	2025-11	Apple Music	The Linden Hours	Salt and Iron	DEX262600104	4065629200101	302	100	Song	CH	0	2.1870840000
2026-02-04	2025-11	Apple Music	The Linden Hours	Salt and Iron	DEX262600104	4065629200101	1603	100	Song	DE	0	11.4154439000
2026-02-04	2025-11	Apple Music	The Linden Hours	Salt and Iron	DEX262600104	4065629200101	395	100	Song	GB	0	2.7343875000
2026-02-04	2025-11	Apple Music	The Linden Hours	Salt and Iron	DEX262600104	4065629200101	388	100	Song	NL	0	2.8705016000
2026-02-04	2025-11	Apple Music	The Linden Hours	Salt and Iron	DEX262600104	4065629200101	225	100	Song	PL	0	1.6693875000
2026-02-04	2025-11	Apple Music	The Linden Hours	Salt and Iron	DEX262600104	4065629200101	268	100	Song	SE	0	1.7772152000
2026-02-04	2025-11	Apple Music	The Linden Hours	Salt and Iron	DEX262600104	4065629200101	504	100	Song	US	0	3.3135984000
2026-02-04	2025-11	Apple Music	The Linden Hours	The Quiet Year	DEX262600105	4065629200101	325	100	Song	AT	0	2.4874850000
2026-02-04	2025-11	Apple Music	The Linden Hours	The Quiet Year	DEX262600105	4065629200101	192	100	Song	CH	0	1.4981568000
2026-02-04	2025-11	Apple Music	The Linden Hours	The Quiet Year	DEX262600105	4065629200101	1391	100	Song	DE	0	9.1748969000
2026-02-04	2025-11	Apple Music	The Linden Hours	The Quiet Year	DEX262600105	4065629200101	330	100	Song	GB	0	2.4343770000
2026-02-04	2025-11	Apple Music	The Linden Hours	The Quiet Year	DEX262600105	4065629200101	279	100	Song	NL	0	1.9194921000
2026-02-04	2025-11	Apple Music	The Linden Hours	The Quiet Year	DEX262600105	4065629200101	197	100	Song	PL	0	1.4938116000
2026-02-04	2025-11	Apple Music	The Linden Hours	The Quiet Year	DEX262600105	4065629200101	201	100	Song	SE	0	1.3700160000
2026-02-04	2025-11	Apple Music	The Linden Hours	The Quiet Year	DEX262600105	4065629200101	412	100	Song	US	0	3.0831608000
2026-02-04	2025-11	Apple Music	The Linden Hours	Glasshouse	DEX262600106	4065629200101	456	100	Song	AT	0	3.3509160000
2026-02-04	2025-11	Apple Music	The Linden Hours	Glasshouse	DEX262600106	4065629200101	438	100	Song	CH	0	3.1408980000
2026-02-04	2025-11	Apple Music	The Linden Hours	Glasshouse	DEX262600106	4065629200101	1888	100	Song	DE	0	12.2787968000
2026-02-04	2025-11	Apple Music	The Linden Hours	Glasshouse	DEX262600106	4065629200101	590	100	Song	GB	0	3.8580690000
2026-02-04	2025-11	Apple Music	The Linden Hours	Glasshouse	DEX262600106	4065629200101	550	100	Song	NL	0	3.9713850000
2026-02-04	2025-11	Apple Music	The Linden Hours	Glasshouse	DEX262600106	4065629200101	291	100	Song	PL	0	2.1652728000
2026-02-04	2025-11	Apple Music	The Linden Hours	Glasshouse	DEX262600106	4065629200101	384	100	Song	SE	0	2.8381824000
2026-02-04	2025-11	Apple Music	The Linden Hours	Glasshouse	DEX262600106	4065629200101	747	100	Song	US	0	5.6060109000
2026-02-04	2025-11	Apple Music	The Linden Hours	Second Light	DEX262600107	4065629200101	227	100	Song	AT	0	1.5778543000
2026-02-04	2025-11	Apple Music	The Linden Hours	Second Light	DEX262600107	4065629200101	188	100	Song	CH	0	1.4455884000
2026-02-04	2025-11	Apple Music	The Linden Hours	Second Light	DEX262600107	4065629200101	867	100	Song	DE	0	6.0079632000
2026-02-04	2025-11	Apple Music	The Linden Hours	Second Light	DEX262600107	4065629200101	230	100	Song	GB	0	1.6509630000
2026-02-04	2025-11	Apple Music	The Linden Hours	Second Light	DEX262600107	4065629200101	188	100	Song	NL	0	1.3468132000
2026-02-04	2025-11	Apple Music	The Linden Hours	Second Light	DEX262600107	4065629200101	133	100	Song	PL	0	1.0075681000
2026-02-04	2025-11	Apple Music	The Linden Hours	Second Light	DEX262600107	4065629200101	146	100	Song	SE	0	1.0189778000
2026-02-04	2025-11	Apple Music	The Linden Hours	Second Light	DEX262600107	4065629200101	384	100	Song	US	0	2.8218240000
2026-02-04	2025-11	Apple Music	The Linden Hours	Linden	DEX262600108	4065629200101	383	100	Song	AT	0	2.5561420000
2026-02-04	2025-11	Apple Music	The Linden Hours	Linden	DEX262600108	4065629200101	275	100	Song	CH	0	1.8275400000
2026-02-04	2025-11	Apple Music	The Linden Hours	Linden	DEX262600108	4065629200101	1631	100	Song	DE	0	11.3832383000
2026-02-04	2025-11	Apple Music	The Linden Hours	Linden	DEX262600108	4065629200101	360	100	Song	GB	0	2.4537600000
2026-02-04	2025-11	Apple Music	The Linden Hours	Linden	DEX262600108	4065629200101	323	100	Song	NL	0	2.4056717000
2026-02-04	2025-11	Apple Music	The Linden Hours	Linden	DEX262600108	4065629200101	250	100	Song	PL	0	1.8247000000
2026-02-04	2025-11	Apple Music	The Linden Hours	Linden	DEX262600108	4065629200101	225	100	Song	SE	0	1.5048450000
2026-02-04	2025-11	Apple Music	The Linden Hours	Linden	DEX262600108	4065629200101	454	100	Song	US	0	3.1943894000
2026-02-04	2025-11	Apple Music	The Linden Hours	Summer Static	DEX262600201	4065629200201	1269	100	Song	AT	0	9.0459396000
2026-02-04	2025-11	Apple Music	The Linden Hours	Summer Static	DEX262600201	4065629200201	1193	100	Song	CH	0	7.9197305000
2026-02-04	2025-11	Apple Music	The Linden Hours	Summer Static	DEX262600201	4065629200201	4900	100	Song	DE	0	32.4242800000
2026-02-04	2025-11	Apple Music	The Linden Hours	Summer Static	DEX262600201	4065629200201	1127	100	Song	GB	0	7.2655436000
2026-02-04	2025-11	Apple Music	The Linden Hours	Summer Static	DEX262600201	4065629200201	1025	100	Song	NL	0	7.9397525000
2026-02-04	2025-11	Apple Music	The Linden Hours	Summer Static	DEX262600201	4065629200201	748	100	Song	PL	0	4.9868412000
2026-02-04	2025-11	Apple Music	The Linden Hours	Summer Static	DEX262600201	4065629200201	735	100	Song	SE	0	5.5681395000
2026-02-04	2025-11	Apple Music	The Linden Hours	Summer Static	DEX262600201	4065629200201	2615	100	Song	US	0	18.6593325000
2026-02-04	2025-12	Deezer	The Linden Hours	Low Tide	DEX262600101	4065629200101	255	100	Song	AT	0	0.9997020000
2026-02-04	2025-12	Deezer	The Linden Hours	Low Tide	DEX262600101	4065629200101	195	100	Song	CH	0	0.6339060000
2026-02-04	2025-12	Deezer	The Linden Hours	Low Tide	DEX262600101	4065629200101	1038	100	Song	DE	0	3.5536968000
2026-02-04	2025-12	Deezer	The Linden Hours	Low Tide	DEX262600101	4065629200101	266	100	Song	GB	0	1.0533600000
2026-02-04	2025-12	Deezer	The Linden Hours	Low Tide	DEX262600101	4065629200101	232	100	Song	NL	0	0.7617024000
2026-02-04	2025-12	Deezer	The Linden Hours	Low Tide	DEX262600101	4065629200101	166	100	Song	PL	0	0.6424200000
2026-02-04	2025-12	Deezer	The Linden Hours	Low Tide	DEX262600101	4065629200101	170	100	Song	SE	0	0.6474960000
2026-02-04	2025-12	Deezer	The Linden Hours	Low Tide	DEX262600101	4065629200101	578	100	Song	US	0	1.9455480000
2026-02-04	2025-12	Deezer	The Linden Hours	Paper Lanterns	DEX262600102	4065629200101	457	100	Song	AT	0	1.5481332000
2026-02-04	2025-12	Deezer	The Linden Hours	Paper Lanterns	DEX262600102	4065629200101	409	100	Song	CH	0	1.5681060000
2026-02-04	2025-12	Deezer	The Linden Hours	Paper Lanterns	DEX262600102	4065629200101	1441	100	Song	DE	0	5.3484156000
2026-02-04	2025-12	Deezer	The Linden Hours	Paper Lanterns	DEX262600102	4065629200101	500	100	Song	GB	0	1.6848000000
2026-02-04	2025-12	Deezer	The Linden Hours	Paper Lanterns	DEX262600102	4065629200101	379	100	Song	NL	0	1.2879936000
2026-02-04	2025-12	Deezer	The Linden Hours	Paper Lanterns	DEX262600102	4065629200101	233	100	Song	PL	0	0.8337672000
2026-02-04	2025-12	Deezer	The Linden Hours	Paper Lanterns	DEX262600102	4065629200101	240	100	Song	SE	0	0.7948800000
2026-02-04	2025-12	Deezer	The Linden Hours	Paper Lanterns	DEX262600102	4065629200101	804	100	Song	US	0	2.9638656000
2026-02-04	2025-12	Deezer	The Linden Hours	Northbound	DEX262600103	4065629200101	160	100	Song	AT	0	0.6226560000
2026-02-04	2025-12	Deezer	The Linden Hours	Northbound	DEX262600103	4065629200101	159	100	Song	CH	0	0.5861376000
2026-02-04	2025-12	Deezer	The Linden Hours	Northbound	DEX262600103	4065629200101	726	100	Song	DE	0	2.6920080000
2026-02-04	2025-12	Deezer	The Linden Hours	Northbound	DEX262600103	4065629200101	187	100	Song	GB	0	0.6092460000
2026-02-04	2025-12	Deezer	The Linden Hours	Northbound	DEX262600103	4065629200101	143	100	Song	NL	0	0.4648644000
2026-02-04	2025-12	Deezer	The Linden Hours	Northbound	DEX262600103	4065629200101	106	100	Song	PL	0	0.3598488000
2026-02-04	2025-12	Deezer	The Linden Hours	Northbound	DEX262600103	4065629200101	106	100	Song	SE	0	0.4083120000
2026-02-04	2025-12	Deezer	The Linden Hours	Northbound	DEX262600103	4065629200101	316	100	Song	US	0	1.1455632000
2026-02-04	2025-12	Deezer	The Linden Hours	Salt and Iron	DEX262600104	4065629200101	153	100	Song	AT	0	0.5849496000
2026-02-04	2025-12	Deezer	The Linden Hours	Salt and Iron	DEX262600104	4065629200101	122	100	Song	CH	0	0.4686264000
2026-02-04	2025-12	Deezer	The Linden Hours	Salt and Iron	DEX262600104	4065629200101	668	100	Song	DE	0	2.3398704000
2026-02-04	2025-12	Deezer	The Linden Hours	Salt and Iron	DEX262600104	4065629200101	221	100	Song	GB	0	0.7979868000
2026-02-04	2025-12	Deezer	The Linden Hours	Salt and Iron	DEX262600104	4065629200101	139	100	Song	NL	0	0.4958964000
2026-02-04	2025-12	Deezer	The Linden Hours	Salt and Iron	DEX262600104	4065629200101	85	100	Song	PL	0	0.3213000000
2026-02-04	2025-12	Deezer	The Linden Hours	Salt and Iron	DEX262600104	4065629200101	109	100	Song	SE	0	0.3821976000
2026-02-04	2025-12	Deezer	The Linden Hours	Salt and Iron	DEX262600104	4065629200101	244	100	Song	US	0	0.8906976000
2026-02-04	2025-12	Deezer	The Linden Hours	The Quiet Year	DEX262600105	4065629200101	128	100	Song	AT	0	0.4285440000
2026-02-04	2025-12	Deezer	The Linden Hours	The Quiet Year	DEX262600105	4065629200101	94	100	Song	CH	0	0.3587040000
2026-02-04	2025-12	Deezer	The Linden Hours	The Quiet Year	DEX262600105	4065629200101	508	100	Song	DE	0	1.6623792000
2026-02-04	2025-12	Deezer	The Linden Hours	The Quiet Year	DEX262600105	4065629200101	168	100	Song	GB	0	0.5860512000
2026-02-04	2025-12	Deezer	The Linden Hours	The Quiet Year	DEX262600105	4065629200101	91	100	Song	NL	0	0.3436524000
2026-02-04	2025-12	Deezer	The Linden Hours	The Quiet Year	DEX262600105	4065629200101	82	100	Song	PL	0	0.3188160000
2026-02-04	2025-12	Deezer	The Linden Hours	The Quiet Year	DEX262600105	4065629200101	81	100	Song	SE	0	0.2636064000
2026-02-04	2025-12	Deezer	The Linden Hours	The Quiet Year	DEX262600105	4065629200101	179	100	Song	US	0	0.6096024000
2026-02-04	2025-12	Deezer	The Linden Hours	Glasshouse	DEX262600106	4065629200101	197	100	Song	AT	0	0.7084908000
2026-02-04	2025-12	Deezer	The Linden Hours	Glasshouse	DEX262600106	4065629200101	172	100	Song	CH	0	0.5585184000
2026-02-04	2025-12	Deezer	The Linden Hours	Glasshouse	DEX262600106	4065629200101	804	100	Song	DE	0	2.6917920000
2026-02-04	2025-12	Deezer	The Linden Hours	Glasshouse	DEX262600106	4065629200101	251	100	Song	GB	0	0.8927568000
2026-02-04	2025-12	Deezer	The Linden Hours	Glasshouse	DEX262600106	4065629200101	216	100	Song	NL	0	0.8234784000
2026-02-04	2025-12	Deezer	The Linden Hours	Glasshouse	DEX262600106	4065629200101	126	100	Song	PL	0	0.4454352000
2026-02-04	2025-12	Deezer	The Linden Hours	Glasshouse	DEX262600106	4065629200101	184	100	Song	SE	0	0.7273152000
2026-02-04	2025-12	Deezer	The Linden Hours	Glasshouse	DEX262600106	4065629200101	375	100	Song	US	0	1.2352500000
2026-02-04	2025-12	Deezer	The Linden Hours	Second Light	DEX262600107	4065629200101	79	100	Song	AT	0	0.2789964000
2026-02-04	2025-12	Deezer	The Linden Hours	Second Light	DEX262600107	4065629200101	77	100	Song	CH	0	0.2935548000
2026-02-04	2025-12	Deezer	The Linden Hours	Second Light	DEX262600107	4065629200101	387	100	Song	DE	0	1.4433552000
2026-02-04	2025-12	Deezer	The Linden Hours	Second Light	DEX262600107	4065629200101	97	100	Song	GB	0	0.3834216000
2026-02-04	2025-12	Deezer	The Linden Hours	Second Light	DEX262600107	4065629200101	91	100	Song	NL	0	0.3112200000
2026-02-04	2025-12	Deezer	The Linden Hours	Second Light	DEX262600107	4065629200101	59	100	Song	PL	0	0.2232324000
2026-02-04	2025-12	Deezer	The Linden Hours	Second Light	DEX262600107	4065629200101	63	100	Song	SE	0	0.2429028000
2026-02-04	2025-12	Deezer	The Linden Hours	Second Light	DEX262600107	4065629200101	188	100	Song	US	0	0.6646176000
2026-02-04	2025-12	Deezer	The Linden Hours	Linden	DEX262600108	4065629200101	143	100	Song	AT	0	0.5039892000
2026-02-04	2025-12	Deezer	The Linden Hours	Linden	DEX262600108	4065629200101	142	100	Song	CH	0	0.5219352000
2026-02-04	2025-12	Deezer	The Linden Hours	Linden	DEX262600108	4065629200101	658	100	Song	DE	0	2.1627144000
2026-02-04	2025-12	Deezer	The Linden Hours	Linden	DEX262600108	4065629200101	169	100	Song	GB	0	0.6649812000
2026-02-04	2025-12	Deezer	The Linden Hours	Linden	DEX262600108	4065629200101	124	100	Song	NL	0	0.4530960000
2026-02-04	2025-12	Deezer	The Linden Hours	Linden	DEX262600108	4065629200101	114	100	Song	PL	0	0.4370760000
2026-02-04	2025-12	Deezer	The Linden Hours	Linden	DEX262600108	4065629200101	103	100	Song	SE	0	0.3730248000
2026-02-04	2025-12	Deezer	The Linden Hours	Linden	DEX262600108	4065629200101	308	100	Song	US	0	1.1398464000
2026-02-04	2025-12	Deezer	The Linden Hours	Summer Static	DEX262600201	4065629200201	513	100	Song	AT	0	1.9391400000
2026-02-04	2025-12	Deezer	The Linden Hours	Summer Static	DEX262600201	4065629200201	381	100	Song	CH	0	1.2824460000
2026-02-04	2025-12	Deezer	The Linden Hours	Summer Static	DEX262600201	4065629200201	2341	100	Song	DE	0	8.3264688000
2026-02-04	2025-12	Deezer	The Linden Hours	Summer Static	DEX262600201	4065629200201	646	100	Song	GB	0	2.3790888000
2026-02-04	2025-12	Deezer	The Linden Hours	Summer Static	DEX262600201	4065629200201	504	100	Song	NL	0	1.6819488000
2026-02-04	2025-12	Deezer	The Linden Hours	Summer Static	DEX262600201	4065629200201	330	100	Song	PL	0	1.2212640000
2026-02-04	2025-12	Deezer	The Linden Hours	Summer Static	DEX262600201	4065629200201	365	100	Song	SE	0	1.4099220000
2026-02-04	2025-12	Deezer	The Linden Hours	Summer Static	DEX262600201	4065629200201	980	100	Song	US	0	3.7255680000
2026-02-04	2025-12	Spotify	The Linden Hours	Low Tide	DEX262600101	4065629200101	2935	100	Song	AT	0	8.8284800000
2026-02-04	2025-12	Spotify	The Linden Hours	Low Tide	DEX262600101	4065629200101	2025	100	Song	CH	0	7.0567200000
2026-02-04	2025-12	Spotify	The Linden Hours	Low Tide	DEX262600101	4065629200101	9889	100	Song	DE	0	33.0688160000
2026-02-04	2025-12	Spotify	The Linden Hours	Low Tide	DEX262600101	4065629200101	2898	100	Song	GB	0	8.4667968000
2026-02-04	2025-12	Spotify	The Linden Hours	Low Tide	DEX262600101	4065629200101	1932	100	Song	NL	0	5.5888896000
2026-02-04	2025-12	Spotify	The Linden Hours	Low Tide	DEX262600101	4065629200101	1800	100	Song	PL	0	6.2553600000
2026-02-04	2025-12	Spotify	The Linden Hours	Low Tide	DEX262600101	4065629200101	1806	100	Song	SE	0	6.3051072000
2026-02-04	2025-12	Spotify	The Linden Hours	Low Tide	DEX262600101	4065629200101	4807	100	Song	US	0	15.6592832000
2026-02-04	2025-12	Spotify	The Linden Hours	Paper Lanterns	DEX262600102	4065629200101	3899	100	Song	AT	0	11.6159008000
2026-02-04	2025-12	Spotify	The Linden Hours	Paper Lanterns	DEX262600102	4065629200101	2548	100	Song	CH	0	8.7161984000
2026-02-04	2025-12	Spotify	The Linden Hours	Paper Lanterns	DEX262600102	4065629200101	13666	100	Song	DE	0	45.9614912000
2026-02-04	2025-12	Spotify	The Linden Hours	Paper Lanterns	DEX262600102	4065629200101	4625	100	Song	GB	0	15.5548000000
2026-02-04	2025-12	Spotify	The Linden Hours	Paper Lanterns	DEX262600102	4065629200101	3553	100	Song	NL	0	10.6078368000
2026-02-04	2025-12	Spotify	The Linden Hours	Paper Lanterns	DEX262600102	4065629200101	2363	100	Song	PL	0	6.9566720000
2026-02-04	2025-12	Spotify	The Linden Hours	Paper Lanterns	DEX262600102	4065629200101	2544	100	Song	SE	0	8.7676416000
2026-02-04	2025-12	Spotify	The Linden Hours	Paper Lanterns	DEX262600102	4065629200101	6446	100	Song	US	0	20.4415552000
2026-02-04	2025-12	Spotify	The Linden Hours	Northbound	DEX262600103	4065629200101	1492	100	Song	AT	0	4.6789120000
2026-02-04	2025-12	Spotify	The Linden Hours	Northbound	DEX262600103	4065629200101	1335	100	Song	CH	0	4.6351200000
2026-02-04	2025-12	Spotify	The Linden Hours	Northbound	DEX262600103	4065629200101	5908	100	Song	DE	0	20.5692928000
2026-02-04	2025-12	Spotify	The Linden Hours	Northbound	DEX262600103	4065629200101	2057	100	Song	GB	0	6.8786080000
2026-02-04	2025-12	Spotify	The Linden Hours	Northbound	DEX262600103	4065629200101	1313	100	Song	NL	0	3.7982464000
2026-02-04	2025-12	Spotify	The Linden Hours	Northbound	DEX262600103	4065629200101	1170	100	Song	PL	0	4.0098240000
2026-02-04	2025-12	Spotify	The Linden Hours	Northbound	DEX262600103	4065629200101	975	100	Song	SE	0	3.3040800000
2026-02-04	2025-12	Spotify	The Linden Hours	Northbound	DEX262600103	4065629200101	3192	100	Song	US	0	10.1837568000
2026-02-04	2025-12	Spotify	The Linden Hours	Salt and Iron	DEX262600104	4065629200101	1408	100	Song	AT	0	4.7714304000
2026-02-04	2025-12	Spotify	The Linden Hours	Salt and Iron	DEX262600104	4065629200101	1188	100	Song	CH	0	3.5811072000
2026-02-04	2025-12	Spotify	The Linden Hours	Salt and Iron	DEX262600104	4065629200101	6106	100	Song	DE	0	19.7932096000
2026-02-04	2025-12	Spotify	The Linden Hours	Salt and Iron	DEX262600104	4065629200101	1154	100	Song	GB	0	3.7629632000
2026-02-04	2025-12	Spotify	The Linden Hours	Salt and Iron	DEX262600104	4065629200101	1014	100	Song	NL	0	3.5303424000
2026-02-04	2025-12	Spotify	The Linden Hours	Salt and Iron	DEX262600104	4065629200101	1016	100	Song	PL	0	3.5373056000
2026-02-04	2025-12	Spotify	The Linden Hours	Salt and Iron	DEX262600104	4065629200101	851	100	Song	SE	0	2.5434688000
2026-02-04	2025-12	Spotify	The Linden Hours	Salt and Iron	DEX262600104	4065629200101	2446	100	Song	US	0	7.9211264000
2026-02-04	2025-12	Spotify	The Linden Hours	The Quiet Year	DEX262600105	4065629200101	1015	100	Song	AT	0	3.2544960000
2026-02-04	2025-12	Spotify	The Linden Hours	The Quiet Year	DEX262600105	4065629200101	800	100	Song	CH	0	2.7187200000
2026-02-04	2025-12	Spotify	The Linden Hours	The Quiet Year	DEX262600105	4065629200101	4972	100	Song	DE	0	15.3217152000
2026-02-04	2025-12	Spotify	The Linden Hours	The Quiet Year	DEX262600105	4065629200101	951	100	Song	GB	0	3.2592672000
2026-02-04	2025-12	Spotify	The Linden Hours	The Quiet Year	DEX262600105	4065629200101	935	100	Song	NL	0	3.2822240000
2026-02-04	2025-12	Spotify	The Linden Hours	The Quiet Year	DEX262600105	4065629200101	694	100	Song	PL	0	2.4273344000
2026-02-04	2025-12	Spotify	The Linden Hours	The Quiet Year	DEX262600105	4065629200101	780	100	Song	SE	0	2.4785280000
2026-02-04	2025-12	Spotify	The Linden Hours	The Quiet Year	DEX262600105	4065629200101	2134	100	Song	US	0	6.8834304000
2026-02-04	2025-12	Spotify	The Linden Hours	Glasshouse	DEX262600106	4065629200101	1898	100	Song	AT	0	6.4197952000
2026-02-04	2025-12	Spotify	The Linden Hours	Glasshouse	DEX262600106	4065629200101	1500	100	Song	CH	0	4.8720000000
2026-02-04	2025-12	Spotify	The Linden Hours	Glasshouse	DEX262600106	4065629200101	6476	100	Song	DE	0	21.4277888000
2026-02-04	2025-12	Spotify	The Linden Hours	Glasshouse	DEX262600106	4065629200101	1620	100	Song	GB	0	5.1114240000
2026-02-04	2025-12	Spotify	The Linden Hours	Glasshouse	DEX262600106	4065629200101	1644	100	Song	NL	0	5.3817984000
2026-02-04	2025-12	Spotify	The Linden Hours	Glasshouse	DEX262600106	4065629200101	1464	100	Song	PL	0	4.2678528000
2026-02-04	2025-12	Spotify	The Linden Hours	Glasshouse	DEX262600106	4065629200101	1222	100	Song	SE	0	4.1332928000
2026-02-04	2025-12	Spotify	The Linden Hours	Glasshouse	DEX262600106	4065629200101	3765	100	Song	US	0	11.0359680000
2026-02-04	2025-12	Spotify	The Linden Hours	Second Light	DEX262600107	4065629200101	907	100	Song	AT	0	2.7137440000
2026-02-04	2025-12	Spotify	The Linden Hours	Second Light	DEX262600107	4065629200101	775	100	Song	CH	0	2.4552000000
2026-02-04	2025-12	Spotify	The Linden Hours	Second Light	DEX262600107	4065629200101	2384	100	Song	DE	0	6.9040640000
2026-02-04	2025-12	Spotify	The Linden Hours	Second Light	DEX262600107	4065629200101	1207	100	Song	GB	0	3.6306560000
2026-02-04	2025-12	Spotify	The Linden Hours	Second Light	DEX262600107	4065629200101	618	100	Song	NL	0	1.9736448000
2026-02-04	2025-12	Spotify	The Linden Hours	Second Light	DEX262600107	4065629200101	537	100	Song	PL	0	1.6015488000
2026-02-04	2025-12	Spotify	The Linden Hours	Second Light	DEX262600107	4065629200101	396	100	Song	SE	0	1.2938112000
2026-02-04	2025-12	Spotify	The Linden Hours	Second Light	DEX262600107	4065629200101	1554	100	Song	US	0	4.6694592000
2026-02-04	2025-12	Spotify	The Linden Hours	Linden	DEX262600108	4065629200101	1536	100	Song	AT	0	4.9938432000
2026-02-04	2025-12	Spotify	The Linden Hours	Linden	DEX262600108	4065629200101	1195	100	Song	CH	0	4.0572640000
2026-02-04	2025-12	Spotify	The Linden Hours	Linden	DEX262600108	4065629200101	6442	100	Song	DE	0	19.1095488000
2026-02-04	2025-12	Spotify	The Linden Hours	Linden	DEX262600108	4065629200101	1065	100	Song	GB	0	3.6397440000
2026-02-04	2025-12	Spotify	The Linden Hours	Linden	DEX262600108	4065629200101	1074	100	Song	NL	0	3.2787072000
2026-02-04	2025-12	Spotify	The Linden Hours	Linden	DEX262600108	4065629200101	1021	100	Song	PL	0	3.0123584000
2026-02-04	2025-12	Spotify	The Linden Hours	Linden	DEX262600108	4065629200101	1029	100	Song	SE	0	3.3718272000
2026-02-04	2025-12	Spotify	The Linden Hours	Linden	DEX262600108	4065629200101	2759	100	Song	US	0	8.4668192000
2026-02-04	2025-12	Spotify	The Linden Hours	Summer Static	DEX262600201	4065629200201	4642	100	Song	AT	0	15.8347904000
2026-02-04	2025-12	Spotify	The Linden Hours	Summer Static	DEX262600201	4065629200201	3667	100	Song	CH	0	12.1451040000
2026-02-04	2025-12	Spotify	The Linden Hours	Summer Static	DEX262600201	4065629200201	23303	100	Song	DE	0	70.7665504000
2026-02-04	2025-12	Spotify	The Linden Hours	Summer Static	DEX262600201	4065629200201	6238	100	Song	GB	0	19.1431744000
2026-02-04	2025-12	Spotify	The Linden Hours	Summer Static	DEX262600201	4065629200201	4523	100	Song	NL	0	14.7341248000
2026-02-04	2025-12	Spotify	The Linden Hours	Summer Static	DEX262600201	4065629200201	3192	100	Song	PL	0	10.4186880000
2026-02-04	2025-12	Spotify	The Linden Hours	Summer Static	DEX262600201	4065629200201	3590	100	Song	SE	0	10.8446720000
2026-02-04	2025-12	Spotify	The Linden Hours	Summer Static	DEX262600201	4065629200201	7820	100	Song	US	0	25.3743360000
2026-02-04	2025-12	TikTok	The Linden Hours	Low Tide	DEX262600101	4065629200101	390	100	Song	AT	0	0.3362580000
2026-02-04	2025-12	TikTok	The Linden Hours	Low Tide	DEX262600101	4065629200101	300	100	Song	CH	0	0.2897100000
2026-02-04	2025-12	TikTok	The Linden Hours	Low Tide	DEX262600101	4065629200101	1863	100	Song	DE	0	1.5928650000
2026-02-04	2025-12	TikTok	The Linden Hours	Low Tide	DEX262600101	4065629200101	433	100	Song	GB	0	0.3530682000
2026-02-04	2025-12	TikTok	The Linden Hours	Low Tide	DEX262600101	4065629200101	342	100	Song	NL	0	0.3376566000
2026-02-04	2025-12	TikTok	The Linden Hours	Low Tide	DEX262600101	4065629200101	225	100	Song	PL	0	0.1952100000
2026-02-04	2025-12	TikTok	The Linden Hours	Low Tide	DEX262600101	4065629200101	221	100	Song	SE	0	0.2030769000
2026-02-04	2025-12	TikTok	The Linden Hours	Low Tide	DEX262600101	4065629200101	678	100	Song	US	0	0.5668758000
2026-02-04	2025-12	TikTok	The Linden Hours	Paper Lanterns	DEX262600102	4065629200101	477	100	Song	AT	0	0.4318758000
2026-02-04	2025-12	TikTok	The Linden Hours	Paper Lanterns	DEX262600102	4065629200101	473	100	Song	CH	0	0.4142061000
2026-02-04	2025-12	TikTok	The Linden Hours	Paper Lanterns	DEX262600102	4065629200101	2250	100	Song	DE	0	2.0229750000
2026-02-04	2025-12	TikTok	The Linden Hours	Paper Lanterns	DEX262600102	4065629200101	689	100	Song	GB	0	0.5841342000
2026-02-04	2025-12	TikTok	The Linden Hours	Paper Lanterns	DEX262600102	4065629200101	535	100	Song	NL	0	0.4338315000
2026-02-04	2025-12	TikTok	The Linden Hours	Paper Lanterns	DEX262600102	4065629200101	338	100	Song	PL	0	0.3093714000
2026-02-04	2025-12	TikTok	The Linden Hours	Paper Lanterns	DEX262600102	4065629200101	330	100	Song	SE	0	0.2821500000
2026-02-04	2025-12	TikTok	The Linden Hours	Paper Lanterns	DEX262600102	4065629200101	1073	100	Song	US	0	0.9174150000
2026-02-04	2025-12	TikTok	The Linden Hours	Northbound	DEX262600103	4065629200101	227	100	Song	AT	0	0.2216655000
2026-02-04	2025-12	TikTok	The Linden Hours	Northbound	DEX262600103	4065629200101	178	100	Song	CH	0	0.1706130000
2026-02-04	2025-12	TikTok	The Linden Hours	Northbound	DEX262600103	4065629200101	1010	100	Song	DE	0	0.8335530000
2026-02-04	2025-12	TikTok	The Linden Hours	Northbound	DEX262600103	4065629200101	248	100	Song	GB	0	0.2406096000
2026-02-04	2025-12	TikTok	The Linden Hours	Northbound	DEX262600103	4065629200101	203	100	Song	NL	0	0.1881810000
2026-02-04	2025-12	TikTok	The Linden Hours	Northbound	DEX262600103	4065629200101	166	100	Song	PL	0	0.1456650000
2026-02-04	2025-12	TikTok	The Linden Hours	Northbound	DEX262600103	4065629200101	180	100	Song	SE	0	0.1641060000
2026-02-04	2025-12	TikTok	The Linden Hours	Northbound	DEX262600103	4065629200101	460	100	Song	US	0	0.4301460000
2026-02-04	2025-12	TikTok	The Linden Hours	Salt and Iron	DEX262600104	4065629200101	189	100	Song	AT	0	0.1595538000
2026-02-04	2025-12	TikTok	The Linden Hours	Salt and Iron	DEX262600104	4065629200101	135	100	Song	CH	0	0.1128735000
2026-02-04	2025-12	TikTok	The Linden Hours	Salt and Iron	DEX262600104	4065629200101	965	100	Song	DE	0	0.8372340000
2026-02-04	2025-12	TikTok	The Linden Hours	Salt and Iron	DEX262600104	4065629200101	174	100	Song	GB	0	0.1685016000
2026-02-04	2025-12	TikTok	The Linden Hours	Salt and Iron	DEX262600104	4065629200101	183	100	Song	NL	0	0.1533357000
2026-02-04	2025-12	TikTok	The Linden Hours	Salt and Iron	DEX262600104	4065629200101	145	100	Song	PL	0	0.1410705000
2026-02-04	2025-12	TikTok	The Linden Hours	Salt and Iron	DEX262600104	4065629200101	138	100	Song	SE	0	0.1230822000
2026-02-04	2025-12	TikTok	The Linden Hours	Salt and Iron	DEX262600104	4065629200101	395	100	Song	US	0	0.3835845000
2026-02-04	2025-12	TikTok	The Linden Hours	The Quiet Year	DEX262600105	4065629200101	130	100	Song	AT	0	0.1060020000
2026-02-04	2025-12	TikTok	The Linden Hours	The Quiet Year	DEX262600105	4065629200101	108	100	Song	CH	0	0.0965196000
2026-02-04	2025-12	TikTok	The Linden Hours	The Quiet Year	DEX262600105	4065629200101	553	100	Song	DE	0	0.4767966000
2026-02-04	2025-12	TikTok	The Linden Hours	The Quiet Year	DEX262600105	4065629200101	200	100	Song	GB	0	0.1684800000
2026-02-04	2025-12	TikTok	The Linden Hours	The Quiet Year	DEX262600105	4065629200101	176	100	Song	NL	0	0.1439856000
2026-02-04	2025-12	TikTok	The Linden Hours	The Quiet Year	DEX262600105	4065629200101	93	100	Song	PL	0	0.0831978000
2026-02-04	2025-12	TikTok	The Linden Hours	The Quiet Year	DEX262600105	4065629200101	121	100	Song	SE	0	0.1153251000
2026-02-04	2025-12	TikTok	The Linden Hours	The Quiet Year	DEX262600105	4065629200101	265	100	Song	US	0	0.2551950000
2026-02-04	2025-12	TikTok	The Linden Hours	Glasshouse	DEX262600106	4065629200101	280	100	Song	AT	0	0.2487240000
2026-02-04	2025-12	TikTok	The Linden Hours	Glasshouse	DEX262600106	4065629200101	240	100	Song	CH	0	0.2360880000
2026-02-04	2025-12	TikTok	The Linden Hours	Glasshouse	DEX262600106	4065629200101	1262	100	Song	DE	0	1.1221704000
2026-02-04	2025-12	TikTok	The Linden Hours	Glasshouse	DEX262600106	4065629200101	331	100	Song	GB	0	0.2743659000
2026-02-04	2025-12	TikTok	The Linden Hours	Glasshouse	DEX262600106	4065629200101	261	100	Song	NL	0	0.2450007000
2026-02-04	2025-12	TikTok	The Linden Hours	Glasshouse	DEX262600106	4065629200101	213	100	Song	PL	0	0.2081862000
2026-02-04	2025-12	TikTok	The Linden Hours	Glasshouse	DEX262600106	4065629200101	204	100	Song	SE	0	0.1753380000
2026-02-04	2025-12	TikTok	The Linden Hours	Glasshouse	DEX262600106	4065629200101	510	100	Song	US	0	0.4622130000
2026-02-04	2025-12	TikTok	The Linden Hours	Second Light	DEX262600107	4065629200101	116	100	Song	AT	0	0.0940644000
2026-02-04	2025-12	TikTok	The Linden Hours	Second Light	DEX262600107	4065629200101	102	100	Song	CH	0	0.0964818000
2026-02-04	2025-12	TikTok	The Linden Hours	Second Light	DEX262600107	4065629200101	597	100	Song	DE	0	0.5604039000
2026-02-04	2025-12	TikTok	The Linden Hours	Second Light	DEX262600107	4065629200101	133	100	Song	GB	0	0.1201788000
2026-02-04	2025-12	TikTok	The Linden Hours	Second Light	DEX262600107	4065629200101	99	100	Song	NL	0	0.0870507000
2026-02-04	2025-12	TikTok	The Linden Hours	Second Light	DEX262600107	4065629200101	79	100	Song	PL	0	0.0667629000
2026-02-04	2025-12	TikTok	The Linden Hours	Second Light	DEX262600107	4065629200101	98	100	Song	SE	0	0.0923454000
2026-02-04	2025-12	TikTok	The Linden Hours	Second Light	DEX262600107	4065629200101	227	100	Song	US	0	0.2216655000
2026-02-04	2025-12	TikTok	The Linden Hours	Linden	DEX262600108	4065629200101	191	100	Song	AT	0	0.1822140000
2026-02-04	2025-12	TikTok	The Linden Hours	Linden	DEX262600108	4065629200101	184	100	Song	CH	0	0.1687464000
2026-02-04	2025-12	TikTok	The Linden Hours	Linden	DEX262600108	4065629200101	836	100	Song	DE	0	0.8216208000
2026-02-04	2025-12	TikTok	The Linden Hours	Linden	DEX262600108	4065629200101	238	100	Song	GB	0	0.2142000000
2026-02-04	2025-12	TikTok	The Linden Hours	Linden	DEX262600108	4065629200101	201	100	Song	NL	0	0.1629909000
2026-02-04	2025-12	TikTok	The Linden Hours	Linden	DEX262600108	4065629200101	148	100	Song	PL	0	0.1371960000
2026-02-04	2025-12	TikTok	The Linden Hours	Linden	DEX262600108	4065629200101	122	100	Song	SE	0	0.1105686000
2026-02-04	2025-12	TikTok	The Linden Hours	Linden	DEX262600108	4065629200101	415	100	Song	US	0	0.4104765000
2026-02-04	2025-12	TikTok	The Linden Hours	Summer Static	DEX262600201	4065629200201	794	100	Song	AT	0	0.7067394000
2026-02-04	2025-12	TikTok	The Linden Hours	Summer Static	DEX262600201	4065629200201	501	100	Song	CH	0	0.4896774000
2026-02-04	2025-12	TikTok	The Linden Hours	Summer Static	DEX262600201	4065629200201	3486	100	Song	DE	0	3.1875984000
2026-02-04	2025-12	TikTok	The Linden Hours	Summer Static	DEX262600201	4065629200201	911	100	Song	GB	0	0.7748055000
2026-02-04	2025-12	TikTok	The Linden Hours	Summer Static	DEX262600201	4065629200201	771	100	Song	NL	0	0.7098597000
2026-02-04	2025-12	TikTok	The Linden Hours	Summer Static	DEX262600201	4065629200201	499	100	Song	PL	0	0.4302378000
2026-02-04	2025-12	TikTok	The Linden Hours	Summer Static	DEX262600201	4065629200201	593	100	Song	SE	0	0.5582502000
2026-02-04	2025-12	TikTok	The Linden Hours	Summer Static	DEX262600201	4065629200201	1108	100	Song	US	0	0.9483372000
2026-02-04	2025-12	YouTube Music	The Linden Hours	Low Tide	DEX262600101	4065629200101	354	100	Song	AT	0	0.8147664000
2026-02-04	2025-12	YouTube Music	The Linden Hours	Low Tide	DEX262600101	4065629200101	346	100	Song	CH	0	0.7672896000
2026-02-04	2025-12	YouTube Music	The Linden Hours	Low Tide	DEX262600101	4065629200101	1978	100	Song	DE	0	3.8090346000
2026-02-04	2025-12	YouTube Music	The Linden Hours	Low Tide	DEX262600101	4065629200101	347	100	Song	GB	0	0.7184982000
2026-02-04	2025-12	YouTube Music	The Linden Hours	Low Tide	DEX262600101	4065629200101	328	100	Song	NL	0	0.6240528000
2026-02-04	2025-12	YouTube Music	The Linden Hours	Low Tide	DEX262600101	4065629200101	258	100	Song	PL	0	0.5352984000
2026-02-04	2025-12	YouTube Music	The Linden Hours	Low Tide	DEX262600101	4065629200101	280	100	Song	SE	0	0.5827080000
2026-02-04	2025-12	YouTube Music	The Linden Hours	Low Tide	DEX262600101	4065629200101	751	100	Song	US	0	1.5313641000
2026-02-04	2025-12	YouTube Music	The Linden Hours	Paper Lanterns	DEX262600102	4065629200101	683	100	Song	AT	0	1.3998768000
2026-02-04	2025-12	YouTube Music	The Linden Hours	Paper Lanterns	DEX262600102	4065629200101	430	100	Song	CH	0	0.8677830000
2026-02-04	2025-12	YouTube Music	The Linden Hours	Paper Lanterns	DEX262600102	4065629200101	3124	100	Song	DE	0	5.9174808000
2026-02-04	2025-12	YouTube Music	The Linden Hours	Paper Lanterns	DEX262600102	4065629200101	820	100	Song	GB	0	1.5928500000
2026-02-04	2025-12	YouTube Music	The Linden Hours	Paper Lanterns	DEX262600102	4065629200101	595	100	Song	NL	0	1.1882745000
2026-02-04	2025-12	YouTube Music	The Linden Hours	Paper Lanterns	DEX262600102	4065629200101	475	100	Song	PL	0	0.9336600000
2026-02-04	2025-12	YouTube Music	The Linden Hours	Paper Lanterns	DEX262600102	4065629200101	500	100	Song	SE	0	0.9513000000
2026-02-04	2025-12	YouTube Music	The Linden Hours	Paper Lanterns	DEX262600102	4065629200101	860	100	Song	US	0	1.6380420000
2026-02-04	2025-12	YouTube Music	The Linden Hours	Northbound	DEX262600103	4065629200101	282	100	Song	AT	0	0.5998986000
2026-02-04	2025-12	YouTube Music	The Linden Hours	Northbound	DEX262600103	4065629200101	185	100	Song	CH	0	0.3714060000
2026-02-04	2025-12	YouTube Music	The Linden Hours	Northbound	DEX262600103	4065629200101	1017	100	Song	DE	0	1.9264014000
2026-02-04	2025-12	YouTube Music	The Linden Hours	Northbound	DEX262600103	4065629200101	306	100	Song	GB	0	0.6117552000
2026-02-04	2025-12	YouTube Music	The Linden Hours	Northbound	DEX262600103	4065629200101	221	100	Song	NL	0	0.4979793000
2026-02-04	2025-12	YouTube Music	The Linden Hours	Northbound	DEX262600103	4065629200101	155	100	Song	PL	0	0.3421005000
2026-02-04	2025-12	YouTube Music	The Linden Hours	Northbound	DEX262600103	4065629200101	197	100	Song	SE	0	0.4149411000
2026-02-04	2025-12	YouTube Music	The Linden Hours	Northbound	DEX262600103	4065629200101	456	100	Song	US	0	1.0342080000
2026-02-04	2025-12	YouTube Music	The Linden Hours	Salt and Iron	DEX262600104	4065629200101	249	100	Song	AT	0	0.5317893000
2026-02-04	2025-12	YouTube Music	The Linden Hours	Salt and Iron	DEX262600104	4065629200101	136	100	Song	CH	0	0.2836008000
2026-02-04	2025-12	YouTube Music	The Linden Hours	Salt and Iron	DEX262600104	4065629200101	958	100	Song	DE	0	1.9252926000
2026-02-04	2025-12	YouTube Music	The Linden Hours	Salt and Iron	DEX262600104	4065629200101	214	100	Song	GB	0	0.4727688000
2026-02-04	2025-12	YouTube Music	The Linden Hours	Salt and Iron	DEX262600104	4065629200101	194	100	Song	NL	0	0.3894744000
2026-02-04	2025-12	YouTube Music	The Linden Hours	Salt and Iron	DEX262600104	4065629200101	154	100	Song	PL	0	0.3111108000
2026-02-04	2025-12	YouTube Music	The Linden Hours	Salt and Iron	DEX262600104	4065629200101	147	100	Song	SE	0	0.3272220000
2026-02-04	2025-12	YouTube Music	The Linden Hours	Salt and Iron	DEX262600104	4065629200101	429	100	Song	US	0	0.8252244000
2026-02-04	2025-12	YouTube Music	The Linden Hours	The Quiet Year	DEX262600105	4065629200101	215	100	Song	AT	0	0.4329885000
2026-02-04	2025-12	YouTube Music	The Linden Hours	The Quiet Year	DEX262600105	4065629200101	135	100	Song	CH	0	0.3087315000
2026-02-04	2025-12	YouTube Music	The Linden Hours	The Quiet Year	DEX262600105	4065629200101	804	100	Song	DE	0	1.6799580000
2026-02-04	2025-12	YouTube Music	The Linden Hours	The Quiet Year	DEX262600105	4065629200101	193	100	Song	GB	0	0.4048947000
2026-02-04	2025-12	YouTube Music	The Linden Hours	The Quiet Year	DEX262600105	4065629200101	134	100	Song	NL	0	0.2794302000
2026-02-04	2025-12	YouTube Music	The Linden Hours	The Quiet Year	DEX262600105	4065629200101	132	100	Song	PL	0	0.2669436000
2026-02-04	2025-12	YouTube Music	The Linden Hours	The Quiet Year	DEX262600105	4065629200101	117	100	Song	SE	0	0.2240784000
2026-02-04	2025-12	YouTube Music	The Linden Hours	The Quiet Year	DEX262600105	4065629200101	267	100	Song	US	0	0.5349078000
2026-02-04	2025-12	YouTube Music	The Linden Hours	Glasshouse	DEX262600106	4065629200101	377	100	Song	AT	0	0.7687407000
2026-02-04	2025-12	YouTube Music	The Linden Hours	Glasshouse	DEX262600106	4065629200101	255	100	Song	CH	0	0.5521005000
2026-02-04	2025-12	YouTube Music	The Linden Hours	Glasshouse	DEX262600106	4065629200101	1267	100	Song	DE	0	2.7963957000
2026-02-04	2025-12	YouTube Music	The Linden Hours	Glasshouse	DEX262600106	4065629200101	353	100	Song	GB	0	0.7561260000
2026-02-04	2025-12	YouTube Music	The Linden Hours	Glasshouse	DEX262600106	4065629200101	338	100	Song	NL	0	0.7751016000
2026-02-04	2025-12	YouTube Music	The Linden Hours	Glasshouse	DEX262600106	4065629200101	242	100	Song	PL	0	0.4970196000
2026-02-04	2025-12	YouTube Music	The Linden Hours	Glasshouse	DEX262600106	4065629200101	236	100	Song	SE	0	0.4965912000
2026-02-04	2025-12	YouTube Music	The Linden Hours	Glasshouse	DEX262600106	4065629200101	523	100	Song	US	0	1.0027479000
2026-02-04	2025-12	YouTube Music	The Linden Hours	Second Light	DEX262600107	4065629200101	145	100	Song	AT	0	0.3032820000
2026-02-04	2025-12	YouTube Music	The Linden Hours	Second Light	DEX262600107	4065629200101	106	100	Song	CH	0	0.2317266000
2026-02-04	2025-12	YouTube Music	The Linden Hours	Second Light	DEX262600107	4065629200101	513	100	Song	DE	0	0.9738792000
2026-02-04	2025-12	YouTube Music	The Linden Hours	Second Light	DEX262600107	4065629200101	124	100	Song	GB	0	0.2848776000
2026-02-04	2025-12	YouTube Music	The Linden Hours	Second Light	DEX262600107	4065629200101	120	100	Song	NL	0	0.2577960000
2026-02-04	2025-12	YouTube Music	The Linden Hours	Second Light	DEX262600107	4065629200101	100	100	Song	PL	0	0.1999200000
2026-02-04	2025-12	YouTube Music	The Linden Hours	Second Light	DEX262600107	4065629200101	85	100	Song	SE	0	0.1799280000
2026-02-04	2025-12	YouTube Music	The Linden Hours	Second Light	DEX262600107	4065629200101	255	100	Song	US	0	0.5012280000
2026-02-04	2025-12	YouTube Music	The Linden Hours	Linden	DEX262600108	4065629200101	214	100	Song	AT	0	0.4579386000
2026-02-04	2025-12	YouTube Music	The Linden Hours	Linden	DEX262600108	4065629200101	141	100	Song	CH	0	0.2848482000
2026-02-04	2025-12	YouTube Music	The Linden Hours	Linden	DEX262600108	4065629200101	1053	100	Song	DE	0	2.2909068000
2026-02-04	2025-12	YouTube Music	The Linden Hours	Linden	DEX262600108	4065629200101	215	100	Song	GB	0	0.4551120000
2026-02-04	2025-12	YouTube Music	The Linden Hours	Linden	DEX262600108	4065629200101	263	100	Song	NL	0	0.5754966000
2026-02-04	2025-12	YouTube Music	The Linden Hours	Linden	DEX262600108	4065629200101	166	100	Song	PL	0	0.3583608000
2026-02-04	2025-12	YouTube Music	The Linden Hours	Linden	DEX262600108	4065629200101	183	100	Song	SE	0	0.4015935000
2026-02-04	2025-12	YouTube Music	The Linden Hours	Linden	DEX262600108	4065629200101	388	100	Song	US	0	0.7569492000
2026-02-04	2025-12	YouTube Music	The Linden Hours	Summer Static	DEX262600201	4065629200201	742	100	Song	AT	0	1.6875306000
2026-02-04	2025-12	YouTube Music	The Linden Hours	Summer Static	DEX262600201	4065629200201	691	100	Song	CH	0	1.5875034000
2026-02-04	2025-12	YouTube Music	The Linden Hours	Summer Static	DEX262600201	4065629200201	3396	100	Song	DE	0	6.4469664000
2026-02-04	2025-12	YouTube Music	The Linden Hours	Summer Static	DEX262600201	4065629200201	838	100	Song	GB	0	1.6119768000
2026-02-04	2025-12	YouTube Music	The Linden Hours	Summer Static	DEX262600201	4065629200201	681	100	Song	NL	0	1.3700358000
2026-02-04	2025-12	YouTube Music	The Linden Hours	Summer Static	DEX262600201	4065629200201	519	100	Song	PL	0	1.1651031000
2026-02-04	2025-12	YouTube Music	The Linden Hours	Summer Static	DEX262600201	4065629200201	504	100	Song	SE	0	1.0097136000
2026-02-04	2025-12	YouTube Music	The Linden Hours	Summer Static	DEX262600201	4065629200201	1206	100	Song	US	0	2.5250022000
2026-03-03	2026-01	Amazon Music	The Linden Hours	Low Tide	DEX262600101	4065629200101	428	100	Song	AT	0	2.0357820000
2026-03-03	2026-01	Amazon Music	The Linden Hours	Low Tide	DEX262600101	4065629200101	357	100	Song	CH	0	1.5406335000
2026-03-03	2026-01	Amazon Music	The Linden Hours	Low Tide	DEX262600101	4065629200101	1878	100	Song	DE	0	7.9692930000
2026-03-03	2026-01	Amazon Music	The Linden Hours	Low Tide	DEX262600101	4065629200101	323	100	Song	GB	0	1.5029190000
2026-03-03	2026-01	Amazon Music	The Linden Hours	Low Tide	DEX262600101	4065629200101	358	100	Song	NL	0	1.5191730000
2026-03-03	2026-01	Amazon Music	The Linden Hours	Low Tide	DEX262600101	4065629200101	269	100	Song	PL	0	1.1366595000
2026-03-03	2026-01	Amazon Music	The Linden Hours	Low Tide	DEX262600101	4065629200101	209	100	Song	SE	0	0.9226305000
2026-03-03	2026-01	Amazon Music	The Linden Hours	Low Tide	DEX262600101	4065629200101	673	100	Song	US	0	2.8528470000
2026-03-03	2026-01	Amazon Music	The Linden Hours	Paper Lanterns	DEX262600102	4065629200101	554	100	Song	AT	0	2.3184900000
2026-03-03	2026-01	Amazon Music	The Linden Hours	Paper Lanterns	DEX262600102	4065629200101	539	100	Song	CH	0	2.4424785000
2026-03-03	2026-01	Amazon Music	The Linden Hours	Paper Lanterns	DEX262600102	4065629200101	2625	100	Song	DE	0	12.1432500000
2026-03-03	2026-01	Amazon Music	The Linden Hours	Paper Lanterns	DEX262600102	4065629200101	777	100	Song	GB	0	3.4265700000
2026-03-03	2026-01	Amazon Music	The Linden Hours	Paper Lanterns	DEX262600102	4065629200101	457	100	Song	NL	0	2.0894040000
2026-03-03	2026-01	Amazon Music	The Linden Hours	Paper Lanterns	DEX262600102	4065629200101	436	100	Song	PL	0	1.9953540000
2026-03-03	2026-01	Amazon Music	The Linden Hours	Paper Lanterns	DEX262600102	4065629200101	424	100	Song	SE	0	1.7305560000
2026-03-03	2026-01	Amazon Music	The Linden Hours	Paper Lanterns	DEX262600102	4065629200101	920	100	Song	US	0	3.8460600000
2026-03-03	2026-01	Amazon Music	The Linden Hours	Northbound	DEX262600103	4065629200101	298	100	Song	AT	0	1.2793140000
2026-03-03	2026-01	Amazon Music	The Linden Hours	Northbound	DEX262600103	4065629200101	188	100	Song	CH	0	0.9153720000
2026-03-03	2026-01	Amazon Music	The Linden Hours	Northbound	DEX262600103	4065629200101	1050	100	Song	DE	0	4.8525750000
2026-03-03	2026-01	Amazon Music	The Linden Hours	Northbound	DEX262600103	4065629200101	317	100	Song	GB	0	1.3366305000
2026-03-03	2026-01	Amazon Music	The Linden Hours	Northbound	DEX262600103	4065629200101	209	100	Song	NL	0	1.0053945000
2026-03-03	2026-01	Amazon Music	The Linden Hours	Northbound	DEX262600103	4065629200101	162	100	Song	PL	0	0.7618050000
2026-03-03	2026-01	Amazon Music	The Linden Hours	Northbound	DEX262600103	4065629200101	137	100	Song	SE	0	0.6325290000
2026-03-03	2026-01	Amazon Music	The Linden Hours	Northbound	DEX262600103	4065629200101	409	100	Song	US	0	1.7429535000
2026-03-03	2026-01	Amazon Music	The Linden Hours	Salt and Iron	DEX262600104	4065629200101	250	100	Song	AT	0	1.2352500000
2026-03-03	2026-01	Amazon Music	The Linden Hours	Salt and Iron	DEX262600104	4065629200101	146	100	Song	CH	0	0.6629130000
2026-03-03	2026-01	Amazon Music	The Linden Hours	Salt and Iron	DEX262600104	4065629200101	697	100	Song	DE	0	2.8887165000
2026-03-03	2026-01	Amazon Music	The Linden Hours	Salt and Iron	DEX262600104	4065629200101	266	100	Song	GB	0	1.2676230000
2026-03-03	2026-01	Amazon Music	The Linden Hours	Salt and Iron	DEX262600104	4065629200101	209	100	Song	NL	0	0.8699625000
2026-03-03	2026-01	Amazon Music	The Linden Hours	Salt and Iron	DEX262600104	4065629200101	170	100	Song	PL	0	0.7588800000
2026-03-03	2026-01	Amazon Music	The Linden Hours	Salt and Iron	DEX262600104	4065629200101	150	100	Song	SE	0	0.6230250000
2026-03-03	2026-01	Amazon Music	The Linden Hours	Salt and Iron	DEX262600104	4065629200101	388	100	Song	US	0	1.8071100000
2026-03-03	2026-01	Amazon Music	The Linden Hours	The Quiet Year	DEX262600105	4065629200101	200	100	Song	AT	0	0.9837000000
2026-03-03	2026-01	Amazon Music	The Linden Hours	The Quiet Year	DEX262600105	4065629200101	139	100	Song	CH	0	0.6405120000
2026-03-03	2026-01	Amazon Music	The Linden Hours	The Quiet Year	DEX262600105	4065629200101	727	100	Song	DE	0	3.5005050000
2026-03-03	2026-01	Amazon Music	The Linden Hours	The Quiet Year	DEX262600105	4065629200101	212	100	Song	GB	0	1.0083780000
2026-03-03	2026-01	Amazon Music	The Linden Hours	The Quiet Year	DEX262600105	4065629200101	145	100	Song	NL	0	0.6218325000
2026-03-03	2026-01	Amazon Music	The Linden Hours	The Quiet Year	DEX262600105	4065629200101	113	100	Song	PL	0	0.5313825000
2026-03-03	2026-01	Amazon Music	The Linden Hours	The Quiet Year	DEX262600105	4065629200101	121	100	Song	SE	0	0.5134635000
2026-03-03	2026-01	Amazon Music	The Linden Hours	The Quiet Year	DEX262600105	4065629200101	312	100	Song	US	0	1.4812200000
2026-03-03	2026-01	Amazon Music	The Linden Hours	Glasshouse	DEX262600106	4065629200101	333	100	Song	AT	0	1.4820165000
2026-03-03	2026-01	Amazon Music	The Linden Hours	Glasshouse	DEX262600106	4065629200101	254	100	Song	CH	0	1.0447020000
2026-03-03	2026-01	Amazon Music	The Linden Hours	Glasshouse	DEX262600106	4065629200101	1378	100	Song	DE	0	5.5871010000
2026-03-03	2026-01	Amazon Music	The Linden Hours	Glasshouse	DEX262600106	4065629200101	288	100	Song	GB	0	1.3763520000
2026-03-03	2026-01	Amazon Music	The Linden Hours	Glasshouse	DEX262600106	4065629200101	291	100	Song	NL	0	1.3121190000
2026-03-03	2026-01	Amazon Music	The Linden Hours	Glasshouse	DEX262600106	4065629200101	221	100	Song	PL	0	0.9895275000
2026-03-03	2026-01	Amazon Music	The Linden Hours	Glasshouse	DEX262600106	4065629200101	167	100	Song	SE	0	0.7995960000
2026-03-03	2026-01	Amazon Music	The Linden Hours	Glasshouse	DEX262600106	4065629200101	499	100	Song	US	0	2.1152610000
2026-03-03	2026-01	Amazon Music	The Linden Hours	Second Light	DEX262600107	4065629200101	113	100	Song	AT	0	0.4734135000
2026-03-03	2026-01	Amazon Music	The Linden Hours	Second Light	DEX262600107	4065629200101	93	100	Song	CH	0	0.4185000000
2026-03-03	2026-01	Amazon Music	The Linden Hours	Second Light	DEX262600107	4065629200101	491	100	Song	DE	0	2.2404330000
2026-03-03	2026-01	Amazon Music	The Linden Hours	Second Light	DEX262600107	4065629200101	137	100	Song	GB	0	0.6343785000
2026-03-03	2026-01	Amazon Music	The Linden Hours	Second Light	DEX262600107	4065629200101	106	100	Song	NL	0	0.4312080000
2026-03-03	2026-01	Amazon Music	The Linden Hours	Second Light	DEX262600107	4065629200101	80	100	Song	PL	0	0.3560400000
2026-03-03	2026-01	Amazon Music	The Linden Hours	Second Light	DEX262600107	4065629200101	107	100	Song	SE	0	0.5229090000
2026-03-03	2026-01	Amazon Music	The Linden Hours	Second Light	DEX262600107	4065629200101	262	100	Song	US	0	1.1117970000
2026-03-03	2026-01	Amazon Music	The Linden Hours	Linden	DEX262600108	4065629200101	241	100	Song	AT	0	1.0573875000
2026-03-03	2026-01	Amazon Music	The Linden Hours	Linden	DEX262600108	4065629200101	158	100	Song	CH	0	0.7067340000
2026-03-03	2026-01	Amazon Music	The Linden Hours	Linden	DEX262600108	4065629200101	786	100	Song	DE	0	3.3247800000
2026-03-03	2026-01	Amazon Music	The Linden Hours	Linden	DEX262600108	4065629200101	249	100	Song	GB	0	1.0779210000
2026-03-03	2026-01	Amazon Music	The Linden Hours	Linden	DEX262600108	4065629200101	172	100	Song	NL	0	0.8243100000
2026-03-03	2026-01	Amazon Music	The Linden Hours	Linden	DEX262600108	4065629200101	157	100	Song	PL	0	0.7248690000
2026-03-03	2026-01	Amazon Music	The Linden Hours	Linden	DEX262600108	4065629200101	143	100	Song	SE	0	0.6164730000
2026-03-03	2026-01	Amazon Music	The Linden Hours	Linden	DEX262600108	4065629200101	445	100	Song	US	0	1.8382950000
2026-03-03	2026-01	Amazon Music	The Linden Hours	Summer Static	DEX262600201	4065629200201	652	100	Song	AT	0	3.1217760000
2026-03-03	2026-01	Amazon Music	The Linden Hours	Summer Static	DEX262600201	4065629200201	483	100	Song	CH	0	2.3082570000
2026-03-03	2026-01	Amazon Music	The Linden Hours	Summer Static	DEX262600201	4065629200201	2832	100	Song	DE	0	13.1518080000
2026-03-03	2026-01	Amazon Music	The Linden Hours	Summer Static	DEX262600201	4065629200201	675	100	Song	GB	0	2.9615625000
2026-03-03	2026-01	Amazon Music	The Linden Hours	Summer Static	DEX262600201	4065629200201	692	100	Song	NL	0	3.3724620000
2026-03-03	2026-01	Amazon Music	The Linden Hours	Summer Static	DEX262600201	4065629200201	404	100	Song	PL	0	1.9507140000
2026-03-03	2026-01	Amazon Music	The Linden Hours	Summer Static	DEX262600201	4065629200201	535	100	Song	SE	0	2.3786100000
2026-03-03	2026-01	Amazon Music	The Linden Hours	Summer Static	DEX262600201	4065629200201	1654	100	Song	US	0	7.5695310000
2026-03-03	2025-12	Apple Music	The Linden Hours	Low Tide	DEX262600101	4065629200101	713	100	Song	AT	0	4.8952441000
2026-03-03	2025-12	Apple Music	The Linden Hours	Low Tide	DEX262600101	4065629200101	572	100	Song	CH	0	4.2114644000
2026-03-03	2025-12	Apple Music	The Linden Hours	Low Tide	DEX262600101	4065629200101	2454	100	Song	DE	0	18.8869656000
2026-03-03	2025-12	Apple Music	The Linden Hours	Low Tide	DEX262600101	4065629200101	804	100	Song	GB	0	5.2574364000
2026-03-03	2025-12	Apple Music	The Linden Hours	Low Tide	DEX262600101	4065629200101	601	100	Song	NL	0	4.0025398000
2026-03-03	2025-12	Apple Music	The Linden Hours	Low Tide	DEX262600101	4065629200101	394	100	Song	PL	0	2.5288496000
2026-03-03	2025-12	Apple Music	The Linden Hours	Low Tide	DEX262600101	4065629200101	582	100	Song	SE	0	4.4297184000
2026-03-03	2025-12	Apple Music	The Linden Hours	Low Tide	DEX262600101	4065629200101	973	100	Song	US	0	7.4747806000
2026-03-03	2025-12	Apple Music	The Linden Hours	Paper Lanterns	DEX262600102	4065629200101	1283	100	Song	AT	0	8.3167909000
2026-03-03	2025-12	Apple Music	The Linden Hours	Paper Lanterns	DEX262600102	4065629200101	768	100	Song	CH	0	5.5073280000
2026-03-03	2025-12	Apple Music	The Linden Hours	Paper Lanterns	DEX262600102	4065629200101	4780	100	Song	DE	0	30.7817660000
2026-03-03	2025-12	Apple Music	The Linden Hours	Paper Lanterns	DEX262600102	4065629200101	1435	100	Song	GB	0	10.4534010000
2026-03-03	2025-12	Apple Music	The Linden Hours	Paper Lanterns	DEX262600102	4065629200101	645	100	Song	NL	0	4.6573515000
2026-03-03	2025-12	Apple Music	The Linden Hours	Paper Lanterns	DEX262600102	4065629200101	671	100	Song	PL	0	4.7164590000
2026-03-03	2025-12	Apple Music	The Linden Hours	Paper Lanterns	DEX262600102	4065629200101	574	100	Song	SE	0	4.1813604000
2026-03-03	2025-12	Apple Music	The Linden Hours	Paper Lanterns	DEX262600102	4065629200101	2262	100	Song	US	0	15.2411298000
2026-03-03	2025-12	Apple Music	The Linden Hours	Northbound	DEX262600103	4065629200101	436	100	Song	AT	0	3.0491660000
2026-03-03	2025-12	Apple Music	The Linden Hours	Northbound	DEX262600103	4065629200101	409	100	Song	CH	0	2.8167830000
2026-03-03	2025-12	Apple Music	The Linden Hours	Northbound	DEX262600103	4065629200101	2000	100	Song	DE	0	14.3278000000
2026-03-03	2025-12	Apple Music	The Linden Hours	Northbound	DEX262600103	4065629200101	536	100	Song	GB	0	3.4669016000
2026-03-03	2025-12	Apple Music	The Linden Hours	Northbound	DEX262600103	4065629200101	428	100	Song	NL	0	3.2150504000
2026-03-03	2025-12	Apple Music	The Linden Hours	Northbound	DEX262600103	4065629200101	283	100	Song	PL	0	1.8103793000
2026-03-03	2025-12	Apple Music	The Linden Hours	Northbound	DEX262600103	4065629200101	306	100	Song	SE	0	2.1726000000
2026-03-03	2025-12	Apple Music	The Linden Hours	Northbound	DEX262600103	4065629200101	623	100	Song	US	0	4.4365699000
2026-03-03	2025-12	Apple Music	The Linden Hours	Salt and Iron	DEX262600104	4065629200101	371	100	Song	AT	0	2.6130272000
2026-03-03	2025-12	Apple Music	The Linden Hours	Salt and Iron	DEX262600104	4065629200101	369	100	Song	CH	0	2.7037368000
2026-03-03	2025-12	Apple Music	The Linden Hours	Salt and Iron	DEX262600104	4065629200101	1634	100	Song	DE	0	12.2510784000
2026-03-03	2025-12	Apple Music	The Linden Hours	Salt and Iron	DEX262600104	4065629200101	376	100	Song	GB	0	2.4747192000
2026-03-03	2025-12	Apple Music	The Linden Hours	Salt and Iron	DEX262600104	4065629200101	303	100	Song	NL	0	2.0179194000
2026-03-03	2025-12	Apple Music	The Linden Hours	Salt and Iron	DEX262600104	4065629200101	329	100	Song	PL	0	2.5601464000
2026-03-03	2025-12	Apple Music	The Linden Hours	Salt and Iron	DEX262600104	4065629200101	294	100	Song	SE	0	1.9725930000
2026-03-03	2025-12	Apple Music	The Linden Hours	Salt and Iron	DEX262600104	4065629200101	641	100	Song	US	0	4.5647533000
2026-03-03	2025-12	Apple Music	The Linden Hours	The Quiet Year	DEX262600105	4065629200101	308	100	Song	AT	0	1.9899880000
2026-03-03	2025-12	Apple Music	The Linden Hours	The Quiet Year	DEX262600105	4065629200101	234	100	Song	CH	0	1.5550704000
2026-03-03	2025-12	Apple Music	The Linden Hours	The Quiet Year	DEX262600105	4065629200101	1284	100	Song	DE	0	8.4509028000
2026-03-03	2025-12	Apple Music	The Linden Hours	The Quiet Year	DEX262600105	4065629200101	330	100	Song	GB	0	2.4460920000
2026-03-03	2025-12	Apple Music	The Linden Hours	The Quiet Year	DEX262600105	4065629200101	224	100	Song	NL	0	1.5331456000
2026-03-03	2025-12	Apple Music	The Linden Hours	The Quiet Year	DEX262600105	4065629200101	206	100	Song	PL	0	1.5386552000
2026-03-03	2025-12	Apple Music	The Linden Hours	The Quiet Year	DEX262600105	4065629200101	233	100	Song	SE	0	1.7866440000
2026-03-03	2025-12	Apple Music	The Linden Hours	The Quiet Year	DEX262600105	4065629200101	486	100	Song	US	0	3.4885566000
2026-03-03	2025-12	Apple Music	The Linden Hours	Glasshouse	DEX262600106	4065629200101	515	100	Song	AT	0	3.5979960000
2026-03-03	2025-12	Apple Music	The Linden Hours	Glasshouse	DEX262600106	4065629200101	457	100	Song	CH	0	3.0694862000
2026-03-03	2025-12	Apple Music	The Linden Hours	Glasshouse	DEX262600106	4065629200101	2370	100	Song	DE	0	18.2741220000
2026-03-03	2025-12	Apple Music	The Linden Hours	Glasshouse	DEX262600106	4065629200101	628	100	Song	GB	0	4.8511744000
2026-03-03	2025-12	Apple Music	The Linden Hours	Glasshouse	DEX262600106	4065629200101	496	100	Song	NL	0	3.7962848000
2026-03-03	2025-12	Apple Music	The Linden Hours	Glasshouse	DEX262600106	4065629200101	338	100	Song	PL	0	2.3494042000
2026-03-03	2025-12	Apple Music	The Linden Hours	Glasshouse	DEX262600106	4065629200101	396	100	Song	SE	0	2.6597736000
2026-03-03	2025-12	Apple Music	The Linden Hours	Glasshouse	DEX262600106	4065629200101	1016	100	Song	US	0	7.7257656000
2026-03-03	2025-12	Apple Music	The Linden Hours	Second Light	DEX262600107	4065629200101	234	100	Song	AT	0	1.6730298000
2026-03-03	2025-12	Apple Music	The Linden Hours	Second Light	DEX262600107	4065629200101	198	100	Song	CH	0	1.4929596000
2026-03-03	2025-12	Apple Music	The Linden Hours	Second Light	DEX262600107	4065629200101	1042	100	Song	DE	0	7.4943766000
2026-03-03	2025-12	Apple Music	The Linden Hours	Second Light	DEX262600107	4065629200101	230	100	Song	GB	0	1.6085050000
2026-03-03	2025-12	Apple Music	The Linden Hours	Second Light	DEX262600107	4065629200101	163	100	Song	NL	0	1.2035920000
2026-03-03	2025-12	Apple Music	The Linden Hours	Second Light	DEX262600107	4065629200101	135	100	Song	PL	0	0.8952390000
2026-03-03	2025-12	Apple Music	The Linden Hours	Second Light	DEX262600107	4065629200101	142	100	Song	SE	0	1.0465116000
2026-03-03	2025-12	Apple Music	The Linden Hours	Second Light	DEX262600107	4065629200101	467	100	Song	US	0	3.6340072000
2026-03-03	2025-12	Apple Music	The Linden Hours	Linden	DEX262600108	4065629200101	442	100	Song	AT	0	3.1695820000
2026-03-03	2025-12	Apple Music	The Linden Hours	Linden	DEX262600108	4065629200101	330	100	Song	CH	0	2.2773960000
2026-03-03	2025-12	Apple Music	The Linden Hours	Linden	DEX262600108	4065629200101	1362	100	Song	DE	0	10.2890928000
2026-03-03	2025-12	Apple Music	The Linden Hours	Linden	DEX262600108	4065629200101	433	100	Song	GB	0	2.9851453000
2026-03-03	2025-12	Apple Music	The Linden Hours	Linden	DEX262600108	4065629200101	295	100	Song	NL	0	1.9562630000
2026-03-03	2025-12	Apple Music	The Linden Hours	Linden	DEX262600108	4065629200101	268	100	Song	PL	0	1.8742580000
2026-03-03	2025-12	Apple Music	The Linden Hours	Linden	DEX262600108	4065629200101	223	100	Song	SE	0	1.4534694000
2026-03-03	2025-12	Apple Music	The Linden Hours	Linden	DEX262600108	4065629200101	524	100	Song	US	0	3.5864656000
2026-03-03	2025-12	Apple Music	The Linden Hours	Summer Static	DEX262600201	4065629200201	1433	100	Song	AT	0	9.6147135000
2026-03-03	2025-12	Apple Music	The Linden Hours	Summer Static	DEX262600201	4065629200201	805	100	Song	CH	0	5.4240095000
2026-03-03	2025-12	Apple Music	The Linden Hours	Summer Static	DEX262600201	4065629200201	5632	100	Song	DE	0	37.9078656000
2026-03-03	2025-12	Apple Music	The Linden Hours	Summer Static	DEX262600201	4065629200201	1404	100	Song	GB	0	10.0282104000
2026-03-03	2025-12	Apple Music	The Linden Hours	Summer Static	DEX262600201	4065629200201	1215	100	Song	NL	0	8.8076565000
2026-03-03	2025-12	Apple Music	The Linden Hours	Summer Static	DEX262600201	4065629200201	880	100	Song	PL	0	6.5104160000
2026-03-03	2025-12	Apple Music	The Linden Hours	Summer Static	DEX262600201	4065629200201	702	100	Song	SE	0	5.2633152000
2026-03-03	2025-12	Apple Music	The Linden Hours	Summer Static	DEX262600201	4065629200201	2096	100	Song	US	0	15.8786672000
2026-03-03	2026-01	Deezer	The Linden Hours	Low Tide	DEX262600101	4065629200101	267	100	Song	AT	0	1.0323288000
2026-03-03	2026-01	Deezer	The Linden Hours	Low Tide	DEX262600101	4065629200101	241	100	Song	CH	0	0.8728056000
2026-03-03	2026-01	Deezer	The Linden Hours	Low Tide	DEX262600101	4065629200101	825	100	Song	DE	0	3.0680100000
2026-03-03	2026-01	Deezer	The Linden Hours	Low Tide	DEX262600101	4065629200101	349	100	Song	GB	0	1.3116816000
2026-03-03	2026-01	Deezer	The Linden Hours	Low Tide	DEX262600101	4065629200101	299	100	Song	NL	0	1.0764000000
2026-03-03	2026-01	Deezer	The Linden Hours	Low Tide	DEX262600101	4065629200101	170	100	Song	PL	0	0.5716080000
2026-03-03	2026-01	Deezer	The Linden Hours	Low Tide	DEX262600101	4065629200101	184	100	Song	SE	0	0.6842592000
2026-03-03	2026-01	Deezer	The Linden Hours	Low Tide	DEX262600101	4065629200101	559	100	Song	US	0	2.0284992000
2026-03-03	2026-01	Deezer	The Linden Hours	Paper Lanterns	DEX262600102	4065629200101	467	100	Song	AT	0	1.5349356000
2026-03-03	2026-01	Deezer	The Linden Hours	Paper Lanterns	DEX262600102	4065629200101	305	100	Song	CH	0	1.2067020000
2026-03-03	2026-01	Deezer	The Linden Hours	Paper Lanterns	DEX262600102	4065629200101	1330	100	Song	DE	0	4.7544840000
2026-03-03	2026-01	Deezer	The Linden Hours	Paper Lanterns	DEX262600102	4065629200101	419	100	Song	GB	0	1.5702444000
2026-03-03	2026-01	Deezer	The Linden Hours	Paper Lanterns	DEX262600102	4065629200101	432	100	Song	NL	0	1.5552000000
2026-03-03	2026-01	Deezer	The Linden Hours	Paper Lanterns	DEX262600102	4065629200101	256	100	Song	PL	0	0.9492480000
2026-03-03	2026-01	Deezer	The Linden Hours	Paper Lanterns	DEX262600102	4065629200101	311	100	Song	SE	0	1.1016864000
2026-03-03	2026-01	Deezer	The Linden Hours	Paper Lanterns	DEX262600102	4065629200101	663	100	Song	US	0	2.1839220000
2026-03-03	2026-01	Deezer	The Linden Hours	Northbound	DEX262600103	4065629200101	201	100	Song	AT	0	0.6801840000
2026-03-03	2026-01	Deezer	The Linden Hours	Northbound	DEX262600103	4065629200101	146	100	Song	CH	0	0.5576616000
2026-03-03	2026-01	Deezer	The Linden Hours	Northbound	DEX262600103	4065629200101	897	100	Song	DE	0	3.5133696000
2026-03-03	2026-01	Deezer	The Linden Hours	Northbound	DEX262600103	4065629200101	216	100	Song	GB	0	0.7978176000
2026-03-03	2026-01	Deezer	The Linden Hours	Northbound	DEX262600103	4065629200101	182	100	Song	NL	0	0.7010640000
2026-03-03	2026-01	Deezer	The Linden Hours	Northbound	DEX262600103	4065629200101	140	100	Song	PL	0	0.5191200000
2026-03-03	2026-01	Deezer	The Linden Hours	Northbound	DEX262600103	4065629200101	130	100	Song	SE	0	0.4422600000
2026-03-03	2026-01	Deezer	The Linden Hours	Northbound	DEX262600103	4065629200101	375	100	Song	US	0	1.2987000000
2026-03-03	2026-01	Deezer	The Linden Hours	Salt and Iron	DEX262600104	4065629200101	170	100	Song	AT	0	0.6254640000
2026-03-03	2026-01	Deezer	The Linden Hours	Salt and Iron	DEX262600104	4065629200101	139	100	Song	CH	0	0.4848876000
2026-03-03	2026-01	Deezer	The Linden Hours	Salt and Iron	DEX262600104	4065629200101	517	100	Song	DE	0	1.8090864000
2026-03-03	2026-01	Deezer	The Linden Hours	Salt and Iron	DEX262600104	4065629200101	201	100	Song	GB	0	0.6975504000
2026-03-03	2026-01	Deezer	The Linden Hours	Salt and Iron	DEX262600104	4065629200101	139	100	Song	NL	0	0.5394312000
2026-03-03	2026-01	Deezer	The Linden Hours	Salt and Iron	DEX262600104	4065629200101	118	100	Song	PL	0	0.3899664000
2026-03-03	2026-01	Deezer	The Linden Hours	Salt and Iron	DEX262600104	4065629200101	115	100	Song	SE	0	0.4011660000
2026-03-03	2026-01	Deezer	The Linden Hours	Salt and Iron	DEX262600104	4065629200101	271	100	Song	US	0	0.9638928000
2026-03-03	2026-01	Deezer	The Linden Hours	The Quiet Year	DEX262600105	4065629200101	123	100	Song	AT	0	0.4312872000
2026-03-03	2026-01	Deezer	The Linden Hours	The Quiet Year	DEX262600105	4065629200101	89	100	Song	CH	0	0.2986128000
2026-03-03	2026-01	Deezer	The Linden Hours	The Quiet Year	DEX262600105	4065629200101	541	100	Song	DE	0	1.7606304000
2026-03-03	2026-01	Deezer	The Linden Hours	The Quiet Year	DEX262600105	4065629200101	171	100	Song	GB	0	0.5669676000
2026-03-03	2026-01	Deezer	The Linden Hours	The Quiet Year	DEX262600105	4065629200101	112	100	Song	NL	0	0.3983616000
2026-03-03	2026-01	Deezer	The Linden Hours	The Quiet Year	DEX262600105	4065629200101	79	100	Song	PL	0	0.2576664000
2026-03-03	2026-01	Deezer	The Linden Hours	The Quiet Year	DEX262600105	4065629200101	84	100	Song	SE	0	0.2824416000
2026-03-03	2026-01	Deezer	The Linden Hours	The Quiet Year	DEX262600105	4065629200101	212	100	Song	US	0	0.7570944000
2026-03-03	2026-01	Deezer	The Linden Hours	Glasshouse	DEX262600106	4065629200101	245	100	Song	AT	0	0.8167320000
2026-03-03	2026-01	Deezer	The Linden Hours	Glasshouse	DEX262600106	4065629200101	201	100	Song	CH	0	0.7236000000
2026-03-03	2026-01	Deezer	The Linden Hours	Glasshouse	DEX262600106	4065629200101	1073	100	Song	DE	0	3.4881084000
2026-03-03	2026-01	Deezer	The Linden Hours	Glasshouse	DEX262600106	4065629200101	233	100	Song	GB	0	0.8857728000
2026-03-03	2026-01	Deezer	The Linden Hours	Glasshouse	DEX262600106	4065629200101	199	100	Song	NL	0	0.6605208000
2026-03-03	2026-01	Deezer	The Linden Hours	Glasshouse	DEX262600106	4065629200101	133	100	Song	PL	0	0.4673088000
2026-03-03	2026-01	Deezer	The Linden Hours	Glasshouse	DEX262600106	4065629200101	155	100	Song	SE	0	0.5680440000
2026-03-03	2026-01	Deezer	The Linden Hours	Glasshouse	DEX262600106	4065629200101	453	100	Song	US	0	1.7661564000
2026-03-03	2026-01	Deezer	The Linden Hours	Second Light	DEX262600107	4065629200101	95	100	Song	AT	0	0.3225060000
2026-03-03	2026-01	Deezer	The Linden Hours	Second Light	DEX262600107	4065629200101	74	100	Song	CH	0	0.2445552000
2026-03-03	2026-01	Deezer	The Linden Hours	Second Light	DEX262600107	4065629200101	402	100	Song	DE	0	1.4978520000
2026-03-03	2026-01	Deezer	The Linden Hours	Second Light	DEX262600107	4065629200101	106	100	Song	GB	0	0.4083120000
2026-03-03	2026-01	Deezer	The Linden Hours	Second Light	DEX262600107	4065629200101	63	100	Song	NL	0	0.2224908000
2026-03-03	2026-01	Deezer	The Linden Hours	Second Light	DEX262600107	4065629200101	64	100	Song	PL	0	0.2092032000
2026-03-03	2026-01	Deezer	The Linden Hours	Second Light	DEX262600107	4065629200101	73	100	Song	SE	0	0.2499228000
2026-03-03	2026-01	Deezer	The Linden Hours	Second Light	DEX262600107	4065629200101	206	100	Song	US	0	0.8105688000
2026-03-03	2026-01	Deezer	The Linden Hours	Linden	DEX262600108	4065629200101	128	100	Song	AT	0	0.4879872000
2026-03-03	2026-01	Deezer	The Linden Hours	Linden	DEX262600108	4065629200101	89	100	Song	CH	0	0.3453912000
2026-03-03	2026-01	Deezer	The Linden Hours	Linden	DEX262600108	4065629200101	710	100	Song	DE	0	2.5406640000
2026-03-03	2026-01	Deezer	The Linden Hours	Linden	DEX262600108	4065629200101	130	100	Song	GB	0	0.4282200000
2026-03-03	2026-01	Deezer	The Linden Hours	Linden	DEX262600108	4065629200101	157	100	Song	NL	0	0.5889384000
2026-03-03	2026-01	Deezer	The Linden Hours	Linden	DEX262600108	4065629200101	109	100	Song	PL	0	0.4292856000
2026-03-03	2026-01	Deezer	The Linden Hours	Linden	DEX262600108	4065629200101	85	100	Song	SE	0	0.3188520000
2026-03-03	2026-01	Deezer	The Linden Hours	Linden	DEX262600108	4065629200101	283	100	Song	US	0	1.0442700000
2026-03-03	2026-01	Deezer	The Linden Hours	Summer Static	DEX262600201	4065629200201	613	100	Song	AT	0	2.1736980000
2026-03-03	2026-01	Deezer	The Linden Hours	Summer Static	DEX262600201	4065629200201	449	100	Song	CH	0	1.6745904000
2026-03-03	2026-01	Deezer	The Linden Hours	Summer Static	DEX262600201	4065629200201	2651	100	Song	DE	0	9.3050100000
2026-03-03	2026-01	Deezer	The Linden Hours	Summer Static	DEX262600201	4065629200201	718	100	Song	GB	0	2.3625072000
2026-03-03	2026-01	Deezer	The Linden Hours	Summer Static	DEX262600201	4065629200201	500	100	Song	NL	0	1.7298000000
2026-03-03	2026-01	Deezer	The Linden Hours	Summer Static	DEX262600201	4065629200201	421	100	Song	PL	0	1.6353324000
2026-03-03	2026-01	Deezer	The Linden Hours	Summer Static	DEX262600201	4065629200201	474	100	Song	SE	0	1.6842168000
2026-03-03	2026-01	Deezer	The Linden Hours	Summer Static	DEX262600201	4065629200201	1038	100	Song	US	0	3.3967512000
2026-03-03	2026-01	Spotify	The Linden Hours	Low Tide	DEX262600101	4065629200101	2366	100	Song	AT	0	7.1169280000
2026-03-03	2026-01	Spotify	The Linden Hours	Low Tide	DEX262600101	4065629200101	2143	100	Song	CH	0	6.7821664000
2026-03-03	2026-01	Spotify	The Linden Hours	Low Tide	DEX262600101	4065629200101	11870	100	Song	DE	0	34.5274560000
2026-03-03	2026-01	Spotify	The Linden Hours	Low Tide	DEX262600101	4065629200101	3378	100	Song	GB	0	10.9068864000
2026-03-03	2026-01	Spotify	The Linden Hours	Low Tide	DEX262600101	4065629200101	2201	100	Song	NL	0	7.3671872000
2026-03-03	2026-01	Spotify	The Linden Hours	Low Tide	DEX262600101	4065629200101	1967	100	Song	PL	0	6.4139936000
2026-03-03	2026-01	Spotify	The Linden Hours	Low Tide	DEX262600101	4065629200101	1628	100	Song	SE	0	5.5430144000
2026-03-03	2026-01	Spotify	The Linden Hours	Low Tide	DEX262600101	4065629200101	3117	100	Song	US	0	9.0268320000
2026-03-03	2026-01	Spotify	The Linden Hours	Paper Lanterns	DEX262600102	4065629200101	3526	100	Song	AT	0	11.3396160000
2026-03-03	2026-01	Spotify	The Linden Hours	Paper Lanterns	DEX262600102	4065629200101	3082	100	Song	CH	0	10.3949696000
2026-03-03	2026-01	Spotify	The Linden Hours	Paper Lanterns	DEX262600102	4065629200101	18374	100	Song	DE	0	61.9718272000
2026-03-03	2026-01	Spotify	The Linden Hours	Paper Lanterns	DEX262600102	4065629200101	4320	100	Song	GB	0	13.1328000000
2026-03-03	2026-01	Spotify	The Linden Hours	Paper Lanterns	DEX262600102	4065629200101	3954	100	Song	NL	0	12.2226048000
2026-03-03	2026-01	Spotify	The Linden Hours	Paper Lanterns	DEX262600102	4065629200101	3134	100	Song	PL	0	9.4671872000
2026-03-03	2026-01	Spotify	The Linden Hours	Paper Lanterns	DEX262600102	4065629200101	2577	100	Song	SE	0	7.4712384000
2026-03-03	2026-01	Spotify	The Linden Hours	Paper Lanterns	DEX262600102	4065629200101	7337	100	Song	US	0	21.5296928000
2026-03-03	2026-01	Spotify	The Linden Hours	Northbound	DEX262600103	4065629200101	1956	100	Song	AT	0	5.9024256000
2026-03-03	2026-01	Spotify	The Linden Hours	Northbound	DEX262600103	4065629200101	1282	100	Song	CH	0	4.3567488000
2026-03-03	2026-01	Spotify	The Linden Hours	Northbound	DEX262600103	4065629200101	6897	100	Song	DE	0	24.1008768000
2026-03-03	2026-01	Spotify	The Linden Hours	Northbound	DEX262600103	4065629200101	2128	100	Song	GB	0	6.2852608000
2026-03-03	2026-01	Spotify	The Linden Hours	Northbound	DEX262600103	4065629200101	1492	100	Song	NL	0	4.4019968000
2026-03-03	2026-01	Spotify	The Linden Hours	Northbound	DEX262600103	4065629200101	1163	100	Song	PL	0	3.5876224000
2026-03-03	2026-01	Spotify	The Linden Hours	Northbound	DEX262600103	4065629200101	1319	100	Song	SE	0	4.6175552000
2026-03-03	2026-01	Spotify	The Linden Hours	Northbound	DEX262600103	4065629200101	3009	100	Song	US	0	9.5613984000
2026-03-03	2026-01	Spotify	The Linden Hours	Salt and Iron	DEX262600104	4065629200101	1305	100	Song	AT	0	4.3263360000
2026-03-03	2026-01	Spotify	The Linden Hours	Salt and Iron	DEX262600104	4065629200101	982	100	Song	CH	0	3.0167040000
2026-03-03	2026-01	Spotify	The Linden Hours	Salt and Iron	DEX262600104	4065629200101	7300	100	Song	DE	0	23.3600000000
2026-03-03	2026-01	Spotify	The Linden Hours	Salt and Iron	DEX262600104	4065629200101	1594	100	Song	GB	0	4.9732800000
2026-03-03	2026-01	Spotify	The Linden Hours	Salt and Iron	DEX262600104	4065629200101	1469	100	Song	NL	0	5.0016512000
2026-03-03	2026-01	Spotify	The Linden Hours	Salt and Iron	DEX262600104	4065629200101	844	100	Song	PL	0	2.7548160000
2026-03-03	2026-01	Spotify	The Linden Hours	Salt and Iron	DEX262600104	4065629200101	912	100	Song	SE	0	2.8104192000
2026-03-03	2026-01	Spotify	The Linden Hours	Salt and Iron	DEX262600104	4065629200101	2688	100	Song	US	0	9.1521024000
2026-03-03	2026-01	Spotify	The Linden Hours	The Quiet Year	DEX262600105	4065629200101	1053	100	Song	AT	0	3.3527520000
2026-03-03	2026-01	Spotify	The Linden Hours	The Quiet Year	DEX262600105	4065629200101	948	100	Song	CH	0	2.9304576000
2026-03-03	2026-01	Spotify	The Linden Hours	The Quiet Year	DEX262600105	4065629200101	4704	100	Song	DE	0	14.0141568000
2026-03-03	2026-01	Spotify	The Linden Hours	The Quiet Year	DEX262600105	4065629200101	1220	100	Song	GB	0	3.5214080000
2026-03-03	2026-01	Spotify	The Linden Hours	The Quiet Year	DEX262600105	4065629200101	1095	100	Song	NL	0	3.4934880000
2026-03-03	2026-01	Spotify	The Linden Hours	The Quiet Year	DEX262600105	4065629200101	706	100	Song	PL	0	2.0694272000
2026-03-03	2026-01	Spotify	The Linden Hours	The Quiet Year	DEX262600105	4065629200101	845	100	Song	SE	0	2.7851200000
2026-03-03	2026-01	Spotify	The Linden Hours	The Quiet Year	DEX262600105	4065629200101	2189	100	Song	US	0	7.0888576000
2026-03-03	2026-01	Spotify	The Linden Hours	Glasshouse	DEX262600106	4065629200101	1920	100	Song	AT	0	5.6954880000
2026-03-03	2026-01	Spotify	The Linden Hours	Glasshouse	DEX262600106	4065629200101	1816	100	Song	CH	0	5.3463040000
2026-03-03	2026-01	Spotify	The Linden Hours	Glasshouse	DEX262600106	4065629200101	9269	100	Song	DE	0	30.6989280000
2026-03-03	2026-01	Spotify	The Linden Hours	Glasshouse	DEX262600106	4065629200101	2717	100	Song	GB	0	8.0770976000
2026-03-03	2026-01	Spotify	The Linden Hours	Glasshouse	DEX262600106	4065629200101	1725	100	Song	NL	0	5.2992000000
2026-03-03	2026-01	Spotify	The Linden Hours	Glasshouse	DEX262600106	4065629200101	1132	100	Song	PL	0	3.7419392000
2026-03-03	2026-01	Spotify	The Linden Hours	Glasshouse	DEX262600106	4065629200101	1292	100	Song	SE	0	4.1426688000
2026-03-03	2026-01	Spotify	The Linden Hours	Glasshouse	DEX262600106	4065629200101	3184	100	Song	US	0	10.1174784000
2026-03-03	2026-01	Spotify	The Linden Hours	Second Light	DEX262600107	4065629200101	1049	100	Song	AT	0	3.1050400000
2026-03-03	2026-01	Spotify	The Linden Hours	Second Light	DEX262600107	4065629200101	750	100	Song	CH	0	2.2176000000
2026-03-03	2026-01	Spotify	The Linden Hours	Second Light	DEX262600107	4065629200101	3807	100	Song	DE	0	11.2199904000
2026-03-03	2026-01	Spotify	The Linden Hours	Second Light	DEX262600107	4065629200101	972	100	Song	GB	0	3.2939136000
2026-03-03	2026-01	Spotify	The Linden Hours	Second Light	DEX262600107	4065629200101	735	100	Song	NL	0	2.3637600000
2026-03-03	2026-01	Spotify	The Linden Hours	Second Light	DEX262600107	4065629200101	587	100	Song	PL	0	1.7149792000
2026-03-03	2026-01	Spotify	The Linden Hours	Second Light	DEX262600107	4065629200101	557	100	Song	SE	0	1.7734880000
2026-03-03	2026-01	Spotify	The Linden Hours	Second Light	DEX262600107	4065629200101	1338	100	Song	US	0	4.2259392000
2026-03-03	2026-01	Spotify	The Linden Hours	Linden	DEX262600108	4065629200101	1542	100	Song	AT	0	4.8850560000
2026-03-03	2026-01	Spotify	The Linden Hours	Linden	DEX262600108	4065629200101	1248	100	Song	CH	0	4.2611712000
2026-03-03	2026-01	Spotify	The Linden Hours	Linden	DEX262600108	4065629200101	6894	100	Song	DE	0	20.3621184000
2026-03-03	2026-01	Spotify	The Linden Hours	Linden	DEX262600108	4065629200101	1584	100	Song	GB	0	5.3932032000
2026-03-03	2026-01	Spotify	The Linden Hours	Linden	DEX262600108	4065629200101	1243	100	Song	NL	0	4.0412416000
2026-03-03	2026-01	Spotify	The Linden Hours	Linden	DEX262600108	4065629200101	1066	100	Song	PL	0	3.6499840000
2026-03-03	2026-01	Spotify	The Linden Hours	Linden	DEX262600108	4065629200101	915	100	Song	SE	0	3.0275520000
2026-03-03	2026-01	Spotify	The Linden Hours	Linden	DEX262600108	4065629200101	2631	100	Song	US	0	8.4107808000
2026-03-03	2026-01	Spotify	The Linden Hours	Summer Static	DEX262600201	4065629200201	5339	100	Song	AT	0	16.8456128000
2026-03-03	2026-01	Spotify	The Linden Hours	Summer Static	DEX262600201	4065629200201	3912	100	Song	CH	0	11.6796672000
2026-03-03	2026-01	Spotify	The Linden Hours	Summer Static	DEX262600201	4065629200201	23460	100	Song	DE	0	70.5676800000
2026-03-03	2026-01	Spotify	The Linden Hours	Summer Static	DEX262600201	4065629200201	6599	100	Song	GB	0	20.2298944000
2026-03-03	2026-01	Spotify	The Linden Hours	Summer Static	DEX262600201	4065629200201	5515	100	Song	NL	0	18.9539520000
2026-03-03	2026-01	Spotify	The Linden Hours	Summer Static	DEX262600201	4065629200201	3190	100	Song	PL	0	9.4219840000
2026-03-03	2026-01	Spotify	The Linden Hours	Summer Static	DEX262600201	4065629200201	3193	100	Song	SE	0	11.2291424000
2026-03-03	2026-01	Spotify	The Linden Hours	Summer Static	DEX262600201	4065629200201	9417	100	Song	US	0	30.8274912000
2026-03-03	2026-01	TikTok	The Linden Hours	Low Tide	DEX262600101	4065629200101	365	100	Song	AT	0	0.3143745000
2026-03-03	2026-01	TikTok	The Linden Hours	Low Tide	DEX262600101	4065629200101	329	100	Song	CH	0	0.2955078000
2026-03-03	2026-01	TikTok	The Linden Hours	Low Tide	DEX262600101	4065629200101	1526	100	Song	DE	0	1.2882492000
2026-03-03	2026-01	TikTok	The Linden Hours	Low Tide	DEX262600101	4065629200101	491	100	Song	GB	0	0.4529475000
2026-03-03	2026-01	TikTok	The Linden Hours	Low Tide	DEX262600101	4065629200101	270	100	Song	NL	0	0.2549070000
2026-03-03	2026-01	TikTok	The Linden Hours	Low Tide	DEX262600101	4065629200101	265	100	Song	PL	0	0.2167965000
2026-03-03	2026-01	TikTok	The Linden Hours	Low Tide	DEX262600101	4065629200101	264	100	Song	SE	0	0.2383128000
2026-03-03	2026-01	TikTok	The Linden Hours	Low Tide	DEX262600101	4065629200101	619	100	Song	US	0	0.5147604000
2026-03-03	2026-01	TikTok	The Linden Hours	Paper Lanterns	DEX262600102	4065629200101	596	100	Song	AT	0	0.5026068000
2026-03-03	2026-01	TikTok	The Linden Hours	Paper Lanterns	DEX262600102	4065629200101	529	100	Song	CH	0	0.5022855000
2026-03-03	2026-01	TikTok	The Linden Hours	Paper Lanterns	DEX262600102	4065629200101	2334	100	Song	DE	0	2.0375820000
2026-03-03	2026-01	TikTok	The Linden Hours	Paper Lanterns	DEX262600102	4065629200101	740	100	Song	GB	0	0.6313680000
2026-03-03	2026-01	TikTok	The Linden Hours	Paper Lanterns	DEX262600102	4065629200101	693	100	Song	NL	0	0.6792093000
2026-03-03	2026-01	TikTok	The Linden Hours	Paper Lanterns	DEX262600102	4065629200101	438	100	Song	PL	0	0.3760668000
2026-03-03	2026-01	TikTok	The Linden Hours	Paper Lanterns	DEX262600102	4065629200101	372	100	Song	SE	0	0.3334608000
2026-03-03	2026-01	TikTok	The Linden Hours	Paper Lanterns	DEX262600102	4065629200101	1306	100	Song	US	0	1.2741336000
2026-03-03	2026-01	TikTok	The Linden Hours	Northbound	DEX262600103	4065629200101	288	100	Song	AT	0	0.2646432000
2026-03-03	2026-01	TikTok	The Linden Hours	Northbound	DEX262600103	4065629200101	192	100	Song	CH	0	0.1838592000
2026-03-03	2026-01	TikTok	The Linden Hours	Northbound	DEX262600103	4065629200101	1081	100	Song	DE	0	0.9767916000
2026-03-03	2026-01	TikTok	The Linden Hours	Northbound	DEX262600103	4065629200101	215	100	Song	GB	0	0.2062710000
2026-03-03	2026-01	TikTok	The Linden Hours	Northbound	DEX262600103	4065629200101	220	100	Song	NL	0	0.1865160000
2026-03-03	2026-01	TikTok	The Linden Hours	Northbound	DEX262600103	4065629200101	199	100	Song	PL	0	0.1902042000
2026-03-03	2026-01	TikTok	The Linden Hours	Northbound	DEX262600103	4065629200101	165	100	Song	SE	0	0.1487970000
2026-03-03	2026-01	TikTok	The Linden Hours	Northbound	DEX262600103	4065629200101	394	100	Song	US	0	0.3404160000
2026-03-03	2026-01	TikTok	The Linden Hours	Salt and Iron	DEX262600104	4065629200101	251	100	Song	AT	0	0.2184453000
2026-03-03	2026-01	TikTok	The Linden Hours	Salt and Iron	DEX262600104	4065629200101	194	100	Song	CH	0	0.1674414000
2026-03-03	2026-01	TikTok	The Linden Hours	Salt and Iron	DEX262600104	4065629200101	860	100	Song	DE	0	0.7879320000
2026-03-03	2026-01	TikTok	The Linden Hours	Salt and Iron	DEX262600104	4065629200101	249	100	Song	GB	0	0.2397870000
2026-03-03	2026-01	TikTok	The Linden Hours	Salt and Iron	DEX262600104	4065629200101	165	100	Song	NL	0	0.1627560000
2026-03-03	2026-01	TikTok	The Linden Hours	Salt and Iron	DEX262600104	4065629200101	142	100	Song	PL	0	0.1309950000
2026-03-03	2026-01	TikTok	The Linden Hours	Salt and Iron	DEX262600104	4065629200101	163	100	Song	SE	0	0.1524213000
2026-03-03	2026-01	TikTok	The Linden Hours	Salt and Iron	DEX262600104	4065629200101	328	100	Song	US	0	0.3114360000
2026-03-03	2026-01	TikTok	The Linden Hours	The Quiet Year	DEX262600105	4065629200101	160	100	Song	AT	0	0.1550880000
2026-03-03	2026-01	TikTok	The Linden Hours	The Quiet Year	DEX262600105	4065629200101	121	100	Song	CH	0	0.1062864000
2026-03-03	2026-01	TikTok	The Linden Hours	The Quiet Year	DEX262600105	4065629200101	838	100	Song	DE	0	0.6893388000
2026-03-03	2026-01	TikTok	The Linden Hours	The Quiet Year	DEX262600105	4065629200101	184	100	Song	GB	0	0.1680840000
2026-03-03	2026-01	TikTok	The Linden Hours	The Quiet Year	DEX262600105	4065629200101	146	100	Song	NL	0	0.1340280000
2026-03-03	2026-01	TikTok	The Linden Hours	The Quiet Year	DEX262600105	4065629200101	101	100	Song	PL	0	0.0925362000
2026-03-03	2026-01	TikTok	The Linden Hours	The Quiet Year	DEX262600105	4065629200101	123	100	Song	SE	0	0.1153494000
2026-03-03	2026-01	TikTok	The Linden Hours	The Quiet Year	DEX262600105	4065629200101	273	100	Song	US	0	0.2614248000
2026-03-03	2026-01	TikTok	The Linden Hours	Glasshouse	DEX262600106	4065629200101	345	100	Song	AT	0	0.3014955000
2026-03-03	2026-01	TikTok	The Linden Hours	Glasshouse	DEX262600106	4065629200101	259	100	Song	CH	0	0.2428902000
2026-03-03	2026-01	TikTok	The Linden Hours	Glasshouse	DEX262600106	4065629200101	1366	100	Song	DE	0	1.1998944000
2026-03-03	2026-01	TikTok	The Linden Hours	Glasshouse	DEX262600106	4065629200101	326	100	Song	GB	0	0.2804904000
2026-03-03	2026-01	TikTok	The Linden Hours	Glasshouse	DEX262600106	4065629200101	280	100	Song	NL	0	0.2315880000
2026-03-03	2026-01	TikTok	The Linden Hours	Glasshouse	DEX262600106	4065629200101	208	100	Song	PL	0	0.1958112000
2026-03-03	2026-01	TikTok	The Linden Hours	Glasshouse	DEX262600106	4065629200101	213	100	Song	SE	0	0.1796229000
2026-03-03	2026-01	TikTok	The Linden Hours	Glasshouse	DEX262600106	4065629200101	465	100	Song	US	0	0.4268700000
2026-03-03	2026-01	TikTok	The Linden Hours	Second Light	DEX262600107	4065629200101	115	100	Song	AT	0	0.1075365000
2026-03-03	2026-01	TikTok	The Linden Hours	Second Light	DEX262600107	4065629200101	85	100	Song	CH	0	0.0763470000
2026-03-03	2026-01	TikTok	The Linden Hours	Second Light	DEX262600107	4065629200101	495	100	Song	DE	0	0.4544100000
2026-03-03	2026-01	TikTok	The Linden Hours	Second Light	DEX262600107	4065629200101	150	100	Song	GB	0	0.1231200000
2026-03-03	2026-01	TikTok	The Linden Hours	Second Light	DEX262600107	4065629200101	119	100	Song	NL	0	0.1108485000
2026-03-03	2026-01	TikTok	The Linden Hours	Second Light	DEX262600107	4065629200101	90	100	Song	PL	0	0.0857790000
2026-03-03	2026-01	TikTok	The Linden Hours	Second Light	DEX262600107	4065629200101	87	100	Song	SE	0	0.0764991000
2026-03-03	2026-01	TikTok	The Linden Hours	Second Light	DEX262600107	4065629200101	223	100	Song	US	0	0.1984923000
2026-03-03	2026-01	TikTok	The Linden Hours	Linden	DEX262600108	4065629200101	230	100	Song	AT	0	0.1887840000
2026-03-03	2026-01	TikTok	The Linden Hours	Linden	DEX262600108	4065629200101	182	100	Song	CH	0	0.1777230000
2026-03-03	2026-01	TikTok	The Linden Hours	Linden	DEX262600108	4065629200101	813	100	Song	DE	0	0.6943833000
2026-03-03	2026-01	TikTok	The Linden Hours	Linden	DEX262600108	4065629200101	213	100	Song	GB	0	0.1775142000
2026-03-03	2026-01	TikTok	The Linden Hours	Linden	DEX262600108	4065629200101	201	100	Song	NL	0	0.1725786000
2026-03-03	2026-01	TikTok	The Linden Hours	Linden	DEX262600108	4065629200101	150	100	Song	PL	0	0.1478250000
2026-03-03	2026-01	TikTok	The Linden Hours	Linden	DEX262600108	4065629200101	159	100	Song	SE	0	0.1449603000
2026-03-03	2026-01	TikTok	The Linden Hours	Linden	DEX262600108	4065629200101	384	100	Song	US	0	0.3680640000
2026-03-03	2026-01	TikTok	The Linden Hours	Summer Static	DEX262600201	4065629200201	638	100	Song	AT	0	0.5925744000
2026-03-03	2026-01	TikTok	The Linden Hours	Summer Static	DEX262600201	4065629200201	588	100	Song	CH	0	0.5598936000
2026-03-03	2026-01	TikTok	The Linden Hours	Summer Static	DEX262600201	4065629200201	2756	100	Song	DE	0	2.3018112000
2026-03-03	2026-01	TikTok	The Linden Hours	Summer Static	DEX262600201	4065629200201	659	100	Song	GB	0	0.5895414000
2026-03-03	2026-01	TikTok	The Linden Hours	Summer Static	DEX262600201	4065629200201	810	100	Song	NL	0	0.8019000000
2026-03-03	2026-01	TikTok	The Linden Hours	Summer Static	DEX262600201	4065629200201	559	100	Song	PL	0	0.4854915000
2026-03-03	2026-01	TikTok	The Linden Hours	Summer Static	DEX262600201	4065629200201	580	100	Song	SE	0	0.4995540000
2026-03-03	2026-01	TikTok	The Linden Hours	Summer Static	DEX262600201	4065629200201	1461	100	Song	US	0	1.2504699000
2026-03-03	2026-01	YouTube Music	The Linden Hours	Low Tide	DEX262600101	4065629200101	401	100	Song	AT	0	0.9170469000
2026-03-03	2026-01	YouTube Music	The Linden Hours	Low Tide	DEX262600101	4065629200101	371	100	Song	CH	0	0.7424823000
2026-03-03	2026-01	YouTube Music	The Linden Hours	Low Tide	DEX262600101	4065629200101	1540	100	Song	DE	0	3.4345080000
2026-03-03	2026-01	YouTube Music	The Linden Hours	Low Tide	DEX262600101	4065629200101	378	100	Song	GB	0	0.7374402000
2026-03-03	2026-01	YouTube Music	The Linden Hours	Low Tide	DEX262600101	4065629200101	466	100	Song	NL	0	1.0108938000
2026-03-03	2026-01	YouTube Music	The Linden Hours	Low Tide	DEX262600101	4065629200101	256	100	Song	PL	0	0.5897472000
2026-03-03	2026-01	YouTube Music	The Linden Hours	Low Tide	DEX262600101	4065629200101	270	100	Song	SE	0	0.6032880000
2026-03-03	2026-01	YouTube Music	The Linden Hours	Low Tide	DEX262600101	4065629200101	793	100	Song	US	0	1.7335773000
2026-03-03	2026-01	YouTube Music	The Linden Hours	Paper Lanterns	DEX262600102	4065629200101	640	100	Song	AT	0	1.2633600000
2026-03-03	2026-01	YouTube Music	The Linden Hours	Paper Lanterns	DEX262600102	4065629200101	625	100	Song	CH	0	1.3768125000
2026-03-03	2026-01	YouTube Music	The Linden Hours	Paper Lanterns	DEX262600102	4065629200101	2972	100	Song	DE	0	6.7092900000
2026-03-03	2026-01	YouTube Music	The Linden Hours	Paper Lanterns	DEX262600102	4065629200101	751	100	Song	GB	0	1.4903595000
2026-03-03	2026-01	YouTube Music	The Linden Hours	Paper Lanterns	DEX262600102	4065629200101	695	100	Song	NL	0	1.3573350000
2026-03-03	2026-01	YouTube Music	The Linden Hours	Paper Lanterns	DEX262600102	4065629200101	549	100	Song	PL	0	1.1621232000
2026-03-03	2026-01	YouTube Music	The Linden Hours	Paper Lanterns	DEX262600102	4065629200101	445	100	Song	SE	0	0.8728230000
2026-03-03	2026-01	YouTube Music	The Linden Hours	Paper Lanterns	DEX262600102	4065629200101	1146	100	Song	US	0	2.3825340000
2026-03-03	2026-01	YouTube Music	The Linden Hours	Northbound	DEX262600103	4065629200101	285	100	Song	AT	0	0.6362055000
2026-03-03	2026-01	YouTube Music	The Linden Hours	Northbound	DEX262600103	4065629200101	247	100	Song	CH	0	0.4844658000
2026-03-03	2026-01	YouTube Music	The Linden Hours	Northbound	DEX262600103	4065629200101	1025	100	Song	DE	0	2.1955500000
2026-03-03	2026-01	YouTube Music	The Linden Hours	Northbound	DEX262600103	4065629200101	314	100	Song	GB	0	0.6303864000
2026-03-03	2026-01	YouTube Music	The Linden Hours	Northbound	DEX262600103	4065629200101	266	100	Song	NL	0	0.5703306000
2026-03-03	2026-01	YouTube Music	The Linden Hours	Northbound	DEX262600103	4065629200101	197	100	Song	PL	0	0.4045986000
2026-03-03	2026-01	YouTube Music	The Linden Hours	Northbound	DEX262600103	4065629200101	184	100	Song	SE	0	0.3744216000
2026-03-03	2026-01	YouTube Music	The Linden Hours	Northbound	DEX262600103	4065629200101	605	100	Song	US	0	1.2603360000
2026-03-03	2026-01	YouTube Music	The Linden Hours	Salt and Iron	DEX262600104	4065629200101	255	100	Song	AT	0	0.5349645000
2026-03-03	2026-01	YouTube Music	The Linden Hours	Salt and Iron	DEX262600104	4065629200101	174	100	Song	CH	0	0.3617460000
2026-03-03	2026-01	YouTube Music	The Linden Hours	Salt and Iron	DEX262600104	4065629200101	1060	100	Song	DE	0	2.2705200000
2026-03-03	2026-01	YouTube Music	The Linden Hours	Salt and Iron	DEX262600104	4065629200101	274	100	Song	GB	0	0.5989914000
2026-03-03	2026-01	YouTube Music	The Linden Hours	Salt and Iron	DEX262600104	4065629200101	205	100	Song	NL	0	0.4619265000
2026-03-03	2026-01	YouTube Music	The Linden Hours	Salt and Iron	DEX262600104	4065629200101	152	100	Song	PL	0	0.3389904000
2026-03-03	2026-01	YouTube Music	The Linden Hours	Salt and Iron	DEX262600104	4065629200101	195	100	Song	SE	0	0.4135950000
2026-03-03	2026-01	YouTube Music	The Linden Hours	Salt and Iron	DEX262600104	4065629200101	472	100	Song	US	0	1.0516632000
2026-03-03	2026-01	YouTube Music	The Linden Hours	The Quiet Year	DEX262600105	4065629200101	205	100	Song	AT	0	0.4408320000
2026-03-03	2026-01	YouTube Music	The Linden Hours	The Quiet Year	DEX262600105	4065629200101	155	100	Song	CH	0	0.3538185000
2026-03-03	2026-01	YouTube Music	The Linden Hours	The Quiet Year	DEX262600105	4065629200101	806	100	Song	DE	0	1.6553628000
2026-03-03	2026-01	YouTube Music	The Linden Hours	The Quiet Year	DEX262600105	4065629200101	204	100	Song	GB	0	0.4014108000
2026-03-03	2026-01	YouTube Music	The Linden Hours	The Quiet Year	DEX262600105	4065629200101	171	100	Song	NL	0	0.3508407000
2026-03-03	2026-01	YouTube Music	The Linden Hours	The Quiet Year	DEX262600105	4065629200101	133	100	Song	PL	0	0.2935443000
2026-03-03	2026-01	YouTube Music	The Linden Hours	The Quiet Year	DEX262600105	4065629200101	126	100	Song	SE	0	0.2593080000
2026-03-03	2026-01	YouTube Music	The Linden Hours	The Quiet Year	DEX262600105	4065629200101	382	100	Song	US	0	0.7957824000
2026-03-03	2026-01	YouTube Music	The Linden Hours	Glasshouse	DEX262600106	4065629200101	344	100	Song	AT	0	0.6754440000
2026-03-03	2026-01	YouTube Music	The Linden Hours	Glasshouse	DEX262600106	4065629200101	302	100	Song	CH	0	0.6208818000
2026-03-03	2026-01	YouTube Music	The Linden Hours	Glasshouse	DEX262600106	4065629200101	1702	100	Song	DE	0	3.8529876000
2026-03-03	2026-01	YouTube Music	The Linden Hours	Glasshouse	DEX262600106	4065629200101	309	100	Song	GB	0	0.6618780000
2026-03-03	2026-01	YouTube Music	The Linden Hours	Glasshouse	DEX262600106	4065629200101	342	100	Song	NL	0	0.6585894000
2026-03-03	2026-01	YouTube Music	The Linden Hours	Glasshouse	DEX262600106	4065629200101	251	100	Song	PL	0	0.4907301000
2026-03-03	2026-01	YouTube Music	The Linden Hours	Glasshouse	DEX262600106	4065629200101	195	100	Song	SE	0	0.4049955000
2026-03-03	2026-01	YouTube Music	The Linden Hours	Glasshouse	DEX262600106	4065629200101	554	100	Song	US	0	1.1948118000
2026-03-03	2026-01	YouTube Music	The Linden Hours	Second Light	DEX262600107	4065629200101	149	100	Song	AT	0	0.3219741000
2026-03-03	2026-01	YouTube Music	The Linden Hours	Second Light	DEX262600107	4065629200101	95	100	Song	CH	0	0.1841385000
2026-03-03	2026-01	YouTube Music	The Linden Hours	Second Light	DEX262600107	4065629200101	610	100	Song	DE	0	1.2848430000
2026-03-03	2026-01	YouTube Music	The Linden Hours	Second Light	DEX262600107	4065629200101	136	100	Song	GB	0	0.2873136000
2026-03-03	2026-01	YouTube Music	The Linden Hours	Second Light	DEX262600107	4065629200101	147	100	Song	NL	0	0.2806083000
2026-03-03	2026-01	YouTube Music	The Linden Hours	Second Light	DEX262600107	4065629200101	98	100	Song	PL	0	0.2200002000
2026-03-03	2026-01	YouTube Music	The Linden Hours	Second Light	DEX262600107	4065629200101	116	100	Song	SE	0	0.2404332000
2026-03-03	2026-01	YouTube Music	The Linden Hours	Second Light	DEX262600107	4065629200101	267	100	Song	US	0	0.5719140000
2026-03-03	2026-01	YouTube Music	The Linden Hours	Linden	DEX262600108	4065629200101	242	100	Song	AT	0	0.4949868000
2026-03-03	2026-01	YouTube Music	The Linden Hours	Linden	DEX262600108	4065629200101	205	100	Song	CH	0	0.4081140000
2026-03-03	2026-01	YouTube Music	The Linden Hours	Linden	DEX262600108	4065629200101	1132	100	Song	DE	0	2.2916208000
2026-03-03	2026-01	YouTube Music	The Linden Hours	Linden	DEX262600108	4065629200101	297	100	Song	GB	0	0.6411636000
2026-03-03	2026-01	YouTube Music	The Linden Hours	Linden	DEX262600108	4065629200101	258	100	Song	NL	0	0.5694318000
2026-03-03	2026-01	YouTube Music	The Linden Hours	Linden	DEX262600108	4065629200101	154	100	Song	PL	0	0.3078768000
2026-03-03	2026-01	YouTube Music	The Linden Hours	Linden	DEX262600108	4065629200101	154	100	Song	SE	0	0.3227532000
2026-03-03	2026-01	YouTube Music	The Linden Hours	Linden	DEX262600108	4065629200101	312	100	Song	US	0	0.6820632000
2026-03-03	2026-01	YouTube Music	The Linden Hours	Summer Static	DEX262600201	4065629200201	1045	100	Song	AT	0	2.0869695000
2026-03-03	2026-01	YouTube Music	The Linden Hours	Summer Static	DEX262600201	4065629200201	816	100	Song	CH	0	1.6450560000
2026-03-03	2026-01	YouTube Music	The Linden Hours	Summer Static	DEX262600201	4065629200201	3766	100	Song	DE	0	8.2803042000
2026-03-03	2026-01	YouTube Music	The Linden Hours	Summer Static	DEX262600201	4065629200201	1002	100	Song	GB	0	2.1820554000
2026-03-03	2026-01	YouTube Music	The Linden Hours	Summer Static	DEX262600201	4065629200201	896	100	Song	NL	0	2.0452992000
2026-03-03	2026-01	YouTube Music	The Linden Hours	Summer Static	DEX262600201	4065629200201	495	100	Song	PL	0	0.9365895000
2026-03-03	2026-01	YouTube Music	The Linden Hours	Summer Static	DEX262600201	4065629200201	563	100	Song	SE	0	1.1314611000
2026-03-03	2026-01	YouTube Music	The Linden Hours	Summer Static	DEX262600201	4065629200201	1450	100	Song	US	0	2.7831300000
2026-04-04	2026-02	Amazon Music	The Linden Hours	Low Tide	DEX262600101	4065629200101	434	100	Song	AT	0	2.1111930000
2026-04-04	2026-02	Amazon Music	The Linden Hours	Low Tide	DEX262600101	4065629200101	331	100	Song	CH	0	1.3614030000
2026-04-04	2026-02	Amazon Music	The Linden Hours	Low Tide	DEX262600101	4065629200101	1640	100	Song	DE	0	8.0811000000
2026-04-04	2026-02	Amazon Music	The Linden Hours	Low Tide	DEX262600101	4065629200101	466	100	Song	GB	0	1.9732770000
2026-04-04	2026-02	Amazon Music	The Linden Hours	Low Tide	DEX262600101	4065629200101	465	100	Song	NL	0	2.0088000000
2026-04-04	2026-02	Amazon Music	The Linden Hours	Low Tide	DEX262600101	4065629200101	214	100	Song	PL	0	0.9004050000
2026-04-04	2026-02	Amazon Music	The Linden Hours	Low Tide	DEX262600101	4065629200101	294	100	Song	SE	0	1.3600440000
2026-04-04	2026-02	Amazon Music	The Linden Hours	Low Tide	DEX262600101	4065629200101	762	100	Song	US	0	3.4632900000
2026-04-04	2026-02	Amazon Music	The Linden Hours	Paper Lanterns	DEX262600102	4065629200101	719	100	Song	AT	0	3.2225580000
2026-04-04	2026-02	Amazon Music	The Linden Hours	Paper Lanterns	DEX262600102	4065629200101	507	100	Song	CH	0	2.2632480000
2026-04-04	2026-02	Amazon Music	The Linden Hours	Paper Lanterns	DEX262600102	4065629200101	2614	100	Song	DE	0	11.1513240000
2026-04-04	2026-02	Amazon Music	The Linden Hours	Paper Lanterns	DEX262600102	4065629200101	650	100	Song	GB	0	2.7992250000
2026-04-04	2026-02	Amazon Music	The Linden Hours	Paper Lanterns	DEX262600102	4065629200101	562	100	Song	NL	0	2.5517610000
2026-04-04	2026-02	Amazon Music	The Linden Hours	Paper Lanterns	DEX262600102	4065629200101	323	100	Song	PL	0	1.3096035000
2026-04-04	2026-02	Amazon Music	The Linden Hours	Paper Lanterns	DEX262600102	4065629200101	311	100	Song	SE	0	1.3127310000
2026-04-04	2026-02	Amazon Music	The Linden Hours	Paper Lanterns	DEX262600102	4065629200101	1272	100	Song	US	0	5.1859440000
2026-04-04	2026-02	Amazon Music	The Linden Hours	Northbound	DEX262600103	4065629200101	244	100	Song	AT	0	1.0409040000
2026-04-04	2026-02	Amazon Music	The Linden Hours	Northbound	DEX262600103	4065629200101	221	100	Song	CH	0	0.9417915000
2026-04-04	2026-02	Amazon Music	The Linden Hours	Northbound	DEX262600103	4065629200101	1141	100	Song	DE	0	4.6621260000
2026-04-04	2026-02	Amazon Music	The Linden Hours	Northbound	DEX262600103	4065629200101	303	100	Song	GB	0	1.4166765000
2026-04-04	2026-02	Amazon Music	The Linden Hours	Northbound	DEX262600103	4065629200101	292	100	Song	NL	0	1.3074300000
2026-04-04	2026-02	Amazon Music	The Linden Hours	Northbound	DEX262600103	4065629200101	198	100	Song	PL	0	0.9239670000
2026-04-04	2026-02	Amazon Music	The Linden Hours	Northbound	DEX262600103	4065629200101	189	100	Song	SE	0	0.8054235000
2026-04-04	2026-02	Amazon Music	The Linden Hours	Northbound	DEX262600103	4065629200101	419	100	Song	US	0	1.7629425000
2026-04-04	2026-02	Amazon Music	The Linden Hours	Salt and Iron	DEX262600104	4065629200101	189	100	Song	AT	0	0.8096760000
2026-04-04	2026-02	Amazon Music	The Linden Hours	Salt and Iron	DEX262600104	4065629200101	157	100	Song	CH	0	0.7114455000
2026-04-04	2026-02	Amazon Music	The Linden Hours	Salt and Iron	DEX262600104	4065629200101	921	100	Song	DE	0	4.4221815000
2026-04-04	2026-02	Amazon Music	The Linden Hours	Salt and Iron	DEX262600104	4065629200101	316	100	Song	GB	0	1.5243840000
2026-04-04	2026-02	Amazon Music	The Linden Hours	Salt and Iron	DEX262600104	4065629200101	170	100	Song	NL	0	0.7917750000
2026-04-04	2026-02	Amazon Music	The Linden Hours	Salt and Iron	DEX262600104	4065629200101	161	100	Song	PL	0	0.7208775000
2026-04-04	2026-02	Amazon Music	The Linden Hours	Salt and Iron	DEX262600104	4065629200101	156	100	Song	SE	0	0.6977880000
2026-04-04	2026-02	Amazon Music	The Linden Hours	Salt and Iron	DEX262600104	4065629200101	453	100	Song	US	0	1.9773450000
2026-04-04	2026-02	Amazon Music	The Linden Hours	The Quiet Year	DEX262600105	4065629200101	134	100	Song	AT	0	0.5475240000
2026-04-04	2026-02	Amazon Music	The Linden Hours	The Quiet Year	DEX262600105	4065629200101	153	100	Song	CH	0	0.6279120000
2026-04-04	2026-02	Amazon Music	The Linden Hours	The Quiet Year	DEX262600105	4065629200101	722	100	Song	DE	0	3.0378150000
2026-04-04	2026-02	Amazon Music	The Linden Hours	The Quiet Year	DEX262600105	4065629200101	198	100	Song	GB	0	0.9043650000
2026-04-04	2026-02	Amazon Music	The Linden Hours	The Quiet Year	DEX262600105	4065629200101	160	100	Song	NL	0	0.7365600000
2026-04-04	2026-02	Amazon Music	The Linden Hours	The Quiet Year	DEX262600105	4065629200101	96	100	Song	PL	0	0.4613760000
2026-04-04	2026-02	Amazon Music	The Linden Hours	The Quiet Year	DEX262600105	4065629200101	109	100	Song	SE	0	0.5351355000
2026-04-04	2026-02	Amazon Music	The Linden Hours	The Quiet Year	DEX262600105	4065629200101	383	100	Song	US	0	1.7545230000
2026-04-04	2026-02	Amazon Music	The Linden Hours	Glasshouse	DEX262600106	4065629200101	294	100	Song	AT	0	1.2780180000
2026-04-04	2026-02	Amazon Music	The Linden Hours	Glasshouse	DEX262600106	4065629200101	209	100	Song	CH	0	0.9188685000
2026-04-04	2026-02	Amazon Music	The Linden Hours	Glasshouse	DEX262600106	4065629200101	1362	100	Song	DE	0	6.4415790000
2026-04-04	2026-02	Amazon Music	The Linden Hours	Glasshouse	DEX262600106	4065629200101	350	100	Song	GB	0	1.4332500000
2026-04-04	2026-02	Amazon Music	The Linden Hours	Glasshouse	DEX262600106	4065629200101	315	100	Song	NL	0	1.3083525000
2026-04-04	2026-02	Amazon Music	The Linden Hours	Glasshouse	DEX262600106	4065629200101	220	100	Song	PL	0	1.0563300000
2026-04-04	2026-02	Amazon Music	The Linden Hours	Glasshouse	DEX262600106	4065629200101	241	100	Song	SE	0	1.0779930000
2026-04-04	2026-02	Amazon Music	The Linden Hours	Glasshouse	DEX262600106	4065629200101	573	100	Song	US	0	2.4573105000
2026-04-04	2026-02	Amazon Music	The Linden Hours	Second Light	DEX262600107	4065629200101	102	100	Song	AT	0	0.4576230000
2026-04-04	2026-02	Amazon Music	The Linden Hours	Second Light	DEX262600107	4065629200101	123	100	Song	CH	0	0.5922450000
2026-04-04	2026-02	Amazon Music	The Linden Hours	Second Light	DEX262600107	4065629200101	673	100	Song	DE	0	3.0587850000
2026-04-04	2026-02	Amazon Music	The Linden Hours	Second Light	DEX262600107	4065629200101	149	100	Song	GB	0	0.7241400000
2026-04-04	2026-02	Amazon Music	The Linden Hours	Second Light	DEX262600107	4065629200101	112	100	Song	NL	0	0.5080320000
2026-04-04	2026-02	Amazon Music	The Linden Hours	Second Light	DEX262600107	4065629200101	115	100	Song	PL	0	0.4988700000
2026-04-04	2026-02	Amazon Music	The Linden Hours	Second Light	DEX262600107	4065629200101	95	100	Song	SE	0	0.4561425000
2026-04-04	2026-02	Amazon Music	The Linden Hours	Second Light	DEX262600107	4065629200101	243	100	Song	US	0	1.0672560000
2026-04-04	2026-02	Amazon Music	The Linden Hours	Linden	DEX262600108	4065629200101	233	100	Song	AT	0	1.1523015000
2026-04-04	2026-02	Amazon Music	The Linden Hours	Linden	DEX262600108	4065629200101	201	100	Song	CH	0	0.8800785000
2026-04-04	2026-02	Amazon Music	The Linden Hours	Linden	DEX262600108	4065629200101	901	100	Song	DE	0	3.9896280000
2026-04-04	2026-02	Amazon Music	The Linden Hours	Linden	DEX262600108	4065629200101	284	100	Song	GB	0	1.2780000000
2026-04-04	2026-02	Amazon Music	The Linden Hours	Linden	DEX262600108	4065629200101	228	100	Song	NL	0	1.0937160000
2026-04-04	2026-02	Amazon Music	The Linden Hours	Linden	DEX262600108	4065629200101	141	100	Song	PL	0	0.6808185000
2026-04-04	2026-02	Amazon Music	The Linden Hours	Linden	DEX262600108	4065629200101	156	100	Song	SE	0	0.6423300000
2026-04-04	2026-02	Amazon Music	The Linden Hours	Linden	DEX262600108	4065629200101	427	100	Song	US	0	1.8254250000
2026-04-04	2026-02	Amazon Music	The Linden Hours	Summer Static	DEX262600201	4065629200201	937	100	Song	AT	0	4.4146755000
2026-04-04	2026-02	Amazon Music	The Linden Hours	Summer Static	DEX262600201	4065629200201	566	100	Song	CH	0	2.6234100000
2026-04-04	2026-02	Amazon Music	The Linden Hours	Summer Static	DEX262600201	4065629200201	2754	100	Song	DE	0	13.5083700000
2026-04-04	2026-02	Amazon Music	The Linden Hours	Summer Static	DEX262600201	4065629200201	958	100	Song	GB	0	3.9057660000
2026-04-04	2026-02	Amazon Music	The Linden Hours	Summer Static	DEX262600201	4065629200201	709	100	Song	NL	0	3.3213105000
2026-04-04	2026-02	Amazon Music	The Linden Hours	Summer Static	DEX262600201	4065629200201	531	100	Song	PL	0	2.4420690000
2026-04-04	2026-02	Amazon Music	The Linden Hours	Summer Static	DEX262600201	4065629200201	540	100	Song	SE	0	2.1870000000
2026-04-04	2026-02	Amazon Music	The Linden Hours	Summer Static	DEX262600201	4065629200201	1217	100	Song	US	0	5.5531710000
2026-04-04	2026-01	Apple Music	The Linden Hours	Low Tide	DEX262600101	4065629200101	672	100	Song	AT	0	5.0908704000
2026-04-04	2026-01	Apple Music	The Linden Hours	Low Tide	DEX262600101	4065629200101	644	100	Song	CH	0	4.1654564000
2026-04-04	2026-01	Apple Music	The Linden Hours	Low Tide	DEX262600101	4065629200101	2857	100	Song	DE	0	18.3373688000
2026-04-04	2026-01	Apple Music	The Linden Hours	Low Tide	DEX262600101	4065629200101	850	100	Song	GB	0	6.4393450000
2026-04-04	2026-01	Apple Music	The Linden Hours	Low Tide	DEX262600101	4065629200101	650	100	Song	NL	0	4.8180600000
2026-04-04	2026-01	Apple Music	The Linden Hours	Low Tide	DEX262600101	4065629200101	523	100	Song	PL	0	3.9806576000
2026-04-04	2026-01	Apple Music	The Linden Hours	Low Tide	DEX262600101	4065629200101	521	100	Song	SE	0	4.0616118000
2026-04-04	2026-01	Apple Music	The Linden Hours	Low Tide	DEX262600101	4065629200101	1142	100	Song	US	0	8.8703708000
2026-04-04	2026-01	Apple Music	The Linden Hours	Paper Lanterns	DEX262600102	4065629200101	992	100	Song	AT	0	6.9586816000
2026-04-04	2026-01	Apple Music	The Linden Hours	Paper Lanterns	DEX262600102	4065629200101	652	100	Song	CH	0	4.9393564000
2026-04-04	2026-01	Apple Music	The Linden Hours	Paper Lanterns	DEX262600102	4065629200101	4597	100	Song	DE	0	30.8109328000
2026-04-04	2026-01	Apple Music	The Linden Hours	Paper Lanterns	DEX262600102	4065629200101	1080	100	Song	GB	0	7.9593840000
2026-04-04	2026-01	Apple Music	The Linden Hours	Paper Lanterns	DEX262600102	4065629200101	1159	100	Song	NL	0	8.9941877000
2026-04-04	2026-01	Apple Music	The Linden Hours	Paper Lanterns	DEX262600102	4065629200101	706	100	Song	PL	0	4.6015668000
2026-04-04	2026-01	Apple Music	The Linden Hours	Paper Lanterns	DEX262600102	4065629200101	710	100	Song	SE	0	5.1519020000
2026-04-04	2026-01	Apple Music	The Linden Hours	Paper Lanterns	DEX262600102	4065629200101	1713	100	Song	US	0	12.7704150000
2026-04-04	2026-01	Apple Music	The Linden Hours	Northbound	DEX262600103	4065629200101	459	100	Song	AT	0	3.4805052000
2026-04-04	2026-01	Apple Music	The Linden Hours	Northbound	DEX262600103	4065629200101	377	100	Song	CH	0	2.8158884000
2026-04-04	2026-01	Apple Music	The Linden Hours	Northbound	DEX262600103	4065629200101	1852	100	Song	DE	0	13.5436760000
2026-04-04	2026-01	Apple Music	The Linden Hours	Northbound	DEX262600103	4065629200101	527	100	Song	GB	0	3.4124304000
2026-04-04	2026-01	Apple Music	The Linden Hours	Northbound	DEX262600103	4065629200101	414	100	Song	NL	0	2.9041272000
2026-04-04	2026-01	Apple Music	The Linden Hours	Northbound	DEX262600103	4065629200101	380	100	Song	PL	0	2.6386440000
2026-04-04	2026-01	Apple Music	The Linden Hours	Northbound	DEX262600103	4065629200101	326	100	Song	SE	0	2.4511614000
2026-04-04	2026-01	Apple Music	The Linden Hours	Northbound	DEX262600103	4065629200101	910	100	Song	US	0	6.4222340000
2026-04-04	2026-01	Apple Music	The Linden Hours	Salt and Iron	DEX262600104	4065629200101	434	100	Song	AT	0	3.3309934000
2026-04-04	2026-01	Apple Music	The Linden Hours	Salt and Iron	DEX262600104	4065629200101	392	100	Song	CH	0	2.9362760000
2026-04-04	2026-01	Apple Music	The Linden Hours	Salt and Iron	DEX262600104	4065629200101	1221	100	Song	DE	0	8.2009686000
2026-04-04	2026-01	Apple Music	The Linden Hours	Salt and Iron	DEX262600104	4065629200101	431	100	Song	GB	0	3.0754005000
2026-04-04	2026-01	Apple Music	The Linden Hours	Salt and Iron	DEX262600104	4065629200101	397	100	Song	NL	0	3.0385586000
2026-04-04	2026-01	Apple Music	The Linden Hours	Salt and Iron	DEX262600104	4065629200101	273	100	Song	PL	0	1.7735445000
2026-04-04	2026-01	Apple Music	The Linden Hours	Salt and Iron	DEX262600104	4065629200101	261	100	Song	SE	0	1.9420488000
2026-04-04	2026-01	Apple Music	The Linden Hours	Salt and Iron	DEX262600104	4065629200101	695	100	Song	US	0	4.4607880000
2026-04-04	2026-01	Apple Music	The Linden Hours	The Quiet Year	DEX262600105	4065629200101	305	100	Song	AT	0	2.3409055000
2026-04-04	2026-01	Apple Music	The Linden Hours	The Quiet Year	DEX262600105	4065629200101	286	100	Song	CH	0	1.9493760000
2026-04-04	2026-01	Apple Music	The Linden Hours	The Quiet Year	DEX262600105	4065629200101	1152	100	Song	DE	0	7.8438528000
2026-04-04	2026-01	Apple Music	The Linden Hours	The Quiet Year	DEX262600105	4065629200101	290	100	Song	GB	0	2.2463690000
2026-04-04	2026-01	Apple Music	The Linden Hours	The Quiet Year	DEX262600105	4065629200101	337	100	Song	NL	0	2.1797497000
2026-04-04	2026-01	Apple Music	The Linden Hours	The Quiet Year	DEX262600105	4065629200101	190	100	Song	PL	0	1.2667110000
2026-04-04	2026-01	Apple Music	The Linden Hours	The Quiet Year	DEX262600105	4065629200101	214	100	Song	SE	0	1.5042060000
2026-04-04	2026-01	Apple Music	The Linden Hours	The Quiet Year	DEX262600105	4065629200101	623	100	Song	US	0	4.3171408000
2026-04-04	2026-01	Apple Music	The Linden Hours	Glasshouse	DEX262600106	4065629200101	502	100	Song	AT	0	3.3681690000
2026-04-04	2026-01	Apple Music	The Linden Hours	Glasshouse	DEX262600106	4065629200101	320	100	Song	CH	0	2.1697600000
2026-04-04	2026-01	Apple Music	The Linden Hours	Glasshouse	DEX262600106	4065629200101	2640	100	Song	DE	0	17.3756880000
2026-04-04	2026-01	Apple Music	The Linden Hours	Glasshouse	DEX262600106	4065629200101	623	100	Song	GB	0	4.4984961000
2026-04-04	2026-01	Apple Music	The Linden Hours	Glasshouse	DEX262600106	4065629200101	482	100	Song	NL	0	3.1210464000
2026-04-04	2026-01	Apple Music	The Linden Hours	Glasshouse	DEX262600106	4065629200101	414	100	Song	PL	0	3.0893094000
2026-04-04	2026-01	Apple Music	The Linden Hours	Glasshouse	DEX262600106	4065629200101	373	100	Song	SE	0	2.8945919000
2026-04-04	2026-01	Apple Music	The Linden Hours	Glasshouse	DEX262600106	4065629200101	879	100	Song	US	0	5.8414824000
2026-04-04	2026-01	Apple Music	The Linden Hours	Second Light	DEX262600107	4065629200101	245	100	Song	AT	0	1.7342815000
2026-04-04	2026-01	Apple Music	The Linden Hours	Second Light	DEX262600107	4065629200101	219	100	Song	CH	0	1.4040747000
2026-04-04	2026-01	Apple Music	The Linden Hours	Second Light	DEX262600107	4065629200101	822	100	Song	DE	0	5.4276660000
2026-04-04	2026-01	Apple Music	The Linden Hours	Second Light	DEX262600107	4065629200101	228	100	Song	GB	0	1.5864240000
2026-04-04	2026-01	Apple Music	The Linden Hours	Second Light	DEX262600107	4065629200101	177	100	Song	NL	0	1.3647762000
2026-04-04	2026-01	Apple Music	The Linden Hours	Second Light	DEX262600107	4065629200101	154	100	Song	PL	0	1.1655644000
2026-04-04	2026-01	Apple Music	The Linden Hours	Second Light	DEX262600107	4065629200101	180	100	Song	SE	0	1.1617020000
2026-04-04	2026-01	Apple Music	The Linden Hours	Second Light	DEX262600107	4065629200101	422	100	Song	US	0	3.1609910000
2026-04-04	2026-01	Apple Music	The Linden Hours	Linden	DEX262600108	4065629200101	338	100	Song	AT	0	2.2438130000
2026-04-04	2026-01	Apple Music	The Linden Hours	Linden	DEX262600108	4065629200101	252	100	Song	CH	0	1.7015292000
2026-04-04	2026-01	Apple Music	The Linden Hours	Linden	DEX262600108	4065629200101	1985	100	Song	DE	0	15.1082320000
2026-04-04	2026-01	Apple Music	The Linden Hours	Linden	DEX262600108	4065629200101	413	100	Song	GB	0	2.9352323000
2026-04-04	2026-01	Apple Music	The Linden Hours	Linden	DEX262600108	4065629200101	350	100	Song	NL	0	2.6042800000
2026-04-04	2026-01	Apple Music	The Linden Hours	Linden	DEX262600108	4065629200101	263	100	Song	PL	0	1.8168829000
2026-04-04	2026-01	Apple Music	The Linden Hours	Linden	DEX262600108	4065629200101	270	100	Song	SE	0	2.0032650000
2026-04-04	2026-01	Apple Music	The Linden Hours	Linden	DEX262600108	4065629200101	551	100	Song	US	0	3.7321434000
2026-04-04	2026-01	Apple Music	The Linden Hours	Summer Static	DEX262600201	4065629200201	1339	100	Song	AT	0	9.0695826000
2026-04-04	2026-01	Apple Music	The Linden Hours	Summer Static	DEX262600201	4065629200201	1227	100	Song	CH	0	9.3040956000
2026-04-04	2026-01	Apple Music	The Linden Hours	Summer Static	DEX262600201	4065629200201	6802	100	Song	DE	0	45.9277842000
2026-04-04	2026-01	Apple Music	The Linden Hours	Summer Static	DEX262600201	4065629200201	1286	100	Song	GB	0	9.3588650000
2026-04-04	2026-01	Apple Music	The Linden Hours	Summer Static	DEX262600201	4065629200201	1241	100	Song	NL	0	9.6833989000
2026-04-04	2026-01	Apple Music	The Linden Hours	Summer Static	DEX262600201	4065629200201	925	100	Song	PL	0	7.0929000000
2026-04-04	2026-01	Apple Music	The Linden Hours	Summer Static	DEX262600201	4065629200201	1154	100	Song	SE	0	7.6198620000
2026-04-04	2026-01	Apple Music	The Linden Hours	Summer Static	DEX262600201	4065629200201	2694	100	Song	US	0	19.4334384000
2026-04-04	2026-02	Deezer	The Linden Hours	Low Tide	DEX262600101	4065629200101	392	100	Song	AT	0	1.3773312000
2026-04-04	2026-02	Deezer	The Linden Hours	Low Tide	DEX262600101	4065629200101	271	100	Song	CH	0	0.9082836000
2026-04-04	2026-02	Deezer	The Linden Hours	Low Tide	DEX262600101	4065629200101	1178	100	Song	DE	0	4.1008536000
2026-04-04	2026-02	Deezer	The Linden Hours	Low Tide	DEX262600101	4065629200101	291	100	Song	GB	0	1.0559808000
2026-04-04	2026-02	Deezer	The Linden Hours	Low Tide	DEX262600101	4065629200101	321	100	Song	NL	0	1.2260916000
2026-04-04	2026-02	Deezer	The Linden Hours	Low Tide	DEX262600101	4065629200101	183	100	Song	PL	0	0.6660468000
2026-04-04	2026-02	Deezer	The Linden Hours	Low Tide	DEX262600101	4065629200101	215	100	Song	SE	0	0.7825140000
2026-04-04	2026-02	Deezer	The Linden Hours	Low Tide	DEX262600101	4065629200101	571	100	Song	US	0	1.9343196000
2026-04-04	2026-02	Deezer	The Linden Hours	Paper Lanterns	DEX262600102	4065629200101	435	100	Song	AT	0	1.6787520000
2026-04-04	2026-02	Deezer	The Linden Hours	Paper Lanterns	DEX262600102	4065629200101	341	100	Song	CH	0	1.1404404000
2026-04-04	2026-02	Deezer	The Linden Hours	Paper Lanterns	DEX262600102	4065629200101	2109	100	Song	DE	0	7.2203724000
2026-04-04	2026-02	Deezer	The Linden Hours	Paper Lanterns	DEX262600102	4065629200101	490	100	Song	GB	0	1.6034760000
2026-04-04	2026-02	Deezer	The Linden Hours	Paper Lanterns	DEX262600102	4065629200101	333	100	Song	NL	0	1.2587400000
2026-04-04	2026-02	Deezer	The Linden Hours	Paper Lanterns	DEX262600102	4065629200101	315	100	Song	PL	0	1.0432800000
2026-04-04	2026-02	Deezer	The Linden Hours	Paper Lanterns	DEX262600102	4065629200101	352	100	Song	SE	0	1.2304512000
2026-04-04	2026-02	Deezer	The Linden Hours	Paper Lanterns	DEX262600102	4065629200101	669	100	Song	US	0	2.4252588000
2026-04-04	2026-02	Deezer	The Linden Hours	Northbound	DEX262600103	4065629200101	197	100	Song	AT	0	0.7730280000
2026-04-04	2026-02	Deezer	The Linden Hours	Northbound	DEX262600103	4065629200101	152	100	Song	CH	0	0.4979520000
2026-04-04	2026-02	Deezer	The Linden Hours	Northbound	DEX262600103	4065629200101	871	100	Song	DE	0	3.0791592000
2026-04-04	2026-02	Deezer	The Linden Hours	Northbound	DEX262600103	4065629200101	237	100	Song	GB	0	0.8506404000
2026-04-04	2026-02	Deezer	The Linden Hours	Northbound	DEX262600103	4065629200101	177	100	Song	NL	0	0.5970564000
2026-04-04	2026-02	Deezer	The Linden Hours	Northbound	DEX262600103	4065629200101	131	100	Song	PL	0	0.4961232000
2026-04-04	2026-02	Deezer	The Linden Hours	Northbound	DEX262600103	4065629200101	133	100	Song	SE	0	0.4323564000
2026-04-04	2026-02	Deezer	The Linden Hours	Northbound	DEX262600103	4065629200101	438	100	Song	US	0	1.4680008000
2026-04-04	2026-02	Deezer	The Linden Hours	Salt and Iron	DEX262600104	4065629200101	191	100	Song	AT	0	0.6896628000
2026-04-04	2026-02	Deezer	The Linden Hours	Salt and Iron	DEX262600104	4065629200101	154	100	Song	CH	0	0.5826744000
2026-04-04	2026-02	Deezer	The Linden Hours	Salt and Iron	DEX262600104	4065629200101	843	100	Song	DE	0	2.8891296000
2026-04-04	2026-02	Deezer	The Linden Hours	Salt and Iron	DEX262600104	4065629200101	209	100	Song	GB	0	0.6846840000
2026-04-04	2026-02	Deezer	The Linden Hours	Salt and Iron	DEX262600104	4065629200101	137	100	Song	NL	0	0.5311764000
2026-04-04	2026-02	Deezer	The Linden Hours	Salt and Iron	DEX262600104	4065629200101	114	100	Song	PL	0	0.4354344000
2026-04-04	2026-02	Deezer	The Linden Hours	Salt and Iron	DEX262600104	4065629200101	103	100	Song	SE	0	0.3455856000
2026-04-04	2026-02	Deezer	The Linden Hours	Salt and Iron	DEX262600104	4065629200101	299	100	Song	US	0	1.1259144000
2026-04-04	2026-02	Deezer	The Linden Hours	The Quiet Year	DEX262600105	4065629200101	148	100	Song	AT	0	0.5018976000
2026-04-04	2026-02	Deezer	The Linden Hours	The Quiet Year	DEX262600105	4065629200101	115	100	Song	CH	0	0.3812940000
2026-04-04	2026-02	Deezer	The Linden Hours	The Quiet Year	DEX262600105	4065629200101	535	100	Song	DE	0	2.0396340000
2026-04-04	2026-02	Deezer	The Linden Hours	The Quiet Year	DEX262600105	4065629200101	155	100	Song	GB	0	0.6093360000
2026-04-04	2026-02	Deezer	The Linden Hours	The Quiet Year	DEX262600105	4065629200101	111	100	Song	NL	0	0.4339656000
2026-04-04	2026-02	Deezer	The Linden Hours	The Quiet Year	DEX262600105	4065629200101	99	100	Song	PL	0	0.3485592000
2026-04-04	2026-02	Deezer	The Linden Hours	The Quiet Year	DEX262600105	4065629200101	79	100	Song	SE	0	0.2849688000
2026-04-04	2026-02	Deezer	The Linden Hours	The Quiet Year	DEX262600105	4065629200101	257	100	Song	US	0	0.8724636000
2026-04-04	2026-02	Deezer	The Linden Hours	Glasshouse	DEX262600106	4065629200101	246	100	Song	AT	0	0.8962272000
2026-04-04	2026-02	Deezer	The Linden Hours	Glasshouse	DEX262600106	4065629200101	178	100	Song	CH	0	0.5908176000
2026-04-04	2026-02	Deezer	The Linden Hours	Glasshouse	DEX262600106	4065629200101	1170	100	Song	DE	0	4.3889040000
2026-04-04	2026-02	Deezer	The Linden Hours	Glasshouse	DEX262600106	4065629200101	278	100	Song	GB	0	1.0898712000
2026-04-04	2026-02	Deezer	The Linden Hours	Glasshouse	DEX262600106	4065629200101	200	100	Song	NL	0	0.7164000000
2026-04-04	2026-02	Deezer	The Linden Hours	Glasshouse	DEX262600106	4065629200101	170	100	Song	PL	0	0.5777280000
2026-04-04	2026-02	Deezer	The Linden Hours	Glasshouse	DEX262600106	4065629200101	184	100	Song	SE	0	0.7107552000
2026-04-04	2026-02	Deezer	The Linden Hours	Glasshouse	DEX262600106	4065629200101	442	100	Song	US	0	1.4877720000
2026-04-04	2026-02	Deezer	The Linden Hours	Second Light	DEX262600107	4065629200101	79	100	Song	AT	0	0.3008952000
2026-04-04	2026-02	Deezer	The Linden Hours	Second Light	DEX262600107	4065629200101	75	100	Song	CH	0	0.2524500000
2026-04-04	2026-02	Deezer	The Linden Hours	Second Light	DEX262600107	4065629200101	422	100	Song	DE	0	1.5465456000
2026-04-04	2026-02	Deezer	The Linden Hours	Second Light	DEX262600107	4065629200101	109	100	Song	GB	0	0.3763116000
2026-04-04	2026-02	Deezer	The Linden Hours	Second Light	DEX262600107	4065629200101	84	100	Song	NL	0	0.2875824000
2026-04-04	2026-02	Deezer	The Linden Hours	Second Light	DEX262600107	4065629200101	69	100	Song	PL	0	0.2531196000
2026-04-04	2026-02	Deezer	The Linden Hours	Second Light	DEX262600107	4065629200101	63	100	Song	SE	0	0.2197692000
2026-04-04	2026-02	Deezer	The Linden Hours	Second Light	DEX262600107	4065629200101	183	100	Song	US	0	0.7101864000
2026-04-04	2026-02	Deezer	The Linden Hours	Linden	DEX262600108	4065629200101	173	100	Song	AT	0	0.6663960000
2026-04-04	2026-02	Deezer	The Linden Hours	Linden	DEX262600108	4065629200101	137	100	Song	CH	0	0.5109552000
2026-04-04	2026-02	Deezer	The Linden Hours	Linden	DEX262600108	4065629200101	763	100	Song	DE	0	2.8758996000
2026-04-04	2026-02	Deezer	The Linden Hours	Linden	DEX262600108	4065629200101	167	100	Song	GB	0	0.6565104000
2026-04-04	2026-02	Deezer	The Linden Hours	Linden	DEX262600108	4065629200101	131	100	Song	NL	0	0.5168736000
2026-04-04	2026-02	Deezer	The Linden Hours	Linden	DEX262600108	4065629200101	121	100	Song	PL	0	0.4016232000
2026-04-04	2026-02	Deezer	The Linden Hours	Linden	DEX262600108	4065629200101	122	100	Song	SE	0	0.4677480000
2026-04-04	2026-02	Deezer	The Linden Hours	Linden	DEX262600108	4065629200101	296	100	Song	US	0	1.0986336000
2026-04-04	2026-02	Deezer	The Linden Hours	Summer Static	DEX262600201	4065629200201	563	100	Song	AT	0	2.0957112000
2026-04-04	2026-02	Deezer	The Linden Hours	Summer Static	DEX262600201	4065629200201	469	100	Song	CH	0	1.7812620000
2026-04-04	2026-02	Deezer	The Linden Hours	Summer Static	DEX262600201	4065629200201	2233	100	Song	DE	0	8.1995760000
2026-04-04	2026-02	Deezer	The Linden Hours	Summer Static	DEX262600201	4065629200201	676	100	Song	GB	0	2.5114752000
2026-04-04	2026-02	Deezer	The Linden Hours	Summer Static	DEX262600201	4065629200201	547	100	Song	NL	0	1.8648324000
2026-04-04	2026-02	Deezer	The Linden Hours	Summer Static	DEX262600201	4065629200201	407	100	Song	PL	0	1.5399252000
2026-04-04	2026-02	Deezer	The Linden Hours	Summer Static	DEX262600201	4065629200201	372	100	Song	SE	0	1.2601872000
2026-04-04	2026-02	Deezer	The Linden Hours	Summer Static	DEX262600201	4065629200201	1048	100	Song	US	0	3.6935712000
2026-04-04	2026-02	Spotify	The Linden Hours	Low Tide	DEX262600101	4065629200101	2619	100	Song	AT	0	8.8501248000
2026-04-04	2026-02	Spotify	The Linden Hours	Low Tide	DEX262600101	4065629200101	2588	100	Song	CH	0	7.6025088000
2026-04-04	2026-02	Spotify	The Linden Hours	Low Tide	DEX262600101	4065629200101	13638	100	Song	DE	0	46.6092288000
2026-04-04	2026-02	Spotify	The Linden Hours	Low Tide	DEX262600101	4065629200101	3162	100	Song	GB	0	10.8064512000
2026-04-04	2026-02	Spotify	The Linden Hours	Low Tide	DEX262600101	4065629200101	2270	100	Song	NL	0	7.6344640000
2026-04-04	2026-02	Spotify	The Linden Hours	Low Tide	DEX262600101	4065629200101	2166	100	Song	PL	0	7.4371776000
2026-04-04	2026-02	Spotify	The Linden Hours	Low Tide	DEX262600101	4065629200101	1932	100	Song	SE	0	6.1947648000
2026-04-04	2026-02	Spotify	The Linden Hours	Low Tide	DEX262600101	4065629200101	5361	100	Song	US	0	15.5426112000
2026-04-04	2026-02	Spotify	The Linden Hours	Paper Lanterns	DEX262600102	4065629200101	3803	100	Song	AT	0	11.1108448000
2026-04-04	2026-02	Spotify	The Linden Hours	Paper Lanterns	DEX262600102	4065629200101	3405	100	Song	CH	0	11.5279680000
2026-04-04	2026-02	Spotify	The Linden Hours	Paper Lanterns	DEX262600102	4065629200101	20769	100	Song	DE	0	63.2042208000
2026-04-04	2026-02	Spotify	The Linden Hours	Paper Lanterns	DEX262600102	4065629200101	5098	100	Song	GB	0	17.2434752000
2026-04-04	2026-02	Spotify	The Linden Hours	Paper Lanterns	DEX262600102	4065629200101	4044	100	Song	NL	0	13.5101952000
2026-04-04	2026-02	Spotify	The Linden Hours	Paper Lanterns	DEX262600102	4065629200101	3338	100	Song	PL	0	9.9979776000
2026-04-04	2026-02	Spotify	The Linden Hours	Paper Lanterns	DEX262600102	4065629200101	3047	100	Song	SE	0	10.3841760000
2026-04-04	2026-02	Spotify	The Linden Hours	Paper Lanterns	DEX262600102	4065629200101	9026	100	Song	US	0	27.3812736000
2026-04-04	2026-02	Spotify	The Linden Hours	Northbound	DEX262600103	4065629200101	1608	100	Song	AT	0	5.2485120000
2026-04-04	2026-02	Spotify	The Linden Hours	Northbound	DEX262600103	4065629200101	1570	100	Song	CH	0	5.0792640000
2026-04-04	2026-02	Spotify	The Linden Hours	Northbound	DEX262600103	4065629200101	8326	100	Song	DE	0	26.1902656000
2026-04-04	2026-02	Spotify	The Linden Hours	Northbound	DEX262600103	4065629200101	2008	100	Song	GB	0	6.8561152000
2026-04-04	2026-02	Spotify	The Linden Hours	Northbound	DEX262600103	4065629200101	1569	100	Song	NL	0	5.0107584000
2026-04-04	2026-02	Spotify	The Linden Hours	Northbound	DEX262600103	4065629200101	1065	100	Song	PL	0	3.4454880000
2026-04-04	2026-02	Spotify	The Linden Hours	Northbound	DEX262600103	4065629200101	1206	100	Song	SE	0	3.8360448000
2026-04-04	2026-02	Spotify	The Linden Hours	Northbound	DEX262600103	4065629200101	2907	100	Song	US	0	9.8326368000
2026-04-04	2026-02	Spotify	The Linden Hours	Salt and Iron	DEX262600104	4065629200101	1703	100	Song	AT	0	5.0681280000
2026-04-04	2026-02	Spotify	The Linden Hours	Salt and Iron	DEX262600104	4065629200101	1067	100	Song	CH	0	3.2675808000
2026-04-04	2026-02	Spotify	The Linden Hours	Salt and Iron	DEX262600104	4065629200101	7012	100	Song	DE	0	21.1145344000
2026-04-04	2026-02	Spotify	The Linden Hours	Salt and Iron	DEX262600104	4065629200101	1346	100	Song	GB	0	4.0703040000
2026-04-04	2026-02	Spotify	The Linden Hours	Salt and Iron	DEX262600104	4065629200101	1428	100	Song	NL	0	4.5924480000
2026-04-04	2026-02	Spotify	The Linden Hours	Salt and Iron	DEX262600104	4065629200101	921	100	Song	PL	0	2.7320544000
2026-04-04	2026-02	Spotify	The Linden Hours	Salt and Iron	DEX262600104	4065629200101	1051	100	Song	SE	0	3.3497472000
2026-04-04	2026-02	Spotify	The Linden Hours	Salt and Iron	DEX262600104	4065629200101	3134	100	Song	US	0	10.9915648000
2026-04-04	2026-02	Spotify	The Linden Hours	The Quiet Year	DEX262600105	4065629200101	1103	100	Song	AT	0	3.6425472000
2026-04-04	2026-02	Spotify	The Linden Hours	The Quiet Year	DEX262600105	4065629200101	1058	100	Song	CH	0	3.5853504000
2026-04-04	2026-02	Spotify	The Linden Hours	The Quiet Year	DEX262600105	4065629200101	4944	100	Song	DE	0	16.6434816000
2026-04-04	2026-02	Spotify	The Linden Hours	The Quiet Year	DEX262600105	4065629200101	1456	100	Song	GB	0	5.1064832000
2026-04-04	2026-02	Spotify	The Linden Hours	The Quiet Year	DEX262600105	4065629200101	1076	100	Song	NL	0	3.4535296000
2026-04-04	2026-02	Spotify	The Linden Hours	The Quiet Year	DEX262600105	4065629200101	752	100	Song	PL	0	2.4737792000
2026-04-04	2026-02	Spotify	The Linden Hours	The Quiet Year	DEX262600105	4065629200101	802	100	Song	SE	0	2.6947200000
2026-04-04	2026-02	Spotify	The Linden Hours	The Quiet Year	DEX262600105	4065629200101	2120	100	Song	US	0	7.4081280000
2026-04-04	2026-02	Spotify	The Linden Hours	Glasshouse	DEX262600106	4065629200101	2343	100	Song	AT	0	8.0449248000
2026-04-04	2026-02	Spotify	The Linden Hours	Glasshouse	DEX262600106	4065629200101	2363	100	Song	CH	0	7.0020416000
2026-04-04	2026-02	Spotify	The Linden Hours	Glasshouse	DEX262600106	4065629200101	9798	100	Song	DE	0	33.7051200000
2026-04-04	2026-02	Spotify	The Linden Hours	Glasshouse	DEX262600106	4065629200101	2434	100	Song	GB	0	8.3885376000
2026-04-04	2026-02	Spotify	The Linden Hours	Glasshouse	DEX262600106	4065629200101	1910	100	Song	NL	0	5.7269440000
2026-04-04	2026-02	Spotify	The Linden Hours	Glasshouse	DEX262600106	4065629200101	1484	100	Song	PL	0	5.0004864000
2026-04-04	2026-02	Spotify	The Linden Hours	Glasshouse	DEX262600106	4065629200101	1696	100	Song	SE	0	5.4923264000
2026-04-04	2026-02	Spotify	The Linden Hours	Glasshouse	DEX262600106	4065629200101	4003	100	Song	US	0	13.6550336000
2026-04-04	2026-02	Spotify	The Linden Hours	Second Light	DEX262600107	4065629200101	881	100	Song	AT	0	3.0757472000
2026-04-04	2026-02	Spotify	The Linden Hours	Second Light	DEX262600107	4065629200101	632	100	Song	CH	0	2.0345344000
2026-04-04	2026-02	Spotify	The Linden Hours	Second Light	DEX262600107	4065629200101	3212	100	Song	DE	0	10.1139456000
2026-04-04	2026-02	Spotify	The Linden Hours	Second Light	DEX262600107	4065629200101	1148	100	Song	GB	0	3.7691136000
2026-04-04	2026-02	Spotify	The Linden Hours	Second Light	DEX262600107	4065629200101	965	100	Song	NL	0	2.9274240000
2026-04-04	2026-02	Spotify	The Linden Hours	Second Light	DEX262600107	4065629200101	665	100	Song	PL	0	2.0620320000
2026-04-04	2026-02	Spotify	The Linden Hours	Second Light	DEX262600107	4065629200101	676	100	Song	SE	0	2.2756864000
2026-04-04	2026-02	Spotify	The Linden Hours	Second Light	DEX262600107	4065629200101	1602	100	Song	US	0	5.5570176000
2026-04-04	2026-02	Spotify	The Linden Hours	Linden	DEX262600108	4065629200101	1549	100	Song	AT	0	4.8378368000
2026-04-04	2026-02	Spotify	The Linden Hours	Linden	DEX262600108	4065629200101	1249	100	Song	CH	0	3.8089504000
2026-04-04	2026-02	Spotify	The Linden Hours	Linden	DEX262600108	4065629200101	8429	100	Song	DE	0	27.1616096000
2026-04-04	2026-02	Spotify	The Linden Hours	Linden	DEX262600108	4065629200101	1631	100	Song	GB	0	5.5845440000
2026-04-04	2026-02	Spotify	The Linden Hours	Linden	DEX262600108	4065629200101	1564	100	Song	NL	0	5.3601408000
2026-04-04	2026-02	Spotify	The Linden Hours	Linden	DEX262600108	4065629200101	1186	100	Song	PL	0	3.7155008000
2026-04-04	2026-02	Spotify	The Linden Hours	Linden	DEX262600108	4065629200101	1081	100	Song	SE	0	3.7186400000
2026-04-04	2026-02	Spotify	The Linden Hours	Linden	DEX262600108	4065629200101	2691	100	Song	US	0	7.8534144000
2026-04-04	2026-02	Spotify	The Linden Hours	Summer Static	DEX262600201	4065629200201	6005	100	Song	AT	0	20.3881760000
2026-04-04	2026-02	Spotify	The Linden Hours	Summer Static	DEX262600201	4065629200201	4904	100	Song	CH	0	17.1836160000
2026-04-04	2026-02	Spotify	The Linden Hours	Summer Static	DEX262600201	4065629200201	23703	100	Song	DE	0	71.8295712000
2026-04-04	2026-02	Spotify	The Linden Hours	Summer Static	DEX262600201	4065629200201	5033	100	Song	GB	0	17.6034208000
2026-04-04	2026-02	Spotify	The Linden Hours	Summer Static	DEX262600201	4065629200201	5810	100	Song	NL	0	19.9492160000
2026-04-04	2026-02	Spotify	The Linden Hours	Summer Static	DEX262600201	4065629200201	3356	100	Song	PL	0	11.6412928000
2026-04-04	2026-02	Spotify	The Linden Hours	Summer Static	DEX262600201	4065629200201	4341	100	Song	SE	0	13.4327904000
2026-04-04	2026-02	Spotify	The Linden Hours	Summer Static	DEX262600201	4065629200201	10201	100	Song	US	0	34.6344352000
2026-04-04	2026-02	TikTok	The Linden Hours	Low Tide	DEX262600101	4065629200101	371	100	Song	AT	0	0.3282237000
2026-04-04	2026-02	TikTok	The Linden Hours	Low Tide	DEX262600101	4065629200101	311	100	Song	CH	0	0.2737422000
2026-04-04	2026-02	TikTok	The Linden Hours	Low Tide	DEX262600101	4065629200101	1789	100	Song	DE	0	1.6068798000
2026-04-04	2026-02	TikTok	The Linden Hours	Low Tide	DEX262600101	4065629200101	450	100	Song	GB	0	0.4139100000
2026-04-04	2026-02	TikTok	The Linden Hours	Low Tide	DEX262600101	4065629200101	452	100	Song	NL	0	0.3701880000
2026-04-04	2026-02	TikTok	The Linden Hours	Low Tide	DEX262600101	4065629200101	294	100	Song	PL	0	0.2746548000
2026-04-04	2026-02	TikTok	The Linden Hours	Low Tide	DEX262600101	4065629200101	249	100	Song	SE	0	0.2424762000
2026-04-04	2026-02	TikTok	The Linden Hours	Low Tide	DEX262600101	4065629200101	838	100	Song	US	0	0.7443954000
2026-04-04	2026-02	TikTok	The Linden Hours	Paper Lanterns	DEX262600102	4065629200101	768	100	Song	AT	0	0.7375104000
2026-04-04	2026-02	TikTok	The Linden Hours	Paper Lanterns	DEX262600102	4065629200101	531	100	Song	CH	0	0.4946265000
2026-04-04	2026-02	TikTok	The Linden Hours	Paper Lanterns	DEX262600102	4065629200101	2863	100	Song	DE	0	2.6076204000
2026-04-04	2026-02	TikTok	The Linden Hours	Paper Lanterns	DEX262600102	4065629200101	702	100	Song	GB	0	0.5907330000
2026-04-04	2026-02	TikTok	The Linden Hours	Paper Lanterns	DEX262600102	4065629200101	453	100	Song	NL	0	0.4158540000
2026-04-04	2026-02	TikTok	The Linden Hours	Paper Lanterns	DEX262600102	4065629200101	386	100	Song	PL	0	0.3352410000
2026-04-04	2026-02	TikTok	The Linden Hours	Paper Lanterns	DEX262600102	4065629200101	418	100	Song	SE	0	0.3950100000
2026-04-04	2026-02	TikTok	The Linden Hours	Paper Lanterns	DEX262600102	4065629200101	1138	100	Song	US	0	1.1225232000
2026-04-04	2026-02	TikTok	The Linden Hours	Northbound	DEX262600103	4065629200101	259	100	Song	AT	0	0.2254077000
2026-04-04	2026-02	TikTok	The Linden Hours	Northbound	DEX262600103	4065629200101	184	100	Song	CH	0	0.1516896000
2026-04-04	2026-02	TikTok	The Linden Hours	Northbound	DEX262600103	4065629200101	1337	100	Song	DE	0	1.2321792000
2026-04-04	2026-02	TikTok	The Linden Hours	Northbound	DEX262600103	4065629200101	269	100	Song	GB	0	0.2491209000
2026-04-04	2026-02	TikTok	The Linden Hours	Northbound	DEX262600103	4065629200101	264	100	Song	NL	0	0.2185920000
2026-04-04	2026-02	TikTok	The Linden Hours	Northbound	DEX262600103	4065629200101	176	100	Song	PL	0	0.1603008000
2026-04-04	2026-02	TikTok	The Linden Hours	Northbound	DEX262600103	4065629200101	163	100	Song	SE	0	0.1368711000
2026-04-04	2026-02	TikTok	The Linden Hours	Northbound	DEX262600103	4065629200101	360	100	Song	US	0	0.3560760000
2026-04-04	2026-02	TikTok	The Linden Hours	Salt and Iron	DEX262600104	4065629200101	264	100	Song	AT	0	0.2254824000
2026-04-04	2026-02	TikTok	The Linden Hours	Salt and Iron	DEX262600104	4065629200101	171	100	Song	CH	0	0.1454355000
2026-04-04	2026-02	TikTok	The Linden Hours	Salt and Iron	DEX262600104	4065629200101	931	100	Song	DE	0	0.8068977000
2026-04-04	2026-02	TikTok	The Linden Hours	Salt and Iron	DEX262600104	4065629200101	261	100	Song	GB	0	0.2496987000
2026-04-04	2026-02	TikTok	The Linden Hours	Salt and Iron	DEX262600104	4065629200101	211	100	Song	NL	0	0.1973061000
2026-04-04	2026-02	TikTok	The Linden Hours	Salt and Iron	DEX262600104	4065629200101	115	100	Song	PL	0	0.0988425000
2026-04-04	2026-02	TikTok	The Linden Hours	Salt and Iron	DEX262600104	4065629200101	143	100	Song	SE	0	0.1235520000
2026-04-04	2026-02	TikTok	The Linden Hours	Salt and Iron	DEX262600104	4065629200101	455	100	Song	US	0	0.4226040000
2026-04-04	2026-02	TikTok	The Linden Hours	The Quiet Year	DEX262600105	4065629200101	185	100	Song	AT	0	0.1756575000
2026-04-04	2026-02	TikTok	The Linden Hours	The Quiet Year	DEX262600105	4065629200101	138	100	Song	CH	0	0.1352538000
2026-04-04	2026-02	TikTok	The Linden Hours	The Quiet Year	DEX262600105	4065629200101	775	100	Song	DE	0	0.7330725000
2026-04-04	2026-02	TikTok	The Linden Hours	The Quiet Year	DEX262600105	4065629200101	169	100	Song	GB	0	0.1667016000
2026-04-04	2026-02	TikTok	The Linden Hours	The Quiet Year	DEX262600105	4065629200101	152	100	Song	NL	0	0.1445976000
2026-04-04	2026-02	TikTok	The Linden Hours	The Quiet Year	DEX262600105	4065629200101	122	100	Song	PL	0	0.1004670000
2026-04-04	2026-02	TikTok	The Linden Hours	The Quiet Year	DEX262600105	4065629200101	125	100	Song	SE	0	0.1048500000
2026-04-04	2026-02	TikTok	The Linden Hours	The Quiet Year	DEX262600105	4065629200101	372	100	Song	US	0	0.3609144000
2026-04-04	2026-02	TikTok	The Linden Hours	Glasshouse	DEX262600106	4065629200101	351	100	Song	AT	0	0.2988414000
2026-04-04	2026-02	TikTok	The Linden Hours	Glasshouse	DEX262600106	4065629200101	284	100	Song	CH	0	0.2760480000
2026-04-04	2026-02	TikTok	The Linden Hours	Glasshouse	DEX262600106	4065629200101	1219	100	Song	DE	0	1.0016523000
2026-04-04	2026-02	TikTok	The Linden Hours	Glasshouse	DEX262600106	4065629200101	262	100	Song	GB	0	0.2539566000
2026-04-04	2026-02	TikTok	The Linden Hours	Glasshouse	DEX262600106	4065629200101	245	100	Song	NL	0	0.2350530000
2026-04-04	2026-02	TikTok	The Linden Hours	Glasshouse	DEX262600106	4065629200101	229	100	Song	PL	0	0.1859022000
2026-04-04	2026-02	TikTok	The Linden Hours	Glasshouse	DEX262600106	4065629200101	230	100	Song	SE	0	0.2175570000
2026-04-04	2026-02	TikTok	The Linden Hours	Glasshouse	DEX262600106	4065629200101	669	100	Song	US	0	0.5912622000
2026-04-04	2026-02	TikTok	The Linden Hours	Second Light	DEX262600107	4065629200101	112	100	Song	AT	0	0.0980784000
2026-04-04	2026-02	TikTok	The Linden Hours	Second Light	DEX262600107	4065629200101	117	100	Song	CH	0	0.1093014000
2026-04-04	2026-02	TikTok	The Linden Hours	Second Light	DEX262600107	4065629200101	533	100	Song	DE	0	0.4605120000
2026-04-04	2026-02	TikTok	The Linden Hours	Second Light	DEX262600107	4065629200101	176	100	Song	GB	0	0.1704384000
2026-04-04	2026-02	TikTok	The Linden Hours	Second Light	DEX262600107	4065629200101	129	100	Song	NL	0	0.1264329000
2026-04-04	2026-02	TikTok	The Linden Hours	Second Light	DEX262600107	4065629200101	80	100	Song	PL	0	0.0780480000
2026-04-04	2026-02	TikTok	The Linden Hours	Second Light	DEX262600107	4065629200101	85	100	Song	SE	0	0.0822375000
2026-04-04	2026-02	TikTok	The Linden Hours	Second Light	DEX262600107	4065629200101	217	100	Song	US	0	0.1790901000
2026-04-04	2026-02	TikTok	The Linden Hours	Linden	DEX262600108	4065629200101	201	100	Song	AT	0	0.1892214000
2026-04-04	2026-02	TikTok	The Linden Hours	Linden	DEX262600108	4065629200101	152	100	Song	CH	0	0.1295496000
2026-04-04	2026-02	TikTok	The Linden Hours	Linden	DEX262600108	4065629200101	820	100	Song	DE	0	0.6981480000
2026-04-04	2026-02	TikTok	The Linden Hours	Linden	DEX262600108	4065629200101	266	100	Song	GB	0	0.2367666000
2026-04-04	2026-02	TikTok	The Linden Hours	Linden	DEX262600108	4065629200101	182	100	Song	NL	0	0.1639638000
2026-04-04	2026-02	TikTok	The Linden Hours	Linden	DEX262600108	4065629200101	160	100	Song	PL	0	0.1380960000
2026-04-04	2026-02	TikTok	The Linden Hours	Linden	DEX262600108	4065629200101	155	100	Song	SE	0	0.1275030000
2026-04-04	2026-02	TikTok	The Linden Hours	Linden	DEX262600108	4065629200101	396	100	Song	US	0	0.3275316000
2026-04-04	2026-02	TikTok	The Linden Hours	Summer Static	DEX262600201	4065629200201	684	100	Song	AT	0	0.6057504000
2026-04-04	2026-02	TikTok	The Linden Hours	Summer Static	DEX262600201	4065629200201	720	100	Song	CH	0	0.6551280000
2026-04-04	2026-02	TikTok	The Linden Hours	Summer Static	DEX262600201	4065629200201	3261	100	Song	DE	0	2.8615275000
2026-04-04	2026-02	TikTok	The Linden Hours	Summer Static	DEX262600201	4065629200201	1006	100	Song	GB	0	0.8438328000
2026-04-04	2026-02	TikTok	The Linden Hours	Summer Static	DEX262600201	4065629200201	658	100	Song	NL	0	0.5708808000
2026-04-04	2026-02	TikTok	The Linden Hours	Summer Static	DEX262600201	4065629200201	615	100	Song	PL	0	0.5535000000
2026-04-04	2026-02	TikTok	The Linden Hours	Summer Static	DEX262600201	4065629200201	624	100	Song	SE	0	0.5099328000
2026-04-04	2026-02	TikTok	The Linden Hours	Summer Static	DEX262600201	4065629200201	1462	100	Song	US	0	1.2513258000
2026-04-04	2026-02	YouTube Music	The Linden Hours	Low Tide	DEX262600101	4065629200101	474	100	Song	AT	0	0.9058140000
2026-04-04	2026-02	YouTube Music	The Linden Hours	Low Tide	DEX262600101	4065629200101	337	100	Song	CH	0	0.6793920000
2026-04-04	2026-02	YouTube Music	The Linden Hours	Low Tide	DEX262600101	4065629200101	1800	100	Song	DE	0	3.7157400000
2026-04-04	2026-02	YouTube Music	The Linden Hours	Low Tide	DEX262600101	4065629200101	492	100	Song	GB	0	1.1282544000
2026-04-04	2026-02	YouTube Music	The Linden Hours	Low Tide	DEX262600101	4065629200101	364	100	Song	NL	0	0.7116564000
2026-04-04	2026-02	YouTube Music	The Linden Hours	Low Tide	DEX262600101	4065629200101	240	100	Song	PL	0	0.5065200000
2026-04-04	2026-02	YouTube Music	The Linden Hours	Low Tide	DEX262600101	4065629200101	285	100	Song	SE	0	0.5919165000
2026-04-04	2026-02	YouTube Music	The Linden Hours	Low Tide	DEX262600101	4065629200101	788	100	Song	US	0	1.7226468000
2026-04-04	2026-02	YouTube Music	The Linden Hours	Paper Lanterns	DEX262600102	4065629200101	622	100	Song	AT	0	1.3571418000
2026-04-04	2026-02	YouTube Music	The Linden Hours	Paper Lanterns	DEX262600102	4065629200101	529	100	Song	CH	0	1.1020128000
2026-04-04	2026-02	YouTube Music	The Linden Hours	Paper Lanterns	DEX262600102	4065629200101	3398	100	Song	DE	0	6.9145902000
2026-04-04	2026-02	YouTube Music	The Linden Hours	Paper Lanterns	DEX262600102	4065629200101	784	100	Song	GB	0	1.5854832000
2026-04-04	2026-02	YouTube Music	The Linden Hours	Paper Lanterns	DEX262600102	4065629200101	639	100	Song	NL	0	1.3110363000
2026-04-04	2026-02	YouTube Music	The Linden Hours	Paper Lanterns	DEX262600102	4065629200101	459	100	Song	PL	0	0.9436581000
2026-04-04	2026-02	YouTube Music	The Linden Hours	Paper Lanterns	DEX262600102	4065629200101	257	100	Song	SE	0	0.5531925000
2026-04-04	2026-02	YouTube Music	The Linden Hours	Paper Lanterns	DEX262600102	4065629200101	1350	100	Song	US	0	2.8548450000
2026-04-04	2026-02	YouTube Music	The Linden Hours	Northbound	DEX262600103	4065629200101	287	100	Song	AT	0	0.6093297000
2026-04-04	2026-02	YouTube Music	The Linden Hours	Northbound	DEX262600103	4065629200101	202	100	Song	CH	0	0.4326840000
2026-04-04	2026-02	YouTube Music	The Linden Hours	Northbound	DEX262600103	4065629200101	1202	100	Song	DE	0	2.4308046000
2026-04-04	2026-02	YouTube Music	The Linden Hours	Northbound	DEX262600103	4065629200101	324	100	Song	GB	0	0.6545448000
2026-04-04	2026-02	YouTube Music	The Linden Hours	Northbound	DEX262600103	4065629200101	268	100	Song	NL	0	0.5245296000
2026-04-04	2026-02	YouTube Music	The Linden Hours	Northbound	DEX262600103	4065629200101	241	100	Song	PL	0	0.5025573000
2026-04-04	2026-02	YouTube Music	The Linden Hours	Northbound	DEX262600103	4065629200101	204	100	Song	SE	0	0.4232592000
2026-04-04	2026-02	YouTube Music	The Linden Hours	Northbound	DEX262600103	4065629200101	468	100	Song	US	0	0.9484020000
2026-04-04	2026-02	YouTube Music	The Linden Hours	Salt and Iron	DEX262600104	4065629200101	203	100	Song	AT	0	0.4535832000
2026-04-04	2026-02	YouTube Music	The Linden Hours	Salt and Iron	DEX262600104	4065629200101	174	100	Song	CH	0	0.3763620000
2026-04-04	2026-02	YouTube Music	The Linden Hours	Salt and Iron	DEX262600104	4065629200101	1077	100	Song	DE	0	2.1734937000
2026-04-04	2026-02	YouTube Music	The Linden Hours	Salt and Iron	DEX262600104	4065629200101	295	100	Song	GB	0	0.6015345000
2026-04-04	2026-02	YouTube Music	The Linden Hours	Salt and Iron	DEX262600104	4065629200101	197	100	Song	NL	0	0.4467960000
2026-04-04	2026-02	YouTube Music	The Linden Hours	Salt and Iron	DEX262600104	4065629200101	157	100	Song	PL	0	0.3412395000
2026-04-04	2026-02	YouTube Music	The Linden Hours	Salt and Iron	DEX262600104	4065629200101	174	100	Song	SE	0	0.3949974000
2026-04-04	2026-02	YouTube Music	The Linden Hours	Salt and Iron	DEX262600104	4065629200101	515	100	Song	US	0	0.9906540000
2026-04-04	2026-02	YouTube Music	The Linden Hours	The Quiet Year	DEX262600105	4065629200101	234	100	Song	AT	0	0.4928742000
2026-04-04	2026-02	YouTube Music	The Linden Hours	The Quiet Year	DEX262600105	4065629200101	178	100	Song	CH	0	0.4063206000
2026-04-04	2026-02	YouTube Music	The Linden Hours	The Quiet Year	DEX262600105	4065629200101	991	100	Song	DE	0	2.1060732000
2026-04-04	2026-02	YouTube Music	The Linden Hours	The Quiet Year	DEX262600105	4065629200101	224	100	Song	GB	0	0.4958016000
2026-04-04	2026-02	YouTube Music	The Linden Hours	The Quiet Year	DEX262600105	4065629200101	168	100	Song	NL	0	0.3729096000
2026-04-04	2026-02	YouTube Music	The Linden Hours	The Quiet Year	DEX262600105	4065629200101	132	100	Song	PL	0	0.2516976000
2026-04-04	2026-02	YouTube Music	The Linden Hours	The Quiet Year	DEX262600105	4065629200101	112	100	Song	SE	0	0.2537808000
2026-04-04	2026-02	YouTube Music	The Linden Hours	The Quiet Year	DEX262600105	4065629200101	343	100	Song	US	0	0.6511512000
2026-04-04	2026-02	YouTube Music	The Linden Hours	Glasshouse	DEX262600106	4065629200101	399	100	Song	AT	0	0.9066078000
2026-04-04	2026-02	YouTube Music	The Linden Hours	Glasshouse	DEX262600106	4065629200101	263	100	Song	CH	0	0.5274465000
2026-04-04	2026-02	YouTube Music	The Linden Hours	Glasshouse	DEX262600106	4065629200101	1438	100	Song	DE	0	2.7268794000
2026-04-04	2026-02	YouTube Music	The Linden Hours	Glasshouse	DEX262600106	4065629200101	339	100	Song	GB	0	0.7503426000
2026-04-04	2026-02	YouTube Music	The Linden Hours	Glasshouse	DEX262600106	4065629200101	308	100	Song	NL	0	0.6616764000
2026-04-04	2026-02	YouTube Music	The Linden Hours	Glasshouse	DEX262600106	4065629200101	182	100	Song	PL	0	0.3833466000
2026-04-04	2026-02	YouTube Music	The Linden Hours	Glasshouse	DEX262600106	4065629200101	229	100	Song	SE	0	0.5275473000
2026-04-04	2026-02	YouTube Music	The Linden Hours	Glasshouse	DEX262600106	4065629200101	480	100	Song	US	0	0.9969120000
2026-04-04	2026-02	YouTube Music	The Linden Hours	Second Light	DEX262600107	4065629200101	162	100	Song	AT	0	0.3476844000
2026-04-04	2026-02	YouTube Music	The Linden Hours	Second Light	DEX262600107	4065629200101	104	100	Song	CH	0	0.2208024000
2026-04-04	2026-02	YouTube Music	The Linden Hours	Second Light	DEX262600107	4065629200101	753	100	Song	DE	0	1.5227919000
2026-04-04	2026-02	YouTube Music	The Linden Hours	Second Light	DEX262600107	4065629200101	172	100	Song	GB	0	0.3561432000
2026-04-04	2026-02	YouTube Music	The Linden Hours	Second Light	DEX262600107	4065629200101	136	100	Song	NL	0	0.3047352000
2026-04-04	2026-02	YouTube Music	The Linden Hours	Second Light	DEX262600107	4065629200101	131	100	Song	PL	0	0.2968329000
2026-04-04	2026-02	YouTube Music	The Linden Hours	Second Light	DEX262600107	4065629200101	101	100	Song	SE	0	0.2053128000
2026-04-04	2026-02	YouTube Music	The Linden Hours	Second Light	DEX262600107	4065629200101	282	100	Song	US	0	0.5910156000
2026-04-04	2026-02	YouTube Music	The Linden Hours	Linden	DEX262600108	4065629200101	271	100	Song	AT	0	0.6248718000
2026-04-04	2026-02	YouTube Music	The Linden Hours	Linden	DEX262600108	4065629200101	203	100	Song	CH	0	0.4211844000
2026-04-04	2026-02	YouTube Music	The Linden Hours	Linden	DEX262600108	4065629200101	1111	100	Song	DE	0	2.2234443000
2026-04-04	2026-02	YouTube Music	The Linden Hours	Linden	DEX262600108	4065629200101	331	100	Song	GB	0	0.7416717000
2026-04-04	2026-02	YouTube Music	The Linden Hours	Linden	DEX262600108	4065629200101	219	100	Song	NL	0	0.4907133000
2026-04-04	2026-02	YouTube Music	The Linden Hours	Linden	DEX262600108	4065629200101	175	100	Song	PL	0	0.3531675000
2026-04-04	2026-02	YouTube Music	The Linden Hours	Linden	DEX262600108	4065629200101	156	100	Song	SE	0	0.3092544000
2026-04-04	2026-02	YouTube Music	The Linden Hours	Linden	DEX262600108	4065629200101	484	100	Song	US	0	0.9594816000
2026-04-04	2026-02	YouTube Music	The Linden Hours	Summer Static	DEX262600201	4065629200201	960	100	Song	AT	0	1.9031040000
2026-04-04	2026-02	YouTube Music	The Linden Hours	Summer Static	DEX262600201	4065629200201	549	100	Song	CH	0	1.1333007000
2026-04-04	2026-02	YouTube Music	The Linden Hours	Summer Static	DEX262600201	4065629200201	3965	100	Song	DE	0	9.0842115000
2026-04-04	2026-02	YouTube Music	The Linden Hours	Summer Static	DEX262600201	4065629200201	746	100	Song	GB	0	1.4522382000
2026-04-04	2026-02	YouTube Music	The Linden Hours	Summer Static	DEX262600201	4065629200201	853	100	Song	NL	0	1.7429349000
2026-04-04	2026-02	YouTube Music	The Linden Hours	Summer Static	DEX262600201	4065629200201	590	100	Song	PL	0	1.1299680000
2026-04-04	2026-02	YouTube Music	The Linden Hours	Summer Static	DEX262600201	4065629200201	572	100	Song	SE	0	1.1291280000
2026-04-04	2026-02	YouTube Music	The Linden Hours	Summer Static	DEX262600201	4065629200201	1240	100	Song	US	0	2.8019040000
2026-05-03	2026-03	Amazon Music	The Linden Hours	Low Tide	DEX262600101	4065629200101	381	100	Song	AT	0	1.8379440000
2026-05-03	2026-03	Amazon Music	The Linden Hours	Low Tide	DEX262600101	4065629200101	329	100	Song	CH	0	1.3561380000
2026-05-03	2026-03	Amazon Music	The Linden Hours	Low Tide	DEX262600101	4065629200101	1926	100	Song	DE	0	8.6756670000
2026-05-03	2026-03	Amazon Music	The Linden Hours	Low Tide	DEX262600101	4065629200101	573	100	Song	GB	0	2.5965495000
2026-05-03	2026-03	Amazon Music	The Linden Hours	Low Tide	DEX262600101	4065629200101	474	100	Song	NL	0	2.0818080000
2026-05-03	2026-03	Amazon Music	The Linden Hours	Low Tide	DEX262600101	4065629200101	265	100	Song	PL	0	1.1829600000
2026-05-03	2026-03	Amazon Music	The Linden Hours	Low Tide	DEX262600101	4065629200101	350	100	Song	SE	0	1.5057000000
2026-05-03	2026-03	Amazon Music	The Linden Hours	Low Tide	DEX262600101	4065629200101	884	100	Song	US	0	3.5961120000
2026-05-03	2026-03	Amazon Music	The Linden Hours	Paper Lanterns	DEX262600102	4065629200101	669	100	Song	AT	0	3.2784345000
2026-05-03	2026-03	Amazon Music	The Linden Hours	Paper Lanterns	DEX262600102	4065629200101	611	100	Song	CH	0	2.5597845000
2026-05-03	2026-03	Amazon Music	The Linden Hours	Paper Lanterns	DEX262600102	4065629200101	3024	100	Song	DE	0	13.2678000000
2026-05-03	2026-03	Amazon Music	The Linden Hours	Paper Lanterns	DEX262600102	4065629200101	600	100	Song	GB	0	2.9268000000
2026-05-03	2026-03	Amazon Music	The Linden Hours	Paper Lanterns	DEX262600102	4065629200101	450	100	Song	NL	0	1.9602000000
2026-05-03	2026-03	Amazon Music	The Linden Hours	Paper Lanterns	DEX262600102	4065629200101	474	100	Song	PL	0	2.0092860000
2026-05-03	2026-03	Amazon Music	The Linden Hours	Paper Lanterns	DEX262600102	4065629200101	579	100	Song	SE	0	2.5273350000
2026-05-03	2026-03	Amazon Music	The Linden Hours	Paper Lanterns	DEX262600102	4065629200101	1089	100	Song	US	0	4.6015695000
2026-05-03	2026-03	Amazon Music	The Linden Hours	Northbound	DEX262600103	4065629200101	231	100	Song	AT	0	1.1029095000
2026-05-03	2026-03	Amazon Music	The Linden Hours	Northbound	DEX262600103	4065629200101	212	100	Song	CH	0	1.0045620000
2026-05-03	2026-03	Amazon Music	The Linden Hours	Northbound	DEX262600103	4065629200101	994	100	Song	DE	0	4.3164450000
2026-05-03	2026-03	Amazon Music	The Linden Hours	Northbound	DEX262600103	4065629200101	358	100	Song	GB	0	1.4740650000
2026-05-03	2026-03	Amazon Music	The Linden Hours	Northbound	DEX262600103	4065629200101	256	100	Song	NL	0	1.2441600000
2026-05-03	2026-03	Amazon Music	The Linden Hours	Northbound	DEX262600103	4065629200101	187	100	Song	PL	0	0.9054540000
2026-05-03	2026-03	Amazon Music	The Linden Hours	Northbound	DEX262600103	4065629200101	215	100	Song	SE	0	0.8920350000
2026-05-03	2026-03	Amazon Music	The Linden Hours	Northbound	DEX262600103	4065629200101	381	100	Song	US	0	1.6202025000
2026-05-03	2026-03	Amazon Music	The Linden Hours	Salt and Iron	DEX262600104	4065629200101	247	100	Song	AT	0	1.0136880000
2026-05-03	2026-03	Amazon Music	The Linden Hours	Salt and Iron	DEX262600104	4065629200101	182	100	Song	CH	0	0.7854210000
2026-05-03	2026-03	Amazon Music	The Linden Hours	Salt and Iron	DEX262600104	4065629200101	814	100	Song	DE	0	3.5494470000
2026-05-03	2026-03	Amazon Music	The Linden Hours	Salt and Iron	DEX262600104	4065629200101	310	100	Song	GB	0	1.4773050000
2026-05-03	2026-03	Amazon Music	The Linden Hours	Salt and Iron	DEX262600104	4065629200101	183	100	Song	NL	0	0.8020890000
2026-05-03	2026-03	Amazon Music	The Linden Hours	Salt and Iron	DEX262600104	4065629200101	164	100	Song	PL	0	0.7269300000
2026-05-03	2026-03	Amazon Music	The Linden Hours	Salt and Iron	DEX262600104	4065629200101	176	100	Song	SE	0	0.8268480000
2026-05-03	2026-03	Amazon Music	The Linden Hours	Salt and Iron	DEX262600104	4065629200101	394	100	Song	US	0	1.9095210000
2026-05-03	2026-03	Amazon Music	The Linden Hours	The Quiet Year	DEX262600105	4065629200101	151	100	Song	AT	0	0.6937695000
2026-05-03	2026-03	Amazon Music	The Linden Hours	The Quiet Year	DEX262600105	4065629200101	147	100	Song	CH	0	0.5960115000
2026-05-03	2026-03	Amazon Music	The Linden Hours	The Quiet Year	DEX262600105	4065629200101	640	100	Song	DE	0	3.0412800000
2026-05-03	2026-03	Amazon Music	The Linden Hours	The Quiet Year	DEX262600105	4065629200101	212	100	Song	GB	0	0.8862660000
2026-05-03	2026-03	Amazon Music	The Linden Hours	The Quiet Year	DEX262600105	4065629200101	135	100	Song	NL	0	0.5631525000
2026-05-03	2026-03	Amazon Music	The Linden Hours	The Quiet Year	DEX262600105	4065629200101	141	100	Song	PL	0	0.6402105000
2026-05-03	2026-03	Amazon Music	The Linden Hours	The Quiet Year	DEX262600105	4065629200101	115	100	Song	SE	0	0.5061150000
2026-05-03	2026-03	Amazon Music	The Linden Hours	The Quiet Year	DEX262600105	4065629200101	311	100	Song	US	0	1.4246910000
2026-05-03	2026-03	Amazon Music	The Linden Hours	Glasshouse	DEX262600106	4065629200101	355	100	Song	AT	0	1.6709850000
2026-05-03	2026-03	Amazon Music	The Linden Hours	Glasshouse	DEX262600106	4065629200101	244	100	Song	CH	0	1.0079640000
2026-05-03	2026-03	Amazon Music	The Linden Hours	Glasshouse	DEX262600106	4065629200101	1213	100	Song	DE	0	5.9170140000
2026-05-03	2026-03	Amazon Music	The Linden Hours	Glasshouse	DEX262600106	4065629200101	341	100	Song	GB	0	1.4501025000
2026-05-03	2026-03	Amazon Music	The Linden Hours	Glasshouse	DEX262600106	4065629200101	299	100	Song	NL	0	1.2526605000
2026-05-03	2026-03	Amazon Music	The Linden Hours	Glasshouse	DEX262600106	4065629200101	211	100	Song	PL	0	0.8611965000
2026-05-03	2026-03	Amazon Music	The Linden Hours	Glasshouse	DEX262600106	4065629200101	227	100	Song	SE	0	1.0766610000
2026-05-03	2026-03	Amazon Music	The Linden Hours	Glasshouse	DEX262600106	4065629200101	540	100	Song	US	0	2.6657100000
2026-05-03	2026-03	Amazon Music	The Linden Hours	Second Light	DEX262600107	4065629200101	131	100	Song	AT	0	0.5688675000
2026-05-03	2026-03	Amazon Music	The Linden Hours	Second Light	DEX262600107	4065629200101	128	100	Song	CH	0	0.5627520000
2026-05-03	2026-03	Amazon Music	The Linden Hours	Second Light	DEX262600107	4065629200101	785	100	Song	DE	0	3.4194600000
2026-05-03	2026-03	Amazon Music	The Linden Hours	Second Light	DEX262600107	4065629200101	180	100	Song	GB	0	0.8229600000
2026-05-03	2026-03	Amazon Music	The Linden Hours	Second Light	DEX262600107	4065629200101	118	100	Song	NL	0	0.5384340000
2026-05-03	2026-03	Amazon Music	The Linden Hours	Second Light	DEX262600107	4065629200101	103	100	Song	PL	0	0.4352265000
2026-05-03	2026-03	Amazon Music	The Linden Hours	Second Light	DEX262600107	4065629200101	121	100	Song	SE	0	0.5461335000
2026-05-03	2026-03	Amazon Music	The Linden Hours	Second Light	DEX262600107	4065629200101	226	100	Song	US	0	1.0892070000
2026-05-03	2026-03	Amazon Music	The Linden Hours	Linden	DEX262600108	4065629200101	254	100	Song	AT	0	1.1452860000
2026-05-03	2026-03	Amazon Music	The Linden Hours	Linden	DEX262600108	4065629200101	213	100	Song	CH	0	0.9719190000
2026-05-03	2026-03	Amazon Music	The Linden Hours	Linden	DEX262600108	4065629200101	919	100	Song	DE	0	4.1479065000
2026-05-03	2026-03	Amazon Music	The Linden Hours	Linden	DEX262600108	4065629200101	315	100	Song	GB	0	1.3806450000
2026-05-03	2026-03	Amazon Music	The Linden Hours	Linden	DEX262600108	4065629200101	259	100	Song	NL	0	1.1631690000
2026-05-03	2026-03	Amazon Music	The Linden Hours	Linden	DEX262600108	4065629200101	172	100	Song	PL	0	0.7035660000
2026-05-03	2026-03	Amazon Music	The Linden Hours	Linden	DEX262600108	4065629200101	149	100	Song	SE	0	0.6061320000
2026-05-03	2026-03	Amazon Music	The Linden Hours	Linden	DEX262600108	4065629200101	352	100	Song	US	0	1.7233920000
2026-05-03	2026-03	Amazon Music	The Linden Hours	Summer Static	DEX262600201	4065629200201	957	100	Song	AT	0	4.3926300000
2026-05-03	2026-03	Amazon Music	The Linden Hours	Summer Static	DEX262600201	4065629200201	905	100	Song	CH	0	3.7100475000
2026-05-03	2026-03	Amazon Music	The Linden Hours	Summer Static	DEX262600201	4065629200201	4229	100	Song	DE	0	18.1741275000
2026-05-03	2026-03	Amazon Music	The Linden Hours	Summer Static	DEX262600201	4065629200201	1090	100	Song	GB	0	4.5420300000
2026-05-03	2026-03	Amazon Music	The Linden Hours	Summer Static	DEX262600201	4065629200201	770	100	Song	NL	0	3.7768500000
2026-05-03	2026-03	Amazon Music	The Linden Hours	Summer Static	DEX262600201	4065629200201	566	100	Song	PL	0	2.4094620000
2026-05-03	2026-03	Amazon Music	The Linden Hours	Summer Static	DEX262600201	4065629200201	579	100	Song	SE	0	2.8269675000
2026-05-03	2026-03	Amazon Music	The Linden Hours	Summer Static	DEX262600201	4065629200201	1340	100	Song	US	0	6.5727000000
2026-05-03	2026-03	Deezer	The Linden Hours	Low Tide	DEX262600101	4065629200101	335	100	Song	AT	0	1.2699180000
2026-05-03	2026-02	Deezer	The Linden Hours	Low Tide	DEX262600101	4065629200101	392	100	Song	AT	0	1.3773312000
2026-05-03	2026-03	Deezer	The Linden Hours	Low Tide	DEX262600101	4065629200101	280	100	Song	CH	0	0.9394560000
2026-05-03	2026-02	Deezer	The Linden Hours	Low Tide	DEX262600101	4065629200101	271	100	Song	CH	0	0.9082836000
2026-05-03	2026-03	Deezer	The Linden Hours	Low Tide	DEX262600101	4065629200101	1446	100	Song	DE	0	5.4450576000
2026-05-03	2026-02	Deezer	The Linden Hours	Low Tide	DEX262600101	4065629200101	1178	100	Song	DE	0	4.1008536000
2026-05-03	2026-03	Deezer	The Linden Hours	Low Tide	DEX262600101	4065629200101	379	100	Song	GB	0	1.2593412000
2026-05-03	2026-02	Deezer	The Linden Hours	Low Tide	DEX262600101	4065629200101	291	100	Song	GB	0	1.0559808000
2026-05-03	2026-03	Deezer	The Linden Hours	Low Tide	DEX262600101	4065629200101	321	100	Song	NL	0	1.2434256000
2026-05-03	2026-02	Deezer	The Linden Hours	Low Tide	DEX262600101	4065629200101	321	100	Song	NL	0	1.2260916000
2026-05-03	2026-03	Deezer	The Linden Hours	Low Tide	DEX262600101	4065629200101	236	100	Song	PL	0	0.8538480000
2026-05-03	2026-02	Deezer	The Linden Hours	Low Tide	DEX262600101	4065629200101	183	100	Song	PL	0	0.6660468000
2026-05-03	2026-03	Deezer	The Linden Hours	Low Tide	DEX262600101	4065629200101	197	100	Song	SE	0	0.6779952000
2026-05-03	2026-02	Deezer	The Linden Hours	Low Tide	DEX262600101	4065629200101	215	100	Song	SE	0	0.7825140000
2026-05-03	2026-03	Deezer	The Linden Hours	Low Tide	DEX262600101	4065629200101	649	100	Song	US	0	2.3924736000
2026-05-03	2026-02	Deezer	The Linden Hours	Low Tide	DEX262600101	4065629200101	571	100	Song	US	0	1.9343196000
2026-05-03	2026-03	Deezer	The Linden Hours	Paper Lanterns	DEX262600102	4065629200101	525	100	Song	AT	0	2.0601000000
2026-05-03	2026-02	Deezer	The Linden Hours	Paper Lanterns	DEX262600102	4065629200101	435	100	Song	AT	0	1.6787520000
2026-05-03	2026-03	Deezer	The Linden Hours	Paper Lanterns	DEX262600102	4065629200101	442	100	Song	CH	0	1.4639040000
2026-05-03	2026-02	Deezer	The Linden Hours	Paper Lanterns	DEX262600102	4065629200101	341	100	Song	CH	0	1.1404404000
2026-05-03	2026-03	Deezer	The Linden Hours	Paper Lanterns	DEX262600102	4065629200101	2572	100	Song	DE	0	9.0554976000
2026-05-03	2026-02	Deezer	The Linden Hours	Paper Lanterns	DEX262600102	4065629200101	2109	100	Song	DE	0	7.2203724000
2026-05-03	2026-03	Deezer	The Linden Hours	Paper Lanterns	DEX262600102	4065629200101	631	100	Song	GB	0	2.3261184000
2026-05-03	2026-02	Deezer	The Linden Hours	Paper Lanterns	DEX262600102	4065629200101	490	100	Song	GB	0	1.6034760000
2026-05-03	2026-03	Deezer	The Linden Hours	Paper Lanterns	DEX262600102	4065629200101	431	100	Song	NL	0	1.5950448000
2026-05-03	2026-02	Deezer	The Linden Hours	Paper Lanterns	DEX262600102	4065629200101	333	100	Song	NL	0	1.2587400000
2026-05-03	2026-03	Deezer	The Linden Hours	Paper Lanterns	DEX262600102	4065629200101	339	100	Song	PL	0	1.3070484000
2026-05-03	2026-02	Deezer	The Linden Hours	Paper Lanterns	DEX262600102	4065629200101	315	100	Song	PL	0	1.0432800000
2026-05-03	2026-03	Deezer	The Linden Hours	Paper Lanterns	DEX262600102	4065629200101	360	100	Song	SE	0	1.1728800000
2026-05-03	2026-02	Deezer	The Linden Hours	Paper Lanterns	DEX262600102	4065629200101	352	100	Song	SE	0	1.2304512000
2026-05-03	2026-03	Deezer	The Linden Hours	Paper Lanterns	DEX262600102	4065629200101	1054	100	Song	US	0	3.9765312000
2026-05-03	2026-02	Deezer	The Linden Hours	Paper Lanterns	DEX262600102	4065629200101	669	100	Song	US	0	2.4252588000
2026-05-03	2026-03	Deezer	The Linden Hours	Northbound	DEX262600103	4065629200101	223	100	Song	AT	0	0.8630100000
2026-05-03	2026-02	Deezer	The Linden Hours	Northbound	DEX262600103	4065629200101	197	100	Song	AT	0	0.7730280000
2026-05-03	2026-03	Deezer	The Linden Hours	Northbound	DEX262600103	4065629200101	136	100	Song	CH	0	0.4842144000
2026-05-03	2026-02	Deezer	The Linden Hours	Northbound	DEX262600103	4065629200101	152	100	Song	CH	0	0.4979520000
2026-05-03	2026-03	Deezer	The Linden Hours	Northbound	DEX262600103	4065629200101	929	100	Song	DE	0	3.2306904000
2026-05-03	2026-02	Deezer	The Linden Hours	Northbound	DEX262600103	4065629200101	871	100	Song	DE	0	3.0791592000
2026-05-03	2026-03	Deezer	The Linden Hours	Northbound	DEX262600103	4065629200101	187	100	Song	GB	0	0.6556968000
2026-05-03	2026-02	Deezer	The Linden Hours	Northbound	DEX262600103	4065629200101	237	100	Song	GB	0	0.8506404000
2026-05-03	2026-03	Deezer	The Linden Hours	Northbound	DEX262600103	4065629200101	186	100	Song	NL	0	0.6575472000
2026-05-03	2026-02	Deezer	The Linden Hours	Northbound	DEX262600103	4065629200101	177	100	Song	NL	0	0.5970564000
2026-05-03	2026-03	Deezer	The Linden Hours	Northbound	DEX262600103	4065629200101	132	100	Song	PL	0	0.4542912000
2026-05-03	2026-02	Deezer	The Linden Hours	Northbound	DEX262600103	4065629200101	131	100	Song	PL	0	0.4961232000
2026-05-03	2026-03	Deezer	The Linden Hours	Northbound	DEX262600103	4065629200101	146	100	Song	SE	0	0.4761936000
2026-05-03	2026-02	Deezer	The Linden Hours	Northbound	DEX262600103	4065629200101	133	100	Song	SE	0	0.4323564000
2026-05-03	2026-03	Deezer	The Linden Hours	Northbound	DEX262600103	4065629200101	377	100	Song	US	0	1.4033448000
2026-05-03	2026-02	Deezer	The Linden Hours	Northbound	DEX262600103	4065629200101	438	100	Song	US	0	1.4680008000
2026-05-03	2026-03	Deezer	The Linden Hours	Salt and Iron	DEX262600104	4065629200101	169	100	Song	AT	0	0.6230016000
2026-05-03	2026-02	Deezer	The Linden Hours	Salt and Iron	DEX262600104	4065629200101	191	100	Song	AT	0	0.6896628000
2026-05-03	2026-03	Deezer	The Linden Hours	Salt and Iron	DEX262600104	4065629200101	144	100	Song	CH	0	0.4883328000
2026-05-03	2026-02	Deezer	The Linden Hours	Salt and Iron	DEX262600104	4065629200101	154	100	Song	CH	0	0.5826744000
2026-05-03	2026-03	Deezer	The Linden Hours	Salt and Iron	DEX262600104	4065629200101	789	100	Song	DE	0	2.8688040000
2026-05-03	2026-02	Deezer	The Linden Hours	Salt and Iron	DEX262600104	4065629200101	843	100	Song	DE	0	2.8891296000
2026-05-03	2026-03	Deezer	The Linden Hours	Salt and Iron	DEX262600104	4065629200101	181	100	Song	GB	0	0.6535548000
2026-05-03	2026-02	Deezer	The Linden Hours	Salt and Iron	DEX262600104	4065629200101	209	100	Song	GB	0	0.6846840000
2026-05-03	2026-03	Deezer	The Linden Hours	Salt and Iron	DEX262600104	4065629200101	162	100	Song	NL	0	0.5738688000
2026-05-03	2026-02	Deezer	The Linden Hours	Salt and Iron	DEX262600104	4065629200101	137	100	Song	NL	0	0.5311764000
2026-05-03	2026-03	Deezer	The Linden Hours	Salt and Iron	DEX262600104	4065629200101	130	100	Song	PL	0	0.4651920000
2026-05-03	2026-02	Deezer	The Linden Hours	Salt and Iron	DEX262600104	4065629200101	114	100	Song	PL	0	0.4354344000
2026-05-03	2026-03	Deezer	The Linden Hours	Salt and Iron	DEX262600104	4065629200101	114	100	Song	SE	0	0.4149144000
2026-05-03	2026-02	Deezer	The Linden Hours	Salt and Iron	DEX262600104	4065629200101	103	100	Song	SE	0	0.3455856000
2026-05-03	2026-03	Deezer	The Linden Hours	Salt and Iron	DEX262600104	4065629200101	364	100	Song	US	0	1.3995072000
2026-05-03	2026-02	Deezer	The Linden Hours	Salt and Iron	DEX262600104	4065629200101	299	100	Song	US	0	1.1259144000
2026-05-03	2026-03	Deezer	The Linden Hours	The Quiet Year	DEX262600105	4065629200101	109	100	Song	AT	0	0.4143744000
2026-05-03	2026-02	Deezer	The Linden Hours	The Quiet Year	DEX262600105	4065629200101	148	100	Song	AT	0	0.5018976000
2026-05-03	2026-03	Deezer	The Linden Hours	The Quiet Year	DEX262600105	4065629200101	123	100	Song	CH	0	0.4144608000
2026-05-03	2026-02	Deezer	The Linden Hours	The Quiet Year	DEX262600105	4065629200101	115	100	Song	CH	0	0.3812940000
2026-05-03	2026-03	Deezer	The Linden Hours	The Quiet Year	DEX262600105	4065629200101	523	100	Song	DE	0	1.8112536000
2026-05-03	2026-02	Deezer	The Linden Hours	The Quiet Year	DEX262600105	4065629200101	535	100	Song	DE	0	2.0396340000
2026-05-03	2026-03	Deezer	The Linden Hours	The Quiet Year	DEX262600105	4065629200101	164	100	Song	GB	0	0.6039792000
2026-05-03	2026-02	Deezer	The Linden Hours	The Quiet Year	DEX262600105	4065629200101	155	100	Song	GB	0	0.6093360000
2026-05-03	2026-03	Deezer	The Linden Hours	The Quiet Year	DEX262600105	4065629200101	114	100	Song	NL	0	0.4038336000
2026-05-03	2026-02	Deezer	The Linden Hours	The Quiet Year	DEX262600105	4065629200101	111	100	Song	NL	0	0.4339656000
2026-05-03	2026-03	Deezer	The Linden Hours	The Quiet Year	DEX262600105	4065629200101	89	100	Song	PL	0	0.3312936000
2026-05-03	2026-02	Deezer	The Linden Hours	The Quiet Year	DEX262600105	4065629200101	99	100	Song	PL	0	0.3485592000
2026-05-03	2026-03	Deezer	The Linden Hours	The Quiet Year	DEX262600105	4065629200101	96	100	Song	SE	0	0.3756672000
2026-05-03	2026-02	Deezer	The Linden Hours	The Quiet Year	DEX262600105	4065629200101	79	100	Song	SE	0	0.2849688000
2026-05-03	2026-03	Deezer	The Linden Hours	The Quiet Year	DEX262600105	4065629200101	254	100	Song	US	0	0.8650224000
2026-05-03	2026-02	Deezer	The Linden Hours	The Quiet Year	DEX262600105	4065629200101	257	100	Song	US	0	0.8724636000
2026-05-03	2026-03	Deezer	The Linden Hours	Glasshouse	DEX262600106	4065629200101	267	100	Song	AT	0	0.8756532000
2026-05-03	2026-02	Deezer	The Linden Hours	Glasshouse	DEX262600106	4065629200101	246	100	Song	AT	0	0.8962272000
2026-05-03	2026-03	Deezer	The Linden Hours	Glasshouse	DEX262600106	4065629200101	209	100	Song	CH	0	0.8118396000
2026-05-03	2026-02	Deezer	The Linden Hours	Glasshouse	DEX262600106	4065629200101	178	100	Song	CH	0	0.5908176000
2026-05-03	2026-03	Deezer	The Linden Hours	Glasshouse	DEX262600106	4065629200101	1131	100	Song	DE	0	4.3525404000
2026-05-03	2026-02	Deezer	The Linden Hours	Glasshouse	DEX262600106	4065629200101	1170	100	Song	DE	0	4.3889040000
2026-05-03	2026-03	Deezer	The Linden Hours	Glasshouse	DEX262600106	4065629200101	313	100	Song	GB	0	1.0839816000
2026-05-03	2026-02	Deezer	The Linden Hours	Glasshouse	DEX262600106	4065629200101	278	100	Song	GB	0	1.0898712000
2026-05-03	2026-03	Deezer	The Linden Hours	Glasshouse	DEX262600106	4065629200101	191	100	Song	NL	0	0.6752232000
2026-05-03	2026-02	Deezer	The Linden Hours	Glasshouse	DEX262600106	4065629200101	200	100	Song	NL	0	0.7164000000
2026-05-03	2026-03	Deezer	The Linden Hours	Glasshouse	DEX262600106	4065629200101	177	100	Song	PL	0	0.6454836000
2026-05-03	2026-02	Deezer	The Linden Hours	Glasshouse	DEX262600106	4065629200101	170	100	Song	PL	0	0.5777280000
2026-05-03	2026-03	Deezer	The Linden Hours	Glasshouse	DEX262600106	4065629200101	171	100	Song	SE	0	0.6322212000
2026-05-03	2026-02	Deezer	The Linden Hours	Glasshouse	DEX262600106	4065629200101	184	100	Song	SE	0	0.7107552000
2026-05-03	2026-03	Deezer	The Linden Hours	Glasshouse	DEX262600106	4065629200101	550	100	Song	US	0	1.8235800000
2026-05-03	2026-02	Deezer	The Linden Hours	Glasshouse	DEX262600106	4065629200101	442	100	Song	US	0	1.4877720000
2026-05-03	2026-03	Deezer	The Linden Hours	Second Light	DEX262600107	4065629200101	101	100	Song	AT	0	0.3730536000
2026-05-03	2026-02	Deezer	The Linden Hours	Second Light	DEX262600107	4065629200101	79	100	Song	AT	0	0.3008952000
2026-05-03	2026-03	Deezer	The Linden Hours	Second Light	DEX262600107	4065629200101	72	100	Song	CH	0	0.2835648000
2026-05-03	2026-02	Deezer	The Linden Hours	Second Light	DEX262600107	4065629200101	75	100	Song	CH	0	0.2524500000
2026-05-03	2026-03	Deezer	The Linden Hours	Second Light	DEX262600107	4065629200101	478	100	Song	DE	0	1.7311248000
2026-05-03	2026-02	Deezer	The Linden Hours	Second Light	DEX262600107	4065629200101	422	100	Song	DE	0	1.5465456000
2026-05-03	2026-03	Deezer	The Linden Hours	Second Light	DEX262600107	4065629200101	125	100	Song	GB	0	0.4927500000
2026-05-03	2026-02	Deezer	The Linden Hours	Second Light	DEX262600107	4065629200101	109	100	Song	GB	0	0.3763116000
2026-05-03	2026-03	Deezer	The Linden Hours	Second Light	DEX262600107	4065629200101	88	100	Song	NL	0	0.3050784000
2026-05-03	2026-02	Deezer	The Linden Hours	Second Light	DEX262600107	4065629200101	84	100	Song	NL	0	0.2875824000
2026-05-03	2026-03	Deezer	The Linden Hours	Second Light	DEX262600107	4065629200101	84	100	Song	PL	0	0.2981664000
2026-05-03	2026-02	Deezer	The Linden Hours	Second Light	DEX262600107	4065629200101	69	100	Song	PL	0	0.2531196000
2026-05-03	2026-03	Deezer	The Linden Hours	Second Light	DEX262600107	4065629200101	72	100	Song	SE	0	0.2602368000
2026-05-03	2026-02	Deezer	The Linden Hours	Second Light	DEX262600107	4065629200101	63	100	Song	SE	0	0.2197692000
2026-05-03	2026-03	Deezer	The Linden Hours	Second Light	DEX262600107	4065629200101	216	100	Song	US	0	0.8032608000
2026-05-03	2026-02	Deezer	The Linden Hours	Second Light	DEX262600107	4065629200101	183	100	Song	US	0	0.7101864000
2026-05-03	2026-03	Deezer	The Linden Hours	Linden	DEX262600108	4065629200101	161	100	Song	AT	0	0.6184332000
2026-05-03	2026-02	Deezer	The Linden Hours	Linden	DEX262600108	4065629200101	173	100	Song	AT	0	0.6663960000
2026-05-03	2026-03	Deezer	The Linden Hours	Linden	DEX262600108	4065629200101	124	100	Song	CH	0	0.4245264000
2026-05-03	2026-02	Deezer	The Linden Hours	Linden	DEX262600108	4065629200101	137	100	Song	CH	0	0.5109552000
2026-05-03	2026-03	Deezer	The Linden Hours	Linden	DEX262600108	4065629200101	909	100	Song	DE	0	3.3509376000
2026-05-03	2026-02	Deezer	The Linden Hours	Linden	DEX262600108	4065629200101	763	100	Song	DE	0	2.8758996000
2026-05-03	2026-03	Deezer	The Linden Hours	Linden	DEX262600108	4065629200101	227	100	Song	GB	0	0.8376300000
2026-05-03	2026-02	Deezer	The Linden Hours	Linden	DEX262600108	4065629200101	167	100	Song	GB	0	0.6565104000
2026-05-03	2026-03	Deezer	The Linden Hours	Linden	DEX262600108	4065629200101	137	100	Song	NL	0	0.4473324000
2026-05-03	2026-02	Deezer	The Linden Hours	Linden	DEX262600108	4065629200101	131	100	Song	NL	0	0.5168736000
2026-05-03	2026-03	Deezer	The Linden Hours	Linden	DEX262600108	4065629200101	94	100	Song	PL	0	0.3208032000
2026-05-03	2026-02	Deezer	The Linden Hours	Linden	DEX262600108	4065629200101	121	100	Song	PL	0	0.4016232000
2026-05-03	2026-03	Deezer	The Linden Hours	Linden	DEX262600108	4065629200101	134	100	Song	SE	0	0.5007312000
2026-05-03	2026-02	Deezer	The Linden Hours	Linden	DEX262600108	4065629200101	122	100	Song	SE	0	0.4677480000
2026-05-03	2026-03	Deezer	The Linden Hours	Linden	DEX262600108	4065629200101	316	100	Song	US	0	1.0329408000
2026-05-03	2026-02	Deezer	The Linden Hours	Linden	DEX262600108	4065629200101	296	100	Song	US	0	1.0986336000
2026-05-03	2026-03	Deezer	The Linden Hours	Summer Static	DEX262600201	4065629200201	586	100	Song	AT	0	2.1243672000
2026-05-03	2026-02	Deezer	The Linden Hours	Summer Static	DEX262600201	4065629200201	563	100	Song	AT	0	2.0957112000
2026-05-03	2026-03	Deezer	The Linden Hours	Summer Static	DEX262600201	4065629200201	448	100	Song	CH	0	1.7063424000
2026-05-03	2026-02	Deezer	The Linden Hours	Summer Static	DEX262600201	4065629200201	469	100	Song	CH	0	1.7812620000
2026-05-03	2026-03	Deezer	The Linden Hours	Summer Static	DEX262600201	4065629200201	2996	100	Song	DE	0	11.2170240000
2026-05-03	2026-02	Deezer	The Linden Hours	Summer Static	DEX262600201	4065629200201	2233	100	Song	DE	0	8.1995760000
2026-05-03	2026-03	Deezer	The Linden Hours	Summer Static	DEX262600201	4065629200201	880	100	Song	GB	0	3.1173120000
2026-05-03	2026-02	Deezer	The Linden Hours	Summer Static	DEX262600201	4065629200201	676	100	Song	GB	0	2.5114752000
2026-05-03	2026-03	Deezer	The Linden Hours	Summer Static	DEX262600201	4065629200201	606	100	Song	NL	0	2.1837816000
2026-05-03	2026-02	Deezer	The Linden Hours	Summer Static	DEX262600201	4065629200201	547	100	Song	NL	0	1.8648324000
2026-05-03	2026-03	Deezer	The Linden Hours	Summer Static	DEX262600201	4065629200201	465	100	Song	PL	0	1.5233400000
2026-05-03	2026-02	Deezer	The Linden Hours	Summer Static	DEX262600201	4065629200201	407	100	Song	PL	0	1.5399252000
2026-05-03	2026-03	Deezer	The Linden Hours	Summer Static	DEX262600201	4065629200201	411	100	Song	SE	0	1.3804668000
2026-05-03	2026-02	Deezer	The Linden Hours	Summer Static	DEX262600201	4065629200201	372	100	Song	SE	0	1.2601872000
2026-05-03	2026-03	Deezer	The Linden Hours	Summer Static	DEX262600201	4065629200201	1344	100	Song	US	0	4.7755008000
2026-05-03	2026-02	Deezer	The Linden Hours	Summer Static	DEX262600201	4065629200201	1048	100	Song	US	0	3.6935712000
2026-05-03	2026-03	Spotify	The Linden Hours	Low Tide	DEX262600101	4065629200101	2881	100	Song	AT	0	8.3433760000
2026-05-03	2026-03	Spotify	The Linden Hours	Low Tide	DEX262600101	4065629200101	2060	100	Song	CH	0	6.5656320000
2026-05-03	2026-03	Spotify	The Linden Hours	Low Tide	DEX262600101	4065629200101	13285	100	Song	DE	0	41.1941280000
2026-05-03	2026-03	Spotify	The Linden Hours	Low Tide	DEX262600101	4065629200101	3321	100	Song	GB	0	10.1914848000
2026-05-03	2026-03	Spotify	The Linden Hours	Low Tide	DEX262600101	4065629200101	3205	100	Song	NL	0	9.5585920000
2026-05-03	2026-03	Spotify	The Linden Hours	Low Tide	DEX262600101	4065629200101	1964	100	Song	PL	0	6.4293504000
2026-05-03	2026-03	Spotify	The Linden Hours	Low Tide	DEX262600101	4065629200101	2036	100	Song	SE	0	6.8539904000
2026-05-03	2026-03	Spotify	The Linden Hours	Low Tide	DEX262600101	4065629200101	4931	100	Song	US	0	15.2111488000
2026-05-03	2026-03	Spotify	The Linden Hours	Paper Lanterns	DEX262600102	4065629200101	3856	100	Song	AT	0	11.4507776000
2026-05-03	2026-03	Spotify	The Linden Hours	Paper Lanterns	DEX262600102	4065629200101	3788	100	Song	CH	0	11.7579520000
2026-05-03	2026-03	Spotify	The Linden Hours	Paper Lanterns	DEX262600102	4065629200101	16581	100	Song	DE	0	49.6634112000
2026-05-03	2026-03	Spotify	The Linden Hours	Paper Lanterns	DEX262600102	4065629200101	5104	100	Song	GB	0	17.0351104000
2026-05-03	2026-03	Spotify	The Linden Hours	Paper Lanterns	DEX262600102	4065629200101	3958	100	Song	NL	0	13.0708992000
2026-05-03	2026-03	Spotify	The Linden Hours	Paper Lanterns	DEX262600102	4065629200101	3238	100	Song	PL	0	10.5377472000
2026-05-03	2026-03	Spotify	The Linden Hours	Paper Lanterns	DEX262600102	4065629200101	3043	100	Song	SE	0	9.9713024000
2026-05-03	2026-03	Spotify	The Linden Hours	Paper Lanterns	DEX262600102	4065629200101	7241	100	Song	US	0	21.4565312000
2026-05-03	2026-03	Spotify	The Linden Hours	Northbound	DEX262600103	4065629200101	1831	100	Song	AT	0	5.7185792000
2026-05-03	2026-03	Spotify	The Linden Hours	Northbound	DEX262600103	4065629200101	1400	100	Song	CH	0	4.5248000000
2026-05-03	2026-03	Spotify	The Linden Hours	Northbound	DEX262600103	4065629200101	7612	100	Song	DE	0	23.6276480000
2026-05-03	2026-03	Spotify	The Linden Hours	Northbound	DEX262600103	4065629200101	2562	100	Song	GB	0	8.7886848000
2026-05-03	2026-03	Spotify	The Linden Hours	Northbound	DEX262600103	4065629200101	2050	100	Song	NL	0	6.0024000000
2026-05-03	2026-03	Spotify	The Linden Hours	Northbound	DEX262600103	4065629200101	1275	100	Song	PL	0	4.4798400000
2026-05-03	2026-03	Spotify	The Linden Hours	Northbound	DEX262600103	4065629200101	1401	100	Song	SE	0	4.6490784000
2026-05-03	2026-03	Spotify	The Linden Hours	Northbound	DEX262600103	4065629200101	3324	100	Song	US	0	11.5622016000
2026-05-03	2026-03	Spotify	The Linden Hours	Salt and Iron	DEX262600104	4065629200101	1718	100	Song	AT	0	5.7394944000
2026-05-03	2026-03	Spotify	The Linden Hours	Salt and Iron	DEX262600104	4065629200101	1117	100	Song	CH	0	3.3170432000
2026-05-03	2026-03	Spotify	The Linden Hours	Salt and Iron	DEX262600104	4065629200101	8260	100	Song	DE	0	27.3042560000
2026-05-03	2026-03	Spotify	The Linden Hours	Salt and Iron	DEX262600104	4065629200101	2104	100	Song	GB	0	6.6250752000
2026-05-03	2026-03	Spotify	The Linden Hours	Salt and Iron	DEX262600104	4065629200101	1125	100	Song	NL	0	3.8376000000
2026-05-03	2026-03	Spotify	The Linden Hours	Salt and Iron	DEX262600104	4065629200101	889	100	Song	PL	0	2.9984192000
2026-05-03	2026-03	Spotify	The Linden Hours	Salt and Iron	DEX262600104	4065629200101	1150	100	Song	SE	0	3.4739200000
2026-05-03	2026-03	Spotify	The Linden Hours	Salt and Iron	DEX262600104	4065629200101	3063	100	Song	US	0	8.8312416000
2026-05-03	2026-03	Spotify	The Linden Hours	The Quiet Year	DEX262600105	4065629200101	1475	100	Song	AT	0	4.9607200000
2026-05-03	2026-03	Spotify	The Linden Hours	The Quiet Year	DEX262600105	4065629200101	975	100	Song	CH	0	2.9484000000
2026-05-03	2026-03	Spotify	The Linden Hours	The Quiet Year	DEX262600105	4065629200101	5793	100	Song	DE	0	19.9835328000
2026-05-03	2026-03	Spotify	The Linden Hours	The Quiet Year	DEX262600105	4065629200101	1415	100	Song	GB	0	4.0842560000
2026-05-03	2026-03	Spotify	The Linden Hours	The Quiet Year	DEX262600105	4065629200101	1186	100	Song	NL	0	3.7268864000
2026-05-03	2026-03	Spotify	The Linden Hours	The Quiet Year	DEX262600105	4065629200101	720	100	Song	PL	0	2.4744960000
2026-05-03	2026-03	Spotify	The Linden Hours	The Quiet Year	DEX262600105	4065629200101	1009	100	Song	SE	0	3.4548160000
2026-05-03	2026-03	Spotify	The Linden Hours	The Quiet Year	DEX262600105	4065629200101	2740	100	Song	US	0	8.2769920000
2026-05-03	2026-03	Spotify	The Linden Hours	Glasshouse	DEX262600106	4065629200101	2693	100	Song	AT	0	7.8506336000
2026-05-03	2026-03	Spotify	The Linden Hours	Glasshouse	DEX262600106	4065629200101	1900	100	Song	CH	0	6.6211200000
2026-05-03	2026-03	Spotify	The Linden Hours	Glasshouse	DEX262600106	4065629200101	9897	100	Song	DE	0	31.5437184000
2026-05-03	2026-03	Spotify	The Linden Hours	Glasshouse	DEX262600106	4065629200101	3036	100	Song	GB	0	9.0059904000
2026-05-03	2026-03	Spotify	The Linden Hours	Glasshouse	DEX262600106	4065629200101	1959	100	Song	NL	0	6.5697024000
2026-05-03	2026-03	Spotify	The Linden Hours	Glasshouse	DEX262600106	4065629200101	1674	100	Song	PL	0	5.6621376000
2026-05-03	2026-03	Spotify	The Linden Hours	Glasshouse	DEX262600106	4065629200101	1375	100	Song	SE	0	4.0568000000
2026-05-03	2026-03	Spotify	The Linden Hours	Glasshouse	DEX262600106	4065629200101	4529	100	Song	US	0	15.4928032000
2026-05-03	2026-03	Spotify	The Linden Hours	Second Light	DEX262600107	4065629200101	1093	100	Song	AT	0	3.1898112000
2026-05-03	2026-03	Spotify	The Linden Hours	Second Light	DEX262600107	4065629200101	803	100	Song	CH	0	2.7340544000
2026-05-03	2026-03	Spotify	The Linden Hours	Second Light	DEX262600107	4065629200101	3794	100	Song	DE	0	12.7356992000
2026-05-03	2026-03	Spotify	The Linden Hours	Second Light	DEX262600107	4065629200101	1140	100	Song	GB	0	3.4327680000
2026-05-03	2026-03	Spotify	The Linden Hours	Second Light	DEX262600107	4065629200101	950	100	Song	NL	0	3.2072000000
2026-05-03	2026-03	Spotify	The Linden Hours	Second Light	DEX262600107	4065629200101	604	100	Song	PL	0	1.8593536000
2026-05-03	2026-03	Spotify	The Linden Hours	Second Light	DEX262600107	4065629200101	606	100	Song	SE	0	2.0768832000
2026-05-03	2026-03	Spotify	The Linden Hours	Second Light	DEX262600107	4065629200101	1910	100	Song	US	0	6.4420480000
2026-05-03	2026-03	Spotify	The Linden Hours	Linden	DEX262600108	4065629200101	1741	100	Song	AT	0	5.3204960000
2026-05-03	2026-03	Spotify	The Linden Hours	Linden	DEX262600108	4065629200101	1550	100	Song	CH	0	4.8260800000
2026-05-03	2026-03	Spotify	The Linden Hours	Linden	DEX262600108	4065629200101	7708	100	Song	DE	0	23.5309824000
2026-05-03	2026-03	Spotify	The Linden Hours	Linden	DEX262600108	4065629200101	1776	100	Song	GB	0	5.9900928000
2026-05-03	2026-03	Spotify	The Linden Hours	Linden	DEX262600108	4065629200101	1403	100	Song	NL	0	4.2067552000
2026-05-03	2026-03	Spotify	The Linden Hours	Linden	DEX262600108	4065629200101	1017	100	Song	PL	0	3.3129792000
2026-05-03	2026-03	Spotify	The Linden Hours	Linden	DEX262600108	4065629200101	1131	100	Song	SE	0	3.8870208000
2026-05-03	2026-03	Spotify	The Linden Hours	Linden	DEX262600108	4065629200101	3174	100	Song	US	0	10.7052672000
2026-05-03	2026-03	Spotify	The Linden Hours	Summer Static	DEX262600201	4065629200201	5904	100	Song	AT	0	17.3435904000
2026-05-03	2026-03	Spotify	The Linden Hours	Summer Static	DEX262600201	4065629200201	4825	100	Song	CH	0	16.1348000000
2026-05-03	2026-03	Spotify	The Linden Hours	Summer Static	DEX262600201	4065629200201	22272	100	Song	DE	0	66.9229056000
2026-05-03	2026-03	Spotify	The Linden Hours	Summer Static	DEX262600201	4065629200201	6724	100	Song	GB	0	22.4205056000
2026-05-03	2026-03	Spotify	The Linden Hours	Summer Static	DEX262600201	4065629200201	4864	100	Song	NL	0	14.4130048000
2026-05-03	2026-03	Spotify	The Linden Hours	Summer Static	DEX262600201	4065629200201	4850	100	Song	PL	0	14.0456000000
2026-05-03	2026-03	Spotify	The Linden Hours	Summer Static	DEX262600201	4065629200201	3853	100	Song	SE	0	12.0706784000
2026-05-03	2026-03	Spotify	The Linden Hours	Summer Static	DEX262600201	4065629200201	11177	100	Song	US	0	33.2985184000
2026-05-03	2026-03	TikTok	The Linden Hours	Low Tide	DEX262600101	4065629200101	423	100	Song	AT	0	0.3909789000
2026-05-03	2026-03	TikTok	The Linden Hours	Low Tide	DEX262600101	4065629200101	301	100	Song	CH	0	0.2473317000
2026-05-03	2026-03	TikTok	The Linden Hours	Low Tide	DEX262600101	4065629200101	1983	100	Song	DE	0	1.7293743000
2026-05-03	2026-03	TikTok	The Linden Hours	Low Tide	DEX262600101	4065629200101	470	100	Song	GB	0	0.3929670000
2026-05-03	2026-03	TikTok	The Linden Hours	Low Tide	DEX262600101	4065629200101	400	100	Song	NL	0	0.3610800000
2026-05-03	2026-03	TikTok	The Linden Hours	Low Tide	DEX262600101	4065629200101	258	100	Song	PL	0	0.2119986000
2026-05-03	2026-03	TikTok	The Linden Hours	Low Tide	DEX262600101	4065629200101	325	100	Song	SE	0	0.2720250000
2026-05-03	2026-03	TikTok	The Linden Hours	Low Tide	DEX262600101	4065629200101	776	100	Song	US	0	0.6949080000
2026-05-03	2026-03	TikTok	The Linden Hours	Paper Lanterns	DEX262600102	4065629200101	642	100	Song	AT	0	0.6072678000
2026-05-03	2026-03	TikTok	The Linden Hours	Paper Lanterns	DEX262600102	4065629200101	547	100	Song	CH	0	0.4726080000
2026-05-03	2026-03	TikTok	The Linden Hours	Paper Lanterns	DEX262600102	4065629200101	2471	100	Song	DE	0	2.1683025000
2026-05-03	2026-03	TikTok	The Linden Hours	Paper Lanterns	DEX262600102	4065629200101	801	100	Song	GB	0	0.6870177000
2026-05-03	2026-03	TikTok	The Linden Hours	Paper Lanterns	DEX262600102	4065629200101	717	100	Song	NL	0	0.6833727000
2026-05-03	2026-03	TikTok	The Linden Hours	Paper Lanterns	DEX262600102	4065629200101	516	100	Song	PL	0	0.4481460000
2026-05-03	2026-03	TikTok	The Linden Hours	Paper Lanterns	DEX262600102	4065629200101	487	100	Song	SE	0	0.4045509000
2026-05-03	2026-03	TikTok	The Linden Hours	Paper Lanterns	DEX262600102	4065629200101	1093	100	Song	US	0	1.0574775000
2026-05-03	2026-03	TikTok	The Linden Hours	Northbound	DEX262600103	4065629200101	306	100	Song	AT	0	0.2778786000
2026-05-03	2026-03	TikTok	The Linden Hours	Northbound	DEX262600103	4065629200101	248	100	Song	CH	0	0.2444040000
2026-05-03	2026-03	TikTok	The Linden Hours	Northbound	DEX262600103	4065629200101	1521	100	Song	DE	0	1.2908727000
2026-05-03	2026-03	TikTok	The Linden Hours	Northbound	DEX262600103	4065629200101	301	100	Song	GB	0	0.2792979000
2026-05-03	2026-03	TikTok	The Linden Hours	Northbound	DEX262600103	4065629200101	255	100	Song	NL	0	0.2297295000
2026-05-03	2026-03	TikTok	The Linden Hours	Northbound	DEX262600103	4065629200101	156	100	Song	PL	0	0.1311336000
2026-05-03	2026-03	TikTok	The Linden Hours	Northbound	DEX262600103	4065629200101	211	100	Song	SE	0	0.1796454000
2026-05-03	2026-03	TikTok	The Linden Hours	Northbound	DEX262600103	4065629200101	532	100	Song	US	0	0.4831092000
2026-05-03	2026-03	TikTok	The Linden Hours	Salt and Iron	DEX262600104	4065629200101	209	100	Song	AT	0	0.1824570000
2026-05-03	2026-03	TikTok	The Linden Hours	Salt and Iron	DEX262600104	4065629200101	171	100	Song	CH	0	0.1591326000
2026-05-03	2026-03	TikTok	The Linden Hours	Salt and Iron	DEX262600104	4065629200101	927	100	Song	DE	0	0.8092710000
2026-05-03	2026-03	TikTok	The Linden Hours	Salt and Iron	DEX262600104	4065629200101	297	100	Song	GB	0	0.2504601000
2026-05-03	2026-03	TikTok	The Linden Hours	Salt and Iron	DEX262600104	4065629200101	221	100	Song	NL	0	0.1800045000
2026-05-03	2026-03	TikTok	The Linden Hours	Salt and Iron	DEX262600104	4065629200101	180	100	Song	PL	0	0.1475820000
2026-05-03	2026-03	TikTok	The Linden Hours	Salt and Iron	DEX262600104	4065629200101	128	100	Song	SE	0	0.1108224000
2026-05-03	2026-03	TikTok	The Linden Hours	Salt and Iron	DEX262600104	4065629200101	367	100	Song	US	0	0.3352545000
2026-05-03	2026-03	TikTok	The Linden Hours	The Quiet Year	DEX262600105	4065629200101	218	100	Song	AT	0	0.1887444000
2026-05-03	2026-03	TikTok	The Linden Hours	The Quiet Year	DEX262600105	4065629200101	118	100	Song	CH	0	0.1073682000
2026-05-03	2026-03	TikTok	The Linden Hours	The Quiet Year	DEX262600105	4065629200101	827	100	Song	DE	0	0.8150085000
2026-05-03	2026-03	TikTok	The Linden Hours	The Quiet Year	DEX262600105	4065629200101	210	100	Song	GB	0	0.2033640000
2026-05-03	2026-03	TikTok	The Linden Hours	The Quiet Year	DEX262600105	4065629200101	179	100	Song	NL	0	0.1469232000
2026-05-03	2026-03	TikTok	The Linden Hours	The Quiet Year	DEX262600105	4065629200101	140	100	Song	PL	0	0.1359540000
2026-05-03	2026-03	TikTok	The Linden Hours	The Quiet Year	DEX262600105	4065629200101	110	100	Song	SE	0	0.1027620000
2026-05-03	2026-03	TikTok	The Linden Hours	The Quiet Year	DEX262600105	4065629200101	358	100	Song	US	0	0.3292884000
2026-05-03	2026-03	TikTok	The Linden Hours	Glasshouse	DEX262600106	4065629200101	358	100	Song	AT	0	0.3019014000
2026-05-03	2026-03	TikTok	The Linden Hours	Glasshouse	DEX262600106	4065629200101	248	100	Song	CH	0	0.2227536000
2026-05-03	2026-03	TikTok	The Linden Hours	Glasshouse	DEX262600106	4065629200101	1538	100	Song	DE	0	1.2845376000
2026-05-03	2026-03	TikTok	The Linden Hours	Glasshouse	DEX262600106	4065629200101	377	100	Song	GB	0	0.3111381000
2026-05-03	2026-03	TikTok	The Linden Hours	Glasshouse	DEX262600106	4065629200101	297	100	Song	NL	0	0.2694384000
2026-05-03	2026-03	TikTok	The Linden Hours	Glasshouse	DEX262600106	4065629200101	266	100	Song	PL	0	0.2288664000
2026-05-03	2026-03	TikTok	The Linden Hours	Glasshouse	DEX262600106	4065629200101	231	100	Song	SE	0	0.2041578000
2026-05-03	2026-03	TikTok	The Linden Hours	Glasshouse	DEX262600106	4065629200101	726	100	Song	US	0	0.6213834000
2026-05-03	2026-03	TikTok	The Linden Hours	Second Light	DEX262600107	4065629200101	117	100	Song	AT	0	0.0983502000
2026-05-03	2026-03	TikTok	The Linden Hours	Second Light	DEX262600107	4065629200101	94	100	Song	CH	0	0.0874764000
2026-05-03	2026-03	TikTok	The Linden Hours	Second Light	DEX262600107	4065629200101	629	100	Song	DE	0	0.5208120000
2026-05-03	2026-03	TikTok	The Linden Hours	Second Light	DEX262600107	4065629200101	142	100	Song	GB	0	0.1398132000
2026-05-03	2026-03	TikTok	The Linden Hours	Second Light	DEX262600107	4065629200101	112	100	Song	NL	0	0.1033200000
2026-05-03	2026-03	TikTok	The Linden Hours	Second Light	DEX262600107	4065629200101	90	100	Song	PL	0	0.0861030000
2026-05-03	2026-03	TikTok	The Linden Hours	Second Light	DEX262600107	4065629200101	102	100	Song	SE	0	0.0983178000
2026-05-03	2026-03	TikTok	The Linden Hours	Second Light	DEX262600107	4065629200101	225	100	Song	US	0	0.1863000000
2026-05-03	2026-03	TikTok	The Linden Hours	Linden	DEX262600108	4065629200101	236	100	Song	AT	0	0.2028420000
2026-05-03	2026-03	TikTok	The Linden Hours	Linden	DEX262600108	4065629200101	198	100	Song	CH	0	0.1758834000
2026-05-03	2026-03	TikTok	The Linden Hours	Linden	DEX262600108	4065629200101	815	100	Song	DE	0	0.7767765000
2026-05-03	2026-03	TikTok	The Linden Hours	Linden	DEX262600108	4065629200101	231	100	Song	GB	0	0.2112264000
2026-05-03	2026-03	TikTok	The Linden Hours	Linden	DEX262600108	4065629200101	243	100	Song	NL	0	0.2162943000
2026-05-03	2026-03	TikTok	The Linden Hours	Linden	DEX262600108	4065629200101	151	100	Song	PL	0	0.1394334000
2026-05-03	2026-03	TikTok	The Linden Hours	Linden	DEX262600108	4065629200101	140	100	Song	SE	0	0.1262520000
2026-05-03	2026-03	TikTok	The Linden Hours	Linden	DEX262600108	4065629200101	443	100	Song	US	0	0.4238181000
2026-05-03	2026-03	TikTok	The Linden Hours	Summer Static	DEX262600201	4065629200201	857	100	Song	AT	0	0.8052372000
2026-05-03	2026-03	TikTok	The Linden Hours	Summer Static	DEX262600201	4065629200201	586	100	Song	CH	0	0.5342562000
2026-05-03	2026-03	TikTok	The Linden Hours	Summer Static	DEX262600201	4065629200201	4474	100	Song	DE	0	4.3970472000
2026-05-03	2026-03	TikTok	The Linden Hours	Summer Static	DEX262600201	4065629200201	925	100	Song	GB	0	0.8566425000
2026-05-03	2026-03	TikTok	The Linden Hours	Summer Static	DEX262600201	4065629200201	711	100	Song	NL	0	0.6718950000
2026-05-03	2026-03	TikTok	The Linden Hours	Summer Static	DEX262600201	4065629200201	561	100	Song	PL	0	0.5427675000
2026-05-03	2026-03	TikTok	The Linden Hours	Summer Static	DEX262600201	4065629200201	482	100	Song	SE	0	0.4637322000
2026-05-03	2026-03	TikTok	The Linden Hours	Summer Static	DEX262600201	4065629200201	1638	100	Song	US	0	1.6009812000
2026-05-03	2026-03	YouTube Music	The Linden Hours	Low Tide	DEX262600101	4065629200101	460	100	Song	AT	0	0.9592380000
2026-05-03	2026-03	YouTube Music	The Linden Hours	Low Tide	DEX262600101	4065629200101	298	100	Song	CH	0	0.6064002000
2026-05-03	2026-03	YouTube Music	The Linden Hours	Low Tide	DEX262600101	4065629200101	1748	100	Song	DE	0	3.8029488000
2026-05-03	2026-03	YouTube Music	The Linden Hours	Low Tide	DEX262600101	4065629200101	551	100	Song	GB	0	1.0494897000
2026-05-03	2026-03	YouTube Music	The Linden Hours	Low Tide	DEX262600101	4065629200101	393	100	Song	NL	0	0.8789445000
2026-05-03	2026-03	YouTube Music	The Linden Hours	Low Tide	DEX262600101	4065629200101	319	100	Song	PL	0	0.7301910000
2026-05-03	2026-03	YouTube Music	The Linden Hours	Low Tide	DEX262600101	4065629200101	269	100	Song	SE	0	0.5536020000
2026-05-03	2026-03	YouTube Music	The Linden Hours	Low Tide	DEX262600101	4065629200101	1013	100	Song	US	0	2.1081543000
2026-05-03	2026-03	YouTube Music	The Linden Hours	Paper Lanterns	DEX262600102	4065629200101	756	100	Song	AT	0	1.7146080000
2026-05-03	2026-03	YouTube Music	The Linden Hours	Paper Lanterns	DEX262600102	4065629200101	709	100	Song	CH	0	1.3802103000
2026-05-03	2026-03	YouTube Music	The Linden Hours	Paper Lanterns	DEX262600102	4065629200101	3761	100	Song	DE	0	8.3482917000
2026-05-03	2026-03	YouTube Music	The Linden Hours	Paper Lanterns	DEX262600102	4065629200101	743	100	Song	GB	0	1.6585989000
2026-05-03	2026-03	YouTube Music	The Linden Hours	Paper Lanterns	DEX262600102	4065629200101	681	100	Song	NL	0	1.4472612000
2026-05-03	2026-03	YouTube Music	The Linden Hours	Paper Lanterns	DEX262600102	4065629200101	601	100	Song	PL	0	1.2759831000
2026-05-03	2026-03	YouTube Music	The Linden Hours	Paper Lanterns	DEX262600102	4065629200101	501	100	Song	SE	0	0.9837135000
2026-05-03	2026-03	YouTube Music	The Linden Hours	Paper Lanterns	DEX262600102	4065629200101	1307	100	Song	US	0	2.9505525000
2026-05-03	2026-03	YouTube Music	The Linden Hours	Northbound	DEX262600103	4065629200101	366	100	Song	AT	0	0.7824348000
2026-05-03	2026-03	YouTube Music	The Linden Hours	Northbound	DEX262600103	4065629200101	227	100	Song	CH	0	0.4371339000
2026-05-03	2026-03	YouTube Music	The Linden Hours	Northbound	DEX262600103	4065629200101	1290	100	Song	DE	0	2.8200690000
2026-05-03	2026-03	YouTube Music	The Linden Hours	Northbound	DEX262600103	4065629200101	309	100	Song	GB	0	0.6755049000
2026-05-03	2026-03	YouTube Music	The Linden Hours	Northbound	DEX262600103	4065629200101	341	100	Song	NL	0	0.6824433000
2026-05-03	2026-03	YouTube Music	The Linden Hours	Northbound	DEX262600103	4065629200101	206	100	Song	PL	0	0.4114026000
2026-05-03	2026-03	YouTube Music	The Linden Hours	Northbound	DEX262600103	4065629200101	206	100	Song	SE	0	0.4503366000
2026-05-03	2026-03	YouTube Music	The Linden Hours	Northbound	DEX262600103	4065629200101	521	100	Song	US	0	1.1586519000
2026-05-03	2026-03	YouTube Music	The Linden Hours	Salt and Iron	DEX262600104	4065629200101	257	100	Song	AT	0	0.5710026000
2026-05-03	2026-03	YouTube Music	The Linden Hours	Salt and Iron	DEX262600104	4065629200101	225	100	Song	CH	0	0.4498200000
2026-05-03	2026-03	YouTube Music	The Linden Hours	Salt and Iron	DEX262600104	4065629200101	1224	100	Song	DE	0	2.4984288000
2026-05-03	2026-03	YouTube Music	The Linden Hours	Salt and Iron	DEX262600104	4065629200101	286	100	Song	GB	0	0.5771766000
2026-05-03	2026-03	YouTube Music	The Linden Hours	Salt and Iron	DEX262600104	4065629200101	255	100	Song	NL	0	0.4824855000
2026-05-03	2026-03	YouTube Music	The Linden Hours	Salt and Iron	DEX262600104	4065629200101	165	100	Song	PL	0	0.3717945000
2026-05-03	2026-03	YouTube Music	The Linden Hours	Salt and Iron	DEX262600104	4065629200101	236	100	Song	SE	0	0.5035296000
2026-05-03	2026-03	YouTube Music	The Linden Hours	Salt and Iron	DEX262600104	4065629200101	562	100	Song	US	0	1.1990832000
2026-05-03	2026-03	YouTube Music	The Linden Hours	The Quiet Year	DEX262600105	4065629200101	219	100	Song	AT	0	0.4387446000
2026-05-03	2026-03	YouTube Music	The Linden Hours	The Quiet Year	DEX262600105	4065629200101	144	100	Song	CH	0	0.3323376000
2026-05-03	2026-03	YouTube Music	The Linden Hours	The Quiet Year	DEX262600105	4065629200101	806	100	Song	DE	0	1.6570554000
2026-05-03	2026-03	YouTube Music	The Linden Hours	The Quiet Year	DEX262600105	4065629200101	240	100	Song	GB	0	0.4924080000
2026-05-03	2026-03	YouTube Music	The Linden Hours	The Quiet Year	DEX262600105	4065629200101	178	100	Song	NL	0	0.3637074000
2026-05-03	2026-03	YouTube Music	The Linden Hours	The Quiet Year	DEX262600105	4065629200101	137	100	Song	PL	0	0.3161823000
2026-05-03	2026-03	YouTube Music	The Linden Hours	The Quiet Year	DEX262600105	4065629200101	122	100	Song	SE	0	0.2408280000
2026-05-03	2026-03	YouTube Music	The Linden Hours	The Quiet Year	DEX262600105	4065629200101	379	100	Song	US	0	0.8245524000
2026-05-03	2026-03	YouTube Music	The Linden Hours	Glasshouse	DEX262600106	4065629200101	373	100	Song	AT	0	0.8295147000
2026-05-03	2026-03	YouTube Music	The Linden Hours	Glasshouse	DEX262600106	4065629200101	313	100	Song	CH	0	0.6954234000
2026-05-03	2026-03	YouTube Music	The Linden Hours	Glasshouse	DEX262600106	4065629200101	1487	100	Song	DE	0	3.3693933000
2026-05-03	2026-03	YouTube Music	The Linden Hours	Glasshouse	DEX262600106	4065629200101	399	100	Song	GB	0	0.7859502000
2026-05-03	2026-03	YouTube Music	The Linden Hours	Glasshouse	DEX262600106	4065629200101	315	100	Song	NL	0	0.6515775000
2026-05-03	2026-03	YouTube Music	The Linden Hours	Glasshouse	DEX262600106	4065629200101	261	100	Song	PL	0	0.5146659000
2026-05-03	2026-03	YouTube Music	The Linden Hours	Glasshouse	DEX262600106	4065629200101	234	100	Song	SE	0	0.4722354000
2026-05-03	2026-03	YouTube Music	The Linden Hours	Glasshouse	DEX262600106	4065629200101	529	100	Song	US	0	1.1031237000
2026-05-03	2026-03	YouTube Music	The Linden Hours	Second Light	DEX262600107	4065629200101	147	100	Song	AT	0	0.3358656000
2026-05-03	2026-03	YouTube Music	The Linden Hours	Second Light	DEX262600107	4065629200101	114	100	Song	CH	0	0.2437092000
2026-05-03	2026-03	YouTube Music	The Linden Hours	Second Light	DEX262600107	4065629200101	680	100	Song	DE	0	1.5579480000
2026-05-03	2026-03	YouTube Music	The Linden Hours	Second Light	DEX262600107	4065629200101	160	100	Song	GB	0	0.3134880000
2026-05-03	2026-03	YouTube Music	The Linden Hours	Second Light	DEX262600107	4065629200101	150	100	Song	NL	0	0.2910600000
2026-05-03	2026-03	YouTube Music	The Linden Hours	Second Light	DEX262600107	4065629200101	112	100	Song	PL	0	0.2241456000
2026-05-03	2026-03	YouTube Music	The Linden Hours	Second Light	DEX262600107	4065629200101	128	100	Song	SE	0	0.2868096000
2026-05-03	2026-03	YouTube Music	The Linden Hours	Second Light	DEX262600107	4065629200101	274	100	Song	US	0	0.5512332000
2026-05-03	2026-03	YouTube Music	The Linden Hours	Linden	DEX262600108	4065629200101	293	100	Song	AT	0	0.6516027000
2026-05-03	2026-03	YouTube Music	The Linden Hours	Linden	DEX262600108	4065629200101	222	100	Song	CH	0	0.4648014000
2026-05-03	2026-03	YouTube Music	The Linden Hours	Linden	DEX262600108	4065629200101	1033	100	Song	DE	0	2.3233203000
2026-05-03	2026-03	YouTube Music	The Linden Hours	Linden	DEX262600108	4065629200101	248	100	Song	GB	0	0.4984056000
2026-05-03	2026-03	YouTube Music	The Linden Hours	Linden	DEX262600108	4065629200101	182	100	Song	NL	0	0.3588858000
2026-05-03	2026-03	YouTube Music	The Linden Hours	Linden	DEX262600108	4065629200101	164	100	Song	PL	0	0.3667860000
2026-05-03	2026-03	YouTube Music	The Linden Hours	Linden	DEX262600108	4065629200101	140	100	Song	SE	0	0.2713620000
2026-05-03	2026-03	YouTube Music	The Linden Hours	Linden	DEX262600108	4065629200101	522	100	Song	US	0	1.0490634000
2026-05-03	2026-03	YouTube Music	The Linden Hours	Summer Static	DEX262600201	4065629200201	929	100	Song	AT	0	1.8943239000
2026-05-03	2026-03	YouTube Music	The Linden Hours	Summer Static	DEX262600201	4065629200201	774	100	Song	CH	0	1.6449048000
2026-05-03	2026-03	YouTube Music	The Linden Hours	Summer Static	DEX262600201	4065629200201	4516	100	Song	DE	0	9.9198456000
2026-05-03	2026-03	YouTube Music	The Linden Hours	Summer Static	DEX262600201	4065629200201	1079	100	Song	GB	0	2.2341774000
2026-05-03	2026-03	YouTube Music	The Linden Hours	Summer Static	DEX262600201	4065629200201	822	100	Song	NL	0	1.7003070000
2026-05-03	2026-03	YouTube Music	The Linden Hours	Summer Static	DEX262600201	4065629200201	732	100	Song	PL	0	1.5556464000
2026-05-03	2026-03	YouTube Music	The Linden Hours	Summer Static	DEX262600201	4065629200201	708	100	Song	SE	0	1.5685740000
2026-05-03	2026-03	YouTube Music	The Linden Hours	Summer Static	DEX262600201	4065629200201	1545	100	Song	US	0	3.4326810000
2026-06-03	2026-04	Amazon Music	The Linden Hours	Low Tide	DEX262600101	4065629200101	335	100	Song	AT	0	1.6054875000
2026-06-03	2026-04	Amazon Music	The Linden Hours	Low Tide	DEX262600101	4065629200101	383	100	Song	CH	0	1.7614170000
2026-06-03	2026-04	Amazon Music	The Linden Hours	Low Tide	DEX262600101	4065629200101	1880	100	Song	DE	0	7.6732200000
2026-06-03	2026-04	Amazon Music	The Linden Hours	Low Tide	DEX262600101	4065629200101	591	100	Song	GB	0	2.8430055000
2026-06-03	2026-04	Amazon Music	The Linden Hours	Low Tide	DEX262600101	4065629200101	471	100	Song	NL	0	1.9626570000
2026-06-03	2026-04	Amazon Music	The Linden Hours	Low Tide	DEX262600101	4065629200101	271	100	Song	PL	0	1.2292560000
2026-06-03	2026-04	Amazon Music	The Linden Hours	Low Tide	DEX262600101	4065629200101	343	100	Song	SE	0	1.5867180000
2026-06-03	2026-04	Amazon Music	The Linden Hours	Low Tide	DEX262600101	4065629200101	738	100	Song	US	0	3.0121470000
2026-06-03	2026-04	Amazon Music	The Linden Hours	Paper Lanterns	DEX262600102	4065629200101	779	100	Song	AT	0	3.6632475000
2026-06-03	2026-04	Amazon Music	The Linden Hours	Paper Lanterns	DEX262600102	4065629200101	486	100	Song	CH	0	2.3816430000
2026-06-03	2026-04	Amazon Music	The Linden Hours	Paper Lanterns	DEX262600102	4065629200101	3484	100	Song	DE	0	14.5962180000
2026-06-03	2026-04	Amazon Music	The Linden Hours	Paper Lanterns	DEX262600102	4065629200101	847	100	Song	GB	0	3.6742860000
2026-06-03	2026-04	Amazon Music	The Linden Hours	Paper Lanterns	DEX262600102	4065629200101	494	100	Song	NL	0	2.3430420000
2026-06-03	2026-04	Amazon Music	The Linden Hours	Paper Lanterns	DEX262600102	4065629200101	476	100	Song	PL	0	2.2812300000
2026-06-03	2026-04	Amazon Music	The Linden Hours	Paper Lanterns	DEX262600102	4065629200101	478	100	Song	SE	0	2.0907720000
2026-06-03	2026-04	Amazon Music	The Linden Hours	Paper Lanterns	DEX262600102	4065629200101	1503	100	Song	US	0	6.3509265000
2026-06-03	2026-04	Amazon Music	The Linden Hours	Northbound	DEX262600103	4065629200101	309	100	Song	AT	0	1.2903840000
2026-06-03	2026-04	Amazon Music	The Linden Hours	Northbound	DEX262600103	4065629200101	246	100	Song	CH	0	1.1357820000
2026-06-03	2026-04	Amazon Music	The Linden Hours	Northbound	DEX262600103	4065629200101	1310	100	Song	DE	0	5.9480550000
2026-06-03	2026-04	Amazon Music	The Linden Hours	Northbound	DEX262600103	4065629200101	313	100	Song	GB	0	1.4746995000
2026-06-03	2026-04	Amazon Music	The Linden Hours	Northbound	DEX262600103	4065629200101	241	100	Song	NL	0	1.1571615000
2026-06-03	2026-04	Amazon Music	The Linden Hours	Northbound	DEX262600103	4065629200101	176	100	Song	PL	0	0.7626960000
2026-06-03	2026-04	Amazon Music	The Linden Hours	Northbound	DEX262600103	4065629200101	189	100	Song	SE	0	0.8947260000
2026-06-03	2026-04	Amazon Music	The Linden Hours	Northbound	DEX262600103	4065629200101	432	100	Song	US	0	2.1209040000
2026-06-03	2026-04	Amazon Music	The Linden Hours	Salt and Iron	DEX262600104	4065629200101	247	100	Song	AT	0	1.1826360000
2026-06-03	2026-04	Amazon Music	The Linden Hours	Salt and Iron	DEX262600104	4065629200101	178	100	Song	CH	0	0.7969950000
2026-06-03	2026-04	Amazon Music	The Linden Hours	Salt and Iron	DEX262600104	4065629200101	1043	100	Song	DE	0	4.7685960000
2026-06-03	2026-04	Amazon Music	The Linden Hours	Salt and Iron	DEX262600104	4065629200101	315	100	Song	GB	0	1.4656950000
2026-06-03	2026-04	Amazon Music	The Linden Hours	Salt and Iron	DEX262600104	4065629200101	269	100	Song	NL	0	1.2928140000
2026-06-03	2026-04	Amazon Music	The Linden Hours	Salt and Iron	DEX262600104	4065629200101	170	100	Song	PL	0	0.7313400000
2026-06-03	2026-04	Amazon Music	The Linden Hours	Salt and Iron	DEX262600104	4065629200101	151	100	Song	SE	0	0.6251400000
2026-06-03	2026-04	Amazon Music	The Linden Hours	Salt and Iron	DEX262600104	4065629200101	551	100	Song	US	0	2.5390080000
2026-06-03	2026-04	Amazon Music	The Linden Hours	The Quiet Year	DEX262600105	4065629200101	228	100	Song	AT	0	1.0588320000
2026-06-03	2026-04	Amazon Music	The Linden Hours	The Quiet Year	DEX262600105	4065629200101	171	100	Song	CH	0	0.8156700000
2026-06-03	2026-04	Amazon Music	The Linden Hours	The Quiet Year	DEX262600105	4065629200101	1008	100	Song	DE	0	4.8308400000
2026-06-03	2026-04	Amazon Music	The Linden Hours	The Quiet Year	DEX262600105	4065629200101	229	100	Song	GB	0	1.0500795000
2026-06-03	2026-04	Amazon Music	The Linden Hours	The Quiet Year	DEX262600105	4065629200101	161	100	Song	NL	0	0.7781130000
2026-06-03	2026-04	Amazon Music	The Linden Hours	The Quiet Year	DEX262600105	4065629200101	94	100	Song	PL	0	0.3887370000
2026-06-03	2026-04	Amazon Music	The Linden Hours	The Quiet Year	DEX262600105	4065629200101	132	100	Song	SE	0	0.5928120000
2026-06-03	2026-04	Amazon Music	The Linden Hours	The Quiet Year	DEX262600105	4065629200101	334	100	Song	US	0	1.4969880000
2026-06-03	2026-04	Amazon Music	The Linden Hours	Glasshouse	DEX262600106	4065629200101	361	100	Song	AT	0	1.6033815000
2026-06-03	2026-04	Amazon Music	The Linden Hours	Glasshouse	DEX262600106	4065629200101	321	100	Song	CH	0	1.3361625000
2026-06-03	2026-04	Amazon Music	The Linden Hours	Glasshouse	DEX262600106	4065629200101	1639	100	Song	DE	0	7.2943695000
2026-06-03	2026-04	Amazon Music	The Linden Hours	Glasshouse	DEX262600106	4065629200101	318	100	Song	GB	0	1.3050720000
2026-06-03	2026-04	Amazon Music	The Linden Hours	Glasshouse	DEX262600106	4065629200101	222	100	Song	NL	0	1.0409580000
2026-06-03	2026-04	Amazon Music	The Linden Hours	Glasshouse	DEX262600106	4065629200101	240	100	Song	PL	0	0.9871200000
2026-06-03	2026-04	Amazon Music	The Linden Hours	Glasshouse	DEX262600106	4065629200101	214	100	Song	SE	0	0.8994420000
2026-06-03	2026-04	Amazon Music	The Linden Hours	Glasshouse	DEX262600106	4065629200101	660	100	Song	US	0	3.1303800000
2026-06-03	2026-04	Amazon Music	The Linden Hours	Second Light	DEX262600107	4065629200101	146	100	Song	AT	0	0.6497730000
2026-06-03	2026-04	Amazon Music	The Linden Hours	Second Light	DEX262600107	4065629200101	90	100	Song	CH	0	0.4114800000
2026-06-03	2026-04	Amazon Music	The Linden Hours	Second Light	DEX262600107	4065629200101	621	100	Song	DE	0	2.6352135000
2026-06-03	2026-04	Amazon Music	The Linden Hours	Second Light	DEX262600107	4065629200101	183	100	Song	GB	0	0.8934975000
2026-06-03	2026-04	Amazon Music	The Linden Hours	Second Light	DEX262600107	4065629200101	165	100	Song	NL	0	0.8145225000
2026-06-03	2026-04	Amazon Music	The Linden Hours	Second Light	DEX262600107	4065629200101	88	100	Song	PL	0	0.4019400000
2026-06-03	2026-04	Amazon Music	The Linden Hours	Second Light	DEX262600107	4065629200101	107	100	Song	SE	0	0.4892040000
2026-06-03	2026-04	Amazon Music	The Linden Hours	Second Light	DEX262600107	4065629200101	272	100	Song	US	0	1.1725920000
2026-06-03	2026-04	Amazon Music	The Linden Hours	Linden	DEX262600108	4065629200101	237	100	Song	AT	0	0.9971775000
2026-06-03	2026-04	Amazon Music	The Linden Hours	Linden	DEX262600108	4065629200101	205	100	Song	CH	0	0.9557100000
2026-06-03	2026-04	Amazon Music	The Linden Hours	Linden	DEX262600108	4065629200101	819	100	Song	DE	0	3.8402910000
2026-06-03	2026-04	Amazon Music	The Linden Hours	Linden	DEX262600108	4065629200101	304	100	Song	GB	0	1.2394080000
2026-06-03	2026-04	Amazon Music	The Linden Hours	Linden	DEX262600108	4065629200101	207	100	Song	NL	0	0.9221850000
2026-06-03	2026-04	Amazon Music	The Linden Hours	Linden	DEX262600108	4065629200101	182	100	Song	PL	0	0.7534800000
2026-06-03	2026-04	Amazon Music	The Linden Hours	Linden	DEX262600108	4065629200101	182	100	Song	SE	0	0.8427510000
2026-06-03	2026-04	Amazon Music	The Linden Hours	Linden	DEX262600108	4065629200101	440	100	Song	US	0	1.8829800000
2026-06-03	2026-04	Amazon Music	The Linden Hours	Summer Static	DEX262600201	4065629200201	829	100	Song	AT	0	3.4544430000
2026-06-03	2026-04	Amazon Music	The Linden Hours	Summer Static	DEX262600201	4065629200201	806	100	Song	CH	0	3.9679380000
2026-06-03	2026-04	Amazon Music	The Linden Hours	Summer Static	DEX262600201	4065629200201	3533	100	Song	DE	0	14.4835335000
2026-06-03	2026-04	Amazon Music	The Linden Hours	Summer Static	DEX262600201	4065629200201	1187	100	Song	GB	0	5.2026210000
2026-06-03	2026-04	Amazon Music	The Linden Hours	Summer Static	DEX262600201	4065629200201	999	100	Song	NL	0	4.8911040000
2026-06-03	2026-04	Amazon Music	The Linden Hours	Summer Static	DEX262600201	4065629200201	594	100	Song	PL	0	2.6088480000
2026-06-03	2026-04	Amazon Music	The Linden Hours	Summer Static	DEX262600201	4065629200201	634	100	Song	SE	0	2.7531450000
2026-06-03	2026-04	Amazon Music	The Linden Hours	Summer Static	DEX262600201	4065629200201	1904	100	Song	US	0	8.8764480000
2026-06-03	2026-03	Apple Music	The Linden Hours	Low Tide	DEX262600101	4065629200101	782	100	Song	AT	0	6.0685546000
2026-06-03	2026-03	Apple Music	The Linden Hours	Low Tide	DEX262600101	4065629200101	604	100	Song	CH	0	3.9539048000
2026-06-03	2026-03	Apple Music	The Linden Hours	Low Tide	DEX262600101	4065629200101	3635	100	Song	DE	0	23.5889690000
2026-06-03	2026-03	Apple Music	The Linden Hours	Low Tide	DEX262600101	4065629200101	850	100	Song	GB	0	6.0591400000
2026-06-03	2026-03	Apple Music	The Linden Hours	Low Tide	DEX262600101	4065629200101	837	100	Song	NL	0	5.3840862000
2026-06-03	2026-03	Apple Music	The Linden Hours	Low Tide	DEX262600101	4065629200101	564	100	Song	PL	0	4.1125188000
2026-06-03	2026-03	Apple Music	The Linden Hours	Low Tide	DEX262600101	4065629200101	601	100	Song	SE	0	4.1049502000
2026-06-03	2026-03	Apple Music	The Linden Hours	Low Tide	DEX262600101	4065629200101	1450	100	Song	US	0	11.2524350000
2026-06-03	2026-03	Apple Music	The Linden Hours	Paper Lanterns	DEX262600102	4065629200101	1275	100	Song	AT	0	9.5775450000
2026-06-03	2026-03	Apple Music	The Linden Hours	Paper Lanterns	DEX262600102	4065629200101	883	100	Song	CH	0	5.7991025000
2026-06-03	2026-03	Apple Music	The Linden Hours	Paper Lanterns	DEX262600102	4065629200101	5247	100	Song	DE	0	38.7438480000
2026-06-03	2026-03	Apple Music	The Linden Hours	Paper Lanterns	DEX262600102	4065629200101	1605	100	Song	GB	0	11.1789855000
2026-06-03	2026-03	Apple Music	The Linden Hours	Paper Lanterns	DEX262600102	4065629200101	1083	100	Song	NL	0	8.2044831000
2026-06-03	2026-03	Apple Music	The Linden Hours	Paper Lanterns	DEX262600102	4065629200101	804	100	Song	PL	0	5.5656900000
2026-06-03	2026-03	Apple Music	The Linden Hours	Paper Lanterns	DEX262600102	4065629200101	896	100	Song	SE	0	6.1325824000
2026-06-03	2026-03	Apple Music	The Linden Hours	Paper Lanterns	DEX262600102	4065629200101	2561	100	Song	US	0	16.7466351000
2026-06-03	2026-03	Apple Music	The Linden Hours	Northbound	DEX262600103	4065629200101	529	100	Song	AT	0	3.7258528000
2026-06-03	2026-03	Apple Music	The Linden Hours	Northbound	DEX262600103	4065629200101	462	100	Song	CH	0	3.4343694000
2026-06-03	2026-03	Apple Music	The Linden Hours	Northbound	DEX262600103	4065629200101	2092	100	Song	DE	0	14.6006956000
2026-06-03	2026-03	Apple Music	The Linden Hours	Northbound	DEX262600103	4065629200101	690	100	Song	GB	0	4.5609690000
2026-06-03	2026-03	Apple Music	The Linden Hours	Northbound	DEX262600103	4065629200101	405	100	Song	NL	0	2.6397090000
2026-06-03	2026-03	Apple Music	The Linden Hours	Northbound	DEX262600103	4065629200101	361	100	Song	PL	0	2.3375472000
2026-06-03	2026-03	Apple Music	The Linden Hours	Northbound	DEX262600103	4065629200101	256	100	Song	SE	0	1.6794624000
2026-06-03	2026-03	Apple Music	The Linden Hours	Northbound	DEX262600103	4065629200101	995	100	Song	US	0	6.4569530000
2026-06-03	2026-03	Apple Music	The Linden Hours	Salt and Iron	DEX262600104	4065629200101	436	100	Song	AT	0	3.1327472000
2026-06-03	2026-03	Apple Music	The Linden Hours	Salt and Iron	DEX262600104	4065629200101	352	100	Song	CH	0	2.6141632000
2026-06-03	2026-03	Apple Music	The Linden Hours	Salt and Iron	DEX262600104	4065629200101	1929	100	Song	DE	0	13.4082861000
2026-06-03	2026-03	Apple Music	The Linden Hours	Salt and Iron	DEX262600104	4065629200101	550	100	Song	GB	0	3.6980350000
2026-06-03	2026-03	Apple Music	The Linden Hours	Salt and Iron	DEX262600104	4065629200101	398	100	Song	NL	0	3.0970768000
2026-06-03	2026-03	Apple Music	The Linden Hours	Salt and Iron	DEX262600104	4065629200101	268	100	Song	PL	0	2.0340932000
2026-06-03	2026-03	Apple Music	The Linden Hours	Salt and Iron	DEX262600104	4065629200101	280	100	Song	SE	0	1.8806480000
2026-06-03	2026-03	Apple Music	The Linden Hours	Salt and Iron	DEX262600104	4065629200101	909	100	Song	US	0	6.9314886000
2026-06-03	2026-03	Apple Music	The Linden Hours	The Quiet Year	DEX262600105	4065629200101	317	100	Song	AT	0	2.2844605000
2026-06-03	2026-03	Apple Music	The Linden Hours	The Quiet Year	DEX262600105	4065629200101	307	100	Song	CH	0	2.1731609000
2026-06-03	2026-03	Apple Music	The Linden Hours	The Quiet Year	DEX262600105	4065629200101	1459	100	Song	DE	0	10.4624890000
2026-06-03	2026-03	Apple Music	The Linden Hours	The Quiet Year	DEX262600105	4065629200101	415	100	Song	GB	0	2.9347140000
2026-06-03	2026-03	Apple Music	The Linden Hours	The Quiet Year	DEX262600105	4065629200101	370	100	Song	NL	0	2.6847940000
2026-06-03	2026-03	Apple Music	The Linden Hours	The Quiet Year	DEX262600105	4065629200101	193	100	Song	PL	0	1.3730406000
2026-06-03	2026-03	Apple Music	The Linden Hours	The Quiet Year	DEX262600105	4065629200101	191	100	Song	SE	0	1.2964316000
2026-06-03	2026-03	Apple Music	The Linden Hours	The Quiet Year	DEX262600105	4065629200101	539	100	Song	US	0	3.5628439000
2026-06-03	2026-03	Apple Music	The Linden Hours	Glasshouse	DEX262600106	4065629200101	653	100	Song	AT	0	4.3024864000
2026-06-03	2026-03	Apple Music	The Linden Hours	Glasshouse	DEX262600106	4065629200101	455	100	Song	CH	0	3.4566350000
2026-06-03	2026-03	Apple Music	The Linden Hours	Glasshouse	DEX262600106	4065629200101	2129	100	Song	DE	0	15.8716950000
2026-06-03	2026-03	Apple Music	The Linden Hours	Glasshouse	DEX262600106	4065629200101	777	100	Song	GB	0	5.7925350000
2026-06-03	2026-03	Apple Music	The Linden Hours	Glasshouse	DEX262600106	4065629200101	642	100	Song	NL	0	4.4761524000
2026-06-03	2026-03	Apple Music	The Linden Hours	Glasshouse	DEX262600106	4065629200101	375	100	Song	PL	0	2.6332125000
2026-06-03	2026-03	Apple Music	The Linden Hours	Glasshouse	DEX262600106	4065629200101	435	100	Song	SE	0	3.2892525000
2026-06-03	2026-03	Apple Music	The Linden Hours	Glasshouse	DEX262600106	4065629200101	1206	100	Song	US	0	8.1772830000
2026-06-03	2026-03	Apple Music	The Linden Hours	Second Light	DEX262600107	4065629200101	304	100	Song	AT	0	2.3504976000
2026-06-03	2026-03	Apple Music	The Linden Hours	Second Light	DEX262600107	4065629200101	204	100	Song	CH	0	1.3962576000
2026-06-03	2026-03	Apple Music	The Linden Hours	Second Light	DEX262600107	4065629200101	765	100	Song	DE	0	5.6161710000
2026-06-03	2026-03	Apple Music	The Linden Hours	Second Light	DEX262600107	4065629200101	277	100	Song	GB	0	2.0925688000
2026-06-03	2026-03	Apple Music	The Linden Hours	Second Light	DEX262600107	4065629200101	226	100	Song	NL	0	1.4794412000
2026-06-03	2026-03	Apple Music	The Linden Hours	Second Light	DEX262600107	4065629200101	244	100	Song	PL	0	1.5730192000
2026-06-03	2026-03	Apple Music	The Linden Hours	Second Light	DEX262600107	4065629200101	215	100	Song	SE	0	1.5921395000
2026-06-03	2026-03	Apple Music	The Linden Hours	Second Light	DEX262600107	4065629200101	380	100	Song	US	0	2.8355980000
2026-06-03	2026-03	Apple Music	The Linden Hours	Linden	DEX262600108	4065629200101	433	100	Song	AT	0	3.2034206000
2026-06-03	2026-03	Apple Music	The Linden Hours	Linden	DEX262600108	4065629200101	364	100	Song	CH	0	2.6309192000
2026-06-03	2026-03	Apple Music	The Linden Hours	Linden	DEX262600108	4065629200101	1912	100	Song	DE	0	14.3625616000
2026-06-03	2026-03	Apple Music	The Linden Hours	Linden	DEX262600108	4065629200101	540	100	Song	GB	0	3.7611540000
2026-06-03	2026-03	Apple Music	The Linden Hours	Linden	DEX262600108	4065629200101	423	100	Song	NL	0	3.1294386000
2026-06-03	2026-03	Apple Music	The Linden Hours	Linden	DEX262600108	4065629200101	296	100	Song	PL	0	2.2255944000
2026-06-03	2026-03	Apple Music	The Linden Hours	Linden	DEX262600108	4065629200101	286	100	Song	SE	0	2.2092928000
2026-06-03	2026-03	Apple Music	The Linden Hours	Linden	DEX262600108	4065629200101	776	100	Song	US	0	5.8787432000
2026-06-03	2026-03	Apple Music	The Linden Hours	Summer Static	DEX262600201	4065629200201	1203	100	Song	AT	0	8.6608782000
2026-06-03	2026-03	Apple Music	The Linden Hours	Summer Static	DEX262600201	4065629200201	1256	100	Song	CH	0	8.3557912000
2026-06-03	2026-03	Apple Music	The Linden Hours	Summer Static	DEX262600201	4065629200201	6996	100	Song	DE	0	49.3735704000
2026-06-03	2026-03	Apple Music	The Linden Hours	Summer Static	DEX262600201	4065629200201	2037	100	Song	GB	0	13.5949380000
2026-06-03	2026-03	Apple Music	The Linden Hours	Summer Static	DEX262600201	4065629200201	1415	100	Song	NL	0	9.4838960000
2026-06-03	2026-03	Apple Music	The Linden Hours	Summer Static	DEX262600201	4065629200201	1053	100	Song	PL	0	7.0426746000
2026-06-03	2026-03	Apple Music	The Linden Hours	Summer Static	DEX262600201	4065629200201	1122	100	Song	SE	0	7.3528026000
2026-06-03	2026-03	Apple Music	The Linden Hours	Summer Static	DEX262600201	4065629200201	2802	100	Song	US	0	19.6554696000
2026-06-03	2026-04	Deezer	The Linden Hours	Low Tide	DEX262600101	4065629200101	373	100	Song	AT	0	1.4045688000
2026-06-03	2026-04	Deezer	The Linden Hours	Low Tide	DEX262600101	4065629200101	295	100	Song	CH	0	1.0758060000
2026-06-03	2026-04	Deezer	The Linden Hours	Low Tide	DEX262600101	4065629200101	1833	100	Song	DE	0	6.7109796000
2026-06-03	2026-04	Deezer	The Linden Hours	Low Tide	DEX262600101	4065629200101	353	100	Song	GB	0	1.2619044000
2026-06-03	2026-04	Deezer	The Linden Hours	Low Tide	DEX262600101	4065629200101	301	100	Song	NL	0	1.0240020000
2026-06-03	2026-04	Deezer	The Linden Hours	Low Tide	DEX262600101	4065629200101	223	100	Song	PL	0	0.7466040000
2026-06-03	2026-04	Deezer	The Linden Hours	Low Tide	DEX262600101	4065629200101	213	100	Song	SE	0	0.7192584000
2026-06-03	2026-04	Deezer	The Linden Hours	Low Tide	DEX262600101	4065629200101	542	100	Song	US	0	1.7619336000
2026-06-03	2026-04	Deezer	The Linden Hours	Paper Lanterns	DEX262600102	4065629200101	503	100	Song	AT	0	1.6930980000
2026-06-03	2026-04	Deezer	The Linden Hours	Paper Lanterns	DEX262600102	4065629200101	366	100	Song	CH	0	1.4058792000
2026-06-03	2026-04	Deezer	The Linden Hours	Paper Lanterns	DEX262600102	4065629200101	2513	100	Song	DE	0	9.2458296000
2026-06-03	2026-04	Deezer	The Linden Hours	Paper Lanterns	DEX262600102	4065629200101	781	100	Song	GB	0	2.8312812000
2026-06-03	2026-04	Deezer	The Linden Hours	Paper Lanterns	DEX262600102	4065629200101	500	100	Song	NL	0	1.9602000000
2026-06-03	2026-04	Deezer	The Linden Hours	Paper Lanterns	DEX262600102	4065629200101	368	100	Song	PL	0	1.2731328000
2026-06-03	2026-04	Deezer	The Linden Hours	Paper Lanterns	DEX262600102	4065629200101	317	100	Song	SE	0	1.1845656000
2026-06-03	2026-04	Deezer	The Linden Hours	Paper Lanterns	DEX262600102	4065629200101	829	100	Song	US	0	2.8023516000
2026-06-03	2026-04	Deezer	The Linden Hours	Northbound	DEX262600103	4065629200101	254	100	Song	AT	0	0.9171432000
2026-06-03	2026-04	Deezer	The Linden Hours	Northbound	DEX262600103	4065629200101	209	100	Song	CH	0	0.7418664000
2026-06-03	2026-04	Deezer	The Linden Hours	Northbound	DEX262600103	4065629200101	837	100	Song	DE	0	3.2512428000
2026-06-03	2026-04	Deezer	The Linden Hours	Northbound	DEX262600103	4065629200101	230	100	Song	GB	0	0.7725240000
2026-06-03	2026-04	Deezer	The Linden Hours	Northbound	DEX262600103	4065629200101	191	100	Song	NL	0	0.6429060000
2026-06-03	2026-04	Deezer	The Linden Hours	Northbound	DEX262600103	4065629200101	134	100	Song	PL	0	0.4741992000
2026-06-03	2026-04	Deezer	The Linden Hours	Northbound	DEX262600103	4065629200101	130	100	Song	SE	0	0.4675320000
2026-06-03	2026-04	Deezer	The Linden Hours	Northbound	DEX262600103	4065629200101	423	100	Song	US	0	1.4877756000
2026-06-03	2026-04	Deezer	The Linden Hours	Salt and Iron	DEX262600104	4065629200101	202	100	Song	AT	0	0.7053840000
2026-06-03	2026-04	Deezer	The Linden Hours	Salt and Iron	DEX262600104	4065629200101	151	100	Song	CH	0	0.5609952000
2026-06-03	2026-04	Deezer	The Linden Hours	Salt and Iron	DEX262600104	4065629200101	881	100	Song	DE	0	3.2001444000
2026-06-03	2026-04	Deezer	The Linden Hours	Salt and Iron	DEX262600104	4065629200101	236	100	Song	GB	0	0.8750880000
2026-06-03	2026-04	Deezer	The Linden Hours	Salt and Iron	DEX262600104	4065629200101	157	100	Song	NL	0	0.5245056000
2026-06-03	2026-04	Deezer	The Linden Hours	Salt and Iron	DEX262600104	4065629200101	106	100	Song	PL	0	0.3735864000
2026-06-03	2026-04	Deezer	The Linden Hours	Salt and Iron	DEX262600104	4065629200101	133	100	Song	SE	0	0.4989096000
2026-06-03	2026-04	Deezer	The Linden Hours	Salt and Iron	DEX262600104	4065629200101	311	100	Song	US	0	1.1934936000
2026-06-03	2026-04	Deezer	The Linden Hours	The Quiet Year	DEX262600105	4065629200101	181	100	Song	AT	0	0.6659352000
2026-06-03	2026-04	Deezer	The Linden Hours	The Quiet Year	DEX262600105	4065629200101	103	100	Song	CH	0	0.3489228000
2026-06-03	2026-04	Deezer	The Linden Hours	The Quiet Year	DEX262600105	4065629200101	747	100	Song	DE	0	2.7698760000
2026-06-03	2026-04	Deezer	The Linden Hours	The Quiet Year	DEX262600105	4065629200101	155	100	Song	GB	0	0.5658120000
2026-06-03	2026-04	Deezer	The Linden Hours	The Quiet Year	DEX262600105	4065629200101	169	100	Song	NL	0	0.5755464000
2026-06-03	2026-04	Deezer	The Linden Hours	The Quiet Year	DEX262600105	4065629200101	114	100	Song	PL	0	0.4075272000
2026-06-03	2026-04	Deezer	The Linden Hours	The Quiet Year	DEX262600105	4065629200101	96	100	Song	SE	0	0.3456000000
2026-06-03	2026-04	Deezer	The Linden Hours	The Quiet Year	DEX262600105	4065629200101	324	100	Song	US	0	1.1617344000
2026-06-03	2026-04	Deezer	The Linden Hours	Glasshouse	DEX262600106	4065629200101	218	100	Song	AT	0	0.7895088000
2026-06-03	2026-04	Deezer	The Linden Hours	Glasshouse	DEX262600106	4065629200101	249	100	Song	CH	0	0.8112420000
2026-06-03	2026-04	Deezer	The Linden Hours	Glasshouse	DEX262600106	4065629200101	1171	100	Song	DE	0	4.5570636000
2026-06-03	2026-04	Deezer	The Linden Hours	Glasshouse	DEX262600106	4065629200101	288	100	Song	GB	0	1.0948608000
2026-06-03	2026-04	Deezer	The Linden Hours	Glasshouse	DEX262600106	4065629200101	160	100	Song	NL	0	0.5725440000
2026-06-03	2026-04	Deezer	The Linden Hours	Glasshouse	DEX262600106	4065629200101	203	100	Song	PL	0	0.6752592000
2026-06-03	2026-04	Deezer	The Linden Hours	Glasshouse	DEX262600106	4065629200101	197	100	Song	SE	0	0.7503336000
2026-06-03	2026-04	Deezer	The Linden Hours	Glasshouse	DEX262600106	4065629200101	470	100	Song	US	0	1.8155160000
2026-06-03	2026-04	Deezer	The Linden Hours	Second Light	DEX262600107	4065629200101	112	100	Song	AT	0	0.4011840000
2026-06-03	2026-04	Deezer	The Linden Hours	Second Light	DEX262600107	4065629200101	88	100	Song	CH	0	0.2952576000
2026-06-03	2026-04	Deezer	The Linden Hours	Second Light	DEX262600107	4065629200101	489	100	Song	DE	0	1.7498376000
2026-06-03	2026-04	Deezer	The Linden Hours	Second Light	DEX262600107	4065629200101	139	100	Song	GB	0	0.5304240000
2026-06-03	2026-04	Deezer	The Linden Hours	Second Light	DEX262600107	4065629200101	124	100	Song	NL	0	0.4571136000
2026-06-03	2026-04	Deezer	The Linden Hours	Second Light	DEX262600107	4065629200101	89	100	Song	PL	0	0.3043800000
2026-06-03	2026-04	Deezer	The Linden Hours	Second Light	DEX262600107	4065629200101	87	100	Song	SE	0	0.2872044000
2026-06-03	2026-04	Deezer	The Linden Hours	Second Light	DEX262600107	4065629200101	216	100	Song	US	0	0.8320320000
2026-06-03	2026-04	Deezer	The Linden Hours	Linden	DEX262600108	4065629200101	139	100	Song	AT	0	0.4658724000
2026-06-03	2026-04	Deezer	The Linden Hours	Linden	DEX262600108	4065629200101	163	100	Song	CH	0	0.5844528000
2026-06-03	2026-04	Deezer	The Linden Hours	Linden	DEX262600108	4065629200101	945	100	Song	DE	0	3.4904520000
2026-06-03	2026-04	Deezer	The Linden Hours	Linden	DEX262600108	4065629200101	236	100	Song	GB	0	0.8241120000
2026-06-03	2026-04	Deezer	The Linden Hours	Linden	DEX262600108	4065629200101	164	100	Song	NL	0	0.5431680000
2026-06-03	2026-04	Deezer	The Linden Hours	Linden	DEX262600108	4065629200101	133	100	Song	PL	0	0.5233284000
2026-06-03	2026-04	Deezer	The Linden Hours	Linden	DEX262600108	4065629200101	122	100	Song	SE	0	0.4747752000
2026-06-03	2026-04	Deezer	The Linden Hours	Linden	DEX262600108	4065629200101	321	100	Song	US	0	1.2445812000
2026-06-03	2026-04	Deezer	The Linden Hours	Summer Static	DEX262600201	4065629200201	733	100	Song	AT	0	2.6282448000
2026-06-03	2026-04	Deezer	The Linden Hours	Summer Static	DEX262600201	4065629200201	599	100	Song	CH	0	2.0701440000
2026-06-03	2026-04	Deezer	The Linden Hours	Summer Static	DEX262600201	4065629200201	2804	100	Song	DE	0	11.0230848000
2026-06-03	2026-04	Deezer	The Linden Hours	Summer Static	DEX262600201	4065629200201	698	100	Song	GB	0	2.5153128000
2026-06-03	2026-04	Deezer	The Linden Hours	Summer Static	DEX262600201	4065629200201	705	100	Song	NL	0	2.7435780000
2026-06-03	2026-04	Deezer	The Linden Hours	Summer Static	DEX262600201	4065629200201	415	100	Song	PL	0	1.4178060000
2026-06-03	2026-04	Deezer	The Linden Hours	Summer Static	DEX262600201	4065629200201	470	100	Song	SE	0	1.5566400000
2026-06-03	2026-04	Deezer	The Linden Hours	Summer Static	DEX262600201	4065629200201	1094	100	Song	US	0	3.5681904000
2026-06-03	2026-04	Spotify	The Linden Hours	Low Tide	DEX262600101	4065629200101	4170	100	Song	AT	0	13.4107200000
2026-06-03	2026-04	Spotify	The Linden Hours	Low Tide	DEX262600101	4065629200101	2187	100	Song	CH	0	6.4385280000
2026-06-03	2026-04	Spotify	The Linden Hours	Low Tide	DEX262600101	4065629200101	12922	100	Song	DE	0	42.6736128000
2026-06-03	2026-04	Spotify	The Linden Hours	Low Tide	DEX262600101	4065629200101	3794	100	Song	GB	0	13.2334720000
2026-06-03	2026-04	Spotify	The Linden Hours	Low Tide	DEX262600101	4065629200101	2872	100	Song	NL	0	8.7584512000
2026-06-03	2026-04	Spotify	The Linden Hours	Low Tide	DEX262600101	4065629200101	1972	100	Song	PL	0	6.5186432000
2026-06-03	2026-04	Spotify	The Linden Hours	Low Tide	DEX262600101	4065629200101	2185	100	Song	SE	0	6.4606080000
2026-06-03	2026-04	Spotify	The Linden Hours	Low Tide	DEX262600101	4065629200101	5324	100	Song	US	0	16.3553280000
2026-06-03	2026-04	Spotify	The Linden Hours	Paper Lanterns	DEX262600102	4065629200101	4586	100	Song	AT	0	15.6584384000
2026-06-03	2026-04	Spotify	The Linden Hours	Paper Lanterns	DEX262600102	4065629200101	3499	100	Song	CH	0	10.7153376000
2026-06-03	2026-04	Spotify	The Linden Hours	Paper Lanterns	DEX262600102	4065629200101	17823	100	Song	DE	0	53.0412480000
2026-06-03	2026-04	Spotify	The Linden Hours	Paper Lanterns	DEX262600102	4065629200101	5200	100	Song	GB	0	16.7564800000
2026-06-03	2026-04	Spotify	The Linden Hours	Paper Lanterns	DEX262600102	4065629200101	5305	100	Song	NL	0	17.1287840000
2026-06-03	2026-04	Spotify	The Linden Hours	Paper Lanterns	DEX262600102	4065629200101	3104	100	Song	PL	0	10.3797760000
2026-06-03	2026-04	Spotify	The Linden Hours	Paper Lanterns	DEX262600102	4065629200101	3033	100	Song	SE	0	9.6085440000
2026-06-03	2026-04	Spotify	The Linden Hours	Paper Lanterns	DEX262600102	4065629200101	9112	100	Song	US	0	27.1464704000
2026-06-03	2026-04	Spotify	The Linden Hours	Northbound	DEX262600103	4065629200101	1840	100	Song	AT	0	5.8703360000
2026-06-03	2026-04	Spotify	The Linden Hours	Northbound	DEX262600103	4065629200101	1729	100	Song	CH	0	5.2948896000
2026-06-03	2026-04	Spotify	The Linden Hours	Northbound	DEX262600103	4065629200101	8356	100	Song	DE	0	27.1135488000
2026-06-03	2026-04	Spotify	The Linden Hours	Northbound	DEX262600103	4065629200101	2142	100	Song	GB	0	6.1963776000
2026-06-03	2026-04	Spotify	The Linden Hours	Northbound	DEX262600103	4065629200101	2027	100	Song	NL	0	6.0193792000
2026-06-03	2026-04	Spotify	The Linden Hours	Northbound	DEX262600103	4065629200101	1426	100	Song	PL	0	4.3897984000
2026-06-03	2026-04	Spotify	The Linden Hours	Northbound	DEX262600103	4065629200101	1222	100	Song	SE	0	4.2115008000
2026-06-03	2026-04	Spotify	The Linden Hours	Northbound	DEX262600103	4065629200101	3214	100	Song	US	0	10.0482496000
2026-06-03	2026-04	Spotify	The Linden Hours	Salt and Iron	DEX262600104	4065629200101	1586	100	Song	AT	0	5.2477568000
2026-06-03	2026-04	Spotify	The Linden Hours	Salt and Iron	DEX262600104	4065629200101	1520	100	Song	CH	0	4.4262400000
2026-06-03	2026-04	Spotify	The Linden Hours	Salt and Iron	DEX262600104	4065629200101	8083	100	Song	DE	0	26.4087776000
2026-06-03	2026-04	Spotify	The Linden Hours	Salt and Iron	DEX262600104	4065629200101	1845	100	Song	GB	0	6.0752160000
2026-06-03	2026-04	Spotify	The Linden Hours	Salt and Iron	DEX262600104	4065629200101	1884	100	Song	NL	0	5.5042944000
2026-06-03	2026-04	Spotify	The Linden Hours	Salt and Iron	DEX262600104	4065629200101	1208	100	Song	PL	0	4.1323264000
2026-06-03	2026-04	Spotify	The Linden Hours	Salt and Iron	DEX262600104	4065629200101	1256	100	Song	SE	0	3.6373760000
2026-06-03	2026-04	Spotify	The Linden Hours	Salt and Iron	DEX262600104	4065629200101	3132	100	Song	US	0	10.1226240000
2026-06-03	2026-04	Spotify	The Linden Hours	The Quiet Year	DEX262600105	4065629200101	1209	100	Song	AT	0	3.8610624000
2026-06-03	2026-04	Spotify	The Linden Hours	The Quiet Year	DEX262600105	4065629200101	1009	100	Song	CH	0	3.2223424000
2026-06-03	2026-04	Spotify	The Linden Hours	The Quiet Year	DEX262600105	4065629200101	4670	100	Song	DE	0	15.2428800000
2026-06-03	2026-04	Spotify	The Linden Hours	The Quiet Year	DEX262600105	4065629200101	1729	100	Song	GB	0	5.3778816000
2026-06-03	2026-04	Spotify	The Linden Hours	The Quiet Year	DEX262600105	4065629200101	1196	100	Song	NL	0	3.5248512000
2026-06-03	2026-04	Spotify	The Linden Hours	The Quiet Year	DEX262600105	4065629200101	845	100	Song	PL	0	2.9095040000
2026-06-03	2026-04	Spotify	The Linden Hours	The Quiet Year	DEX262600105	4065629200101	1047	100	Song	SE	0	3.1862304000
2026-06-03	2026-04	Spotify	The Linden Hours	The Quiet Year	DEX262600105	4065629200101	2400	100	Song	US	0	8.0870400000
2026-06-03	2026-04	Spotify	The Linden Hours	Glasshouse	DEX262600106	4065629200101	2412	100	Song	AT	0	7.9808256000
2026-06-03	2026-04	Spotify	The Linden Hours	Glasshouse	DEX262600106	4065629200101	1669	100	Song	CH	0	4.8654688000
2026-06-03	2026-04	Spotify	The Linden Hours	Glasshouse	DEX262600106	4065629200101	11041	100	Song	DE	0	36.1084864000
2026-06-03	2026-04	Spotify	The Linden Hours	Glasshouse	DEX262600106	4065629200101	3160	100	Song	GB	0	10.2839040000
2026-06-03	2026-04	Spotify	The Linden Hours	Glasshouse	DEX262600106	4065629200101	2058	100	Song	NL	0	6.3090048000
2026-06-03	2026-04	Spotify	The Linden Hours	Glasshouse	DEX262600106	4065629200101	1463	100	Song	PL	0	4.7330976000
2026-06-03	2026-04	Spotify	The Linden Hours	Glasshouse	DEX262600106	4065629200101	1863	100	Song	SE	0	6.5279520000
2026-06-03	2026-04	Spotify	The Linden Hours	Glasshouse	DEX262600106	4065629200101	3726	100	Song	US	0	11.3270400000
2026-06-03	2026-04	Spotify	The Linden Hours	Second Light	DEX262600107	4065629200101	1087	100	Song	AT	0	3.7566720000
2026-06-03	2026-04	Spotify	The Linden Hours	Second Light	DEX262600107	4065629200101	755	100	Song	CH	0	2.4304960000
2026-06-03	2026-04	Spotify	The Linden Hours	Second Light	DEX262600107	4065629200101	3632	100	Song	DE	0	12.6800384000
2026-06-03	2026-04	Spotify	The Linden Hours	Second Light	DEX262600107	4065629200101	1305	100	Song	GB	0	4.5936000000
2026-06-03	2026-04	Spotify	The Linden Hours	Second Light	DEX262600107	4065629200101	1002	100	Song	NL	0	2.9915712000
2026-06-03	2026-04	Spotify	The Linden Hours	Second Light	DEX262600107	4065629200101	891	100	Song	PL	0	3.1163616000
2026-06-03	2026-04	Spotify	The Linden Hours	Second Light	DEX262600107	4065629200101	582	100	Song	SE	0	1.7115456000
2026-06-03	2026-04	Spotify	The Linden Hours	Second Light	DEX262600107	4065629200101	2135	100	Song	US	0	6.8866560000
2026-06-03	2026-04	Spotify	The Linden Hours	Linden	DEX262600108	4065629200101	1463	100	Song	AT	0	4.8080032000
2026-06-03	2026-04	Spotify	The Linden Hours	Linden	DEX262600108	4065629200101	1540	100	Song	CH	0	5.2581760000
2026-06-03	2026-04	Spotify	The Linden Hours	Linden	DEX262600108	4065629200101	6496	100	Song	DE	0	19.1657984000
2026-06-03	2026-04	Spotify	The Linden Hours	Linden	DEX262600108	4065629200101	2014	100	Song	GB	0	5.9292160000
2026-06-03	2026-04	Spotify	The Linden Hours	Linden	DEX262600108	4065629200101	1422	100	Song	NL	0	4.1636160000
2026-06-03	2026-04	Spotify	The Linden Hours	Linden	DEX262600108	4065629200101	1117	100	Song	PL	0	3.3563616000
2026-06-03	2026-04	Spotify	The Linden Hours	Linden	DEX262600108	4065629200101	1145	100	Song	SE	0	3.4295040000
2026-06-03	2026-04	Spotify	The Linden Hours	Linden	DEX262600108	4065629200101	3122	100	Song	US	0	9.0812736000
2026-06-03	2026-04	Spotify	The Linden Hours	Summer Static	DEX262600201	4065629200201	6110	100	Song	AT	0	18.0269440000
2026-06-03	2026-04	Spotify	The Linden Hours	Summer Static	DEX262600201	4065629200201	4538	100	Song	CH	0	13.4179584000
2026-06-03	2026-04	Spotify	The Linden Hours	Summer Static	DEX262600201	4065629200201	26375	100	Song	DE	0	82.5432000000
2026-06-03	2026-04	Spotify	The Linden Hours	Summer Static	DEX262600201	4065629200201	6038	100	Song	GB	0	20.9446144000
2026-06-03	2026-03	Spotify	The Linden Hours	Summer Static	DEX262600201	4065629200201	-18650	100	Song	GB	0	-59.68
2026-06-03	2026-04	Spotify	The Linden Hours	Summer Static	DEX262600201	4065629200201	5686	100	Song	NL	0	18.5227136000
2026-06-03	2026-04	Spotify	The Linden Hours	Summer Static	DEX262600201	4065629200201	4061	100	Song	PL	0	13.8009024000
2026-06-03	2026-04	Spotify	The Linden Hours	Summer Static	DEX262600201	4065629200201	3717	100	Song	SE	0	11.0261088000
2026-06-03	2026-04	Spotify	The Linden Hours	Summer Static	DEX262600201	4065629200201	10623	100	Song	US	0	34.4695104000
2026-06-03	2026-03	Spotify	The Linden Hours	Summer Static	DEX262600201	4065629200201	-41200	100	Song	US	0	-131.84
2026-06-03	2026-04	TikTok	The Linden Hours	Low Tide	DEX262600101	4065629200101	402	100	Song	AT	0	0.3585438000
2026-06-03	2026-04	TikTok	The Linden Hours	Low Tide	DEX262600101	4065629200101	335	100	Song	CH	0	0.2785860000
2026-06-03	2026-04	TikTok	The Linden Hours	Low Tide	DEX262600101	4065629200101	2067	100	Song	DE	0	1.9700577000
2026-06-03	2026-04	TikTok	The Linden Hours	Low Tide	DEX262600101	4065629200101	491	100	Song	GB	0	0.4860900000
2026-06-03	2026-04	TikTok	The Linden Hours	Low Tide	DEX262600101	4065629200101	435	100	Song	NL	0	0.3582225000
2026-06-03	2026-04	TikTok	The Linden Hours	Low Tide	DEX262600101	4065629200101	321	100	Song	PL	0	0.2779218000
2026-06-03	2026-04	TikTok	The Linden Hours	Low Tide	DEX262600101	4065629200101	250	100	Song	SE	0	0.2117250000
2026-06-03	2026-04	TikTok	The Linden Hours	Low Tide	DEX262600101	4065629200101	709	100	Song	US	0	0.6636240000
2026-06-03	2026-04	TikTok	The Linden Hours	Paper Lanterns	DEX262600102	4065629200101	844	100	Song	AT	0	0.7877052000
2026-06-03	2026-04	TikTok	The Linden Hours	Paper Lanterns	DEX262600102	4065629200101	642	100	Song	CH	0	0.5685552000
2026-06-03	2026-04	TikTok	The Linden Hours	Paper Lanterns	DEX262600102	4065629200101	2495	100	Song	DE	0	2.0928060000
2026-06-03	2026-04	TikTok	The Linden Hours	Paper Lanterns	DEX262600102	4065629200101	921	100	Song	GB	0	0.8065197000
2026-06-03	2026-04	TikTok	The Linden Hours	Paper Lanterns	DEX262600102	4065629200101	562	100	Song	NL	0	0.4946724000
2026-06-03	2026-04	TikTok	The Linden Hours	Paper Lanterns	DEX262600102	4065629200101	451	100	Song	PL	0	0.4095531000
2026-06-03	2026-04	TikTok	The Linden Hours	Paper Lanterns	DEX262600102	4065629200101	380	100	Song	SE	0	0.3112200000
2026-06-03	2026-04	TikTok	The Linden Hours	Paper Lanterns	DEX262600102	4065629200101	1005	100	Song	US	0	0.8448030000
2026-06-03	2026-04	TikTok	The Linden Hours	Northbound	DEX262600103	4065629200101	281	100	Song	AT	0	0.2771784000
2026-06-03	2026-04	TikTok	The Linden Hours	Northbound	DEX262600103	4065629200101	255	100	Song	CH	0	0.2216970000
2026-06-03	2026-04	TikTok	The Linden Hours	Northbound	DEX262600103	4065629200101	1318	100	Song	DE	0	1.1102832000
2026-06-03	2026-04	TikTok	The Linden Hours	Northbound	DEX262600103	4065629200101	309	100	Song	GB	0	0.2686446000
2026-06-03	2026-04	TikTok	The Linden Hours	Northbound	DEX262600103	4065629200101	230	100	Song	NL	0	0.1931310000
2026-06-03	2026-04	TikTok	The Linden Hours	Northbound	DEX262600103	4065629200101	202	100	Song	PL	0	0.1745280000
2026-06-03	2026-04	TikTok	The Linden Hours	Northbound	DEX262600103	4065629200101	214	100	Song	SE	0	0.1873998000
2026-06-03	2026-04	TikTok	The Linden Hours	Northbound	DEX262600103	4065629200101	533	100	Song	US	0	0.4715451000
2026-06-03	2026-04	TikTok	The Linden Hours	Salt and Iron	DEX262600104	4065629200101	229	100	Song	AT	0	0.2151684000
2026-06-03	2026-04	TikTok	The Linden Hours	Salt and Iron	DEX262600104	4065629200101	189	100	Song	CH	0	0.1855791000
2026-06-03	2026-04	TikTok	The Linden Hours	Salt and Iron	DEX262600104	4065629200101	804	100	Song	DE	0	0.7315596000
2026-06-03	2026-04	TikTok	The Linden Hours	Salt and Iron	DEX262600104	4065629200101	291	100	Song	GB	0	0.2757807000
2026-06-03	2026-04	TikTok	The Linden Hours	Salt and Iron	DEX262600104	4065629200101	242	100	Song	NL	0	0.2106126000
2026-06-03	2026-04	TikTok	The Linden Hours	Salt and Iron	DEX262600104	4065629200101	131	100	Song	PL	0	0.1270962000
2026-06-03	2026-04	TikTok	The Linden Hours	Salt and Iron	DEX262600104	4065629200101	195	100	Song	SE	0	0.1669005000
2026-06-03	2026-04	TikTok	The Linden Hours	Salt and Iron	DEX262600104	4065629200101	384	100	Song	US	0	0.3162240000
2026-06-03	2026-04	TikTok	The Linden Hours	The Quiet Year	DEX262600105	4065629200101	210	100	Song	AT	0	0.1997730000
2026-06-03	2026-04	TikTok	The Linden Hours	The Quiet Year	DEX262600105	4065629200101	122	100	Song	CH	0	0.1012356000
2026-06-03	2026-04	TikTok	The Linden Hours	The Quiet Year	DEX262600105	4065629200101	1049	100	Song	DE	0	0.9289944000
2026-06-03	2026-04	TikTok	The Linden Hours	The Quiet Year	DEX262600105	4065629200101	245	100	Song	GB	0	0.2127825000
2026-06-03	2026-04	TikTok	The Linden Hours	The Quiet Year	DEX262600105	4065629200101	202	100	Song	NL	0	0.1836180000
2026-06-03	2026-04	TikTok	The Linden Hours	The Quiet Year	DEX262600105	4065629200101	154	100	Song	PL	0	0.1387386000
2026-06-03	2026-04	TikTok	The Linden Hours	The Quiet Year	DEX262600105	4065629200101	128	100	Song	SE	0	0.1168128000
2026-06-03	2026-04	TikTok	The Linden Hours	The Quiet Year	DEX262600105	4065629200101	350	100	Song	US	0	0.2923200000
2026-06-03	2026-04	TikTok	The Linden Hours	Glasshouse	DEX262600106	4065629200101	370	100	Song	AT	0	0.3050280000
2026-06-03	2026-04	TikTok	The Linden Hours	Glasshouse	DEX262600106	4065629200101	263	100	Song	CH	0	0.2305458000
2026-06-03	2026-04	TikTok	The Linden Hours	Glasshouse	DEX262600106	4065629200101	1396	100	Song	DE	0	1.3543992000
2026-06-03	2026-04	TikTok	The Linden Hours	Glasshouse	DEX262600106	4065629200101	359	100	Song	GB	0	0.3111453000
2026-06-03	2026-04	TikTok	The Linden Hours	Glasshouse	DEX262600106	4065629200101	327	100	Song	NL	0	0.3046005000
2026-06-03	2026-04	TikTok	The Linden Hours	Glasshouse	DEX262600106	4065629200101	191	100	Song	PL	0	0.1578042000
2026-06-03	2026-04	TikTok	The Linden Hours	Glasshouse	DEX262600106	4065629200101	251	100	Song	SE	0	0.2039877000
2026-06-03	2026-04	TikTok	The Linden Hours	Glasshouse	DEX262600106	4065629200101	586	100	Song	US	0	0.4846806000
2026-06-03	2026-04	TikTok	The Linden Hours	Second Light	DEX262600107	4065629200101	158	100	Song	AT	0	0.1439064000
2026-06-03	2026-04	TikTok	The Linden Hours	Second Light	DEX262600107	4065629200101	104	100	Song	CH	0	0.1026792000
2026-06-03	2026-04	TikTok	The Linden Hours	Second Light	DEX262600107	4065629200101	701	100	Song	DE	0	0.6567669000
2026-06-03	2026-04	TikTok	The Linden Hours	Second Light	DEX262600107	4065629200101	184	100	Song	GB	0	0.1775232000
2026-06-03	2026-04	TikTok	The Linden Hours	Second Light	DEX262600107	4065629200101	148	100	Song	NL	0	0.1285380000
2026-06-03	2026-04	TikTok	The Linden Hours	Second Light	DEX262600107	4065629200101	113	100	Song	PL	0	0.1050561000
2026-06-03	2026-04	TikTok	The Linden Hours	Second Light	DEX262600107	4065629200101	82	100	Song	SE	0	0.0788922000
2026-06-03	2026-04	TikTok	The Linden Hours	Second Light	DEX262600107	4065629200101	260	100	Song	US	0	0.2492100000
2026-06-03	2026-04	TikTok	The Linden Hours	Linden	DEX262600108	4065629200101	215	100	Song	AT	0	0.1896300000
2026-06-03	2026-04	TikTok	The Linden Hours	Linden	DEX262600108	4065629200101	139	100	Song	CH	0	0.1184697000
2026-06-03	2026-04	TikTok	The Linden Hours	Linden	DEX262600108	4065629200101	982	100	Song	DE	0	0.9023598000
2026-06-03	2026-04	TikTok	The Linden Hours	Linden	DEX262600108	4065629200101	260	100	Song	GB	0	0.2454660000
2026-06-03	2026-04	TikTok	The Linden Hours	Linden	DEX262600108	4065629200101	232	100	Song	NL	0	0.2238336000
2026-06-03	2026-04	TikTok	The Linden Hours	Linden	DEX262600108	4065629200101	146	100	Song	PL	0	0.1340280000
2026-06-03	2026-04	TikTok	The Linden Hours	Linden	DEX262600108	4065629200101	173	100	Song	SE	0	0.1644192000
2026-06-03	2026-04	TikTok	The Linden Hours	Linden	DEX262600108	4065629200101	351	100	Song	US	0	0.3471741000
2026-06-03	2026-04	TikTok	The Linden Hours	Summer Static	DEX262600201	4065629200201	979	100	Song	AT	0	0.8934354000
2026-06-03	2026-04	TikTok	The Linden Hours	Summer Static	DEX262600201	4065629200201	813	100	Song	CH	0	0.6629202000
2026-06-03	2026-04	TikTok	The Linden Hours	Summer Static	DEX262600201	4065629200201	4118	100	Song	DE	0	3.4727094000
2026-06-03	2026-04	TikTok	The Linden Hours	Summer Static	DEX262600201	4065629200201	952	100	Song	GB	0	0.7925400000
2026-06-03	2026-04	TikTok	The Linden Hours	Summer Static	DEX262600201	4065629200201	778	100	Song	NL	0	0.6609888000
2026-06-03	2026-04	TikTok	The Linden Hours	Summer Static	DEX262600201	4065629200201	641	100	Song	PL	0	0.5463243000
2026-06-03	2026-04	TikTok	The Linden Hours	Summer Static	DEX262600201	4065629200201	595	100	Song	SE	0	0.4948020000
2026-06-03	2026-04	TikTok	The Linden Hours	Summer Static	DEX262600201	4065629200201	1493	100	Song	US	0	1.4310405000
2026-06-03	2026-04	YouTube Music	The Linden Hours	Low Tide	DEX262600101	4065629200101	600	100	Song	AT	0	1.1403000000
2026-06-03	2026-04	YouTube Music	The Linden Hours	Low Tide	DEX262600101	4065629200101	400	100	Song	CH	0	0.8164800000
2026-06-03	2026-04	YouTube Music	The Linden Hours	Low Tide	DEX262600101	4065629200101	1910	100	Song	DE	0	3.6861090000
2026-06-03	2026-04	YouTube Music	The Linden Hours	Low Tide	DEX262600101	4065629200101	545	100	Song	GB	0	1.0632405000
2026-06-03	2026-04	YouTube Music	The Linden Hours	Low Tide	DEX262600101	4065629200101	392	100	Song	NL	0	0.7532280000
2026-06-03	2026-04	YouTube Music	The Linden Hours	Low Tide	DEX262600101	4065629200101	388	100	Song	PL	0	0.8482068000
2026-06-03	2026-04	YouTube Music	The Linden Hours	Low Tide	DEX262600101	4065629200101	331	100	Song	SE	0	0.7437570000
2026-06-03	2026-04	YouTube Music	The Linden Hours	Low Tide	DEX262600101	4065629200101	938	100	Song	US	0	2.0032866000
2026-06-03	2026-04	YouTube Music	The Linden Hours	Paper Lanterns	DEX262600102	4065629200101	770	100	Song	AT	0	1.7576790000
2026-06-03	2026-04	YouTube Music	The Linden Hours	Paper Lanterns	DEX262600102	4065629200101	600	100	Song	CH	0	1.1592000000
2026-06-03	2026-04	YouTube Music	The Linden Hours	Paper Lanterns	DEX262600102	4065629200101	3488	100	Song	DE	0	7.4346720000
2026-06-03	2026-04	YouTube Music	The Linden Hours	Paper Lanterns	DEX262600102	4065629200101	879	100	Song	GB	0	1.7609886000
2026-06-03	2026-04	YouTube Music	The Linden Hours	Paper Lanterns	DEX262600102	4065629200101	756	100	Song	NL	0	1.4463036000
2026-06-03	2026-04	YouTube Music	The Linden Hours	Paper Lanterns	DEX262600102	4065629200101	543	100	Song	PL	0	1.0775835000
2026-06-03	2026-04	YouTube Music	The Linden Hours	Paper Lanterns	DEX262600102	4065629200101	402	100	Song	SE	0	0.9075150000
2026-06-03	2026-04	YouTube Music	The Linden Hours	Paper Lanterns	DEX262600102	4065629200101	1671	100	Song	US	0	3.2739903000
2026-06-03	2026-04	YouTube Music	The Linden Hours	Northbound	DEX262600103	4065629200101	315	100	Song	AT	0	0.6700995000
2026-06-03	2026-04	YouTube Music	The Linden Hours	Northbound	DEX262600103	4065629200101	296	100	Song	CH	0	0.5681424000
2026-06-03	2026-04	YouTube Music	The Linden Hours	Northbound	DEX262600103	4065629200101	1597	100	Song	DE	0	3.3201630000
2026-06-03	2026-04	YouTube Music	The Linden Hours	Northbound	DEX262600103	4065629200101	376	100	Song	GB	0	0.8203944000
2026-06-03	2026-04	YouTube Music	The Linden Hours	Northbound	DEX262600103	4065629200101	281	100	Song	NL	0	0.5954109000
2026-06-03	2026-04	YouTube Music	The Linden Hours	Northbound	DEX262600103	4065629200101	231	100	Song	PL	0	0.5302143000
2026-06-03	2026-04	YouTube Music	The Linden Hours	Northbound	DEX262600103	4065629200101	224	100	Song	SE	0	0.4318272000
2026-06-03	2026-04	YouTube Music	The Linden Hours	Northbound	DEX262600103	4065629200101	687	100	Song	US	0	1.3792212000
2026-06-03	2026-04	YouTube Music	The Linden Hours	Salt and Iron	DEX262600104	4065629200101	267	100	Song	AT	0	0.6010704000
2026-06-03	2026-04	YouTube Music	The Linden Hours	Salt and Iron	DEX262600104	4065629200101	248	100	Song	CH	0	0.5015304000
2026-06-03	2026-04	YouTube Music	The Linden Hours	Salt and Iron	DEX262600104	4065629200101	1362	100	Song	DE	0	2.9231244000
2026-06-03	2026-04	YouTube Music	The Linden Hours	Salt and Iron	DEX262600104	4065629200101	283	100	Song	GB	0	0.6495699000
2026-06-03	2026-04	YouTube Music	The Linden Hours	Salt and Iron	DEX262600104	4065629200101	244	100	Song	NL	0	0.5154744000
2026-06-03	2026-04	YouTube Music	The Linden Hours	Salt and Iron	DEX262600104	4065629200101	171	100	Song	PL	0	0.3321675000
2026-06-03	2026-04	YouTube Music	The Linden Hours	Salt and Iron	DEX262600104	4065629200101	131	100	Song	SE	0	0.2993088000
2026-06-03	2026-04	YouTube Music	The Linden Hours	Salt and Iron	DEX262600104	4065629200101	422	100	Song	US	0	0.8082144000
2026-06-03	2026-04	YouTube Music	The Linden Hours	The Quiet Year	DEX262600105	4065629200101	239	100	Song	AT	0	0.5054133000
2026-06-03	2026-04	YouTube Music	The Linden Hours	The Quiet Year	DEX262600105	4065629200101	192	100	Song	CH	0	0.4402944000
2026-06-03	2026-04	YouTube Music	The Linden Hours	The Quiet Year	DEX262600105	4065629200101	977	100	Song	DE	0	1.8649953000
2026-06-03	2026-04	YouTube Music	The Linden Hours	The Quiet Year	DEX262600105	4065629200101	222	100	Song	GB	0	0.4372956000
2026-06-03	2026-04	YouTube Music	The Linden Hours	The Quiet Year	DEX262600105	4065629200101	183	100	Song	NL	0	0.4196556000
2026-06-03	2026-04	YouTube Music	The Linden Hours	The Quiet Year	DEX262600105	4065629200101	154	100	Song	PL	0	0.3512124000
2026-06-03	2026-04	YouTube Music	The Linden Hours	The Quiet Year	DEX262600105	4065629200101	176	100	Song	SE	0	0.3880800000
2026-06-03	2026-04	YouTube Music	The Linden Hours	The Quiet Year	DEX262600105	4065629200101	372	100	Song	US	0	0.7976052000
2026-06-03	2026-04	YouTube Music	The Linden Hours	Glasshouse	DEX262600106	4065629200101	511	100	Song	AT	0	0.9786672000
2026-06-03	2026-04	YouTube Music	The Linden Hours	Glasshouse	DEX262600106	4065629200101	269	100	Song	CH	0	0.5694192000
2026-06-03	2026-04	YouTube Music	The Linden Hours	Glasshouse	DEX262600106	4065629200101	1796	100	Song	DE	0	3.8847480000
2026-06-03	2026-04	YouTube Music	The Linden Hours	Glasshouse	DEX262600106	4065629200101	426	100	Song	GB	0	0.8534484000
2026-06-03	2026-04	YouTube Music	The Linden Hours	Glasshouse	DEX262600106	4065629200101	363	100	Song	NL	0	0.7844067000
2026-06-03	2026-04	YouTube Music	The Linden Hours	Glasshouse	DEX262600106	4065629200101	258	100	Song	PL	0	0.5580540000
2026-06-03	2026-04	YouTube Music	The Linden Hours	Glasshouse	DEX262600106	4065629200101	231	100	Song	SE	0	0.5253633000
2026-06-03	2026-04	YouTube Music	The Linden Hours	Glasshouse	DEX262600106	4065629200101	799	100	Song	US	0	1.5218553000
2026-06-03	2026-04	YouTube Music	The Linden Hours	Second Light	DEX262600107	4065629200101	172	100	Song	AT	0	0.3301368000
2026-06-03	2026-04	YouTube Music	The Linden Hours	Second Light	DEX262600107	4065629200101	139	100	Song	CH	0	0.2726346000
2026-06-03	2026-04	YouTube Music	The Linden Hours	Second Light	DEX262600107	4065629200101	705	100	Song	DE	0	1.4183190000
2026-06-03	2026-04	YouTube Music	The Linden Hours	Second Light	DEX262600107	4065629200101	182	100	Song	GB	0	0.3692052000
2026-06-03	2026-04	YouTube Music	The Linden Hours	Second Light	DEX262600107	4065629200101	149	100	Song	NL	0	0.2828616000
2026-06-03	2026-04	YouTube Music	The Linden Hours	Second Light	DEX262600107	4065629200101	118	100	Song	PL	0	0.2639070000
2026-06-03	2026-04	YouTube Music	The Linden Hours	Second Light	DEX262600107	4065629200101	117	100	Song	SE	0	0.2294838000
2026-06-03	2026-04	YouTube Music	The Linden Hours	Second Light	DEX262600107	4065629200101	283	100	Song	US	0	0.5651793000
2026-06-03	2026-04	YouTube Music	The Linden Hours	Linden	DEX262600108	4065629200101	284	100	Song	AT	0	0.6309912000
2026-06-03	2026-04	YouTube Music	The Linden Hours	Linden	DEX262600108	4065629200101	195	100	Song	CH	0	0.3808350000
2026-06-03	2026-04	YouTube Music	The Linden Hours	Linden	DEX262600108	4065629200101	1015	100	Song	DE	0	2.1421575000
2026-06-03	2026-04	YouTube Music	The Linden Hours	Linden	DEX262600108	4065629200101	341	100	Song	GB	0	0.6666891000
2026-06-03	2026-04	YouTube Music	The Linden Hours	Linden	DEX262600108	4065629200101	214	100	Song	NL	0	0.4062576000
2026-06-03	2026-04	YouTube Music	The Linden Hours	Linden	DEX262600108	4065629200101	217	100	Song	PL	0	0.4661811000
2026-06-03	2026-04	YouTube Music	The Linden Hours	Linden	DEX262600108	4065629200101	214	100	Song	SE	0	0.4300758000
2026-06-03	2026-04	YouTube Music	The Linden Hours	Linden	DEX262600108	4065629200101	550	100	Song	US	0	1.0498950000
2026-06-03	2026-04	YouTube Music	The Linden Hours	Summer Static	DEX262600201	4065629200201	927	100	Song	AT	0	1.8766188000
2026-06-03	2026-04	YouTube Music	The Linden Hours	Summer Static	DEX262600201	4065629200201	656	100	Song	CH	0	1.3459152000
2026-06-03	2026-04	YouTube Music	The Linden Hours	Summer Static	DEX262600201	4065629200201	4549	100	Song	DE	0	10.2980262000
2026-06-03	2026-04	YouTube Music	The Linden Hours	Summer Static	DEX262600201	4065629200201	898	100	Song	GB	0	1.9216302000
2026-06-03	2026-04	YouTube Music	The Linden Hours	Summer Static	DEX262600201	4065629200201	814	100	Song	NL	0	1.7401692000
2026-06-03	2026-04	YouTube Music	The Linden Hours	Summer Static	DEX262600201	4065629200201	684	100	Song	PL	0	1.3573980000
2026-06-03	2026-04	YouTube Music	The Linden Hours	Summer Static	DEX262600201	4065629200201	694	100	Song	SE	0	1.3291488000
2026-06-03	2026-04	YouTube Music	The Linden Hours	Summer Static	DEX262600201	4065629200201	2036	100	Song	US	0	4.3012536000
